solid auto-kdk-case
facet normal -0.9900166254153392 -0.14095063462511995 0
outer loop
vertex -40.11245346069336 7.452993392944336 -1
vertex -40.0527229309082 7.033454895019531 -10.47763442993164
vertex -40.0527229309082 7.033454895019531 -1
endloop
endfacet
facet normal -0.9519855382561113 -0.3061429975537939 0
outer loop
vertex -40.2421875 7.856415748596191 -1
vertex -40.11245346069336 7.452993392944336 -10.474949836730957
vertex -40.11245346069336 7.452993392944336 -1
endloop
endfacet
facet normal 0 0 1
outer loop
vertex 81.0984115600586 19.37726593017578 0
vertex 81.45198822021484 17.07447052001953 0
vertex 82.79390716552734 17.741928100585938 0
endloop
endfacet
facet normal -0.39961950899005894 -0.9166811048748328 0
outer loop
vertex -41.74749755859375 9.260233879089355 -1
vertex -41.35903549194336 9.090887069702148 -10.278419494628906
vertex -41.35903549194336 9.090887069702148 -1
endloop
endfacet
facet normal 0 0 1
outer loop
vertex 79.84843444824219 18.270082473754883 0
vertex 80.32784271240234 18.091781616210938 0
vertex 81.0984115600586 19.37726593017578 0
endloop
endfacet
facet normal 0 0 1
outer loop
vertex 80.32784271240234 18.091781616210938 0
vertex 80.76502227783203 17.826261520385742 0
vertex 81.0984115600586 19.37726593017578 0
endloop
endfacet
facet normal -0.5487036310363407 -0.8360169407897996 0
outer loop
vertex -41.35903549194336 9.090887069702148 -1
vertex -41.004756927490234 8.858363151550293 -10.306595802307129
vertex -41.004756927490234 8.858363151550293 -1
endloop
endfacet
facet normal 0 0 1
outer loop
vertex 80.36271667480469 19.67782974243164 0
vertex 79.34400177001953 18.354761123657227 0
vertex 79.84843444824219 18.270082473754883 0
endloop
endfacet
facet normal -0.7957442624205002 -0.6056327838095079 0
outer loop
vertex -40.69484329223633 8.569342613220215 -1
vertex -40.438194274902344 8.23213005065918 -10.408773422241211
vertex -40.438194274902344 8.23213005065918 -1
endloop
endfacet
facet normal -0.9114646262080924 -0.41137845733088846 -0.000003924392111507984
outer loop
vertex -39.42425537109375 -58.031982421875 -15.852439880371094
vertex -39.36366653442383 -58.16622543334961 -15.826550483703613
vertex -39.768890380859375 -57.26839828491211 -15.710749626159668
endloop
endfacet
facet normal -0.886602340932427 -0.46253247351201215 0
outer loop
vertex -40.438194274902344 8.23213005065918 -1
vertex -40.2421875 7.856415748596191 -10.46210765838623
vertex -40.2421875 7.856415748596191 -1
endloop
endfacet
facet normal -0.9746226255279996 -0.05057492902324523 -0.21806630726272724
outer loop
vertex -39.99750518798828 -56.1433219909668 -15.76021671295166
vertex -39.99750518798828 -56.31025695800781 -15.721500396728516
vertex -40.04872131347656 -55.579833984375 -15.661998748779297
endloop
endfacet
facet normal 0 0 1
outer loop
vertex 81.45198822021484 17.07447052001953 0
vertex 81.67711639404297 16.61518669128418 0
vertex 82.79390716552734 17.741928100585938 0
endloop
endfacet
facet normal 0 0 1
outer loop
vertex 81.81157684326172 16.12168312072754 0
vertex 83.12083435058594 17.017568588256836 0
vertex 81.67711639404297 16.61518669128418 0
endloop
endfacet
facet normal -0.6820253681351618 -0.7313285152515913 0
outer loop
vertex -41.004756927490234 8.858363151550293 -1
vertex -40.69484329223633 8.569342613220215 -10.347156524658203
vertex -40.69484329223633 8.569342613220215 -1
endloop
endfacet
facet normal 0.0010402250953819585 0.9999994589657291 0
outer loop
vertex 79.68705749511719 20.833410263061523 -1
vertex 73.32816314697266 20.840024948120117 -2.5
vertex 73.32816314697266 20.840024948120117 -1.100000023841858
endloop
endfacet
facet normal -0.47947702185137425 0.8775544345033742 0
outer loop
vertex -67.46673583984375 61.851688385009766 -5.790985584259033
vertex -67.46673583984375 61.851688385009766 -1
vertex -66.75148010253906 62.242488861083984 -1
endloop
endfacet
facet normal 0 0 1
outer loop
vertex -20.889699935913086 -60.96908950805664 0
vertex -20.628265380859375 -61.30260467529297 0
vertex -18.548721313476562 -58.28809356689453 0
endloop
endfacet
facet normal 0 0 1
outer loop
vertex -31.171890258789062 34.404300689697266 0
vertex -31.45969581604004 32.611907958984375 0
vertex -30.773717880249023 34.259254455566406 0
endloop
endfacet
facet normal 0 0 1
outer loop
vertex 6.852790832519531 32.672271728515625 0
vertex 6.766167640686035 31.1761474609375 0
vertex 7.276692867279053 31.144697189331055 0
endloop
endfacet
facet normal -0.523084440729248 0.8522808620794965 0
outer loop
vertex 57.863670349121094 20.330778121948242 -1
vertex 57.02414321899414 19.815521240234375 -9.501266479492188
vertex 57.02414321899414 19.815521240234375 -1
endloop
endfacet
facet normal -0.9975507294718492 -0.06994670921624145 0
outer loop
vertex -40.04872131347656 -55.579833984375 -15.661998748779297
vertex -39.99750518798828 -56.31025695800781 -15.721500396728516
vertex -40.04872131347656 -55.579833984375 -1
endloop
endfacet
facet normal -0.7213529316126144 -0.6925676487202437 0
outer loop
vertex -20.379602432250977 -64.54472351074219 -16.2984619140625
vertex -19.906747817993164 -65.0372314453125 -16.368717193603516
vertex -20.379602432250977 -64.54472351074219 -1
endloop
endfacet
facet normal -0.9610989005199696 -0.2762044594486223 0
outer loop
vertex -64.81140899658203 23.10347557067871 -9.07596206665039
vertex -64.58161163330078 22.303857803344727 -9.127521514892578
vertex -64.81140899658203 23.10347557067871 -1
endloop
endfacet
facet normal 0.8175144235971921 0.5759081239317178 0
outer loop
vertex 83.66622161865234 18.240041732788086 -1
vertex 83.09893035888672 19.045324325561523 -9.463316917419434
vertex 83.09893035888672 19.045324325561523 -1
endloop
endfacet
facet normal 0.0022856348484416047 0.9999973879332582 0
outer loop
vertex -7.729928016662598 32.23078155517578 -2.473417043685913
vertex -7.729928016662598 32.23078155517578 -1.1265830993652344
vertex -7.195853233337402 32.22956085205078 -1
endloop
endfacet
facet normal 0 0 1
outer loop
vertex 81.85128021240234 -29.896181106567383 0
vertex 82.0416030883789 -29.95113754272461 0
vertex 81.81157684326172 16.12168312072754 0
endloop
endfacet
facet normal 0.2792911741713414 0.9602064569820354 0
outer loop
vertex 7.828822135925293 33.58530044555664 -8.303960800170898
vertex 7.828822135925293 33.58530044555664 -1
vertex 8.77466106414795 33.31018829345703 -1
endloop
endfacet
facet normal 0.1968277930961027 0.9804380754871354 0
outer loop
vertex 80.6088638305664 20.648366928100586 -9.487070083618164
vertex 80.65282440185547 20.639541625976562 -1
vertex 80.65282440185547 20.639541625976562 -9.474123001098633
endloop
endfacet
facet normal -0.6948256402174614 0.7191782311022458 0.00004006294551460736
outer loop
vertex -82.86829376220703 48.91144561767578 -7.065705299377441
vertex -82.97054290771484 48.81265640258789 -7.022648811340332
vertex -82.4439468383789 49.32141876220703 -6.981783866882324
endloop
endfacet
facet normal 0 0 1
outer loop
vertex 59.04423522949219 19.707332611083984 0
vertex 59.86056900024414 18.345951080322266 0
vertex 59.95037078857422 19.85394287109375 0
endloop
endfacet
facet normal -0.7213545549464349 -0.6925659579116135 0
outer loop
vertex -20.16374969482422 -64.76954650878906 -1
vertex -19.906747817993164 -65.0372314453125 -16.368717193603516
vertex -19.906747817993164 -65.0372314453125 -1
endloop
endfacet
facet normal -0.13427321351411853 -0.9909443496647915 -1.2301824599554767e-7
outer loop
vertex -67.45208740234375 25.62933349609375 -1
vertex -67.03366088867188 25.5726375579834 -8.747556686401367
vertex -66.99097442626953 25.566852569580078 -1
endloop
endfacet
facet normal 0.23436735845146348 0.9721481066650716 0
outer loop
vertex 36.66263961791992 17.602792739868164 -1
vertex 36.581687927246094 17.6223087310791 -9.854989051818848
vertex 36.581687927246094 17.6223087310791 -1
endloop
endfacet
facet normal 0.6942157734414595 0.7197669483272271 8.871248787912444e-7
outer loop
vertex -10.235057830810547 33.97916030883789 -8.320637702941895
vertex -9.780495643615723 33.54072570800781 -1
vertex -9.6609525680542 33.4254264831543 -1.132386326789856
endloop
endfacet
facet normal 0 0 1
outer loop
vertex -38.49134826660156 -57.668113708496094 0
vertex -37.14943313598633 -57.00065612792969 0
vertex -37.37456130981445 -56.5413703918457 0
endloop
endfacet
facet normal 0 0 1
outer loop
vertex -8.33867359161377 31.331331253051758 0
vertex -10.599705696105957 29.358089447021484 0
vertex -7.922573089599609 31.251062393188477 0
endloop
endfacet
facet normal 0 0 1
outer loop
vertex -18.548721313476562 -58.28809356689453 0
vertex -21.319108963012695 -60.560935974121094 0
vertex -21.005098342895508 -60.84550094604492 0
endloop
endfacet
facet normal 0 0 1
outer loop
vertex -36.84172058105469 -57.409236907958984 0
vertex -37.46165466308594 -58.86952209472656 0
vertex -36.462467193603516 -57.752445220947266 0
endloop
endfacet
facet normal 0 0 1
outer loop
vertex -31.658998489379883 32.72525405883789 0
vertex -31.45969581604004 32.611907958984375 0
vertex -31.171890258789062 34.404300689697266 0
endloop
endfacet
facet normal 0 0 1
outer loop
vertex 20.751277923583984 -63.58809280395508 0
vertex -2.8153083324432373 -64.08808898925781 0
vertex 66.62816619873047 -64.58808898925781 0
endloop
endfacet
facet normal -0.5367178212959495 -0.8437618030601581 0
outer loop
vertex -22.346437454223633 -61.07255172729492 -16.10999298095703
vertex -22.06242561340332 -61.253211975097656 -16.163057327270508
vertex -22.346437454223633 -61.07255172729492 -1
endloop
endfacet
facet normal 0.4884386452010215 0.8725982408154316 6.877085252628749e-8
outer loop
vertex 11.113459587097168 31.79576873779297 -1
vertex 11.001187324523926 31.858613967895508 -8.639954566955566
vertex 10.743680000305176 32.00275421142578 -8.558008193969727
endloop
endfacet
facet normal 0.25602867343481084 0.9666691876641121 -1.286606660065076e-7
outer loop
vertex -62.81328582763672 62.4393424987793 -5.97763729095459
vertex -63.703758239746094 62.67518997192383 -5.862026214599609
vertex -62.75155258178711 62.42299270629883 -1
endloop
endfacet
facet normal 0 0 1
outer loop
vertex -63.099571228027344 61.48068618774414 0
vertex -66.90070343017578 61.021427154541016 0
vertex -62.38350296020508 61.13597106933594 0
endloop
endfacet
facet normal 0.9847432263802034 0.17401372962587558 0
outer loop
vertex 34.937965393066406 19.421659469604492 -9.520801544189453
vertex 34.91110610961914 19.57365608215332 -9.488839149475098
vertex 34.937965393066406 19.421659469604492 -1
endloop
endfacet
facet normal 0.21174962272749193 0.9773239469463361 0
outer loop
vertex 28.571895599365234 34.204933166503906 -8.348396301269531
vertex 28.571895599365234 34.204933166503906 -1
vertex 29.440412521362305 34.01675796508789 -1
endloop
endfacet
facet normal -0.00013291443509636343 -0.9999999911392594 0.000007431965667145344
outer loop
vertex 75.87908172607422 -65.78485870361328 -1.559360146522522
vertex 72.52816772460938 -65.78443145751953 -4
vertex 76.62816619873047 -65.78495788574219 -1.507959008216858
endloop
endfacet
facet normal 0 0 1
outer loop
vertex -41.01082229614258 13.04634952545166 0
vertex -41.33638000488281 12.651840209960938 0
vertex -41.50930404663086 10.227746963500977 0
endloop
endfacet
facet normal 0.001040464936612193 0.9999994587162013 -1.4099862498486743e-7
outer loop
vertex 70.92816925048828 20.84252166748047 -1.100000023841858
vertex 59.893192291259766 20.854001998901367 -9.478774070739746
vertex 59.87051010131836 20.854026794433594 -1
endloop
endfacet
facet normal 0.34227775943088184 0.9395988161970913 0
outer loop
vertex -30.431453704833984 35.19883346557617 -8.306771278381348
vertex -30.628963470458984 35.270782470703125 -8.29179573059082
vertex -30.431453704833984 35.19883346557617 -1
endloop
endfacet
facet normal 0.06911357135687021 0.9976087982041252 1.407355420106715e-7
outer loop
vertex -64.68169403076172 62.742942810058594 -5.958291053771973
vertex -64.68643951416016 62.74327087402344 -1
vertex -64.17782592773438 62.70803451538086 -1
endloop
endfacet
facet normal -0.5230844407292481 0.8522808620794966 0
outer loop
vertex 57.863670349121094 20.330778121948242 -9.49025821685791
vertex 57.02414321899414 19.815521240234375 -9.501266479492188
vertex 57.863670349121094 20.330778121948242 -1
endloop
endfacet
facet normal 0.6942235258153566 0.7197594710766193 0
outer loop
vertex -9.526066780090332 33.295326232910156 -1
vertex -9.526066780090332 33.295326232910156 -1.126960039138794
vertex -9.6609525680542 33.4254264831543 -1.132386326789856
endloop
endfacet
facet normal 0 0 1
outer loop
vertex -17.248722076416016 -63.28809356689453 0
vertex -18.06941795349121 -63.25239181518555 0
vertex -18.064083099365234 -64.77269744873047 0
endloop
endfacet
facet normal -0.00013008567620849217 -0.99999999147123 0.000011629994797788953
outer loop
vertex 68.37781524658203 -65.78388977050781 -1.5594937801361084
vertex 20.311939239501953 -65.77766418457031 -3.8893399238586426
vertex 69.07843780517578 -65.78398132324219 -1.5949000120162964
endloop
endfacet
facet normal -0.0001295673973309619 -0.9999999916058169 -8.097796391918499e-7
outer loop
vertex 20.751277923583984 -65.77772521972656 -9.949999809265137
vertex 20.63709831237793 -65.7777099609375 -10.524024963378906
vertex 81.26513671875 -65.78556060791016 -16.414806365966797
endloop
endfacet
facet normal 0 0 1
outer loop
vertex -63.92759704589844 23.86690902709961 0
vertex -63.8350715637207 23.326644897460938 0
vertex -62.0391731262207 25.409738540649414 0
endloop
endfacet
facet normal 0 0 1
outer loop
vertex -66.35595703125 26.444421768188477 0
vertex -66.2358169555664 26.412229537963867 0
vertex -66.23393249511719 28.160358428955078 0
endloop
endfacet
facet normal 0 0 1
outer loop
vertex 82.43985748291016 -30.462169647216797 0
vertex 82.45127868652344 -30.588092803955078 0
vertex 81.81157684326172 16.12168312072754 0
endloop
endfacet
facet normal -0.07162032138298986 -0.9974319673867473 0
outer loop
vertex -42.581661224365234 9.391887664794922 -1
vertex -42.15897750854492 9.361536979675293 -10.174718856811523
vertex -42.15897750854492 9.361536979675293 -1
endloop
endfacet
facet normal 0.5237114818578563 -0.8518957000538251 -2.2679452269278287e-7
outer loop
vertex 82.5262680053711 -65.47654724121094 -1
vertex 82.57230377197266 -65.4482421875 -16.40601921081543
vertex 83.10791015625 -65.11897277832031 -16.320642471313477
endloop
endfacet
facet normal 0.35588789135406707 0.9345286559477756 0
outer loop
vertex -8.54175853729248 32.463356018066406 -1
vertex -8.145734786987305 32.31254196166992 -1
vertex -8.145734786987305 32.31254196166992 -1.108946681022644
endloop
endfacet
facet normal 0 0 1
outer loop
vertex 55.291603088378906 17.562942504882812 0
vertex 54.9227409362793 15.986907958984375 0
vertex 55.45711898803711 17.59865379333496 0
endloop
endfacet
facet normal 0 0 1
outer loop
vertex -68.21668243408203 28.42412567138672 0
vertex -68.63691711425781 28.715723037719727 0
vertex -68.59367370605469 26.942852020263672 0
endloop
endfacet
facet normal 0 0 1
outer loop
vertex -32.2331657409668 33.24980545043945 0
vertex -31.658998489379883 32.72525405883789 0
vertex -31.171890258789062 34.404300689697266 0
endloop
endfacet
facet normal 0.9830187371619123 -0.18350521079413254 0
outer loop
vertex 84.23340606689453 -63.444976806640625 -1
vertex 84.33587646484375 -62.896053314208984 -16.22475814819336
vertex 84.33587646484375 -62.896053314208984 -1
endloop
endfacet
facet normal 0.355887891354067 0.9345286559477755 0
outer loop
vertex -8.54175853729248 32.463356018066406 -3.5
vertex -8.54175853729248 32.463356018066406 -2.5
vertex -8.145734786987305 32.31254196166992 -3.5
endloop
endfacet
facet normal -0.6715123969763357 -0.7409933202850726 0
outer loop
vertex -21.988876342773438 -61.29999923706055 -16.18654441833496
vertex -21.674867630004883 -61.584564208984375 -16.244590759277344
vertex -21.988876342773438 -61.29999923706055 -1
endloop
endfacet
facet normal 0.48842945908573365 0.8726033826984534 6.590233229503103e-7
outer loop
vertex 11.113459587097168 31.79576873779297 -1
vertex 10.743680000305176 32.00275421142578 -8.558008193969727
vertex 11.035354614257812 31.839487075805664 -1
endloop
endfacet
facet normal -0.5487141450554834 -0.8360100400210692 0
outer loop
vertex -41.35903549194336 9.090887069702148 -10.278419494628906
vertex -41.31919860839844 9.064740180969238 -10.285797119140625
vertex -41.35903549194336 9.090887069702148 -1
endloop
endfacet
facet normal 0 0 1
outer loop
vertex -44.17852783203125 12.0259428024292 0
vertex -43.5277099609375 10.374100685119629 0
vertex -43.68391036987305 11.895633697509766 0
endloop
endfacet
facet normal 0.23437896495363916 0.9721453084736087 -1.122729173475133e-7
outer loop
vertex 36.99365234375 17.522987365722656 -1
vertex 36.581687927246094 17.6223087310791 -9.854989051818848
vertex 36.66263961791992 17.602792739868164 -1
endloop
endfacet
facet normal 0 0 1
outer loop
vertex -18.548721313476562 -58.28809356689453 0
vertex -23.07935333251953 -59.819541931152344 0
vertex -22.97651481628418 -59.82854080200195 0
endloop
endfacet
facet normal 0 0 1
outer loop
vertex -63.867801666259766 61.68415832519531 0
vertex -64.6606216430664 61.73908615112305 0
vertex -66.90070343017578 61.021427154541016 0
endloop
endfacet
facet normal 0 0 1
outer loop
vertex -66.90070343017578 61.021427154541016 0
vertex -65.21350860595703 60.163455963134766 0
vertex -64.70794677734375 60.2410888671875 0
endloop
endfacet
facet normal -0.00012994246596870562 -0.9999999915574777 0
outer loop
vertex -4.315308094024658 -65.77447509765625 -1.5089858770370483
vertex 7.251277923583984 -65.7759780883789 -3.450000047683716
vertex -4.315308094024658 -65.77447509765625 -1
endloop
endfacet
facet normal 0.25601897933666995 0.9666717551575663 0
outer loop
vertex -62.75155258178711 62.42299270629883 -5.959573745727539
vertex -62.81328582763672 62.4393424987793 -5.97763729095459
vertex -62.75155258178711 62.42299270629883 -1
endloop
endfacet
facet normal 0 0 1
outer loop
vertex 10.126890182495117 31.218505859375 0
vertex 9.453792572021484 29.21343231201172 0
vertex 10.25523853302002 31.130157470703125 0
endloop
endfacet
facet normal -0.00012913687725127555 -0.9999999916618335 0
outer loop
vertex -2.8153083324432373 -65.77467346191406 -4
vertex -2.8153083324432373 -65.77467346191406 -5
vertex 5.751277923583984 -65.7757797241211 -4.949999809265137
endloop
endfacet
facet normal -0.41261933182362803 0.9109032499150076 0.0007458550126853197
outer loop
vertex 38.20471954345703 17.64067840576172 -9.772745132446289
vertex 38.246131896972656 17.652254104614258 -1
vertex 38.50358581542969 17.768875122070312 -1
endloop
endfacet
facet normal -0.00012947209856857745 -0.9999999916184843 8.226498719559327e-8
outer loop
vertex 20.751277923583984 -65.77772521972656 -9.949999809265137
vertex 81.26513671875 -65.78556060791016 -16.414806365966797
vertex 66.12816619873047 -65.78359985351562 -5
endloop
endfacet
facet normal -0.3061439102713972 0.9519852447405571 0
outer loop
vertex 55.150978088378906 18.550640106201172 -9.769025802612305
vertex 55.150978088378906 18.550640106201172 -1
vertex 55.428428649902344 18.639863967895508 -1
endloop
endfacet
facet normal -0.00012312159318364423 -0.9999999924205366 0
outer loop
vertex -9.958904266357422 -65.77375030517578 -1.6607084274291992
vertex -9.21530818939209 -65.77384185791016 -4
vertex -9.21530818939209 -65.77384185791016 -1.6676274538040161
endloop
endfacet
facet normal 0 0 1
outer loop
vertex 55.291603088378906 17.562942504882812 0
vertex 54.87239456176758 17.500890731811523 0
vertex 54.9227409362793 15.986907958984375 0
endloop
endfacet
facet normal 0 0 1
outer loop
vertex -37.54157638549805 8.729631423950195 0
vertex -37.45689392089844 9.234066009521484 0
vertex -39.162933349609375 7.758341312408447 0
endloop
endfacet
facet normal -0.7904006841639541 -0.6125902043561855 0
outer loop
vertex -64.09358978271484 21.27834701538086 -9.08336067199707
vertex -63.49016571044922 20.499773025512695 -9.189471244812012
vertex -64.09358978271484 21.27834701538086 -1
endloop
endfacet
facet normal -0.13427358589980024 -0.9909442992063726 0
outer loop
vertex -68.06620025634766 25.712547302246094 -8.645232200622559
vertex -67.03366088867188 25.5726375579834 -8.747556686401367
vertex -68.06620025634766 25.712547302246094 -1
endloop
endfacet
facet normal -0.8518955275342665 -0.5237117624868795 0
outer loop
vertex -20.737173080444336 -63.96308135986328 -16.319263458251953
vertex -20.379602432250977 -64.54472351074219 -16.2984619140625
vertex -20.737173080444336 -63.96308135986328 -1
endloop
endfacet
facet normal -0.6695266723713125 -0.7427880148355903 0
outer loop
vertex -65.8283920288086 25.083309173583984 -8.94848346710205
vertex -65.76239013671875 25.02381706237793 -8.954207420349121
vertex -65.8283920288086 25.083309173583984 -1
endloop
endfacet
facet normal -0.48984197130150253 -0.871811242845295 0
outer loop
vertex -69.85932159423828 26.506938934326172 -1
vertex -69.00055694580078 26.02442741394043 -8.708911895751953
vertex -69.00055694580078 26.02442741394043 -1
endloop
endfacet
facet normal 0 0 1
outer loop
vertex -62.38350296020508 61.13597106933594 0
vertex -63.69845199584961 60.10679244995117 0
vertex -63.23076248168945 59.899688720703125 0
endloop
endfacet
facet normal 0.0023034809134883493 0.9999973469835481 -0.0000012435603633484735
outer loop
vertex -7.62393045425415 32.23053741455078 -8.64562702178955
vertex -7.729928016662598 32.23078155517578 -8.66443157196045
vertex -7.195853233337402 32.22956085205078 -1
endloop
endfacet
facet normal -0.7853642231047382 -0.6190339546964214 0
outer loop
vertex -65.51362609863281 24.79958152770996 -1
vertex -65.25129699707031 24.466766357421875 -9.007575988769531
vertex -65.25129699707031 24.466766357421875 -1
endloop
endfacet
facet normal 0.17865095261921085 0.9839125149769407 0
outer loop
vertex -30.431453704833984 35.19883346557617 -8.306771278381348
vertex -30.431453704833984 35.19883346557617 -1
vertex -30.014503479003906 35.12312698364258 -1
endloop
endfacet
facet normal -0.00013076510200536599 -0.9999999913920812 -0.000010785432930071405
outer loop
vertex 7.251277923583984 -65.7759780883789 -3.450000047683716
vertex -8.415307998657227 -65.7739486694336 -1.6676164865493774
vertex 6.677252769470215 -65.7759017944336 -3.564180612564087
endloop
endfacet
facet normal 0 0 1
outer loop
vertex -64.3852767944336 24.966766357421875 0
vertex -64.17200469970703 24.57099723815918 0
vertex -56.50526809692383 34.99470138549805 0
endloop
endfacet
facet normal -0.6416719543001187 0.7669792064095782 0
outer loop
vertex -67.46673583984375 61.851688385009766 -5.790985584259033
vertex -82.4439468383789 49.32141876220703 -6.981783866882324
vertex -67.46673583984375 61.851688385009766 -1
endloop
endfacet
facet normal 0.9702485179839777 0.24211115907759154 0
outer loop
vertex 33.07966232299805 29.93733024597168 -8.51821517944336
vertex 32.90251159667969 30.647253036499023 -8.503539085388184
vertex 33.07966232299805 29.93733024597168 -1
endloop
endfacet
facet normal 0.5086199767623871 0.8609911261088751 0
outer loop
vertex -8.906620979309082 32.67889404296875 -2.5
vertex -8.54175853729248 32.463356018066406 -2.5
vertex -8.54175853729248 32.463356018066406 -3.5
endloop
endfacet
facet normal 0 0 1
outer loop
vertex -36.06016159057617 -59.60401153564453 0
vertex -35.54587936401367 -58.196266174316406 0
vertex -36.79585266113281 -59.30345153808594 0
endloop
endfacet
facet normal 0 0 1
outer loop
vertex -10.86078929901123 33.19334030151367 0
vertex -11.173011779785156 31.32447052001953 0
vertex -10.252765655517578 32.60688781738281 0
endloop
endfacet
facet normal -0.548699756595259 -0.836019483691795 8.831918375223907e-8
outer loop
vertex -41.35903549194336 9.090887069702148 -1
vertex -41.31919860839844 9.064740180969238 -10.285797119140625
vertex -41.16640853881836 8.964460372924805 -10.278519630432129
endloop
endfacet
facet normal 0.5086199767623871 0.8609911261088751 0
outer loop
vertex -8.906620979309082 32.67889404296875 -1
vertex -8.54175853729248 32.463356018066406 -1.100000023841858
vertex -8.906620979309082 32.67889404296875 -1.100000023841858
endloop
endfacet
facet normal -0.00012890076722635142 -0.999999991692296 0
outer loop
vertex 78.12816619873047 -65.78515625 -5
vertex 81.26513671875 -65.78556060791016 -16.414806365966797
vertex 78.12816619873047 -65.78515625 -4
endloop
endfacet
facet normal 0 0 1
outer loop
vertex -22.35194969177246 -59.9892692565918 0
vertex -21.961111068725586 -60.153053283691406 0
vertex -18.548721313476562 -58.28809356689453 0
endloop
endfacet
facet normal 0 0 1
outer loop
vertex -20.908823013305664 -60.941776275634766 0
vertex -20.889699935913086 -60.96908950805664 0
vertex -18.548721313476562 -58.28809356689453 0
endloop
endfacet
facet normal -0.00012942726283721962 -0.9999999916242918 0
outer loop
vertex 71.72816467285156 -65.7843246459961 -1.6665111780166626
vertex 66.12816619873047 -65.78359985351562 -4
vertex 71.72816467285156 -65.7843246459961 -4
endloop
endfacet
facet normal -0.9436262158072104 -0.3310129351211078 0.000040297312080613526
outer loop
vertex -20.963172912597656 -63.31881332397461 -16.277395248413086
vertex -20.78386116027832 -63.82999038696289 -16.35059356689453
vertex -20.737173080444336 -63.96308135986328 -16.319263458251953
endloop
endfacet
facet normal 0.0022743419878610434 0.9999974136808415 3.8793112865904004e-7
outer loop
vertex -7.4796929359436035 32.23020935058594 -8.600071907043457
vertex -7.62393045425415 32.23053741455078 -8.64562702178955
vertex -7.195853233337402 32.22956085205078 -1
endloop
endfacet
facet normal 0 0 1
outer loop
vertex -81.2942886352539 43.749427795410156 0
vertex -69.97664642333984 27.92938804626465 0
vertex -68.63691711425781 28.715723037719727 0
endloop
endfacet
facet normal 0 0 1
outer loop
vertex 30.619972229003906 32.283390045166016 0
vertex 29.96086883544922 32.72742462158203 0
vertex 28.453147888183594 33.20745849609375 0
endloop
endfacet
facet normal 0 0 1
outer loop
vertex -12.29715347290039 32.34178161621094 0
vertex -11.859976768493652 32.07625961303711 0
vertex -10.86078929901123 33.19334030151367 0
endloop
endfacet
facet normal 0 0 1
outer loop
vertex 33.9461784362793 10.097122192382812 0
vertex 33.85381317138672 9.594038009643555 0
vertex 38.658748626708984 16.741350173950195 0
endloop
endfacet
facet normal 0 0 1
outer loop
vertex -18.548721313476562 -58.28809356689453 0
vertex -20.334003448486328 -61.816810607910156 0
vertex -18.519933700561523 -62.786773681640625 0
endloop
endfacet
facet normal 0.013133516824272823 -0.9999135696597922 -0.0006032794033876499
outer loop
vertex -43.63085174560547 9.377635955810547 -10.105273246765137
vertex -42.65976333618164 9.390403747558594 -10.126626968383789
vertex -43.59989547729492 9.372549057006836 -1
endloop
endfacet
facet normal 0 0 1
outer loop
vertex 54.9227409362793 15.986907958984375 0
vertex 57.592384338378906 16.522523880004883 0
vertex 57.800628662109375 16.98970603942871 0
endloop
endfacet
facet normal 0 0 1
outer loop
vertex -61.21427917480469 21.82400894165039 0
vertex -62.16425704956055 20.664968490600586 0
vertex -45.16859817504883 10.828871726989746 0
endloop
endfacet
facet normal -0.6948240327580166 0.7191797852428049 0
outer loop
vertex -82.4439468383789 49.32141876220703 -6.981783866882324
vertex -82.97054290771484 48.81265640258789 -7.022648811340332
vertex -82.4439468383789 49.32141876220703 -1
endloop
endfacet
facet normal 0 0 1
outer loop
vertex -36.84172058105469 -57.409236907958984 0
vertex -37.14943313598633 -57.00065612792969 0
vertex -38.03366470336914 -58.31781005859375 0
endloop
endfacet
facet normal 0 0 1
outer loop
vertex 37.34989929199219 16.500497817993164 0
vertex 33.94200134277344 10.608597755432129 0
vertex 37.51913833618164 16.499956130981445 0
endloop
endfacet
facet normal 0 0 1
outer loop
vertex -67.83876037597656 26.690866470336914 0
vertex -66.85670471191406 26.557798385620117 0
vertex -67.2506332397461 28.101844787597656 0
endloop
endfacet
facet normal 0.6942262973866459 0.719756797826063 0
outer loop
vertex 83.09893035888672 19.045324325561523 -1
vertex 82.38994598388672 19.72916030883789 -9.505083084106445
vertex 82.38994598388672 19.72916030883789 -1
endloop
endfacet
facet normal -0.8030474522175505 0.5959150858024161 0
outer loop
vertex -82.97054290771484 48.81265640258789 -7.022648811340332
vertex -83.55754089355469 48.02162551879883 -6.895479679107666
vertex -82.97054290771484 48.81265640258789 -1
endloop
endfacet
facet normal -0.6695292088332886 -0.7427857285374 4.845653419193171e-7
outer loop
vertex -65.56185913085938 24.84305763244629 -8.957077980041504
vertex -65.51362609863281 24.79958152770996 -8.96992301940918
vertex -65.8283920288086 25.083309173583984 -1
endloop
endfacet
facet normal 0.06215956633011713 -0.9980662244128151 0
outer loop
vertex 81.26513671875 -65.78556060791016 -1
vertex 81.42769622802734 -65.77543640136719 -16.39124298095703
vertex 81.42769622802734 -65.77543640136719 -1
endloop
endfacet
facet normal -0.961098631927872 -0.2762053940573262 9.954467416301807e-8
outer loop
vertex -64.53933715820312 22.156757354736328 -9.099313735961914
vertex -64.81140899658203 23.10347557067871 -1
vertex -64.58161163330078 22.303857803344727 -9.127521514892578
endloop
endfacet
facet normal 0.6571843724387206 0.7537298591817732 -3.8658179716506853e-7
outer loop
vertex -46.93437194824219 44.71832275390625 -7.462713241577148
vertex -47.020469665527344 44.793392181396484 -7.476400852203369
vertex -46.7010612487793 44.51490020751953 -1
endloop
endfacet
facet normal -0.4898418328089817 -0.8718113206596584 0
outer loop
vertex -69.85932159423828 26.506938934326172 -8.593931198120117
vertex -69.04451751708984 26.04912757873535 -8.72016429901123
vertex -69.85932159423828 26.506938934326172 -1
endloop
endfacet
facet normal 0.5587295614384541 0.8293499123860765 0
outer loop
vertex 31.257619857788086 33.059574127197266 -8.308700561523438
vertex 30.4406795501709 33.60994338989258 -8.362823486328125
vertex 31.257619857788086 33.059574127197266 -1
endloop
endfacet
facet normal 0 0 1
outer loop
vertex -39.9015007019043 9.173145294189453 0
vertex -39.64485168457031 8.835933685302734 0
vertex -35.17372131347656 21.939802169799805 0
endloop
endfacet
facet normal 0.6181902353189568 0.7860285191749042 0
outer loop
vertex 10.743680000305176 32.00275421142578 -8.558008193969727
vertex 10.402790069580078 32.27085494995117 -8.449420928955078
vertex 10.743680000305176 32.00275421142578 -1
endloop
endfacet
facet normal 0 0 1
outer loop
vertex -39.065025329589844 7.174079895019531 0
vertex -39.05272674560547 7.0335187911987305 0
vertex -37.54157638549805 8.729631423950195 0
endloop
endfacet
facet normal 0.9176342086156724 0.39742604240070717 0
outer loop
vertex 32.90251159667969 30.647253036499023 -1
vertex 32.51103210449219 31.551156997680664 -8.383378982543945
vertex 32.51103210449219 31.551156997680664 -1
endloop
endfacet
facet normal 0 0 1
outer loop
vertex 83.33589172363281 -62.80342102050781 0
vertex 82.08787536621094 -63.20185470581055 0
vertex 83.26819610595703 -63.166053771972656 0
endloop
endfacet
facet normal 0 0 1
outer loop
vertex -42.17904281616211 12.079973220825195 0
vertex -41.92078399658203 10.329050064086914 0
vertex -41.50930404663086 10.227746963500977 0
endloop
endfacet
facet normal 0 0 1
outer loop
vertex 81.0984115600586 19.37726593017578 0
vertex 80.36271667480469 19.67782974243164 0
vertex 79.84843444824219 18.270082473754883 0
endloop
endfacet
facet normal -0.07107109672555594 -0.9974712523226928 -1.6025486465173937e-7
outer loop
vertex -23.150161743164062 -60.81334686279297 -16.022233963012695
vertex -23.504621505737305 -60.78809356689453 -1
vertex -23.449068069458008 -60.792049407958984 -16.012977600097656
endloop
endfacet
facet normal -0.30536176495282497 0.9522364162879383 0
outer loop
vertex -65.66432189941406 62.62479019165039 -5.86439847946167
vertex -66.60231018066406 62.323997497558594 -5.951347827911377
vertex -65.66432189941406 62.62479019165039 -1
endloop
endfacet
facet normal 0.0011671076663780744 0.9999993189296156 0
outer loop
vertex 12.354251861572266 31.581653594970703 -8.634801864624023
vertex 12.007790565490723 31.58205795288086 -8.67170524597168
vertex 12.354251861572266 31.581653594970703 -1
endloop
endfacet
facet normal -0.9726949512447828 -0.2320873366276355 0
outer loop
vertex -39.99750518798828 -56.31025695800781 -15.721500396728516
vertex -39.768890380859375 -57.26839828491211 -15.710749626159668
vertex -39.99750518798828 -56.31025695800781 -1
endloop
endfacet
facet normal -0.30536176495282497 0.9522364162879383 0
outer loop
vertex -65.66432189941406 62.62479019165039 -1
vertex -66.60231018066406 62.323997497558594 -5.951347827911377
vertex -66.60231018066406 62.323997497558594 -1
endloop
endfacet
facet normal 0.5446703833762083 0.8386502092486238 2.3206044890196405e-7
outer loop
vertex 36.19241714477539 17.789785385131836 -1
vertex 35.8370246887207 18.020601272583008 -9.821065902709961
vertex 35.88505554199219 17.989404678344727 -1
endloop
endfacet
facet normal -0.9666674333178674 0.2560352971030486 0
outer loop
vertex -83.98480224609375 47.13407897949219 -6.9700093269348145
vertex -84.23700714111328 46.1818733215332 -7.163414478302002
vertex -83.98480224609375 47.13407897949219 -1
endloop
endfacet
facet normal 0 0 1
outer loop
vertex 6.852790832519531 32.672271728515625 0
vertex 7.276692867279053 31.144697189331055 0
vertex 7.772123336791992 31.01752281188965 0
endloop
endfacet
facet normal -0.9726949512447829 -0.2320873366276355 0
outer loop
vertex -39.99750518798828 -56.31025695800781 -1
vertex -39.768890380859375 -57.26839828491211 -15.710749626159668
vertex -39.768890380859375 -57.26839828491211 -1
endloop
endfacet
facet normal 0 0 1
outer loop
vertex -35.17372131347656 21.939802169799805 0
vertex -39.64485168457031 8.835933685302734 0
vertex -36.26128387451172 10.837617874145508 0
endloop
endfacet
facet normal 0 0 1
outer loop
vertex -66.20633697509766 61.40081787109375 0
vertex -66.90070343017578 61.021427154541016 0
vertex -65.44957733154297 61.643497467041016 0
endloop
endfacet
facet normal 0 0 1
outer loop
vertex -66.90070343017578 61.021427154541016 0
vertex -63.69845199584961 60.10679244995117 0
vertex -62.38350296020508 61.13597106933594 0
endloop
endfacet
facet normal -0.0001266190062778804 -0.9999999906406514 -0.000051829763865178394
outer loop
vertex 69.76382446289062 -65.78407287597656 -1.6258611679077148
vertex 20.63709831237793 -65.7777099609375 -4.375974655151367
vertex 70.98271942138672 -65.78422546386719 -1.6595749855041504
endloop
endfacet
facet normal 0 0 1
outer loop
vertex 33.668216705322266 9.117403984069824 0
vertex 33.596534729003906 8.98453426361084 0
vertex 38.45842361450195 13.479631423950195 0
endloop
endfacet
facet normal 0.5460104662392946 0.8377783539064345 0.00002197664502557726
outer loop
vertex 82.38994598388672 19.72916030883789 -9.505083084106445
vertex 82.2950210571289 19.791027069091797 -9.533706665039062
vertex 81.564697265625 20.26700210571289 -9.40396785736084
endloop
endfacet
facet normal -0.00012376534199003757 -0.9999999916635914 0.0000368097446585778
outer loop
vertex -5.0704474449157715 -65.77438354492188 -1.5608022212982178
vertex 7.251277923583984 -65.7759780883789 -3.450000047683716
vertex -4.315308094024658 -65.77447509765625 -1.5089858770370483
endloop
endfacet
facet normal 0 0 1
outer loop
vertex 33.94200134277344 10.608597755432129 0
vertex 34.476863861083984 18.036361694335938 0
vertex 34.401424407958984 18.14409828186035 0
endloop
endfacet
facet normal 0 0 1
outer loop
vertex 11.342889785766602 30.669082641601562 0
vertex 9.564460754394531 28.540760040283203 0
vertex 11.760486602783203 30.597021102905273 0
endloop
endfacet
facet normal 0 0 1
outer loop
vertex 11.929314613342285 30.582149505615234 0
vertex 9.564460754394531 28.540760040283203 0
vertex 12.353083610534668 30.581756591796875 0
endloop
endfacet
facet normal 0 0 1
outer loop
vertex 83.12083435058594 17.017568588256836 0
vertex 82.79390716552734 17.741928100585938 0
vertex 81.67711639404297 16.61518669128418 0
endloop
endfacet
facet normal 0 0 1
outer loop
vertex 8.403996467590332 32.376556396484375 0
vertex 6.852790832519531 32.672271728515625 0
vertex 9.109786033630371 32.01554870605469 0
endloop
endfacet
facet normal 0 0 1
outer loop
vertex 33.94200134277344 10.608597755432129 0
vertex 35.69241714477539 16.92375946044922 0
vertex 35.64948654174805 16.953819274902344 0
endloop
endfacet
facet normal -0.6942347229627684 -0.719748661827027 -0.00011502613611476335
outer loop
vertex -38.08738708496094 -59.65534591674805 -15.916631698608398
vertex -38.7963752746582 -58.97150802612305 -15.805241584777832
vertex -38.166351318359375 -59.57917785644531 -15.935295104980469
endloop
endfacet
facet normal -0.22256334654888646 -0.9749182308137233 0
outer loop
vertex -66.99097442626953 25.566852569580078 -8.754420280456543
vertex -66.72794342041016 25.506805419921875 -8.776900291442871
vertex -66.99097442626953 25.566852569580078 -1
endloop
endfacet
facet normal -0.7870235870193902 -0.6169229072381184 0
outer loop
vertex -21.674867630004883 -61.584564208984375 -16.244590759277344
vertex -21.533008575439453 -61.76553726196289 -16.246952056884766
vertex -21.674867630004883 -61.584564208984375 -1
endloop
endfacet
facet normal 0.8843648237333438 0.46679637803124785 0
outer loop
vertex 35.1839485168457 18.80229949951172 -9.600314140319824
vertex 35.267452239990234 18.64409828186035 -1
vertex 35.267452239990234 18.64409828186035 -9.652130126953125
endloop
endfacet
facet normal 0.09317578456654424 0.9956496739166888 0
outer loop
vertex 7.828822135925293 33.58530044555664 -8.303960800170898
vertex 6.84807014465332 33.67708206176758 -8.398658752441406
vertex 7.828822135925293 33.58530044555664 -1
endloop
endfacet
facet normal 0.9975507294718492 0.06994670921624145 0
outer loop
vertex 84.30006408691406 16.384075164794922 -9.669780731201172
vertex 84.35128021240234 15.65365219116211 -1
vertex 84.35128021240234 15.65365219116211 -9.679110527038574
endloop
endfacet
facet normal 0 0 1
outer loop
vertex -47.245548248291016 43.68002700805664 0
vertex -48.45567321777344 42.62417221069336 0
vertex -47.01822280883789 43.531768798828125 0
endloop
endfacet
facet normal 0.6181902469682488 0.7860285100130502 -8.628088300901193e-10
outer loop
vertex 10.743680000305176 32.00275421142578 -1
vertex 10.402790069580078 32.27085494995117 -8.449420928955078
vertex 9.65163516998291 32.86161804199219 -8.316925048828125
endloop
endfacet
facet normal -0.8799111879370828 -0.4751381918380707 -2.6066320545660795e-8
outer loop
vertex -21.35344696044922 -62.02916717529297 -16.241302490234375
vertex -21.21208381652832 -62.290958404541016 -16.264089584350586
vertex -21.413433074951172 -61.9180793762207 -1
endloop
endfacet
facet normal 0 0 1
outer loop
vertex -39.124755859375 7.593617916107178 0
vertex -37.54157638549805 8.729631423950195 0
vertex -39.127647399902344 7.626641273498535 0
endloop
endfacet
facet normal -0.00012611585898135837 -0.9999999916843131 0.000026947430416904173
outer loop
vertex -7.67165994644165 -65.7740478515625 -1.6606764793395996
vertex 7.251277923583984 -65.7759780883789 -3.450000047683716
vertex -6.454557418823242 -65.77420043945312 -1.6269797086715698
endloop
endfacet
facet normal 0 0 1
outer loop
vertex -42.17904281616211 12.079973220825195 0
vertex -41.98533248901367 10.346344947814941 0
vertex -41.92078399658203 10.329050064086914 0
endloop
endfacet
facet normal -0.9839922265280893 -0.17821138609048987 0
outer loop
vertex -20.963172912597656 -63.31881332397461 -16.277395248413086
vertex -21.07660675048828 -62.69248962402344 -1
vertex -21.07660675048828 -62.69248962402344 -16.28564453125
endloop
endfacet
facet normal 0 0 1
outer loop
vertex -35.17372131347656 21.939802169799805 0
vertex -40.812171936035156 9.924098014831543 0
vertex -40.4560546875 9.694379806518555 0
endloop
endfacet
facet normal 0 0 1
outer loop
vertex -62.48456954956055 59.28141403198242 0
vertex -50.28383255004883 44.74122619628906 0
vertex -61.3077278137207 60.21249771118164 0
endloop
endfacet
facet normal 0 0 1
outer loop
vertex -35.77261734008789 22.104841232299805 0
vertex -41.01082229614258 13.04634952545166 0
vertex -35.17372131347656 21.939802169799805 0
endloop
endfacet
facet normal 0 0 1
outer loop
vertex -65.44957733154297 61.643497467041016 0
vertex -66.90070343017578 61.021427154541016 0
vertex -64.6606216430664 61.73908615112305 0
endloop
endfacet
facet normal -0.8786443810065236 -0.47747675516789595 0
outer loop
vertex -65.11001586914062 24.206783294677734 -9.030974388122559
vertex -65.25129699707031 24.466766357421875 -1
vertex -65.25129699707031 24.466766357421875 -9.007575988769531
endloop
endfacet
facet normal 0 0 1
outer loop
vertex 66.27461242675781 -64.44164276123047 0
vertex 20.751277923583984 -63.58809280395508 0
vertex 66.43682098388672 -64.55003356933594 0
endloop
endfacet
facet normal -0.07162024522786634 -0.9974319728550415 0
outer loop
vertex -42.581661224365234 9.391887664794922 -10.135002136230469
vertex -42.30633544921875 9.37211799621582 -10.143400192260742
vertex -42.581661224365234 9.391887664794922 -1
endloop
endfacet
facet normal 0.06681523436296459 0.9977653654326863 0
outer loop
vertex 37.41647720336914 17.494672775268555 -9.809004783630371
vertex 37.04167175292969 17.519771575927734 -9.819745063781738
vertex 37.41647720336914 17.494672775268555 -1
endloop
endfacet
facet normal -0.18350459464076765 -0.9830188521822598 0
outer loop
vertex -18.705608367919922 -65.67021942138672 -1
vertex -18.15668296813965 -65.77268981933594 -16.319116592407227
vertex -18.15668296813965 -65.77268981933594 -1
endloop
endfacet
facet normal -0.0002946156451195967 0.99999995660081 0
outer loop
vertex 41.1595344543457 18.486907958984375 -9.627745628356934
vertex 41.1595344543457 18.486907958984375 -1
vertex 51.25253677368164 18.48988151550293 -1
endloop
endfacet
facet normal 0 0 1
outer loop
vertex -66.90070343017578 61.021427154541016 0
vertex -66.13619995117188 59.73247146606445 0
vertex -65.69536590576172 59.99186706542969 0
endloop
endfacet
facet normal 0.5460085764124082 0.8377795858602043 0
outer loop
vertex 82.38994598388672 19.72916030883789 -9.505083084106445
vertex 81.564697265625 20.26700210571289 -9.40396785736084
vertex 82.38994598388672 19.72916030883789 -1
endloop
endfacet
facet normal 0.9726948469455085 0.2320877737530654 0
outer loop
vertex 84.07144927978516 17.342214584350586 -9.5491304397583
vertex 84.30006408691406 16.384075164794922 -1
vertex 84.30006408691406 16.384075164794922 -9.669780731201172
endloop
endfacet
facet normal 0 0 1
outer loop
vertex -43.1735954284668 11.860952377319336 0
vertex -43.5277099609375 10.374100685119629 0
vertex -42.60064697265625 10.391706466674805 0
endloop
endfacet
facet normal -0.14095204199240752 0.9900164250446339 -1.161259317639005e-7
outer loop
vertex 54.98380661010742 18.526838302612305 -9.742865562438965
vertex 54.73143768310547 18.490907669067383 -9.758153915405273
vertex 55.150978088378906 18.550640106201172 -1
endloop
endfacet
facet normal -0.9999999979585675 -0.00006389727806745895 -5.447369355775339e-8
outer loop
vertex -40.05270767211914 6.802730083465576 -10.474327087402344
vertex -40.04872131347656 -55.579833984375 -15.661998748779297
vertex -40.0527229309082 7.033454895019531 -1
endloop
endfacet
facet normal 0 0 1
outer loop
vertex -31.329219818115234 34.4776611328125 0
vertex -48.45567321777344 42.62417221069336 0
vertex -32.2331657409668 33.24980545043945 0
endloop
endfacet
facet normal 0.7928270180698993 0.6094467322239012 0
outer loop
vertex 35.415916442871094 18.45096778869629 -9.677071571350098
vertex 35.525718688964844 18.30812644958496 -1
vertex 35.525718688964844 18.30812644958496 -9.733452796936035
endloop
endfacet
facet normal 0 0 1
outer loop
vertex 82.44728088378906 -62.66279220581055 0
vertex 82.38822937011719 -62.87841796875 0
vertex 83.33589172363281 -62.80342102050781 0
endloop
endfacet
facet normal 0 0 1
outer loop
vertex 59.95037078857422 19.85394287109375 0
vertex 60.15127944946289 18.361907958984375 0
vertex 79.34400177001953 18.354761123657227 0
endloop
endfacet
facet normal 0.6942215277783512 0.7197613982210298 0
outer loop
vertex -10.235057830810547 33.97916030883789 -8.320637702941895
vertex -9.6609525680542 33.4254264831543 -1.132386326789856
vertex -9.6609525680542 33.4254264831543 -2.467613697052002
endloop
endfacet
facet normal 0 0 1
outer loop
vertex -18.423059463500977 -62.98826217651367 0
vertex -18.426681518554688 -64.70500946044922 0
vertex -18.064083099365234 -64.77269744873047 0
endloop
endfacet
facet normal -0.0001292416686368234 -0.9999999916482954 0
outer loop
vertex 5.751277923583984 -65.7757797241211 -9.949999809265137
vertex 5.751277923583984 -65.7757797241211 -4.949999809265137
vertex -18.15668296813965 -65.77268981933594 -16.319116592407227
endloop
endfacet
facet normal 0 0 1
outer loop
vertex -83.3009033203125 45.225006103515625 0
vertex -81.46150207519531 46.654869079589844 0
vertex -81.16990661621094 47.07509994506836 0
endloop
endfacet
facet normal 0 0 1
outer loop
vertex 83.33589172363281 -62.80342102050781 0
vertex 83.35127258300781 15.618732452392578 0
vertex 82.44728088378906 -62.66279220581055 0
endloop
endfacet
facet normal 0 0 1
outer loop
vertex -36.025291442871094 -58.017967224121094 0
vertex -36.462467193603516 -57.752445220947266 0
vertex -36.79585266113281 -59.30345153808594 0
endloop
endfacet
facet normal 0 0 1
outer loop
vertex -62.39967727661133 23.98678207397461 0
vertex -63.244895935058594 21.815725326538086 0
vertex -62.337486267089844 23.479084014892578 0
endloop
endfacet
facet normal 0 0 1
outer loop
vertex -20.130779266357422 -62.37336349487305 0
vertex -20.093002319335938 -62.514347076416016 0
vertex -18.519933700561523 -62.786773681640625 0
endloop
endfacet
facet normal 0.19293633164581608 0.981211277926959 0
outer loop
vertex -8.145734786987305 32.31254196166992 -1
vertex -7.729928016662598 32.23078155517578 -1.1265830993652344
vertex -8.145734786987305 32.31254196166992 -1.108946681022644
endloop
endfacet
facet normal 0 0 1
outer loop
vertex 55.85974884033203 17.730854034423828 0
vertex 54.9227409362793 15.986907958984375 0
vertex 56.015628814697266 17.796268463134766 0
endloop
endfacet
facet normal 0 0 1
outer loop
vertex -20.628265380859375 -61.30260467529297 0
vertex -20.547407150268555 -61.4180793762207 0
vertex -18.548721313476562 -58.28809356689453 0
endloop
endfacet
facet normal 0 0 1
outer loop
vertex -36.06016159057617 -59.60401153564453 0
vertex -35.283935546875 -59.759830474853516 0
vertex -23.502222061157227 -59.78830337524414 0
endloop
endfacet
facet normal 0 0 1
outer loop
vertex -9.549407958984375 31.91284942626953 0
vertex -10.813420295715332 30.37168312072754 0
vertex -9.414820671081543 31.81861114501953 0
endloop
endfacet
facet normal -0.0001296997033634243 -0.9999999915888468 5.414890770556483e-7
outer loop
vertex -18.15668296813965 -65.77268981933594 -16.319116592407227
vertex -2.8153083324432373 -65.77467346191406 -5
vertex -14.815308570861816 -65.77311706542969 -5
endloop
endfacet
facet normal 0 0 1
outer loop
vertex -66.23393249511719 28.160358428955078 0
vertex -66.739501953125 28.082727432250977 0
vertex -66.35595703125 26.444421768188477 0
endloop
endfacet
facet normal 0.4337586226296006 0.9010291101260112 0
outer loop
vertex -62.14231491088867 62.129703521728516 -1
vertex -62.75155258178711 62.42299270629883 -5.959573745727539
vertex -62.75155258178711 62.42299270629883 -1
endloop
endfacet
facet normal 0 0 1
outer loop
vertex -83.20530700683594 44.43605422973633 0
vertex -81.78378295898438 45.68882369995117 0
vertex -81.66860961914062 46.18717956542969 0
endloop
endfacet
facet normal 0 0 1
outer loop
vertex 36.92707824707031 16.528812408447266 0
vertex 33.94200134277344 10.608597755432129 0
vertex 37.34989929199219 16.500497817993164 0
endloop
endfacet
facet normal 0 0 1
outer loop
vertex 31.183496475219727 31.72301483154297 0
vertex 31.952180862426758 30.325319290161133 0
vertex 31.631216049194336 31.066410064697266 0
endloop
endfacet
facet normal 0.9293717802176444 -0.36914508548142216 0
outer loop
vertex 83.98136901855469 -64.07951354980469 -1
vertex 84.23340606689453 -63.444976806640625 -16.29813003540039
vertex 84.23340606689453 -63.444976806640625 -1
endloop
endfacet
facet normal 0.2560280595481549 0.9666693502558187 0
outer loop
vertex -63.703758239746094 62.67518997192383 -5.862026214599609
vertex -63.703758239746094 62.67518997192383 -1
vertex -62.75155258178711 62.42299270629883 -1
endloop
endfacet
facet normal 0 0 1
outer loop
vertex -17.248722076416016 -63.58809280395508 0
vertex -14.77724838256836 -64.27943420410156 0
vertex -14.815308570861816 -64.08808898925781 0
endloop
endfacet
facet normal -0.9611013486035995 -0.27619594079410265 -0.0000010966933984903503
outer loop
vertex -64.81140899658203 23.10347557067871 -1
vertex -64.53933715820312 22.156757354736328 -9.099313735961914
vertex -64.66622924804688 22.598281860351562 -1
endloop
endfacet
facet normal 0.21173444246215645 0.97732723581803 0.0000018783964353303877
outer loop
vertex 28.571895599365234 34.204933166503906 -8.348396301269531
vertex 29.440412521362305 34.01675796508789 -1
vertex 29.534597396850586 33.99635314941406 -1
endloop
endfacet
facet normal -0.06994670921624145 0.9975507294718493 0
outer loop
vertex 40.42911148071289 18.435691833496094 -9.670981407165527
vertex 41.1595344543457 18.486907958984375 -1
vertex 41.1595344543457 18.486907958984375 -9.627745628356934
endloop
endfacet
facet normal 0 0 1
outer loop
vertex -9.8762845993042 32.190574645996094 0
vertex -10.947883605957031 30.86518669128418 0
vertex -9.549407958984375 31.91284942626953 0
endloop
endfacet
facet normal -0.0001225812963290629 -0.9999999924762744 -0.000004612707008053001
outer loop
vertex 74.49272918701172 -65.78468322753906 -1.6257917881011963
vertex 72.52816772460938 -65.78443145751953 -4
vertex 75.17620086669922 -65.7847671508789 -1.5949000120162964
endloop
endfacet
facet normal 0 0 1
outer loop
vertex -42.665897369384766 11.923142433166504 0
vertex -43.1735954284668 11.860952377319336 0
vertex -42.60064697265625 10.391706466674805 0
endloop
endfacet
facet normal 0 0 1
outer loop
vertex -65.75208282470703 28.33194923400879 0
vertex -66.23393249511719 28.160358428955078 0
vertex -65.80364990234375 26.230422973632812 0
endloop
endfacet
facet normal -0.6942253654378763 -0.719757696716504 0
outer loop
vertex -38.7963752746582 -58.97150802612305 -1
vertex -38.08738708496094 -59.65534591674805 -15.916631698608398
vertex -38.08738708496094 -59.65534591674805 -1
endloop
endfacet
facet normal 0 0 1
outer loop
vertex -65.18560791015625 25.849353790283203 0
vertex -65.16050720214844 25.82425880432129 0
vertex -65.31124114990234 28.59134292602539 0
endloop
endfacet
facet normal 0 0 1
outer loop
vertex -39.00571060180664 -56.15821838378906 0
vertex -37.54872131347656 -55.58809280395508 0
vertex -37.54157638549805 8.729631423950195 0
endloop
endfacet
facet normal -0.31661868380262564 -0.9485529026190859 0
outer loop
vertex -69.00055694580078 26.02442741394043 -1
vertex -68.06620025634766 25.712547302246094 -8.645232200622559
vertex -68.06620025634766 25.712547302246094 -1
endloop
endfacet
facet normal 0.5959132325590398 0.8030488274451533 0
outer loop
vertex -61.86400604248047 61.995723724365234 -5.894307613372803
vertex -61.07297134399414 61.40872573852539 -1
vertex -61.07297134399414 61.40872573852539 -6.004624366760254
endloop
endfacet
facet normal 0 0 1
outer loop
vertex -61.21427917480469 21.82400894165039 0
vertex -61.60879135131836 22.149566650390625 0
vertex -62.16425704956055 20.664968490600586 0
endloop
endfacet
facet normal 0 0 1
outer loop
vertex -2.96175479888916 -64.44164276123047 0
vertex -3.1239664554595947 -64.55003356933594 0
vertex 71.72816467285156 -64.7843246459961 0
endloop
endfacet
facet normal 0.9999999807720202 -0.00019610190978192174 0
outer loop
vertex 84.33587646484375 -62.896053314208984 -16.22475814819336
vertex 84.35128021240234 15.65365219116211 -9.679110527038574
vertex 84.33587646484375 -62.896053314208984 -1
endloop
endfacet
facet normal -0.6606729653970816 -0.7506738524774749 2.3014075655902283e-7
outer loop
vertex -63.49016571044922 20.499773025512695 -1
vertex -62.75072479248047 19.848983764648438 -9.071554183959961
vertex -63.19154357910156 20.236953735351562 -1
endloop
endfacet
facet normal 0 0 1
outer loop
vertex -38.49134826660156 -57.668113708496094 0
vertex -38.03366470336914 -58.31781005859375 0
vertex -37.14943313598633 -57.00065612792969 0
endloop
endfacet
facet normal -0.7904006841639541 -0.6125902043561855 0
outer loop
vertex -64.09358978271484 21.27834701538086 -1
vertex -63.49016571044922 20.499773025512695 -9.189471244812012
vertex -63.49016571044922 20.499773025512695 -1
endloop
endfacet
facet normal 0 0 1
outer loop
vertex 12.525426864624023 30.596412658691406 0
vertex 9.564460754394531 28.540760040283203 0
vertex 27.679588317871094 31.727628707885742 0
endloop
endfacet
facet normal 0.9999999807720202 -0.00019610190978192174 0
outer loop
vertex 84.33587646484375 -62.896053314208984 -1
vertex 84.35128021240234 15.65365219116211 -9.679110527038574
vertex 84.35128021240234 15.65365219116211 -1
endloop
endfacet
facet normal -0.9436270345439796 -0.33101060357296 0
outer loop
vertex -20.963172912597656 -63.31881332397461 -1
vertex -20.737173080444336 -63.96308135986328 -16.319263458251953
vertex -20.737173080444336 -63.96308135986328 -1
endloop
endfacet
facet normal 0 0 1
outer loop
vertex 8.234676361083984 30.7991886138916 0
vertex 8.647747993469238 30.49753189086914 0
vertex 9.109786033630371 32.01554870605469 0
endloop
endfacet
facet normal 0 0 1
outer loop
vertex -39.162933349609375 7.758341312408447 0
vertex -39.127647399902344 7.626641273498535 0
vertex -37.54157638549805 8.729631423950195 0
endloop
endfacet
facet normal 0 0 1
outer loop
vertex -7.093325138092041 31.234832763671875 0
vertex 6.766167640686035 31.1761474609375 0
vertex 6.852790832519531 32.672271728515625 0
endloop
endfacet
facet normal 0 0 1
outer loop
vertex -2.8153083324432373 -64.08808898925781 0
vertex -2.8533685207366943 -64.27943420410156 0
vertex 71.72816467285156 -64.7843246459961 0
endloop
endfacet
facet normal 0.8843637658151255 0.4667983822950626 4.7139799707302094e-8
outer loop
vertex 35.267452239990234 18.64409828186035 -1
vertex 35.1839485168457 18.80229949951172 -9.600314140319824
vertex 35.069637298583984 19.01886558532715 -9.580410957336426
endloop
endfacet
facet normal 0.5460085764124082 0.8377795858602043 0
outer loop
vertex 81.564697265625 20.26700210571289 -9.40396785736084
vertex 81.564697265625 20.26700210571289 -1
vertex 82.38994598388672 19.72916030883789 -1
endloop
endfacet
facet normal -0.00012988116826717028 -0.9999999915389176 0.000007283340695731344
outer loop
vertex 20.311939239501953 -65.77766418457031 -3.8893399238586426
vertex 20.63709831237793 -65.7777099609375 -4.375974655151367
vertex 69.07843780517578 -65.78398132324219 -1.5949000120162964
endloop
endfacet
facet normal -0.6820311094016395 -0.7313231609953579 -3.55914312036838e-7
outer loop
vertex -40.69484329223633 8.569342613220215 -10.347156524658203
vertex -41.004756927490234 8.858363151550293 -1
vertex -40.860572814941406 8.723901748657227 -10.305734634399414
endloop
endfacet
facet normal -0.0001294628492091476 -0.9999999916193406 8.302527246165579e-7
outer loop
vertex 5.865458965301514 -65.77579498291016 -10.524024963378906
vertex 5.751277923583984 -65.7757797241211 -9.949999809265137
vertex -18.15668296813965 -65.77268981933594 -16.319116592407227
endloop
endfacet
facet normal 0.9847419013541915 0.17402122777785684 1.3845037349216717e-7
outer loop
vertex 34.937965393066406 19.421659469604492 -1
vertex 34.91110610961914 19.57365608215332 -9.488839149475098
vertex 33.07966232299805 29.93733024597168 -8.51821517944336
endloop
endfacet
facet normal 0.7561769118574243 0.654364754542217 -0.0018016621973495628
outer loop
vertex -9.54085636138916 33.30958938598633 -3.5
vertex -9.526066780090332 33.295326232910156 -2.4730398654937744
vertex -9.229837417602539 32.95295715332031 -2.491053342819214
endloop
endfacet
facet normal -0.00013259749862063245 -0.9999999900219855 0.00004872301527574808
outer loop
vertex 70.98271942138672 -65.78422546386719 -1.6595749855041504
vertex 20.751277923583984 -65.77772521972656 -4.949999809265137
vertex 71.72816467285156 -65.7843246459961 -1.6665111780166626
endloop
endfacet
facet normal -0.5367205967143857 -0.8437600376069915 4.650788441954586e-8
outer loop
vertex -21.988876342773438 -61.29999923706055 -16.18654441833496
vertex -22.21936798095703 -61.15338134765625 -1
vertex -22.346437454223633 -61.07255172729492 -1
endloop
endfacet
facet normal 0 0 1
outer loop
vertex 66.12816619873047 -63.58809280395508 0
vertex 20.751277923583984 -63.58809280395508 0
vertex 66.12816619873047 -64.08808898925781 0
endloop
endfacet
facet normal 0 0 1
outer loop
vertex -39.162933349609375 7.758341312408447 0
vertex -37.45689392089844 9.234066009521484 0
vertex -37.278594970703125 9.713476181030273 0
endloop
endfacet
facet normal 0.7660341609436218 0.642799863306925 0
outer loop
vertex -48.36859130859375 46.34843063354492 -7.3564558029174805
vertex -60.564208984375 60.88212966918945 -5.999649524688721
vertex -48.36859130859375 46.34843063354492 -1
endloop
endfacet
facet normal -0.8775547998318465 -0.4794763532147208 0
outer loop
vertex -83.80431365966797 43.1341667175293 -1
vertex -83.41350555419922 42.41889572143555 -7.381509304046631
vertex -83.41350555419922 42.41889572143555 -1
endloop
endfacet
facet normal -0.00013045887410390448 -0.999999991481997 0.0000040605653985678405
outer loop
vertex 75.17620086669922 -65.7847671508789 -1.5949000120162964
vertex 72.52816772460938 -65.78443145751953 -4
vertex 75.87908172607422 -65.78485870361328 -1.559360146522522
endloop
endfacet
facet normal 0 0 1
outer loop
vertex -36.26128387451172 10.837617874145508 0
vertex -39.5540885925293 8.693359375 0
vertex -36.669864654541016 10.529905319213867 0
endloop
endfacet
facet normal -0.4625297049048079 0.8866037852844253 0
outer loop
vertex 55.93011474609375 18.876379013061523 -1
vertex 55.55439758300781 18.68037223815918 -9.78114128112793
vertex 55.55439758300781 18.68037223815918 -1
endloop
endfacet
facet normal -0.8518956908810059 -0.5237114967788786 0
outer loop
vertex -20.379602432250977 -64.54472351074219 -16.2984619140625
vertex -20.379602432250977 -64.54472351074219 -1
vertex -20.472183227539062 -64.39412689208984 -1
endloop
endfacet
facet normal 0 0 1
outer loop
vertex 82.45127868652344 -30.588092803955078 0
vertex 82.44728088378906 -62.66279220581055 0
vertex 83.35127258300781 15.618732452392578 0
endloop
endfacet
facet normal 0 0 1
outer loop
vertex -61.3077278137207 60.21249771118164 0
vertex -61.7349739074707 60.65471649169922 0
vertex -62.38350296020508 61.13597106933594 0
endloop
endfacet
facet normal 0 0 1
outer loop
vertex 40.58115005493164 17.443897247314453 0
vertex 40.197998046875 15.81274700164795 0
vertex 40.69150161743164 15.947210311889648 0
endloop
endfacet
facet normal 0 0 1
outer loop
vertex -36.669864654541016 10.529905319213867 0
vertex -39.35558319091797 8.318946838378906 0
vertex -39.302494049072266 8.19843578338623 0
endloop
endfacet
facet normal 0 0 1
outer loop
vertex 12.525426864624023 30.596412658691406 0
vertex 27.679588317871094 31.727628707885742 0
vertex 28.453147888183594 33.20745849609375 0
endloop
endfacet
facet normal -0.7667097260841754 -0.6419939220333218 4.493755002216958e-7
outer loop
vertex -83.41350555419922 42.41889572143555 -1
vertex -70.69140625 27.22535514831543 -8.631416320800781
vertex -75.1575698852539 32.55913543701172 -1
endloop
endfacet
facet normal 0 0 1
outer loop
vertex 33.94200134277344 10.608597755432129 0
vertex 33.95325469970703 19.247644424438477 0
vertex 31.183496475219727 31.72301483154297 0
endloop
endfacet
facet normal 0 0 1
outer loop
vertex 28.453147888183594 33.20745849609375 0
vertex 28.694149017333984 31.639442443847656 0
vertex 29.1707820892334 31.453847885131836 0
endloop
endfacet
facet normal 0 0 1
outer loop
vertex -45.16859817504883 10.828871726989746 0
vertex -44.3105583190918 10.502760887145996 0
vertex -44.17852783203125 12.0259428024292 0
endloop
endfacet
facet normal 0.06681736701285385 0.9977652226177608 0
outer loop
vertex 36.99365234375 17.522987365722656 -9.831377983093262
vertex 36.99365234375 17.522987365722656 -1
vertex 37.37932586669922 17.497159957885742 -1
endloop
endfacet
facet normal -0.6416721217479008 0.7669790663186573 7.127100991415876e-7
outer loop
vertex -67.46673583984375 61.851688385009766 -1
vertex -82.4439468383789 49.32141876220703 -6.981783866882324
vertex -79.71156311035156 51.60738754272461 -1
endloop
endfacet
facet normal 0 0 1
outer loop
vertex -47.357269287109375 43.76227569580078 0
vertex -48.45567321777344 42.62417221069336 0
vertex -47.245548248291016 43.68002700805664 0
endloop
endfacet
facet normal -0.17117761869006665 0.9852401853657776 -7.930559660457223e-8
outer loop
vertex 12.800666809082031 31.65921401977539 -8.570093154907227
vertex 12.452014923095703 31.5986385345459 -8.604153633117676
vertex 12.354251861572266 31.581653594970703 -1
endloop
endfacet
facet normal 0 0 1
outer loop
vertex 77.98171997070312 -64.44164276123047 0
vertex 77.81951141357422 -64.55003356933594 0
vertex 81.63533020019531 -64.72933197021484 0
endloop
endfacet
facet normal 0.01898887302860458 -0.9998196950956206 6.339628288858993e-8
outer loop
vertex -43.59989547729492 9.372549057006836 -1
vertex -42.65976333618164 9.390403747558594 -10.126626968383789
vertex -42.581661224365234 9.391887664794922 -1
endloop
endfacet
facet normal 0 0 1
outer loop
vertex 83.09161376953125 -63.610626220703125 0
vertex 81.75128173828125 -63.58809280395508 0
vertex 82.83042907714844 -63.99909210205078 0
endloop
endfacet
facet normal 0 0 1
outer loop
vertex 54.73173141479492 17.49093246459961 0
vertex 54.9227409362793 15.986907958984375 0
vertex 54.87239456176758 17.500890731811523 0
endloop
endfacet
facet normal 0.4884424619151679 0.8725961043909432 0
outer loop
vertex 10.743680000305176 32.00275421142578 -8.558008193969727
vertex 10.743680000305176 32.00275421142578 -1
vertex 11.035354614257812 31.839487075805664 -1
endloop
endfacet
facet normal -0.0001305795122907882 -0.9999999914512616 -0.000006816721926706284
outer loop
vertex 5.865458965301514 -65.77579498291016 -4.375974655151367
vertex 6.19061803817749 -65.77584075927734 -3.8893399238586426
vertex -8.415307998657227 -65.7739486694336 -1.6676164865493774
endloop
endfacet
facet normal 0 0 1
outer loop
vertex -40.32491683959961 9.587353706359863 0
vertex -35.17372131347656 21.939802169799805 0
vertex -40.361968994140625 9.624407768249512 0
endloop
endfacet
facet normal -0.17117163092367552 0.9852412256736566 0
outer loop
vertex 12.452014923095703 31.5986385345459 -8.604153633117676
vertex 12.354251861572266 31.581653594970703 -8.634801864624023
vertex 12.354251861572266 31.581653594970703 -1
endloop
endfacet
facet normal 0 0 1
outer loop
vertex -40.85903549194336 9.95691204071045 0
vertex -35.17372131347656 21.939802169799805 0
vertex -40.96080780029297 10.00437068939209 0
endloop
endfacet
facet normal -0.47950136543332084 0.8775411332383852 0.000004719285196387991
outer loop
vertex -66.60231018066406 62.323997497558594 -1
vertex -67.46673583984375 61.851688385009766 -5.790985584259033
vertex -66.75148010253906 62.242488861083984 -1
endloop
endfacet
facet normal 0 0 1
outer loop
vertex -66.90070343017578 61.021427154541016 0
vertex -83.0425033569336 46.78606033325195 0
vertex -66.13619995117188 59.73247146606445 0
endloop
endfacet
facet normal 0 0 1
outer loop
vertex -40.4560546875 9.694379806518555 0
vertex -40.361968994140625 9.624407768249512 0
vertex -35.17372131347656 21.939802169799805 0
endloop
endfacet
facet normal 0 0 1
outer loop
vertex -18.548721313476562 -58.28809356689453 0
vertex -22.39525604248047 -59.96907424926758 0
vertex -22.35194969177246 -59.9892692565918 0
endloop
endfacet
facet normal 0.8262069002844528 0.5633668058399928 0
outer loop
vertex 31.95609474182129 32.3650016784668 -8.412703514099121
vertex 32.51103210449219 31.551156997680664 -1
vertex 32.51103210449219 31.551156997680664 -8.383378982543945
endloop
endfacet
facet normal -0.9522375423567011 -0.3053582534114145 0
outer loop
vertex -84.18659973144531 44.22130584716797 -1
vertex -83.88581085205078 43.28331756591797 -7.256467819213867
vertex -83.88581085205078 43.28331756591797 -1
endloop
endfacet
facet normal -0.787020653997922 -0.6169266489467635 0
outer loop
vertex -21.674867630004883 -61.584564208984375 -1
vertex -21.413433074951172 -61.9180793762207 -16.255281448364258
vertex -21.413433074951172 -61.9180793762207 -1
endloop
endfacet
facet normal -0.8775436635563125 -0.4794967346534965 0.000002966445374660961
outer loop
vertex -83.88581085205078 43.28331756591797 -1
vertex -83.41350555419922 42.41889572143555 -7.381509304046631
vertex -83.80431365966797 43.1341667175293 -1
endloop
endfacet
facet normal 0 0 1
outer loop
vertex -22.51210594177246 -59.9344482421875 0
vertex -22.39525604248047 -59.96907424926758 0
vertex -18.548721313476562 -58.28809356689453 0
endloop
endfacet
facet normal -0.9975507294718492 -0.06994670921624145 0
outer loop
vertex -40.04872131347656 -55.579833984375 -1
vertex -39.99750518798828 -56.31025695800781 -15.721500396728516
vertex -39.99750518798828 -56.31025695800781 -1
endloop
endfacet
facet normal -0.8786434338800044 -0.4774784980494454 0
outer loop
vertex -65.25129699707031 24.466766357421875 -1
vertex -65.04895782470703 24.09442710876465 -9.065705299377441
vertex -65.04895782470703 24.09442710876465 -1
endloop
endfacet
facet normal 0 0 1
outer loop
vertex -50.28383255004883 44.74122619628906 0
vertex -49.12321472167969 45.69422149658203 0
vertex -61.3077278137207 60.21249771118164 0
endloop
endfacet
facet normal 0 0 1
outer loop
vertex 81.81157684326172 16.12168312072754 0
vertex 82.45127868652344 -30.588092803955078 0
vertex 83.35127258300781 15.618732452392578 0
endloop
endfacet
facet normal 0.09317578456654425 0.995649673916689 0
outer loop
vertex 7.828822135925293 33.58530044555664 -1
vertex 6.84807014465332 33.67708206176758 -8.398658752441406
vertex 6.84807014465332 33.67708206176758 -1
endloop
endfacet
facet normal 0 0 1
outer loop
vertex -41.01082229614258 13.04634952545166 0
vertex -40.96080780029297 10.00437068939209 0
vertex -35.17372131347656 21.939802169799805 0
endloop
endfacet
facet normal 0 0 1
outer loop
vertex -82.69778442382812 47.50212860107422 0
vertex -83.0425033569336 46.78606033325195 0
vertex -82.2165298461914 48.150657653808594 0
endloop
endfacet
facet normal 0 0 1
outer loop
vertex 20.751277923583984 -63.58809280395508 0
vertex 66.27461242675781 -64.44164276123047 0
vertex 66.16622924804688 -64.27943420410156 0
endloop
endfacet
facet normal 0.001040352717597086 0.9999994588000355 -0.0000081153708499752
outer loop
vertex 73.32816314697266 20.840024948120117 -1.100000023841858
vertex 72.13542175292969 20.841266632080078 -1
vertex 79.68705749511719 20.833410263061523 -1
endloop
endfacet
facet normal 0.0010385409870799429 0.999999445007025 0.0001772519681680836
outer loop
vertex 71.12826538085938 20.842313766479492 -9.36513900756836
vertex 59.893192291259766 20.854001998901367 -9.478774070739746
vertex 71.12816619873047 20.84127426147461 -3.5
endloop
endfacet
facet normal -0.26918767625448503 0.9630877400074671 -1.409150485168901e-7
outer loop
vertex 37.9121208190918 17.558895111083984 -9.77259349822998
vertex 37.83800506591797 17.538179397583008 -9.789111137390137
vertex 38.246131896972656 17.652254104614258 -1
endloop
endfacet
facet normal 0 0 1
outer loop
vertex -64.46765899658203 25.084430694580078 0
vertex -64.3852767944336 24.966766357421875 0
vertex -56.50526809692383 34.99470138549805 0
endloop
endfacet
facet normal 0 0 1
outer loop
vertex -39.292667388916016 8.161764144897461 0
vertex -39.162933349609375 7.758341312408447 0
vertex -37.01307678222656 10.150653839111328 0
endloop
endfacet
facet normal 0 0 1
outer loop
vertex 9.453792572021484 29.21343231201172 0
vertex 9.564460754394531 28.540760040283203 0
vertex 10.625542640686035 30.924108505249023 0
endloop
endfacet
facet normal -0.9466404397883165 -0.32229160360981 0
outer loop
vertex -65.04895782470703 24.09442710876465 -9.065705299377441
vertex -65.02872467041016 24.034997940063477 -9.072709083557129
vertex -65.04895782470703 24.09442710876465 -1
endloop
endfacet
facet normal -0.7853725082627517 -0.6190234432269688 -7.083060543923214e-7
outer loop
vertex -65.31138610839844 24.54300308227539 -8.984755516052246
vertex -65.25129699707031 24.466766357421875 -9.007575988769531
vertex -65.51362609863281 24.79958152770996 -1
endloop
endfacet
facet normal 0 0 1
outer loop
vertex 33.85381317138672 9.594038009643555 0
vertex 33.668216705322266 9.117403984069824 0
vertex 38.658748626708984 16.741350173950195 0
endloop
endfacet
facet normal 0 0 1
outer loop
vertex 9.26844596862793 29.690162658691406 0
vertex 9.453792572021484 29.21343231201172 0
vertex 10.126890182495117 31.218505859375 0
endloop
endfacet
facet normal 0 0 1
outer loop
vertex 38.721405029296875 14.463476181030273 0
vertex 38.98692321777344 14.900653839111328 0
vertex 33.668216705322266 9.117403984069824 0
endloop
endfacet
facet normal 0.15842119538508692 -0.9873716244923996 0
outer loop
vertex 81.42769622802734 -65.77543640136719 -1
vertex 81.88199615478516 -65.70254516601562 -16.350378036499023
vertex 81.88199615478516 -65.70254516601562 -1
endloop
endfacet
facet normal 0.001692363720298293 0.9999985679514606 2.5773186847685887e-7
outer loop
vertex -29.77794075012207 35.111907958984375 -1
vertex -20.099000930786133 35.09552764892578 -1
vertex -29.7633056640625 35.11188507080078 -8.29338550567627
endloop
endfacet
facet normal -0.6056318459273002 0.7957449762321317 -1.226667252191455e-7
outer loop
vertex 56.26732635498047 19.133028030395508 -1
vertex 55.93011474609375 18.876379013061523 -9.7802152633667
vertex 55.966461181640625 18.904043197631836 -1
endloop
endfacet
facet normal 0 0 1
outer loop
vertex -83.2459716796875 46.01782989501953 0
vertex -83.3009033203125 45.225006103515625 0
vertex -81.16990661621094 47.07509994506836 0
endloop
endfacet
facet normal -0.5487047119208455 -0.8360162313710533 -5.88712617185389e-8
outer loop
vertex -41.16640853881836 8.964460372924805 -10.278519630432129
vertex -41.004756927490234 8.858363151550293 -10.306595802307129
vertex -41.35903549194336 9.090887069702148 -1
endloop
endfacet
facet normal 0 0 1
outer loop
vertex 34.73513412475586 17.700387954711914 0
vertex 33.94200134277344 10.608597755432129 0
vertex 34.759674072265625 17.66533851623535 0
endloop
endfacet
facet normal 0 0 1
outer loop
vertex 28.453147888183594 33.20745849609375 0
vertex 29.603857040405273 31.18168830871582 0
vertex 30.619972229003906 32.283390045166016 0
endloop
endfacet
facet normal 0 0 1
outer loop
vertex 33.94200134277344 10.608597755432129 0
vertex 35.64948654174805 16.953819274902344 0
vertex 35.29235076904297 17.18195343017578 0
endloop
endfacet
facet normal 0 0 1
outer loop
vertex 35.79721450805664 16.871191024780273 0
vertex 33.94200134277344 10.608597755432129 0
vertex 36.187808990478516 16.706798553466797 0
endloop
endfacet
facet normal -0.8866059244501652 -0.4625256044044998 -3.469856619660783e-7
outer loop
vertex -40.37517547607422 8.111337661743164 -10.417397499084473
vertex -40.2421875 7.856415748596191 -10.46210765838623
vertex -40.438194274902344 8.23213005065918 -1
endloop
endfacet
facet normal 0 0 1
outer loop
vertex 34.12136459350586 18.708873748779297 0
vertex 33.989688873291016 19.11166763305664 0
vertex 33.94200134277344 10.608597755432129 0
endloop
endfacet
facet normal -0.6697006340877832 0.742631174071235 0
outer loop
vertex 57.02414321899414 19.815521240234375 -1
vertex 56.26732635498047 19.133028030395508 -9.726679801940918
vertex 56.26732635498047 19.133028030395508 -1
endloop
endfacet
facet normal 0.06681891279271039 0.9977651191002697 -1.5702020364424781e-7
outer loop
vertex 37.04167175292969 17.519771575927734 -9.819745063781738
vertex 36.99365234375 17.522987365722656 -9.831377983093262
vertex 37.41647720336914 17.494672775268555 -1
endloop
endfacet
facet normal -0.8175144235971921 -0.5759081239317178 0
outer loop
vertex -39.36366653442383 -58.16622543334961 -1
vertex -38.7963752746582 -58.97150802612305 -15.805241584777832
vertex -38.7963752746582 -58.97150802612305 -1
endloop
endfacet
facet normal -0.9436270345439794 -0.33101060357296 0
outer loop
vertex -20.963172912597656 -63.31881332397461 -16.277395248413086
vertex -20.737173080444336 -63.96308135986328 -16.319263458251953
vertex -20.963172912597656 -63.31881332397461 -1
endloop
endfacet
facet normal 0.7660341609436218 0.6427998633069251 0
outer loop
vertex -48.36859130859375 46.34843063354492 -1
vertex -60.564208984375 60.88212966918945 -5.999649524688721
vertex -60.564208984375 60.88212966918945 -1
endloop
endfacet
facet normal -0.00013173240185359244 -0.9999999913195412 -0.00000273713791061756
outer loop
vertex -11.175836563110352 -65.77359008789062 -1.6270489692687988
vertex -9.21530818939209 -65.77384185791016 -4
vertex -9.958904266357422 -65.77375030517578 -1.6607084274291992
endloop
endfacet
facet normal 0.39520418710393834 0.9185932998316041 0
outer loop
vertex 36.581687927246094 17.6223087310791 -9.854989051818848
vertex 36.39396667480469 17.70307159423828 -9.866743087768555
vertex 36.581687927246094 17.6223087310791 -1
endloop
endfacet
facet normal 0 0 1
outer loop
vertex 33.94200134277344 10.608597755432129 0
vertex 35.194236755371094 17.25455665588379 0
vertex 35.16057586669922 17.2882137298584 0
endloop
endfacet
facet normal 0 0 1
outer loop
vertex -8.415307998657227 -64.58808898925781 0
vertex -8.415307998657227 -64.7739486694336 0
vertex -3.1239664554595947 -64.55003356933594 0
endloop
endfacet
facet normal -0.00013308172045010776 -0.9999999906595359 -0.00003114777479162857
outer loop
vertex -8.415307998657227 -65.7739486694336 -1.6676164865493774
vertex 7.251277923583984 -65.7759780883789 -3.450000047683716
vertex -7.67165994644165 -65.7740478515625 -1.6606764793395996
endloop
endfacet
facet normal 0 0 1
outer loop
vertex -30.773717880249023 34.259254455566406 0
vertex -31.45969581604004 32.611907958984375 0
vertex -30.610034942626953 34.21534729003906 0
endloop
endfacet
facet normal 0 0 1
outer loop
vertex 59.04423522949219 19.707332611083984 0
vertex 59.359554290771484 18.242948532104492 0
vertex 59.86056900024414 18.345951080322266 0
endloop
endfacet
facet normal 0 0 1
outer loop
vertex -39.35558319091797 8.318946838378906 0
vertex -36.669864654541016 10.529905319213867 0
vertex -39.5540885925293 8.693359375 0
endloop
endfacet
facet normal 0 0 1
outer loop
vertex -23.502222061157227 -59.78830337524414 0
vertex -23.43381118774414 -59.794288635253906 0
vertex -18.548721313476562 -58.28809356689453 0
endloop
endfacet
facet normal -0.00012917195399755885 -0.9999999916494183 0.0000039710904120949485
outer loop
vertex -6.454557418823242 -65.77420043945312 -1.6269797086715698
vertex 7.251277923583984 -65.7759780883789 -3.450000047683716
vertex -5.744804859161377 -65.7742919921875 -1.5949000120162964
endloop
endfacet
facet normal 0 0 1
outer loop
vertex -41.33638000488281 12.651840209960938 0
vertex -41.73050308227539 12.325814247131348 0
vertex -41.50930404663086 10.227746963500977 0
endloop
endfacet
facet normal -0.24776808322657898 -0.9688193468734922 -0.00022373611066501552
outer loop
vertex -41.93684387207031 9.30685043334961 -10.190475463867188
vertex -41.737525939941406 9.255887985229492 -10.240607261657715
vertex -42.15897750854492 9.361536979675293 -1
endloop
endfacet
facet normal 0 0 1
outer loop
vertex -40.01499938964844 9.298334121704102 0
vertex -39.92879867553711 9.212130546569824 0
vertex -35.17372131347656 21.939802169799805 0
endloop
endfacet
facet normal -0.6535144311495976 -0.7569140560719015 0
outer loop
vertex -70.69140625 27.22535514831543 -8.631416320800781
vertex -69.85932159423828 26.506938934326172 -8.593931198120117
vertex -70.69140625 27.22535514831543 -1
endloop
endfacet
facet normal 0 0 1
outer loop
vertex 81.0984115600586 19.37726593017578 0
vertex 82.79390716552734 17.741928100585938 0
vertex 82.33621978759766 18.391626358032227 0
endloop
endfacet
facet normal 0 0 1
outer loop
vertex -83.20530700683594 44.43605422973633 0
vertex -81.80290222167969 45.17768478393555 0
vertex -81.78378295898438 45.68882369995117 0
endloop
endfacet
facet normal -0.38401783953616836 -0.923325673269102 3.6506637646675386e-7
outer loop
vertex -66.37198638916016 25.386919021606445 -8.844870567321777
vertex -66.2606201171875 25.340600967407227 -8.881625175476074
vertex -66.57783508300781 25.472536087036133 -1
endloop
endfacet
facet normal -0.38402970038703443 -0.9233207401659754 0
outer loop
vertex -66.37198638916016 25.386919021606445 -8.844870567321777
vertex -66.57783508300781 25.472536087036133 -1
vertex -66.57783508300781 25.472536087036133 -8.81772518157959
endloop
endfacet
facet normal 0 0 1
outer loop
vertex 82.22761535644531 -30.075157165527344 0
vertex 82.36504364013672 -30.251497268676758 0
vertex 81.81157684326172 16.12168312072754 0
endloop
endfacet
facet normal 0.7191797852428048 0.6948240327580165 0
outer loop
vertex -60.564208984375 60.88212966918945 -1
vertex -61.07297134399414 61.40872573852539 -6.004624366760254
vertex -61.07297134399414 61.40872573852539 -1
endloop
endfacet
facet normal 0 0 1
outer loop
vertex 81.14427185058594 17.483051300048828 0
vertex 81.45198822021484 17.07447052001953 0
vertex 81.0984115600586 19.37726593017578 0
endloop
endfacet
facet normal 0 0 1
outer loop
vertex 33.94200134277344 10.608597755432129 0
vertex 33.989688873291016 19.11166763305664 0
vertex 33.95325469970703 19.247644424438477 0
endloop
endfacet
facet normal -0.9475254289420627 -0.31968040526123925 -4.1229155938081303e-7
outer loop
vertex -21.109487533569336 -62.59503173828125 -16.28156280517578
vertex -21.07660675048828 -62.69248962402344 -16.28564453125
vertex -21.21208381652832 -62.290958404541016 -1
endloop
endfacet
facet normal -0.8786412105749195 -0.4774825892944997 2.446398358404231e-7
outer loop
vertex -65.11001586914062 24.206783294677734 -9.030974388122559
vertex -65.04895782470703 24.09442710876465 -9.065705299377441
vertex -65.25129699707031 24.466766357421875 -1
endloop
endfacet
facet normal 0.23437668426463718 0.9721458583325419 0
outer loop
vertex 36.99365234375 17.522987365722656 -9.831377983093262
vertex 36.581687927246094 17.6223087310791 -9.854989051818848
vertex 36.99365234375 17.522987365722656 -1
endloop
endfacet
facet normal -0.35527230995485914 -0.9347628500209765 0
outer loop
vertex -45.5994873046875 9.92284870147705 -10.06257152557373
vertex -44.571895599365234 9.532295227050781 -9.998602867126465
vertex -45.5994873046875 9.92284870147705 -1
endloop
endfacet
facet normal 0 0 1
outer loop
vertex 7.640900611877441 32.59851837158203 0
vertex 6.852790832519531 32.672271728515625 0
vertex 8.403996467590332 32.376556396484375 0
endloop
endfacet
facet normal 0.1786310469642503 0.9839161290776156 0.0000011733333167158824
outer loop
vertex -30.313304901123047 35.17738342285156 -8.308048248291016
vertex -30.431453704833984 35.19883346557617 -8.306771278381348
vertex -30.014503479003906 35.12312698364258 -1
endloop
endfacet
facet normal 0 0 1
outer loop
vertex -49.12321472167969 45.69422149658203 0
vertex -48.45567321777344 42.62417221069336 0
vertex -47.77509307861328 44.139183044433594 0
endloop
endfacet
facet normal 0.5460093246362411 0.8377790978619734 -0.00002441011692044989
outer loop
vertex -10.32443618774414 34.037410736083984 -8.338086128234863
vertex -11.06029987335205 34.51700210571289 -8.207362174987793
vertex -10.235057830810547 33.97916030883789 -8.320637702941895
endloop
endfacet
facet normal 0 0 1
outer loop
vertex -62.38350296020508 61.13597106933594 0
vertex -63.23076248168945 59.899688720703125 0
vertex -62.81052780151367 59.60809326171875 0
endloop
endfacet
facet normal -0.6535163616529085 -0.756912389284129 -3.6921450444463506e-7
outer loop
vertex -70.69140625 27.22535514831543 -1
vertex -69.85932159423828 26.506938934326172 -8.593931198120117
vertex -69.98180389404297 26.612686157226562 -1
endloop
endfacet
facet normal 0.0010403018161437387 0.9999994588478782 -0.000008722494003525409
outer loop
vertex 70.92816925048828 20.84252166748047 -1.100000023841858
vertex 72.13542175292969 20.841266632080078 -1
vertex 73.32816314697266 20.840024948120117 -1.100000023841858
endloop
endfacet
facet normal 0 0 1
outer loop
vertex -66.90070343017578 61.021427154541016 0
vertex -64.19680786132812 60.22197341918945 0
vertex -63.69845199584961 60.10679244995117 0
endloop
endfacet
facet normal -0.9522375423567012 -0.30535825341141454 0
outer loop
vertex -84.18659973144531 44.22130584716797 -7.268401145935059
vertex -83.88581085205078 43.28331756591797 -7.256467819213867
vertex -84.18659973144531 44.22130584716797 -1
endloop
endfacet
facet normal 0.0010401878750898289 0.999999459004446 0
outer loop
vertex 79.68705749511719 20.833410263061523 -9.278572082519531
vertex 73.12806701660156 20.840232849121094 -3.5
vertex 79.68705749511719 20.833410263061523 -1
endloop
endfacet
facet normal -0.3840285344968765 -0.9233212250848463 0
outer loop
vertex -66.57783508300781 25.472536087036133 -1
vertex -66.18656158447266 25.309797286987305 -8.895605087280273
vertex -66.18656158447266 25.309797286987305 -1
endloop
endfacet
facet normal 0.0016924850683266255 0.9999985677461211 0
outer loop
vertex -12.937943458557129 35.08340835571289 -8.084754943847656
vertex -29.7633056640625 35.11188507080078 -8.29338550567627
vertex -12.937943458557129 35.08340835571289 -1
endloop
endfacet
facet normal -0.10253712075625106 0.9947291786546484 -2.5809583252350007e-7
outer loop
vertex -6.814144134521484 32.26890563964844 -8.530953407287598
vertex -7.038813591003418 32.24574661254883 -8.534113883972168
vertex -7.195853233337402 32.22956085205078 -1
endloop
endfacet
facet normal -0.9466587727896442 -0.32223775058201914 4.954321497687285e-7
outer loop
vertex -65.04895782470703 24.09442710876465 -1
vertex -64.91240692138672 23.693260192871094 -9.102067947387695
vertex -64.97157287597656 23.867088317871094 -1
endloop
endfacet
facet normal 0.5460116765018374 0.837777565421546 0
outer loop
vertex -10.235057830810547 33.97916030883789 -8.320637702941895
vertex -11.06029987335205 34.51700210571289 -8.207362174987793
vertex -10.235057830810547 33.97916030883789 -1
endloop
endfacet
facet normal -0.4625334509598807 0.8866018310059494 2.0390390596277857e-7
outer loop
vertex 55.81175994873047 18.81463623046875 -9.7725830078125
vertex 55.55439758300781 18.68037223815918 -9.78114128112793
vertex 55.93011474609375 18.876379013061523 -1
endloop
endfacet
facet normal -0.546007629784308 -0.8377802028081841 0
outer loop
vertex -38.08738708496094 -59.65534591674805 -1
vertex -37.262142181396484 -60.19318389892578 -15.874391555786133
vertex -37.262142181396484 -60.19318389892578 -1
endloop
endfacet
facet normal -0.8775495239789562 -0.4794860091434445 0
outer loop
vertex -83.88581085205078 43.28331756591797 -7.256467819213867
vertex -83.48194885253906 42.54417419433594 -7.396089553833008
vertex -83.88581085205078 43.28331756591797 -1
endloop
endfacet
facet normal -0.9999999979587686 -0.00006389415445140863 0
outer loop
vertex -40.04872131347656 -55.579833984375 -15.661998748779297
vertex -40.04872131347656 -55.579833984375 -1
vertex -40.05169677734375 -9.011194229125977 -1
endloop
endfacet
facet normal 0 0 1
outer loop
vertex 41.194698333740234 17.48691749572754 0
vertex 40.58115005493164 17.443897247314453 0
vertex 41.15127944946289 15.986907958984375 0
endloop
endfacet
facet normal 0 0 1
outer loop
vertex -31.45969581604004 32.611907958984375 0
vertex -29.825164794921875 34.11603927612305 0
vertex -30.061725616455078 34.12725830078125 0
endloop
endfacet
facet normal 0 0 1
outer loop
vertex -64.10382080078125 24.416135787963867 0
vertex -63.96574020385742 24.01548957824707 0
vertex -56.50526809692383 34.99470138549805 0
endloop
endfacet
facet normal -0.1409579945700847 0.9900155775374345 0
outer loop
vertex 55.150978088378906 18.550640106201172 -9.769025802612305
vertex 54.98380661010742 18.526838302612305 -9.742865562438965
vertex 55.150978088378906 18.550640106201172 -1
endloop
endfacet
facet normal 0 0 1
outer loop
vertex -66.13619995117188 59.73247146606445 0
vertex -83.2459716796875 46.01782989501953 0
vertex -81.16990661621094 47.07509994506836 0
endloop
endfacet
facet normal -0.2320873366276355 0.9726949512447829 0
outer loop
vertex 40.42911148071289 18.435691833496094 -1
vertex 39.470970153808594 18.207077026367188 -9.58348560333252
vertex 39.470970153808594 18.207077026367188 -1
endloop
endfacet
facet normal 0.1968116723492299 0.9804413116689337 0
outer loop
vertex -11.972172737121582 34.88954162597656 -1
vertex -12.937943458557129 35.08340835571289 -8.084754943847656
vertex -12.937943458557129 35.08340835571289 -1
endloop
endfacet
facet normal 0 0 1
outer loop
vertex 37.94029235839844 16.54712677001953 0
vertex 33.9461784362793 10.097122192382812 0
vertex 38.107200622558594 16.575092315673828 0
endloop
endfacet
facet normal 0.6784971486946827 0.7346030351237579 -3.853579845148794e-7
outer loop
vertex 35.71254348754883 18.135570526123047 -9.764486312866211
vertex 35.525718688964844 18.30812644958496 -9.733452796936035
vertex 35.8370246887207 18.020601272583008 -1
endloop
endfacet
facet normal -0.9666674333178674 0.2560352971030486 0
outer loop
vertex -83.98480224609375 47.13407897949219 -1
vertex -84.23700714111328 46.1818733215332 -7.163414478302002
vertex -84.23700714111328 46.1818733215332 -1
endloop
endfacet
facet normal 0 0 1
outer loop
vertex 31.183496475219727 31.72301483154297 0
vertex 32.100982666015625 29.72901153564453 0
vertex 31.952180862426758 30.325319290161133 0
endloop
endfacet
facet normal 0 0 1
outer loop
vertex 71.72816467285156 -64.58808898925781 0
vertex 66.62816619873047 -64.58808898925781 0
vertex 71.72816467285156 -64.7843246459961 0
endloop
endfacet
facet normal 0 0 1
outer loop
vertex 33.668216705322266 9.117403984069824 0
vertex 38.54310607910156 13.984066009521484 0
vertex 38.721405029296875 14.463476181030273 0
endloop
endfacet
facet normal -0.00012946312458028605 -0.9999999916196497 0
outer loop
vertex 20.751277923583984 -65.77772521972656 -9.949999809265137
vertex 66.12816619873047 -65.78359985351562 -5
vertex 66.12816619873047 -65.78359985351562 -4
endloop
endfacet
facet normal 0 0 1
outer loop
vertex 82.38822937011719 -62.87841796875 0
vertex 82.26421356201172 -63.064430236816406 0
vertex 83.33589172363281 -62.80342102050781 0
endloop
endfacet
facet normal 0 0 1
outer loop
vertex -17.248722076416016 -63.28809356689453 0
vertex -18.064083099365234 -64.77269744873047 0
vertex -17.248722076416016 -63.58809280395508 0
endloop
endfacet
facet normal 0.2663552194674169 0.963874938496932 0
outer loop
vertex -7.8914289474487305 32.24226760864258 -3.5
vertex -8.145734786987305 32.31254196166992 -3.5
vertex -8.145734786987305 32.31254196166992 -2.491053342819214
endloop
endfacet
facet normal 0 0 1
outer loop
vertex 36.75927734375 16.55084228515625 0
vertex 33.94200134277344 10.608597755432129 0
vertex 36.820003509521484 16.538179397583008 0
endloop
endfacet
facet normal 0 0 1
outer loop
vertex 30.619972229003906 32.283390045166016 0
vertex 29.603857040405273 31.18168830871582 0
vertex 29.977828979492188 30.832731246948242 0
endloop
endfacet
facet normal -0.00012942723528555405 -0.9999999916242953 0
outer loop
vertex -8.415307998657227 -65.7739486694336 -1.6676164865493774
vertex -8.415307998657227 -65.7739486694336 -4
vertex -2.8153083324432373 -65.77467346191406 -4
endloop
endfacet
facet normal 0 0 1
outer loop
vertex 38.58815383911133 16.712562561035156 0
vertex 33.9461784362793 10.097122192382812 0
vertex 38.658748626708984 16.741350173950195 0
endloop
endfacet
facet normal -0.0023989744208332744 -0.999997122456724 0
outer loop
vertex -23.504621505737305 -60.78809356689453 -16.012466430664062
vertex -35.384498596191406 -60.75959396362305 -1
vertex -35.384498596191406 -60.75959396362305 -15.829537391662598
endloop
endfacet
facet normal 0 0 1
outer loop
vertex -11.526589393615723 33.62726593017578 0
vertex -12.262282371520996 33.92782974243164 0
vertex -12.77656364440918 32.52008056640625 0
endloop
endfacet
facet normal 0 0 1
outer loop
vertex 81.877197265625 -63.27667236328125 0
vertex 81.75128173828125 -63.28809356689453 0
vertex 83.09161376953125 -63.610626220703125 0
endloop
endfacet
facet normal 0 0 1
outer loop
vertex 72.52816772460938 -64.58808898925781 0
vertex 72.52816772460938 -64.78443145751953 0
vertex 81.31714630126953 -64.78038024902344 0
endloop
endfacet
facet normal 0.5462742118457431 0.8376064024781044 0
outer loop
vertex -46.47373580932617 44.366641998291016 -1
vertex -46.7010612487793 44.51490020751953 -7.490355968475342
vertex -46.7010612487793 44.51490020751953 -1
endloop
endfacet
facet normal 0.6942196442500457 0.7197632148693501 0.0000076339935637617
outer loop
vertex -9.780495643615723 33.54072570800781 -1
vertex -9.526066780090332 33.295326232910156 -1
vertex -9.6609525680542 33.4254264831543 -1.132386326789856
endloop
endfacet
facet normal 0.6467288849207208 0.7627199678841515 0
outer loop
vertex -9.229837417602539 32.95295715332031 -1
vertex -8.906620979309082 32.67889404296875 -1
vertex -9.229837417602539 32.95295715332031 -1.108946681022644
endloop
endfacet
facet normal 0.6925703397628193 -0.7213503479453052 0
outer loop
vertex 83.33270263671875 -64.90315246582031 -1
vertex 83.60041809082031 -64.6461181640625 -16.349653244018555
vertex 83.60041809082031 -64.6461181640625 -1
endloop
endfacet
facet normal 0 0 1
outer loop
vertex 81.75128173828125 -63.28809356689453 0
vertex 81.75128173828125 -63.58809280395508 0
vertex 83.09161376953125 -63.610626220703125 0
endloop
endfacet
facet normal 0.0022856348484416047 0.9999973879332583 0
outer loop
vertex -7.729928016662598 32.23078155517578 -1.1265830993652344
vertex -7.729928016662598 32.23078155517578 -1
vertex -7.195853233337402 32.22956085205078 -1
endloop
endfacet
facet normal 0.9293717802176443 -0.36914508548142216 0
outer loop
vertex 84.23340606689453 -63.444976806640625 -16.29813003540039
vertex 83.98136901855469 -64.07951354980469 -1
vertex 83.98136901855469 -64.07951354980469 -16.280990600585938
endloop
endfacet
facet normal 0.15842119538508692 -0.9873716244923996 0
outer loop
vertex 81.88199615478516 -65.70254516601562 -16.350378036499023
vertex 81.42769622802734 -65.77543640136719 -1
vertex 81.42769622802734 -65.77543640136719 -16.39124298095703
endloop
endfacet
facet normal 0 0 1
outer loop
vertex -10.947883605957031 30.86518669128418 0
vertex -10.813420295715332 30.37168312072754 0
vertex -9.549407958984375 31.91284942626953 0
endloop
endfacet
facet normal 0 0 1
outer loop
vertex -67.74899291992188 28.217021942138672 0
vertex -67.83876037597656 26.690866470336914 0
vertex -67.2506332397461 28.101844787597656 0
endloop
endfacet
facet normal 0 0 1
outer loop
vertex -10.252765655517578 32.60688781738281 0
vertex -11.173011779785156 31.32447052001953 0
vertex -9.985145568847656 32.299434661865234 0
endloop
endfacet
facet normal 0 0 1
outer loop
vertex 10.25523853302002 31.130157470703125 0
vertex 9.453792572021484 29.21343231201172 0
vertex 10.625542640686035 30.924108505249023 0
endloop
endfacet
facet normal 0 0 1
outer loop
vertex -18.06941795349121 -63.25239181518555 0
vertex -18.267602920532227 -63.148929595947266 0
vertex -18.064083099365234 -64.77269744873047 0
endloop
endfacet
facet normal 0 0 1
outer loop
vertex -65.80364990234375 26.230422973632812 0
vertex -65.68656158447266 26.17582130432129 0
vertex -65.31124114990234 28.59134292602539 0
endloop
endfacet
facet normal -0.5009029537239922 -0.8655034551927452 0
outer loop
vertex -45.6606330871582 9.958234786987305 -10.074053764343262
vertex -62.75072479248047 19.848983764648438 -1
vertex -62.75072479248047 19.848983764648438 -9.071554183959961
endloop
endfacet
facet normal 0 0 1
outer loop
vertex -65.31124114990234 28.59134292602539 0
vertex -64.84574127197266 25.540531158447266 0
vertex -56.50526809692383 34.99470138549805 0
endloop
endfacet
facet normal -0.997608849248506 0.06911283456062985 -2.5737829991703897e-7
outer loop
vertex -84.23700714111328 46.1818733215332 -1
vertex -84.30508422851562 45.19919204711914 -7.15250301361084
vertex -84.26985168457031 45.70777893066406 -1
endloop
endfacet
facet normal 0 0 1
outer loop
vertex -63.96574020385742 24.01548957824707 0
vertex -63.92759704589844 23.86690902709961 0
vertex -62.0391731262207 25.409738540649414 0
endloop
endfacet
facet normal 0 0 1
outer loop
vertex -11.173011779785156 31.32447052001953 0
vertex -10.947883605957031 30.86518669128418 0
vertex -9.8762845993042 32.190574645996094 0
endloop
endfacet
facet normal 0.8262069002844529 0.5633668058399929 0
outer loop
vertex 32.51103210449219 31.551156997680664 -1
vertex 31.95609474182129 32.3650016784668 -8.412703514099121
vertex 31.95609474182129 32.3650016784668 -1
endloop
endfacet
facet normal 0 0 1
outer loop
vertex -65.16050720214844 25.82425880432129 0
vertex -64.84574127197266 25.540531158447266 0
vertex -65.31124114990234 28.59134292602539 0
endloop
endfacet
facet normal -0.22516788044781227 -0.9743199811225467 0
outer loop
vertex -23.150161743164062 -60.81334686279297 -16.022233963012695
vertex -22.881254196166992 -60.875492095947266 -16.038936614990234
vertex -23.150161743164062 -60.81334686279297 -1
endloop
endfacet
facet normal -0.12028082657236887 0.9927399069036501 0
outer loop
vertex -64.68643951416016 62.74327087402344 -1
vertex -65.66432189941406 62.62479019165039 -5.86439847946167
vertex -65.66432189941406 62.62479019165039 -1
endloop
endfacet
facet normal 0.3340445573276823 0.9425572840521433 0
outer loop
vertex 11.512886047363281 31.654211044311523 -8.72182559967041
vertex 11.113459587097168 31.79576873779297 -8.670580863952637
vertex 11.512886047363281 31.654211044311523 -1
endloop
endfacet
facet normal 0 0 1
outer loop
vertex 56.015628814697266 17.796268463134766 0
vertex 54.9227409362793 15.986907958984375 0
vertex 56.39134216308594 17.99227523803711 0
endloop
endfacet
facet normal 0.0022856348484416047 0.9999973879332583 0
outer loop
vertex -7.729928016662598 32.23078155517578 -2.473417043685913
vertex -7.195853233337402 32.22956085205078 -1
vertex -7.729928016662598 32.23078155517578 -8.66443157196045
endloop
endfacet
facet normal 0 0 1
outer loop
vertex -64.17200469970703 24.57099723815918 0
vertex -64.10382080078125 24.416135787963867 0
vertex -56.50526809692383 34.99470138549805 0
endloop
endfacet
facet normal -0.00013086155773445784 -0.9999999914156593 0.000006628258606468907
outer loop
vertex 6.19061803817749 -65.77584075927734 -11.010660171508789
vertex 5.865458965301514 -65.77579498291016 -10.524024963378906
vertex -18.15668296813965 -65.77268981933594 -16.319116592407227
endloop
endfacet
facet normal 0 0 1
outer loop
vertex -19.58391761779785 -63.9295768737793 0
vertex -19.259723663330078 -64.26724243164062 0
vertex -18.423059463500977 -62.98826217651367 0
endloop
endfacet
facet normal 0 0 1
outer loop
vertex 40.58115005493164 17.443897247314453 0
vertex 40.69150161743164 15.947210311889648 0
vertex 41.15127944946289 15.986907958984375 0
endloop
endfacet
facet normal 0 0 1
outer loop
vertex -14.315308570861816 -64.58808898925781 0
vertex -18.064083099365234 -64.77269744873047 0
vertex -9.21530818939209 -64.77384185791016 0
endloop
endfacet
facet normal 0 0 1
outer loop
vertex -56.50526809692383 34.99470138549805 0
vertex -63.96574020385742 24.01548957824707 0
vertex -62.0391731262207 25.409738540649414 0
endloop
endfacet
facet normal 0.19293633164581608 0.9812112779269588 0
outer loop
vertex -8.145734786987305 32.31254196166992 -1
vertex -7.729928016662598 32.23078155517578 -1
vertex -7.729928016662598 32.23078155517578 -1.1265830993652344
endloop
endfacet
facet normal 0.5237144501632042 -0.8518938752510506 0
outer loop
vertex 82.95733642578125 -65.21154022216797 -1
vertex 83.10791015625 -65.11897277832031 -16.320642471313477
vertex 83.10791015625 -65.11897277832031 -1
endloop
endfacet
facet normal -0.00012890076722635142 -0.9999999916922961 0
outer loop
vertex 78.12816619873047 -65.78515625 -4
vertex 81.26513671875 -65.78556060791016 -16.414806365966797
vertex 81.26513671875 -65.78556060791016 -1
endloop
endfacet
facet normal -0.00013051268048661823 -0.9999999914105784 -0.000012053353054414642
outer loop
vertex 19.82530403137207 -65.77760314941406 -11.335819244384766
vertex 19.251277923583984 -65.77752685546875 -11.449999809265137
vertex 81.26513671875 -65.78556060791016 -16.414806365966797
endloop
endfacet
facet normal 0 0 1
outer loop
vertex -42.51030349731445 10.385644912719727 0
vertex -42.665897369384766 11.923142433166504 0
vertex -42.60064697265625 10.391706466674805 0
endloop
endfacet
facet normal 0 0 1
outer loop
vertex 28.453147888183594 33.20745849609375 0
vertex 28.191064834594727 31.731807708740234 0
vertex 28.694149017333984 31.639442443847656 0
endloop
endfacet
facet normal 0 0 1
outer loop
vertex -7.198133945465088 31.229761123657227 0
vertex -10.599705696105957 29.358089447021484 0
vertex -7.093325138092041 31.234832763671875 0
endloop
endfacet
facet normal -0.00012946032386979372 -0.9999999916196668 8.310776716741984e-7
outer loop
vertex 20.63709831237793 -65.7777099609375 -4.375974655151367
vertex 20.751277923583984 -65.77772521972656 -4.949999809265137
vertex 70.98271942138672 -65.78422546386719 -1.6595749855041504
endloop
endfacet
facet normal 0 0 1
outer loop
vertex -42.665897369384766 11.923142433166504 0
vertex -42.51030349731445 10.385644912719727 0
vertex -42.087623596191406 10.355295181274414 0
endloop
endfacet
facet normal -0.30614188318208124 0.9519858966191287 5.0614026196173586e-8
outer loop
vertex 55.414955139160156 18.635530471801758 -9.75653076171875
vertex 55.150978088378906 18.550640106201172 -9.769025802612305
vertex 55.55439758300781 18.68037223815918 -1
endloop
endfacet
facet normal -0.23208733662763548 0.9726949512447828 0
outer loop
vertex 40.42911148071289 18.435691833496094 -9.670981407165527
vertex 39.470970153808594 18.207077026367188 -9.58348560333252
vertex 40.42911148071289 18.435691833496094 -1
endloop
endfacet
facet normal 0.04737191418138628 0.9988773206689556 0
outer loop
vertex -30.014503479003906 35.12312698364258 -8.307186126708984
vertex -30.014503479003906 35.12312698364258 -1
vertex -29.77794075012207 35.111907958984375 -1
endloop
endfacet
facet normal 0 0 1
outer loop
vertex -8.487754821777344 31.372848510742188 0
vertex -10.599705696105957 29.358089447021484 0
vertex -8.33867359161377 31.331331253051758 0
endloop
endfacet
facet normal -0.5344580886063603 -0.8451949784063058 0
outer loop
vertex -66.18656158447266 25.309797286987305 -1
vertex -65.8283920288086 25.083309173583984 -8.94848346710205
vertex -65.8283920288086 25.083309173583984 -1
endloop
endfacet
facet normal 0.37819851959624085 0.9257245161359895 0
outer loop
vertex 81.564697265625 20.26700210571289 -9.40396785736084
vertex 80.65282440185547 20.639541625976562 -9.474123001098633
vertex 81.564697265625 20.26700210571289 -1
endloop
endfacet
facet normal 0.5959132325590398 0.8030488274451533 0
outer loop
vertex -61.07297134399414 61.40872573852539 -1
vertex -61.86400604248047 61.995723724365234 -5.894307613372803
vertex -61.86400604248047 61.995723724365234 -1
endloop
endfacet
facet normal 0 0 1
outer loop
vertex -10.813420295715332 30.37168312072754 0
vertex -10.773721694946289 29.65176773071289 0
vertex -9.04175853729248 31.597332000732422 0
endloop
endfacet
facet normal -0.30535598719380735 0.9522382665914468 -0.0000687299920493942
outer loop
vertex -66.52525329589844 62.34870529174805 -5.9815239906311035
vertex -66.60231018066406 62.323997497558594 -5.951347827911377
vertex -65.66432189941406 62.62479019165039 -5.86439847946167
endloop
endfacet
facet normal 0 0 1
outer loop
vertex -63.244895935058594 21.815725326538086 0
vertex -62.18065643310547 22.99222755432129 0
vertex -62.337486267089844 23.479084014892578 0
endloop
endfacet
facet normal -0.22256606923155006 -0.9749176092505546 0
outer loop
vertex -66.99097442626953 25.566852569580078 -1
vertex -66.57783508300781 25.472536087036133 -8.81772518157959
vertex -66.57783508300781 25.472536087036133 -1
endloop
endfacet
facet normal 0 0 1
outer loop
vertex 80.76502227783203 17.826261520385742 0
vertex 81.14427185058594 17.483051300048828 0
vertex 81.0984115600586 19.37726593017578 0
endloop
endfacet
facet normal -0.6948240327580165 0.7191797852428048 0
outer loop
vertex -82.4439468383789 49.32141876220703 -1
vertex -82.97054290771484 48.81265640258789 -7.022648811340332
vertex -82.97054290771484 48.81265640258789 -1
endloop
endfacet
facet normal -0.6697006340877832 0.742631174071235 0
outer loop
vertex 57.02414321899414 19.815521240234375 -9.501266479492188
vertex 56.26732635498047 19.133028030395508 -9.726679801940918
vertex 57.02414321899414 19.815521240234375 -1
endloop
endfacet
facet normal -0.0002949648600319342 0.9999999564977813 4.085223856098117e-7
outer loop
vertex 54.73143768310547 18.490907669067383 -1
vertex 41.1595344543457 18.486907958984375 -9.627745628356934
vertex 51.25253677368164 18.48988151550293 -1
endloop
endfacet
facet normal 0 0 1
outer loop
vertex -65.68656158447266 26.17582130432129 0
vertex -65.6535415649414 26.1527042388916 0
vertex -65.31124114990234 28.59134292602539 0
endloop
endfacet
facet normal 0 0 1
outer loop
vertex -62.16425704956055 20.664968490600586 0
vertex -62.18065643310547 22.99222755432129 0
vertex -63.244895935058594 21.815725326538086 0
endloop
endfacet
facet normal 0 0 1
outer loop
vertex 56.53574752807617 18.08063507080078 0
vertex 54.9227409362793 15.986907958984375 0
vertex 56.87112808227539 18.339685440063477 0
endloop
endfacet
facet normal 0.06215956633011713 -0.9980662244128151 0
outer loop
vertex 81.26513671875 -65.78556060791016 -16.414806365966797
vertex 81.42769622802734 -65.77543640136719 -16.39124298095703
vertex 81.26513671875 -65.78556060791016 -1
endloop
endfacet
facet normal 0.9830181341510017 -0.18350844103278494 0
outer loop
vertex 84.23340606689453 -63.444976806640625 -16.29813003540039
vertex 84.26206970214844 -63.29143142700195 -16.329917907714844
vertex 84.23340606689453 -63.444976806640625 -1
endloop
endfacet
facet normal 0.972693382312997 0.23209390632809507 -0.00005147686328920204
outer loop
vertex 84.30006408691406 16.384075164794922 -9.669780731201172
vertex 84.26078796386719 16.548673629760742 -9.69550609588623
vertex 84.07144927978516 17.342214584350586 -9.5491304397583
endloop
endfacet
facet normal 0 0 1
outer loop
vertex 56.87112808227539 18.339685440063477 0
vertex 58.459747314453125 17.766027450561523 0
vertex 56.93702697753906 18.390398025512695 0
endloop
endfacet
facet normal 0 0 1
outer loop
vertex -39.05272674560547 7.0335187911987305 0
vertex -39.00571060180664 -56.15821838378906 0
vertex -37.54157638549805 8.729631423950195 0
endloop
endfacet
facet normal 0 0 1
outer loop
vertex -44.17852783203125 12.0259428024292 0
vertex -44.3105583190918 10.502760887145996 0
vertex -43.5277099609375 10.374100685119629 0
endloop
endfacet
facet normal 0 0 1
outer loop
vertex 36.23966598510742 16.6826171875 0
vertex 33.94200134277344 10.608597755432129 0
vertex 36.34730911254883 16.650163650512695 0
endloop
endfacet
facet normal 0 0 1
outer loop
vertex -63.604522705078125 22.5244197845459 0
vertex -62.364994049072266 24.49709701538086 0
vertex -62.23468780517578 24.991714477539062 0
endloop
endfacet
facet normal 0 0 1
outer loop
vertex 38.51431655883789 16.692777633666992 0
vertex 33.9461784362793 10.097122192382812 0
vertex 38.58815383911133 16.712562561035156 0
endloop
endfacet
facet normal -0.3782024428727074 -0.9257229132980973 0
outer loop
vertex -37.262142181396484 -60.19318389892578 -15.874391555786133
vertex -36.40202713012695 -60.54458236694336 -15.98634147644043
vertex -37.262142181396484 -60.19318389892578 -1
endloop
endfacet
facet normal -0.0001284338994357691 -0.9999999917422138 -0.000004506226389003315
outer loop
vertex 6.677252769470215 -65.7759017944336 -11.335819244384766
vertex 6.19061803817749 -65.77584075927734 -11.010660171508789
vertex -18.15668296813965 -65.77268981933594 -16.319116592407227
endloop
endfacet
facet normal 0 0 1
outer loop
vertex -18.423059463500977 -62.98826217651367 0
vertex -19.829071044921875 -63.530799865722656 0
vertex -19.58391761779785 -63.9295768737793 0
endloop
endfacet
facet normal 0 0 1
outer loop
vertex 38.658748626708984 16.741350173950195 0
vertex 38.98692321777344 14.900653839111328 0
vertex 39.330135345458984 15.279905319213867 0
endloop
endfacet
facet normal 0 0 1
outer loop
vertex 38.658748626708984 16.741350173950195 0
vertex 39.330135345458984 15.279905319213867 0
vertex 40.58115005493164 17.443897247314453 0
endloop
endfacet
facet normal -0.16217232778508042 -0.9867624517079898 7.570956982601006e-8
outer loop
vertex -44.571895599365234 9.532295227050781 -1
vertex -43.63085174560547 9.377635955810547 -10.105273246765137
vertex -43.59989547729492 9.372549057006836 -1
endloop
endfacet
facet normal 0 0 1
outer loop
vertex 35.194236755371094 17.25455665588379 0
vertex 33.94200134277344 10.608597755432129 0
vertex 35.29235076904297 17.18195343017578 0
endloop
endfacet
facet normal 0.17866522855008646 0.9839099227607537 -2.703132977036339e-7
outer loop
vertex -30.163331985473633 35.150150299072266 -8.291265487670898
vertex -30.313304901123047 35.17738342285156 -8.308048248291016
vertex -30.014503479003906 35.12312698364258 -1
endloop
endfacet
facet normal 0 0 1
outer loop
vertex 10.126890182495117 31.218505859375 0
vertex 9.109786033630371 32.01554870605469 0
vertex 8.647747993469238 30.49753189086914 0
endloop
endfacet
facet normal 0 0 1
outer loop
vertex 54.9227409362793 15.986907958984375 0
vertex 57.800628662109375 16.98970603942871 0
vertex 58.0932502746582 17.40922737121582 0
endloop
endfacet
facet normal 0.044703730538261495 0.9990002847756614 0.00008656852722124153
outer loop
vertex -29.7633056640625 35.11188507080078 -8.29338550567627
vertex -30.014503479003906 35.12312698364258 -8.307186126708984
vertex -29.77794075012207 35.111907958984375 -1
endloop
endfacet
facet normal 0 0 1
outer loop
vertex -18.423059463500977 -62.98826217651367 0
vertex -18.064083099365234 -64.77269744873047 0
vertex -18.267602920532227 -63.148929595947266 0
endloop
endfacet
facet normal 0 0 1
outer loop
vertex 58.459747314453125 17.766027450561523 0
vertex 54.9227409362793 15.986907958984375 0
vertex 58.0932502746582 17.40922737121582 0
endloop
endfacet
facet normal -0.6715123969763357 -0.7409933202850726 0
outer loop
vertex -21.988876342773438 -61.29999923706055 -1
vertex -21.674867630004883 -61.584564208984375 -16.244590759277344
vertex -21.674867630004883 -61.584564208984375 -1
endloop
endfacet
facet normal -0.00012945918503593062 -0.9999999916201597 0
outer loop
vertex 20.751277923583984 -65.77772521972656 -4.949999809265137
vertex 20.751277923583984 -65.77772521972656 -9.949999809265137
vertex 71.72816467285156 -65.7843246459961 -1.6665111780166626
endloop
endfacet
facet normal -0.07162046507936912 -0.9974319570686587 -6.6542944305016746e-9
outer loop
vertex -42.30633544921875 9.37211799621582 -10.143400192260742
vertex -42.15897750854492 9.361536979675293 -10.174718856811523
vertex -42.581661224365234 9.391887664794922 -1
endloop
endfacet
facet normal -0.17117481764991577 0.9852406720200051 2.94621152557465e-7
outer loop
vertex 27.587133407592773 34.22819900512695 -1
vertex 12.800666809082031 31.65921401977539 -8.570093154907227
vertex 20.343759536743164 32.96974182128906 -1
endloop
endfacet
facet normal 0.5446882303954085 0.8386386180400315 -7.902798424105744e-7
outer loop
vertex 35.878631591796875 17.99357795715332 -9.828022956848145
vertex 35.8370246887207 18.020601272583008 -9.821065902709961
vertex 36.19241714477539 17.789785385131836 -1
endloop
endfacet
facet normal 0 0 1
outer loop
vertex -30.193082809448242 34.13964080810547 0
vertex -31.45969581604004 32.611907958984375 0
vertex -30.061725616455078 34.12725830078125 0
endloop
endfacet
facet normal 0 0 1
outer loop
vertex -30.610034942626953 34.21534729003906 0
vertex -31.45969581604004 32.611907958984375 0
vertex -30.193082809448242 34.13964080810547 0
endloop
endfacet
facet normal -0.00013113213272915512 -0.9999999913622178 0.000008940242636200713
outer loop
vertex 7.251277923583984 -65.7759780883789 -11.449999809265137
vertex 6.677252769470215 -65.7759017944336 -11.335819244384766
vertex -18.15668296813965 -65.77268981933594 -16.319116592407227
endloop
endfacet
facet normal 0 0 1
outer loop
vertex 41.194698333740234 17.48691749572754 0
vertex 41.15127944946289 15.986907958984375 0
vertex 54.9227409362793 15.986907958984375 0
endloop
endfacet
facet normal 0 0 1
outer loop
vertex -9.985145568847656 32.299434661865234 0
vertex -11.173011779785156 31.32447052001953 0
vertex -9.8762845993042 32.190574645996094 0
endloop
endfacet
facet normal 0 0 1
outer loop
vertex -10.773721694946289 29.65176773071289 0
vertex -10.599705696105957 29.358089447021484 0
vertex -8.897228240966797 31.529937744140625 0
endloop
endfacet
facet normal 0 0 1
outer loop
vertex -38.03366470336914 -58.31781005859375 0
vertex -37.46165466308594 -58.86952209472656 0
vertex -36.84172058105469 -57.409236907958984 0
endloop
endfacet
facet normal 0 0 1
outer loop
vertex -29.779634475708008 34.111907958984375 0
vertex -13.280999183654785 32.604759216308594 0
vertex -12.262282371520996 33.92782974243164 0
endloop
endfacet
facet normal 0 0 1
outer loop
vertex -47.77509307861328 44.139183044433594 0
vertex -48.45567321777344 42.62417221069336 0
vertex -47.677650451660156 44.03965759277344 0
endloop
endfacet
facet normal 0 0 1
outer loop
vertex 78.12816619873047 -63.58809280395508 0
vertex 78.12816619873047 -64.08808898925781 0
vertex 81.75128173828125 -63.58809280395508 0
endloop
endfacet
facet normal -0.9466655595552694 -0.3222178119712524 -6.061940058273242e-7
outer loop
vertex -65.02872467041016 24.034997940063477 -9.072709083557129
vertex -64.91240692138672 23.693260192871094 -9.102067947387695
vertex -65.04895782470703 24.09442710876465 -1
endloop
endfacet
facet normal 0.33100637091564666 -0.9436285192877827 0
outer loop
vertex 81.88199615478516 -65.70254516601562 -1
vertex 82.5262680053711 -65.47654724121094 -16.393007278442383
vertex 82.5262680053711 -65.47654724121094 -1
endloop
endfacet
facet normal 0 0 1
outer loop
vertex 59.04423522949219 19.707332611083984 0
vertex 58.459747314453125 17.766027450561523 0
vertex 58.886959075927734 18.047300338745117 0
endloop
endfacet
facet normal 0.8298709374930139 -0.5579553988487487 0
outer loop
vertex 83.60041809082031 -64.6461181640625 -1
vertex 83.98136901855469 -64.07951354980469 -16.280990600585938
vertex 83.98136901855469 -64.07951354980469 -1
endloop
endfacet
facet normal -0.00012939422785392677 -0.99999999162722 -0.0000016412402918770624
outer loop
vertex -18.15668296813965 -65.77268981933594 -1
vertex -9.21530818939209 -65.77384185791016 -4
vertex -13.315308570861816 -65.7733154296875 -1.509100079536438
endloop
endfacet
facet normal 0.7555882608903375 0.6550468532896188 -2.899302746643122e-7
outer loop
vertex -47.06400680541992 44.84360885620117 -7.473977565765381
vertex -48.36859130859375 46.34843063354492 -7.3564558029174805
vertex -47.020469665527344 44.793392181396484 -1
endloop
endfacet
facet normal -0.35294599047430864 0.9356436970386266 0
outer loop
vertex 57.863670349121094 20.330778121948242 -9.49025821685791
vertex 57.863670349121094 20.330778121948242 -1
vertex 58.785316467285156 20.678443908691406 -1
endloop
endfacet
facet normal 0 0 1
outer loop
vertex -35.17372131347656 21.939802169799805 0
vertex -35.444419860839844 11.169533729553223 0
vertex -35.17372131347656 11.637103080749512 0
endloop
endfacet
facet normal -0.38404134163196546 -0.9233158982260437 -7.44462152937655e-7
outer loop
vertex -66.2606201171875 25.340600967407227 -8.881625175476074
vertex -66.18656158447266 25.309797286987305 -8.895605087280273
vertex -66.57783508300781 25.472536087036133 -1
endloop
endfacet
facet normal -0.5344580886063605 -0.8451949784063059 0
outer loop
vertex -65.8283920288086 25.083309173583984 -8.94848346710205
vertex -66.18656158447266 25.309797286987305 -1
vertex -66.18656158447266 25.309797286987305 -8.895605087280273
endloop
endfacet
facet normal -0.10252737707751662 0.9947301829889512 -6.101406108575334e-7
outer loop
vertex 6.84807014465332 33.67708206176758 -1
vertex -6.814144134521484 32.26890563964844 -8.530953407287598
vertex 1.4578537940979004 33.12150955200195 -1
endloop
endfacet
facet normal -0.4898444670724872 -0.8718098405491517 -3.6579791993032866e-7
outer loop
vertex -69.04451751708984 26.04912757873535 -8.72016429901123
vertex -69.00055694580078 26.02442741394043 -8.708911895751953
vertex -69.85932159423828 26.506938934326172 -1
endloop
endfacet
facet normal 0.7051250569774364 0.709082966494986 0.000025480139435510694
outer loop
vertex 31.95609474182129 32.3650016784668 -8.412703514099121
vertex 31.858156204223633 32.46239471435547 -8.445116996765137
vertex 31.257619857788086 33.059574127197266 -8.308700561523438
endloop
endfacet
facet normal -0.36914508548141306 -0.9293717802176213 -2.222034966932285e-7
outer loop
vertex -19.340145111083984 -65.41818237304688 -1
vertex -18.72380828857422 -65.6629867553711 -16.411211013793945
vertex -18.705608367919922 -65.67021942138672 -1
endloop
endfacet
facet normal -0.8518954704649622 -0.5237118553186292 4.863310254777049e-9
outer loop
vertex -20.737173080444336 -63.96308135986328 -1
vertex -20.379602432250977 -64.54472351074219 -16.2984619140625
vertex -20.472183227539062 -64.39412689208984 -1
endloop
endfacet
facet normal 0 0 1
outer loop
vertex -41.01082229614258 13.04634952545166 0
vertex -41.34926986694336 10.173717498779297 0
vertex -40.96080780029297 10.00437068939209 0
endloop
endfacet
facet normal 0 0 1
outer loop
vertex -41.40547561645508 10.199926376342773 0
vertex -41.34926986694336 10.173717498779297 0
vertex -41.01082229614258 13.04634952545166 0
endloop
endfacet
facet normal 0 0 1
outer loop
vertex -36.669864654541016 10.529905319213867 0
vertex -39.302494049072266 8.19843578338623 0
vertex -37.01307678222656 10.150653839111328 0
endloop
endfacet
facet normal 0.001184527330899219 0.9999992984469458 -7.866892217737422e-7
outer loop
vertex 12.007790565490723 31.58205795288086 -8.67170524597168
vertex 11.9304838180542 31.582149505615234 -8.696219444274902
vertex 12.354251861572266 31.581653594970703 -1
endloop
endfacet
facet normal 0 0 1
outer loop
vertex -42.17904281616211 12.079973220825195 0
vertex -42.087623596191406 10.355295181274414 0
vertex -41.98533248901367 10.346344947814941 0
endloop
endfacet
facet normal 0.4553839391093805 0.890295157799493 0
outer loop
vertex 9.65163516998291 32.86161804199219 -8.316925048828125
vertex 8.77466106414795 33.31018829345703 -8.399761199951172
vertex 9.65163516998291 32.86161804199219 -1
endloop
endfacet
facet normal 0.9176346447581164 0.397425035269166 0.000008997087938459752
outer loop
vertex 32.90251159667969 30.647253036499023 -8.503539085388184
vertex 32.837406158447266 30.797578811645508 -8.528080940246582
vertex 32.51103210449219 31.551156997680664 -8.383378982543945
endloop
endfacet
facet normal -0.6416712039025002 0.7669798342083812 0
outer loop
vertex -82.4439468383789 49.32141876220703 -6.981783866882324
vertex -82.4439468383789 49.32141876220703 -1
vertex -79.71156311035156 51.60738754272461 -1
endloop
endfacet
facet normal 0 0 1
outer loop
vertex -39.64485168457031 8.835933685302734 0
vertex -39.5540885925293 8.693359375 0
vertex -36.26128387451172 10.837617874145508 0
endloop
endfacet
facet normal 0.618190243396513 0.7860285128221242 0
outer loop
vertex 10.743680000305176 32.00275421142578 -1
vertex 9.65163516998291 32.86161804199219 -8.316925048828125
vertex 9.65163516998291 32.86161804199219 -1
endloop
endfacet
facet normal -0.00012945618840578044 -0.9999999916205287 1.9485192759530752e-7
outer loop
vertex 7.251277923583984 -65.7759780883789 -11.449999809265137
vertex -18.15668296813965 -65.77268981933594 -16.319116592407227
vertex 81.26513671875 -65.78556060791016 -16.414806365966797
endloop
endfacet
facet normal 0 0 1
outer loop
vertex -2.8153083324432373 -63.58809280395508 0
vertex -2.8153083324432373 -64.08808898925781 0
vertex 20.751277923583984 -63.58809280395508 0
endloop
endfacet
facet normal 0.0011702399757396976 0.9999993152689651 0
outer loop
vertex 12.354251861572266 31.581653594970703 -1
vertex 11.9304838180542 31.582149505615234 -8.696219444274902
vertex 11.9304838180542 31.582149505615234 -1
endloop
endfacet
facet normal 0 0 1
outer loop
vertex 82.26421356201172 -63.064430236816406 0
vertex 82.08787536621094 -63.20185470581055 0
vertex 83.33589172363281 -62.80342102050781 0
endloop
endfacet
facet normal 0.2792888677400133 0.9602071275233055 -0.000024697042942424343
outer loop
vertex 8.70782470703125 33.329627990722656 -8.420598983764648
vertex 7.828822135925293 33.58530044555664 -8.303960800170898
vertex 8.77466106414795 33.31018829345703 -8.399761199951172
endloop
endfacet
facet normal 0 0 1
outer loop
vertex 54.73173141479492 17.49093246459961 0
vertex 41.194698333740234 17.48691749572754 0
vertex 54.9227409362793 15.986907958984375 0
endloop
endfacet
facet normal -0.38648562321485996 -0.922295431544665 2.4825618733563804e-7
outer loop
vertex -22.737276077270508 -60.90876770019531 -1
vertex -22.389495849609375 -61.054508209228516 -16.095869064331055
vertex -22.346437454223633 -61.07255172729492 -16.10999298095703
endloop
endfacet
facet normal 0 0 1
outer loop
vertex -81.55368041992188 44.19026565551758 0
vertex -82.58334350585938 42.985111236572266 0
vertex -81.2942886352539 43.749427795410156 0
endloop
endfacet
facet normal -0.13429513856988654 -0.9909413785671154 0
outer loop
vertex -67.03366088867188 25.5726375579834 -8.747556686401367
vertex -66.99097442626953 25.566852569580078 -8.754420280456543
vertex -66.99097442626953 25.566852569580078 -1
endloop
endfacet
facet normal 0 0 1
outer loop
vertex 33.596534729003906 8.98453426361084 0
vertex 33.69495391845703 8.861907958984375 0
vertex 38.45842361450195 13.479631423950195 0
endloop
endfacet
facet normal 0.9505027898301143 0.3107160223180799 0
outer loop
vertex 35.069637298583984 19.01886558532715 -1
vertex 34.937965393066406 19.421659469604492 -9.520801544189453
vertex 34.937965393066406 19.421659469604492 -1
endloop
endfacet
facet normal -0.17117467123497382 0.9852406974580368 0
outer loop
vertex 27.587133407592773 34.22819900512695 -8.155488967895508
vertex 12.800666809082031 31.65921401977539 -8.570093154907227
vertex 27.587133407592773 34.22819900512695 -1
endloop
endfacet
facet normal 0.9847419183169578 0.1740211317899013 0
outer loop
vertex 34.937965393066406 19.421659469604492 -1
vertex 33.07966232299805 29.93733024597168 -8.51821517944336
vertex 33.07966232299805 29.93733024597168 -1
endloop
endfacet
facet normal 0.355887891354067 0.9345286559477755 0
outer loop
vertex -8.54175853729248 32.463356018066406 -2.5
vertex -8.145734786987305 32.31254196166992 -2.491053342819214
vertex -8.145734786987305 32.31254196166992 -3.5
endloop
endfacet
facet normal 0 0 1
outer loop
vertex 66.62816619873047 -64.58808898925781 0
vertex -2.8153083324432373 -64.08808898925781 0
vertex 71.72816467285156 -64.7843246459961 0
endloop
endfacet
facet normal 0.6467288849207208 0.7627199678841515 0
outer loop
vertex -9.229837417602539 32.95295715332031 -2.491053342819214
vertex -8.906620979309082 32.67889404296875 -2.5
vertex -8.906620979309082 32.67889404296875 -3.5
endloop
endfacet
facet normal 0.7051231495834481 0.7090848636951138 0
outer loop
vertex 31.95609474182129 32.3650016784668 -8.412703514099121
vertex 31.257619857788086 33.059574127197266 -8.308700561523438
vertex 31.95609474182129 32.3650016784668 -1
endloop
endfacet
facet normal 0.023614110018271135 0.9997211480245596 7.082897703553195e-7
outer loop
vertex 28.571895599365234 34.204933166503906 -1
vertex 27.587133407592773 34.22819900512695 -8.155488967895508
vertex 28.104843139648438 34.215965270996094 -1
endloop
endfacet
facet normal 0 0 1
outer loop
vertex -57.08409881591797 35.485443115234375 0
vertex -56.50526809692383 34.99470138549805 0
vertex -56.52534866333008 35.108585357666016 0
endloop
endfacet
facet normal 0 0 1
outer loop
vertex -39.00571060180664 -56.15821838378906 0
vertex -38.81827926635742 -56.94375228881836 0
vertex -37.54872131347656 -55.58809280395508 0
endloop
endfacet
facet normal 0 0 1
outer loop
vertex -83.3009033203125 45.225006103515625 0
vertex -83.20530700683594 44.43605422973633 0
vertex -81.46150207519531 46.654869079589844 0
endloop
endfacet
facet normal -0.0001341871856663974 -0.9999999905113145 -0.00003116360130730619
outer loop
vertex -5.744804859161377 -65.7742919921875 -1.5949000120162964
vertex 7.251277923583984 -65.7759780883789 -3.450000047683716
vertex -5.0704474449157715 -65.77438354492188 -1.5608022212982178
endloop
endfacet
facet normal 0 0 1
outer loop
vertex -81.46150207519531 46.654869079589844 0
vertex -83.20530700683594 44.43605422973633 0
vertex -81.66860961914062 46.18717956542969 0
endloop
endfacet
facet normal 0.1968142809510218 0.9804407880202314 0
outer loop
vertex 80.65282440185547 20.639541625976562 -1
vertex 79.68705749511719 20.833410263061523 -9.278572082519531
vertex 79.68705749511719 20.833410263061523 -1
endloop
endfacet
facet normal 0.9726948469455083 0.23208777375306539 0
outer loop
vertex 84.30006408691406 16.384075164794922 -1
vertex 84.07144927978516 17.342214584350586 -9.5491304397583
vertex 84.07144927978516 17.342214584350586 -1
endloop
endfacet
facet normal 0.5086199767623871 0.8609911261088751 0
outer loop
vertex -8.906620979309082 32.67889404296875 -1
vertex -8.54175853729248 32.463356018066406 -1
vertex -8.54175853729248 32.463356018066406 -1.100000023841858
endloop
endfacet
facet normal 0 0 1
outer loop
vertex 81.75128173828125 -63.58809280395508 0
vertex 82.49275970458984 -64.32328796386719 0
vertex 82.83042907714844 -63.99909210205078 0
endloop
endfacet
facet normal -0.00012998188370510244 -0.999999991552355 0
outer loop
vertex 76.62816619873047 -65.78495788574219 -1
vertex 76.62816619873047 -65.78495788574219 -1.507959008216858
vertex 81.26513671875 -65.78556060791016 -1
endloop
endfacet
facet normal -0.00012786537498025646 -0.9999999918252229 0
outer loop
vertex -14.815308570861816 -65.77311706542969 -4
vertex -18.15668296813965 -65.77268981933594 -1
vertex -18.15668296813965 -65.77268981933594 -16.319116592407227
endloop
endfacet
facet normal -0.9999999978131372 -0.00006613414884321121 0
outer loop
vertex -40.0527229309082 7.033454895019531 -10.47763442993164
vertex -40.05270767211914 6.802730083465576 -10.474327087402344
vertex -40.0527229309082 7.033454895019531 -1
endloop
endfacet
facet normal 0 0 1
outer loop
vertex -81.80290222167969 45.17768478393555 0
vertex -82.96263122558594 43.67929458618164 0
vertex -81.72527313232422 44.672119140625 0
endloop
endfacet
facet normal -0.14095441802595854 0.9900160867576664 0
outer loop
vertex 55.150978088378906 18.550640106201172 -1
vertex 54.73143768310547 18.490907669067383 -9.758153915405273
vertex 54.73143768310547 18.490907669067383 -1
endloop
endfacet
facet normal 0.6942231749070071 0.7197598095351218 0
outer loop
vertex -10.235057830810547 33.97916030883789 -8.320637702941895
vertex -10.235057830810547 33.97916030883789 -1
vertex -9.780495643615723 33.54072570800781 -1
endloop
endfacet
facet normal 0 0 1
outer loop
vertex 82.36504364013672 -30.251497268676758 0
vertex 82.43985748291016 -30.462169647216797 0
vertex 81.81157684326172 16.12168312072754 0
endloop
endfacet
facet normal -0.766713284674075 -0.6419896664620817 -0.00008520678372841486
outer loop
vertex -70.69140625 27.22535514831543 -8.631416320800781
vertex -83.41350555419922 42.41889572143555 -7.381509304046631
vertex -70.76541900634766 27.313749313354492 -8.649924278259277
endloop
endfacet
facet normal 0 0 1
outer loop
vertex 6.852790832519531 32.672271728515625 0
vertex 8.234676361083984 30.7991886138916 0
vertex 9.109786033630371 32.01554870605469 0
endloop
endfacet
facet normal -0.00012942726283720002 -0.9999999916241403 5.505337459036773e-7
outer loop
vertex 72.52816772460938 -65.78443145751953 -4
vertex 78.12816619873047 -65.78515625 -4
vertex 81.26513671875 -65.78556060791016 -1
endloop
endfacet
facet normal 0 0 1
outer loop
vertex -41.73050308227539 12.325814247131348 0
vertex -42.17904281616211 12.079973220825195 0
vertex -41.50930404663086 10.227746963500977 0
endloop
endfacet
facet normal -0.6606743810237171 -0.7506726065728841 0
outer loop
vertex -62.75072479248047 19.848983764648438 -9.071554183959961
vertex -63.49016571044922 20.499773025512695 -1
vertex -63.49016571044922 20.499773025512695 -9.189471244812012
endloop
endfacet
facet normal 0 0 1
outer loop
vertex -20.26625633239746 -61.971832275390625 0
vertex -20.130779266357422 -62.37336349487305 0
vertex -18.519933700561523 -62.786773681640625 0
endloop
endfacet
facet normal 0.02361925372974176 0.999721026513522 0
outer loop
vertex 27.587133407592773 34.22819900512695 -8.155488967895508
vertex 28.571895599365234 34.204933166503906 -1
vertex 28.571895599365234 34.204933166503906 -8.348396301269531
endloop
endfacet
facet normal -0.19681167234922992 -0.9804413116689338 0
outer loop
vertex -36.35026931762695 -60.56572723388672 -1
vertex -35.384498596191406 -60.75959396362305 -15.829537391662598
vertex -35.384498596191406 -60.75959396362305 -1
endloop
endfacet
facet normal 0 0 1
outer loop
vertex 59.95037078857422 19.85394287109375 0
vertex 79.34400177001953 18.354761123657227 0
vertex 80.36271667480469 19.67782974243164 0
endloop
endfacet
facet normal -0.7213509987986428 -0.6925696618623899 1.2398097130040363e-7
outer loop
vertex -20.379602432250977 -64.54472351074219 -1
vertex -19.906747817993164 -65.0372314453125 -16.368717193603516
vertex -20.16374969482422 -64.76954650878906 -1
endloop
endfacet
facet normal -0.9894943817336345 -0.14457132674763828 0
outer loop
vertex -84.30508422851562 45.19919204711914 -7.15250301361084
vertex -84.18659973144531 44.38824462890625 -7.318345546722412
vertex -84.30508422851562 45.19919204711914 -1
endloop
endfacet
facet normal -0.8775723616189696 -0.47944420956265676 -0.00000627244782870199
outer loop
vertex -83.48194885253906 42.54417419433594 -7.396089553833008
vertex -83.41350555419922 42.41889572143555 -7.381509304046631
vertex -83.88581085205078 43.28331756591797 -1
endloop
endfacet
facet normal -0.00012877867788810851 -0.9999999916954146 0.000005022219910240744
outer loop
vertex 6.19061803817749 -65.77584075927734 -3.8893399238586426
vertex 6.677252769470215 -65.7759017944336 -3.564180612564087
vertex -8.415307998657227 -65.7739486694336 -1.6676164865493774
endloop
endfacet
facet normal -0.7667098371851215 -0.6419937893496824 0
outer loop
vertex -83.41350555419922 42.41889572143555 -7.381509304046631
vertex -70.69140625 27.22535514831543 -8.631416320800781
vertex -83.41350555419922 42.41889572143555 -1
endloop
endfacet
facet normal 0.21174813758966626 0.977324268719092 0
outer loop
vertex 29.534597396850586 33.99635314941406 -8.26380443572998
vertex 28.571895599365234 34.204933166503906 -8.348396301269531
vertex 29.534597396850586 33.99635314941406 -1
endloop
endfacet
facet normal -0.31661868380262564 -0.9485529026190859 0
outer loop
vertex -68.06620025634766 25.712547302246094 -8.645232200622559
vertex -69.00055694580078 26.02442741394043 -1
vertex -69.00055694580078 26.02442741394043 -8.708911895751953
endloop
endfacet
facet normal 0 0 1
outer loop
vertex -66.90070343017578 61.021427154541016 0
vertex -64.70794677734375 60.2410888671875 0
vertex -64.19680786132812 60.22197341918945 0
endloop
endfacet
facet normal 0 0 1
outer loop
vertex 9.564460754394531 28.540760040283203 0
vertex 10.779415130615234 30.85321044921875 0
vertex 10.625542640686035 30.924108505249023 0
endloop
endfacet
facet normal 0.9975507294718493 0.06994670921624145 0
outer loop
vertex 84.35128021240234 15.65365219116211 -1
vertex 84.30006408691406 16.384075164794922 -9.669780731201172
vertex 84.30006408691406 16.384075164794922 -1
endloop
endfacet
facet normal -0.0001315032907102227 -0.999999991349606 0.000002769883332934826
outer loop
vertex 73.27366638183594 -65.7845230102539 -1.6595429182052612
vertex 72.52816772460938 -65.78443145751953 -4
vertex 74.49272918701172 -65.78468322753906 -1.6257917881011963
endloop
endfacet
facet normal 0 0 1
outer loop
vertex -63.099571228027344 61.48068618774414 0
vertex -63.867801666259766 61.68415832519531 0
vertex -66.90070343017578 61.021427154541016 0
endloop
endfacet
facet normal 0 0 1
outer loop
vertex 30.279272079467773 30.419504165649414 0
vertex 30.49736785888672 29.956838607788086 0
vertex 31.183496475219727 31.72301483154297 0
endloop
endfacet
facet normal 0.001040285535456734 0.9999994589028232 -2.562216439958993e-7
outer loop
vertex 79.68705749511719 20.833410263061523 -1
vertex 73.12806701660156 20.840232849121094 -3.5
vertex 73.32816314697266 20.840024948120117 -2.5
endloop
endfacet
facet normal -0.2390540372995076 -0.9710062449685942 0.00019870278312365735
outer loop
vertex -42.15897750854492 9.361536979675293 -1
vertex -41.737525939941406 9.255887985229492 -10.240607261657715
vertex -41.74749755859375 9.260233879089355 -1
endloop
endfacet
facet normal 0 0 1
outer loop
vertex -66.90070343017578 61.021427154541016 0
vertex -65.69536590576172 59.99186706542969 0
vertex -65.21350860595703 60.163455963134766 0
endloop
endfacet
facet normal -0.951982582390833 -0.3061521889915117 4.3182368969099397e-7
outer loop
vertex -40.1572380065918 7.592251300811768 -10.461813926696777
vertex -40.11245346069336 7.452993392944336 -10.474949836730957
vertex -40.2421875 7.856415748596191 -1
endloop
endfacet
facet normal 0 0 1
outer loop
vertex 56.93702697753906 18.390398025512695 0
vertex 58.459747314453125 17.766027450561523 0
vertex 59.04423522949219 19.707332611083984 0
endloop
endfacet
facet normal 0.755587674313518 0.6550475298980137 0
outer loop
vertex -47.020469665527344 44.793392181396484 -1
vertex -48.36859130859375 46.34843063354492 -7.3564558029174805
vertex -48.36859130859375 46.34843063354492 -1
endloop
endfacet
facet normal -0.10252486854667288 0.9947304415415703 0
outer loop
vertex -7.038813591003418 32.24574661254883 -8.534113883972168
vertex -7.195853233337402 32.22956085205078 -8.570212364196777
vertex -7.195853233337402 32.22956085205078 -1
endloop
endfacet
facet normal 0.9505039545687813 0.31071245927557073 -1.8643024175476187e-7
outer loop
vertex 35.01711654663086 19.179527282714844 -9.535748481750488
vertex 34.937965393066406 19.421659469604492 -9.520801544189453
vertex 35.069637298583984 19.01886558532715 -1
endloop
endfacet
facet normal 0 0 1
outer loop
vertex -35.17372131347656 21.939802169799805 0
vertex -36.26128387451172 10.837617874145508 0
vertex -35.802001953125 11.06274700164795 0
endloop
endfacet
facet normal 0 0 1
outer loop
vertex 38.45842361450195 13.479631423950195 0
vertex 33.69495391845703 8.861907958984375 0
vertex 38.45127868652344 8.861907958984375 0
endloop
endfacet
facet normal 0 0 1
outer loop
vertex -57.08409881591797 35.485443115234375 0
vertex -65.31124114990234 28.59134292602539 0
vertex -56.50526809692383 34.99470138549805 0
endloop
endfacet
facet normal 0 0 1
outer loop
vertex -18.548721313476562 -58.28809356689453 0
vertex -23.43381118774414 -59.794288635253906 0
vertex -23.07935333251953 -59.819541931152344 0
endloop
endfacet
facet normal 0 0 1
outer loop
vertex -37.50902557373047 -56.04786682128906 0
vertex -37.54872131347656 -55.58809280395508 0
vertex -38.81827926635742 -56.94375228881836 0
endloop
endfacet
facet normal 0 0 1
outer loop
vertex -82.2165298461914 48.150657653808594 0
vertex -83.0425033569336 46.78606033325195 0
vertex -66.90070343017578 61.021427154541016 0
endloop
endfacet
facet normal -0.10266732786280754 0.9947157482364047 0
outer loop
vertex 37.83800506591797 17.538179397583008 -9.789111137390137
vertex 37.52275848388672 17.50564193725586 -9.793598175048828
vertex 37.83800506591797 17.538179397583008 -1
endloop
endfacet
facet normal 0 0 1
outer loop
vertex -81.77484130859375 48.577388763427734 0
vertex -82.2165298461914 48.150657653808594 0
vertex -66.90070343017578 61.021427154541016 0
endloop
endfacet
facet normal 0.6571782888807238 0.7537351634518612 0
outer loop
vertex -46.7010612487793 44.51490020751953 -7.490355968475342
vertex -46.93437194824219 44.71832275390625 -7.462713241577148
vertex -46.7010612487793 44.51490020751953 -1
endloop
endfacet
facet normal 0.39521042214850255 0.9185906173182795 -1.5643825669088165e-7
outer loop
vertex 36.39396667480469 17.70307159423828 -9.866743087768555
vertex 36.19241714477539 17.789785385131836 -9.867636680603027
vertex 36.581687927246094 17.6223087310791 -1
endloop
endfacet
facet normal -0.22257090967609983 -0.9749165042022219 -2.6913229939552643e-7
outer loop
vertex -66.72794342041016 25.506805419921875 -8.776900291442871
vertex -66.57783508300781 25.472536087036133 -8.81772518157959
vertex -66.99097442626953 25.566852569580078 -1
endloop
endfacet
facet normal 0.7555697609293878 0.6550681921518613 0
outer loop
vertex -47.020469665527344 44.793392181396484 -7.476400852203369
vertex -47.06400680541992 44.84360885620117 -7.473977565765381
vertex -47.020469665527344 44.793392181396484 -1
endloop
endfacet
facet normal 0.5237162947247496 -0.8518927412766107 2.4980129193256907e-8
outer loop
vertex 82.5262680053711 -65.47654724121094 -1
vertex 83.10791015625 -65.11897277832031 -16.320642471313477
vertex 82.95733642578125 -65.21154022216797 -1
endloop
endfacet
facet normal -0.10268317382200323 0.9947141126038066 8.136643337868697e-7
outer loop
vertex 37.48146057128906 17.501380920410156 -9.794475555419922
vertex 37.41647720336914 17.494672775268555 -9.809004783630371
vertex 37.83800506591797 17.538179397583008 -1
endloop
endfacet
facet normal -0.00013067419597685768 -0.9999999911795863 0.00002377144890446577
outer loop
vertex 67.62816619873047 -65.7837905883789 -1.5080732107162476
vertex 20.311939239501953 -65.77766418457031 -3.8893399238586426
vertex 68.37781524658203 -65.78388977050781 -1.5594937801361084
endloop
endfacet
facet normal 0 0 1
outer loop
vertex 59.04423522949219 19.707332611083984 0
vertex 58.886959075927734 18.047300338745117 0
vertex 59.359554290771484 18.242948532104492 0
endloop
endfacet
facet normal -0.0001246539778624348 -0.9999999922216624 0.000004249842597667548
outer loop
vertex -12.559609413146973 -65.7734146118164 -1.560935616493225
vertex -9.21530818939209 -65.77384185791016 -4
vertex -11.887516975402832 -65.77349853515625 -1.5949000120162964
endloop
endfacet
facet normal 0 0 1
outer loop
vertex -61.21427917480469 21.82400894165039 0
vertex -45.16859817504883 10.828871726989746 0
vertex -44.17852783203125 12.0259428024292 0
endloop
endfacet
facet normal 0 0 1
outer loop
vertex 33.94200134277344 10.608597755432129 0
vertex 34.849273681640625 17.57573890686035 0
vertex 34.759674072265625 17.66533851623535 0
endloop
endfacet
facet normal 0 0 1
outer loop
vertex 34.476863861083984 18.036361694335938 0
vertex 33.94200134277344 10.608597755432129 0
vertex 34.73513412475586 17.700387954711914 0
endloop
endfacet
facet normal -0.2691893175709409 0.9630872812500879 -7.354078731550887e-8
outer loop
vertex 38.20471954345703 17.64067840576172 -9.772745132446289
vertex 37.9121208190918 17.558895111083984 -9.77259349822998
vertex 38.246131896972656 17.652254104614258 -1
endloop
endfacet
facet normal 0.5587295614384541 0.8293499123860765 0
outer loop
vertex 31.257619857788086 33.059574127197266 -1
vertex 30.4406795501709 33.60994338989258 -8.362823486328125
vertex 30.4406795501709 33.60994338989258 -1
endloop
endfacet
facet normal -0.07106433932145086 -0.9974717337733463 0
outer loop
vertex -23.504621505737305 -60.78809356689453 -1
vertex -23.150161743164062 -60.81334686279297 -16.022233963012695
vertex -23.150161743164062 -60.81334686279297 -1
endloop
endfacet
facet normal -0.6942253654378764 -0.719757696716504 0
outer loop
vertex -38.7963752746582 -58.97150802612305 -15.805241584777832
vertex -38.08738708496094 -59.65534591674805 -15.916631698608398
vertex -38.7963752746582 -58.97150802612305 -1
endloop
endfacet
facet normal 0.692564443799123 -0.7213560086290073 -1.9762208520125533e-7
outer loop
vertex 83.10791015625 -65.11897277832031 -1
vertex 83.60041809082031 -64.6461181640625 -16.349653244018555
vertex 83.33270263671875 -64.90315246582031 -1
endloop
endfacet
facet normal 0.7191797852428048 0.6948240327580165 0
outer loop
vertex -60.564208984375 60.88212966918945 -5.999649524688721
vertex -61.07297134399414 61.40872573852539 -6.004624366760254
vertex -60.564208984375 60.88212966918945 -1
endloop
endfacet
facet normal -0.9010317734018204 0.43375309027183934 0
outer loop
vertex -83.98480224609375 47.13407897949219 -6.9700093269348145
vertex -83.98480224609375 47.13407897949219 -1
vertex -83.55754089355469 48.02162551879883 -1
endloop
endfacet
facet normal -0.41261766737132044 0.9109040039292658 0.000745787290347666
outer loop
vertex 39.470970153808594 18.207077026367188 -1
vertex 38.20471954345703 17.64067840576172 -9.772745132446289
vertex 38.50358581542969 17.768875122070312 -1
endloop
endfacet
facet normal 0.7536588386457077 0.6572658175587736 0
outer loop
vertex -9.229837417602539 32.95295715332031 -3.5
vertex -9.54085636138916 33.30958938598633 -3.5
vertex -9.229837417602539 32.95295715332031 -2.491053342819214
endloop
endfacet
facet normal 0 0 1
outer loop
vertex 82.08787536621094 -63.20185470581055 0
vertex 81.877197265625 -63.27667236328125 0
vertex 83.09161376953125 -63.610626220703125 0
endloop
endfacet
facet normal 0 0 1
outer loop
vertex 12.353083610534668 30.581756591796875 0
vertex 9.564460754394531 28.540760040283203 0
vertex 12.525426864624023 30.596412658691406 0
endloop
endfacet
facet normal 0 0 1
outer loop
vertex 33.668216705322266 9.117403984069824 0
vertex 38.45842361450195 13.479631423950195 0
vertex 38.54310607910156 13.984066009521484 0
endloop
endfacet
facet normal 0 0 1
outer loop
vertex 8.647747993469238 30.49753189086914 0
vertex 8.99651050567627 30.12337875366211 0
vertex 10.126890182495117 31.218505859375 0
endloop
endfacet
facet normal 0 0 1
outer loop
vertex 33.94200134277344 10.608597755432129 0
vertex 33.9461784362793 10.097122192382812 0
vertex 37.51913833618164 16.499956130981445 0
endloop
endfacet
facet normal 0 0 1
outer loop
vertex 10.779415130615234 30.85321044921875 0
vertex 9.564460754394531 28.540760040283203 0
vertex 11.1790771484375 30.712318420410156 0
endloop
endfacet
facet normal -0.00012922164141880235 -0.9999999916508836 0
outer loop
vertex -18.15668296813965 -65.77268981933594 -1
vertex -13.315308570861816 -65.7733154296875 -1.509100079536438
vertex -13.315308570861816 -65.7733154296875 -1
endloop
endfacet
facet normal 0.792821720838085 0.6094536233113539 0
outer loop
vertex 35.267452239990234 18.64409828186035 -9.652130126953125
vertex 35.267452239990234 18.64409828186035 -1
vertex 35.525718688964844 18.30812644958496 -1
endloop
endfacet
facet normal -0.3996218601078677 -0.916680079920969 -1.1714201434451575e-7
outer loop
vertex -41.737525939941406 9.255887985229492 -10.240607261657715
vertex -41.35903549194336 9.090887069702148 -10.278419494628906
vertex -41.74749755859375 9.260233879089355 -1
endloop
endfacet
facet normal 0.39520741507545704 0.9185919110624562 0
outer loop
vertex 36.19241714477539 17.789785385131836 -9.867636680603027
vertex 36.19241714477539 17.789785385131836 -1
vertex 36.581687927246094 17.6223087310791 -1
endloop
endfacet
facet normal -0.10266634926899959 0.9947158492392567 0
outer loop
vertex 37.83800506591797 17.538179397583008 -1
vertex 37.41647720336914 17.494672775268555 -9.809004783630371
vertex 37.41647720336914 17.494672775268555 -1
endloop
endfacet
facet normal -0.00012906392307634863 -0.9999999916529951 0.000006042626797036241
outer loop
vertex 7.251277923583984 -65.7759780883789 -11.449999809265137
vertex 81.26513671875 -65.78556060791016 -16.414806365966797
vertex 19.251277923583984 -65.77752685546875 -11.449999809265137
endloop
endfacet
facet normal 0.6784913146055527 0.734608423586899 0
outer loop
vertex 35.8370246887207 18.020601272583008 -1
vertex 35.525718688964844 18.30812644958496 -9.733452796936035
vertex 35.525718688964844 18.30812644958496 -1
endloop
endfacet
facet normal -0.6820188234849103 -0.7313346186338089 0
outer loop
vertex -41.004756927490234 8.858363151550293 -10.306595802307129
vertex -40.860572814941406 8.723901748657227 -10.305734634399414
vertex -41.004756927490234 8.858363151550293 -1
endloop
endfacet
facet normal 0.7051223430261493 0.7090856657452 0
outer loop
vertex 31.52106285095215 32.797603607177734 -1
vertex 31.257619857788086 33.059574127197266 -8.308700561523438
vertex 31.257619857788086 33.059574127197266 -1
endloop
endfacet
facet normal 0 0 1
outer loop
vertex 33.94200134277344 10.608597755432129 0
vertex 34.187564849853516 18.553281784057617 0
vertex 34.12136459350586 18.708873748779297 0
endloop
endfacet
facet normal -0.00013160804298166414 -0.999999991325695 -0.00000528516149175763
outer loop
vertex -9.21530818939209 -65.77384185791016 -4
vertex -12.559609413146973 -65.7734146118164 -1.560935616493225
vertex -13.315308570861816 -65.7733154296875 -1.509100079536438
endloop
endfacet
facet normal 0 0 1
outer loop
vertex 36.187808990478516 16.706798553466797 0
vertex 33.94200134277344 10.608597755432129 0
vertex 36.23966598510742 16.6826171875 0
endloop
endfacet
facet normal -0.7957427193743095 -0.605634811221068 0
outer loop
vertex -40.69484329223633 8.569342613220215 -10.347156524658203
vertex -40.59426498413086 8.437192916870117 -10.352144241333008
vertex -40.69484329223633 8.569342613220215 -1
endloop
endfacet
facet normal 0 0 1
outer loop
vertex 36.34730911254883 16.650163650512695 0
vertex 33.94200134277344 10.608597755432129 0
vertex 36.75927734375 16.55084228515625 0
endloop
endfacet
facet normal 0 0 1
outer loop
vertex 38.107200622558594 16.575092315673828 0
vertex 33.9461784362793 10.097122192382812 0
vertex 38.51431655883789 16.692777633666992 0
endloop
endfacet
facet normal -0.990016425757494 -0.140952036985467 6.333540577544681e-8
outer loop
vertex -40.075599670410156 7.194136142730713 -10.457179069519043
vertex -40.0527229309082 7.033454895019531 -10.47763442993164
vertex -40.11245346069336 7.452993392944336 -1
endloop
endfacet
facet normal -0.26919049099497555 0.9630869532694771 0
outer loop
vertex 38.246131896972656 17.652254104614258 -1
vertex 37.83800506591797 17.538179397583008 -9.789111137390137
vertex 37.83800506591797 17.538179397583008 -1
endloop
endfacet
facet normal -0.8865948308166068 -0.4625468689433237 0
outer loop
vertex -40.438194274902344 8.23213005065918 -10.408773422241211
vertex -40.37517547607422 8.111337661743164 -10.417397499084473
vertex -40.438194274902344 8.23213005065918 -1
endloop
endfacet
facet normal 0 0 1
outer loop
vertex -17.248722076416016 -63.58809280395508 0
vertex -14.668861389160156 -64.44164276123047 0
vertex -14.77724838256836 -64.27943420410156 0
endloop
endfacet
facet normal 0.0010403018161832776 0.9999994588858855 -2.594793578982859e-7
outer loop
vertex 73.12806701660156 20.840232849121094 -3.5
vertex 70.92816925048828 20.84252166748047 -2.5
vertex 73.32816314697266 20.840024948120117 -2.5
endloop
endfacet
facet normal -0.38649378724441724 -0.9222920103857927 0
outer loop
vertex -22.737276077270508 -60.90876770019531 -1
vertex -22.346437454223633 -61.07255172729492 -16.10999298095703
vertex -22.346437454223633 -61.07255172729492 -1
endloop
endfacet
facet normal 0 0 1
outer loop
vertex 34.849273681640625 17.57573890686035 0
vertex 33.94200134277344 10.608597755432129 0
vertex 35.16057586669922 17.2882137298584 0
endloop
endfacet
facet normal 0 0 1
outer loop
vertex 35.69241714477539 16.92375946044922 0
vertex 33.94200134277344 10.608597755432129 0
vertex 35.79721450805664 16.871191024780273 0
endloop
endfacet
facet normal -0.40831685433415715 0.9128402633904021 0
outer loop
vertex 39.470970153808594 18.207077026367188 -9.58348560333252
vertex 38.20471954345703 17.64067840576172 -9.772745132446289
vertex 39.470970153808594 18.207077026367188 -1
endloop
endfacet
facet normal -0.000129063923071845 -0.9999999916181005 -0.00001031031163192058
outer loop
vertex 7.251277923583984 -65.7759780883789 -3.450000047683716
vertex 19.251277923583984 -65.77752685546875 -3.450000047683716
vertex 67.62816619873047 -65.7837905883789 -1.5080732107162476
endloop
endfacet
facet normal 0 0 1
outer loop
vertex -35.041446685791016 -58.28094482421875 0
vertex -36.06016159057617 -59.60401153564453 0
vertex -23.502222061157227 -59.78830337524414 0
endloop
endfacet
facet normal 0.33404915749406955 0.9425556537295302 0
outer loop
vertex 11.113459587097168 31.79576873779297 -8.670580863952637
vertex 11.113459587097168 31.79576873779297 -1
vertex 11.280908584594727 31.73642349243164 -1
endloop
endfacet
facet normal 0 0 1
outer loop
vertex 20.751277923583984 -63.58809280395508 0
vertex 66.16622924804688 -64.27943420410156 0
vertex 66.12816619873047 -64.08808898925781 0
endloop
endfacet
facet normal 0.9505010293178079 0.31072140780092317 0
outer loop
vertex 35.069637298583984 19.01886558532715 -9.580410957336426
vertex 35.01711654663086 19.179527282714844 -9.535748481750488
vertex 35.069637298583984 19.01886558532715 -1
endloop
endfacet
facet normal 0.8843642113628578 0.4667975381903276 0
outer loop
vertex 35.267452239990234 18.64409828186035 -1
vertex 35.069637298583984 19.01886558532715 -9.580410957336426
vertex 35.069637298583984 19.01886558532715 -1
endloop
endfacet
facet normal 0.5446725928345516 0.8386487742880727 0
outer loop
vertex 36.19241714477539 17.789785385131836 -9.867636680603027
vertex 35.878631591796875 17.99357795715332 -9.828022956848145
vertex 36.19241714477539 17.789785385131836 -1
endloop
endfacet
facet normal -0.00012786537498025646 -0.9999999918252229 0
outer loop
vertex -14.815308570861816 -65.77311706542969 -5
vertex -14.815308570861816 -65.77311706542969 -4
vertex -18.15668296813965 -65.77268981933594 -16.319116592407227
endloop
endfacet
facet normal 0.6784825065569937 0.7346165586863254 0
outer loop
vertex 35.71254348754883 18.135570526123047 -9.764486312866211
vertex 35.8370246887207 18.020601272583008 -1
vertex 35.8370246887207 18.020601272583008 -9.821065902709961
endloop
endfacet
facet normal -0.3552723099548592 -0.9347628500209766 0
outer loop
vertex -45.5994873046875 9.92284870147705 -1
vertex -44.571895599365234 9.532295227050781 -9.998602867126465
vertex -44.571895599365234 9.532295227050781 -1
endloop
endfacet
facet normal -0.00012903151267340445 -0.999999991674983 9.501209899270534e-7
outer loop
vertex -2.8153083324432373 -65.77467346191406 -4
vertex 5.751277923583984 -65.7757797241211 -4.949999809265137
vertex -8.415307998657227 -65.7739486694336 -1.6676164865493774
endloop
endfacet
facet normal 0 0 1
outer loop
vertex -9.21530818939209 -64.58808898925781 0
vertex -14.315308570861816 -64.58808898925781 0
vertex -9.21530818939209 -64.77384185791016 0
endloop
endfacet
facet normal -0.3782018383125398 -0.9257231602898436 0
outer loop
vertex -37.262142181396484 -60.19318389892578 -1
vertex -36.35026931762695 -60.56572723388672 -15.976511001586914
vertex -36.35026931762695 -60.56572723388672 -1
endloop
endfacet
facet normal 0 0 1
outer loop
vertex -2.8533685207366943 -64.27943420410156 0
vertex -2.96175479888916 -64.44164276123047 0
vertex 71.72816467285156 -64.7843246459961 0
endloop
endfacet
facet normal -0.9010317734018205 0.4337530902718394 0
outer loop
vertex -83.55754089355469 48.02162551879883 -6.895479679107666
vertex -83.98480224609375 47.13407897949219 -6.9700093269348145
vertex -83.55754089355469 48.02162551879883 -1
endloop
endfacet
facet normal -0.9114644364252834 -0.4113788778388366 0
outer loop
vertex -39.768890380859375 -57.26839828491211 -15.710749626159668
vertex -39.36366653442383 -58.16622543334961 -15.826550483703613
vertex -39.768890380859375 -57.26839828491211 -1
endloop
endfacet
facet normal -0.8175144235971921 -0.5759081239317178 0
outer loop
vertex -39.36366653442383 -58.16622543334961 -15.826550483703613
vertex -38.7963752746582 -58.97150802612305 -15.805241584777832
vertex -39.36366653442383 -58.16622543334961 -1
endloop
endfacet
facet normal -0.10252770986684781 0.9947301486883061 0
outer loop
vertex 6.84807014465332 33.67708206176758 -8.398658752441406
vertex -6.814144134521484 32.26890563964844 -8.530953407287598
vertex 6.84807014465332 33.67708206176758 -1
endloop
endfacet
facet normal -0.00013005416758127885 -0.9999999914398741 0.000014358459715372219
outer loop
vertex 19.251277923583984 -65.77752685546875 -3.450000047683716
vertex 19.82530403137207 -65.77760314941406 -3.564180612564087
vertex 67.62816619873047 -65.7837905883789 -1.5080732107162476
endloop
endfacet
facet normal -0.9999999979547877 -0.00006395612359077208 1.968229972086299e-7
outer loop
vertex -40.0527229309082 7.033454895019531 -1
vertex -40.04872131347656 -55.579833984375 -15.661998748779297
vertex -40.05169677734375 -9.011194229125977 -1
endloop
endfacet
facet normal 0 0 1
outer loop
vertex -3.1239664554595947 -64.55003356933594 0
vertex -8.415307998657227 -64.7739486694336 0
vertex 71.72816467285156 -64.7843246459961 0
endloop
endfacet
facet normal 0 0 1
outer loop
vertex -39.04872512817383 -55.5447883605957 0
vertex -39.00571060180664 -56.15821838378906 0
vertex -39.05272674560547 7.0335187911987305 0
endloop
endfacet
facet normal 0.2792911741713414 0.9602064569820354 0
outer loop
vertex 8.77466106414795 33.31018829345703 -8.399761199951172
vertex 7.828822135925293 33.58530044555664 -8.303960800170898
vertex 8.77466106414795 33.31018829345703 -1
endloop
endfacet
facet normal 0 0 1
outer loop
vertex -43.1735954284668 11.860952377319336 0
vertex -43.68391036987305 11.895633697509766 0
vertex -43.5277099609375 10.374100685119629 0
endloop
endfacet
facet normal -0.557956692363394 -0.829870067809956 0
outer loop
vertex -19.906747817993164 -65.0372314453125 -1
vertex -19.340145111083984 -65.41818237304688 -16.332454681396484
vertex -19.340145111083984 -65.41818237304688 -1
endloop
endfacet
facet normal 0 0 1
outer loop
vertex 59.86056900024414 18.345951080322266 0
vertex 60.15127944946289 18.361907958984375 0
vertex 59.95037078857422 19.85394287109375 0
endloop
endfacet
facet normal 0 0 1
outer loop
vertex -39.124755859375 7.593617916107178 0
vertex -39.065025329589844 7.174079895019531 0
vertex -37.54157638549805 8.729631423950195 0
endloop
endfacet
facet normal 0 0 1
outer loop
vertex 11.760486602783203 30.597021102905273 0
vertex 9.564460754394531 28.540760040283203 0
vertex 11.929314613342285 30.582149505615234 0
endloop
endfacet
facet normal 0 0 1
outer loop
vertex -39.292667388916016 8.161764144897461 0
vertex -37.01307678222656 10.150653839111328 0
vertex -39.302494049072266 8.19843578338623 0
endloop
endfacet
facet normal 0 0 1
outer loop
vertex 58.3056526184082 19.428720474243164 0
vertex 56.93702697753906 18.390398025512695 0
vertex 59.04423522949219 19.707332611083984 0
endloop
endfacet
facet normal 0 0 1
outer loop
vertex -83.0425033569336 46.78606033325195 0
vertex -83.2459716796875 46.01782989501953 0
vertex -66.13619995117188 59.73247146606445 0
endloop
endfacet
facet normal 0 0 1
outer loop
vertex -37.01307678222656 10.150653839111328 0
vertex -39.162933349609375 7.758341312408447 0
vertex -37.278594970703125 9.713476181030273 0
endloop
endfacet
facet normal -0.18987953620453243 -0.9818073669421614 -0.00023653509647703232
outer loop
vertex -18.15668296813965 -65.77268981933594 -16.319116592407227
vertex -18.705608367919922 -65.67021942138672 -1
vertex -18.72380828857422 -65.6629867553711 -16.411211013793945
endloop
endfacet
facet normal 0 0 1
outer loop
vertex 30.616233825683594 29.511198043823242 0
vertex 33.94200134277344 10.608597755432129 0
vertex 31.183496475219727 31.72301483154297 0
endloop
endfacet
facet normal -0.557956692363394 -0.8298700678099561 0
outer loop
vertex -19.340145111083984 -65.41818237304688 -16.332454681396484
vertex -19.906747817993164 -65.0372314453125 -1
vertex -19.906747817993164 -65.0372314453125 -16.368717193603516
endloop
endfacet
facet normal 0 0 1
outer loop
vertex -41.40547561645508 10.199926376342773 0
vertex -41.01082229614258 13.04634952545166 0
vertex -41.50930404663086 10.227746963500977 0
endloop
endfacet
facet normal 0 0 1
outer loop
vertex 36.820003509521484 16.538179397583008 0
vertex 33.94200134277344 10.608597755432129 0
vertex 36.92707824707031 16.528812408447266 0
endloop
endfacet
facet normal 0 0 1
outer loop
vertex -40.85903549194336 9.95691204071045 0
vertex -40.812171936035156 9.924098014831543 0
vertex -35.17372131347656 21.939802169799805 0
endloop
endfacet
facet normal -0.8917547724421225 -0.4525189784160421 0
outer loop
vertex -64.53933715820312 22.156757354736328 -9.099313735961914
vertex -64.09358978271484 21.27834701538086 -9.08336067199707
vertex -64.53933715820312 22.156757354736328 -1
endloop
endfacet
facet normal 0 0 1
outer loop
vertex -35.17372131347656 21.939802169799805 0
vertex -39.92879867553711 9.212130546569824 0
vertex -39.9015007019043 9.173145294189453 0
endloop
endfacet
facet normal 0 0 1
outer loop
vertex -35.17372131347656 21.939802169799805 0
vertex -40.32491683959961 9.587353706359863 0
vertex -40.01499938964844 9.298334121704102 0
endloop
endfacet
facet normal 0 0 1
outer loop
vertex -56.52534866333008 35.108585357666016 0
vertex -56.97430419921875 35.48530578613281 0
vertex -57.08409881591797 35.485443115234375 0
endloop
endfacet
facet normal 0 0 1
outer loop
vertex -18.548721313476562 -58.28809356689453 0
vertex -35.041446685791016 -58.28094482421875 0
vertex -23.502222061157227 -59.78830337524414 0
endloop
endfacet
facet normal -0.6056506090979427 0.7957306954612793 0
outer loop
vertex 55.93011474609375 18.876379013061523 -9.7802152633667
vertex 55.93011474609375 18.876379013061523 -1
vertex 55.966461181640625 18.904043197631836 -1
endloop
endfacet
facet normal 0 0 1
outer loop
vertex 20.751277923583984 -63.58809280395508 0
vertex 66.62816619873047 -64.58808898925781 0
vertex 66.43682098388672 -64.55003356933594 0
endloop
endfacet
facet normal 0 0 1
outer loop
vertex 38.98692321777344 14.900653839111328 0
vertex 38.658748626708984 16.741350173950195 0
vertex 33.668216705322266 9.117403984069824 0
endloop
endfacet
facet normal 0 0 1
outer loop
vertex -35.17372131347656 21.939802169799805 0
vertex -35.802001953125 11.06274700164795 0
vertex -35.444419860839844 11.169533729553223 0
endloop
endfacet
facet normal -0.9475177670667994 -0.31970311398662726 0
outer loop
vertex -21.21208381652832 -62.290958404541016 -16.264089584350586
vertex -21.182729721069336 -62.37795639038086 -16.256589889526367
vertex -21.21208381652832 -62.290958404541016 -1
endloop
endfacet
facet normal -0.6695406535319224 -0.7427754124013544 -2.102696578688549e-7
outer loop
vertex -65.76239013671875 25.02381706237793 -8.954207420349121
vertex -65.56185913085938 24.84305763244629 -8.957077980041504
vertex -65.8283920288086 25.083309173583984 -1
endloop
endfacet
facet normal -0.9856522999906495 -0.16878845790853955 0
outer loop
vertex -64.91240692138672 23.693260192871094 -9.102067947387695
vertex -64.81140899658203 23.10347557067871 -9.07596206665039
vertex -64.91240692138672 23.693260192871094 -1
endloop
endfacet
facet normal 0 0 1
outer loop
vertex -18.548721313476562 -58.28809356689453 0
vertex -22.97651481628418 -59.82854080200195 0
vertex -22.92571449279785 -59.8421516418457 0
endloop
endfacet
facet normal 0.9176342086156724 0.3974260424007071 0
outer loop
vertex 32.51103210449219 31.551156997680664 -8.383378982543945
vertex 32.90251159667969 30.647253036499023 -1
vertex 32.90251159667969 30.647253036499023 -8.503539085388184
endloop
endfacet
facet normal 0 0 1
outer loop
vertex -18.548721313476562 -58.28809356689453 0
vertex -22.92571449279785 -59.8421516418457 0
vertex -22.51210594177246 -59.9344482421875 0
endloop
endfacet
facet normal -0.9114644364252835 -0.41137887783883664 0
outer loop
vertex -39.768890380859375 -57.26839828491211 -1
vertex -39.36366653442383 -58.16622543334961 -15.826550483703613
vertex -39.36366653442383 -58.16622543334961 -1
endloop
endfacet
facet normal 0.37819851959624085 0.9257245161359895 0
outer loop
vertex -11.06029987335205 34.51700210571289 -8.207362174987793
vertex -11.972172737121582 34.88954162597656 -8.277517318725586
vertex -11.06029987335205 34.51700210571289 -1
endloop
endfacet
facet normal -0.22517059180673596 -0.9743193545164769 0
outer loop
vertex -22.992496490478516 -60.84978485107422 -1
vertex -22.737276077270508 -60.90876770019531 -16.05138397216797
vertex -22.737276077270508 -60.90876770019531 -1
endloop
endfacet
facet normal -0.7853617919831971 -0.6190370390315442 0
outer loop
vertex -65.51362609863281 24.79958152770996 -8.96992301940918
vertex -65.31138610839844 24.54300308227539 -8.984755516052246
vertex -65.51362609863281 24.79958152770996 -1
endloop
endfacet
facet normal -0.5008909729790129 -0.8655103883147919 0.00003012168621544259
outer loop
vertex -45.6606330871582 9.958234786987305 -10.074053764343262
vertex -45.5994873046875 9.92284870147705 -10.06257152557373
vertex -62.75072479248047 19.848983764648438 -1
endloop
endfacet
facet normal 0 0 1
outer loop
vertex -8.897228240966797 31.529937744140625 0
vertex -10.599705696105957 29.358089447021484 0
vertex -8.487754821777344 31.372848510742188 0
endloop
endfacet
facet normal 0.7928178225060268 0.609458694512355 3.132857492891185e-7
outer loop
vertex 35.525718688964844 18.30812644958496 -1
vertex 35.415916442871094 18.45096778869629 -9.677071571350098
vertex 35.267452239990234 18.64409828186035 -9.652130126953125
endloop
endfacet
facet normal -0.16217304106344824 -0.9867623344819323 0
outer loop
vertex -43.63085174560547 9.377635955810547 -10.105273246765137
vertex -44.571895599365234 9.532295227050781 -1
vertex -44.571895599365234 9.532295227050781 -9.998602867126465
endloop
endfacet
facet normal 0.3922808825723441 0.919845481022788 0.000014498913026433128
outer loop
vertex 30.4406795501709 33.60994338989258 -8.362823486328125
vertex 30.36008644104004 33.64431381225586 -8.386391639709473
vertex 29.534597396850586 33.99635314941406 -8.26380443572998
endloop
endfacet
facet normal 0.49961278133260606 0.8662488491934682 -2.993919570174925e-7
outer loop
vertex -30.886070251464844 35.37643051147461 -8.253501892089844
vertex -31.135229110717773 35.52013397216797 -8.230836868286133
vertex -30.829627990722656 35.34387969970703 -1
endloop
endfacet
facet normal 0.018996278532267083 -0.9998195544206588 0
outer loop
vertex -42.65976333618164 9.390403747558594 -10.126626968383789
vertex -42.581661224365234 9.391887664794922 -10.135002136230469
vertex -42.581661224365234 9.391887664794922 -1
endloop
endfacet
facet normal 0.17865240830224088 0.9839122506645648 0
outer loop
vertex -30.014503479003906 35.12312698364258 -8.307186126708984
vertex -30.163331985473633 35.150150299072266 -8.291265487670898
vertex -30.014503479003906 35.12312698364258 -1
endloop
endfacet
facet normal -0.9900167486502065 -0.14094976903873935 0
outer loop
vertex -40.11245346069336 7.452993392944336 -10.474949836730957
vertex -40.075599670410156 7.194136142730713 -10.457179069519043
vertex -40.11245346069336 7.452993392944336 -1
endloop
endfacet
facet normal -0.8917547724421225 -0.4525189784160421 0
outer loop
vertex -64.53933715820312 22.156757354736328 -1
vertex -64.09358978271484 21.27834701538086 -9.08336067199707
vertex -64.09358978271484 21.27834701538086 -1
endloop
endfacet
facet normal 0 0 1
outer loop
vertex 57.625572204589844 19.01132583618164 0
vertex 56.93702697753906 18.390398025512695 0
vertex 58.3056526184082 19.428720474243164 0
endloop
endfacet
facet normal -0.7667100425606719 -0.6419935440770511 0
outer loop
vertex -70.69140625 27.22535514831543 -8.631416320800781
vertex -70.69140625 27.22535514831543 -1
vertex -75.1575698852539 32.55913543701172 -1
endloop
endfacet
facet normal -0.5367382726624615 -0.8437487935748574 -5.380660979199714e-7
outer loop
vertex -22.06242561340332 -61.253211975097656 -16.163057327270508
vertex -21.988876342773438 -61.29999923706055 -16.18654441833496
vertex -22.346437454223633 -61.07255172729492 -1
endloop
endfacet
facet normal -0.6535032465092714 -0.7569237126698057 0
outer loop
vertex -69.85932159423828 26.506938934326172 -8.593931198120117
vertex -69.85932159423828 26.506938934326172 -1
vertex -69.98180389404297 26.612686157226562 -1
endloop
endfacet
facet normal -0.4794812227902168 0.8775521391869536 0
outer loop
vertex -66.60231018066406 62.323997497558594 -5.951347827911377
vertex -67.46673583984375 61.851688385009766 -5.790985584259033
vertex -66.60231018066406 62.323997497558594 -1
endloop
endfacet
facet normal 0 0 1
outer loop
vertex 33.94200134277344 10.608597755432129 0
vertex 34.401424407958984 18.14409828186035 0
vertex 34.3853759765625 18.17851448059082 0
endloop
endfacet
facet normal -0.00012865171027498927 -0.9999999917243503 -1.9187537707758796e-7
outer loop
vertex -11.887516975402832 -65.77349853515625 -1.5949000120162964
vertex -9.21530818939209 -65.77384185791016 -4
vertex -11.175836563110352 -65.77359008789062 -1.6270489692687988
endloop
endfacet
facet normal 0.0010403578775449037 0.9999994588275969 0
outer loop
vertex 59.893192291259766 20.854001998901367 -9.478774070739746
vertex 70.92816925048828 20.84252166748047 -1.100000023841858
vertex 70.92816925048828 20.84252166748047 -2.5
endloop
endfacet
facet normal -0.9998223879799035 -0.00540189772036947 -0.018055802258050525
outer loop
vertex -84.18659973144531 44.22130584716797 -7.268401145935059
vertex -84.30508422851562 45.19919204711914 -1
vertex -84.18659973144531 44.38824462890625 -7.318345546722412
endloop
endfacet
facet normal 0.8175144235971921 0.5759081239317178 0
outer loop
vertex 83.09893035888672 19.045324325561523 -9.463316917419434
vertex 83.66622161865234 18.240041732788086 -1
vertex 83.66622161865234 18.240041732788086 -9.57001781463623
endloop
endfacet
facet normal 0.694222795639226 0.7197601753465228 0
outer loop
vertex -9.54085636138916 33.30958938598633 -8.369290351867676
vertex -10.235057830810547 33.97916030883789 -8.320637702941895
vertex -9.54085636138916 33.30958938598633 -3.5
endloop
endfacet
facet normal -0.9610960081608183 -0.2762145236900846 0
outer loop
vertex -64.53933715820312 22.156757354736328 -9.099313735961914
vertex -64.53933715820312 22.156757354736328 -1
vertex -64.66622924804688 22.598281860351562 -1
endloop
endfacet
facet normal 0.19681110066196336 0.9804414264280248 8.10708059893691e-8
outer loop
vertex -12.937943458557129 35.08340835571289 -8.084754943847656
vertex -11.972172737121582 34.88954162597656 -1
vertex -12.016371726989746 34.898414611816406 -8.290533065795898
endloop
endfacet
facet normal 0.433761032631974 0.9010279499382418 -3.6465528096319014e-7
outer loop
vertex -62.75155258178711 62.42299270629883 -5.959573745727539
vertex -62.14231491088867 62.129703521728516 -1
vertex -61.86400604248047 61.995723724365234 -1
endloop
endfacet
facet normal 0.002284729150370867 0.9999973900029487 0
outer loop
vertex -7.195853233337402 32.22956085205078 -8.570212364196777
vertex -7.4796929359436035 32.23020935058594 -8.600071907043457
vertex -7.195853233337402 32.22956085205078 -1
endloop
endfacet
facet normal 0.19681365312550442 0.9804409140500961 7.619265009795632e-8
outer loop
vertex 80.6088638305664 20.648366928100586 -9.487070083618164
vertex 79.68705749511719 20.833410263061523 -9.278572082519531
vertex 80.65282440185547 20.639541625976562 -1
endloop
endfacet
facet normal -0.7870171701636263 -0.6169310932896908 1.5686701367751406e-7
outer loop
vertex -21.533008575439453 -61.76553726196289 -16.246952056884766
vertex -21.413433074951172 -61.9180793762207 -16.255281448364258
vertex -21.674867630004883 -61.584564208984375 -1
endloop
endfacet
facet normal 0.0010401878750898289 0.999999459004446 0
outer loop
vertex 79.68705749511719 20.833410263061523 -9.278572082519531
vertex 73.12806701660156 20.840232849121094 -9.3449125289917
vertex 73.12806701660156 20.840232849121094 -3.5
endloop
endfacet
facet normal -0.3529470740853617 0.9356432882752819 0
outer loop
vertex 57.933258056640625 20.357027053833008 -9.505614280700684
vertex 58.785316467285156 20.678443908691406 -1
vertex 58.785316467285156 20.678443908691406 -9.373372077941895
endloop
endfacet
facet normal 0 0 1
outer loop
vertex -82.58334350585938 42.985111236572266 0
vertex -69.97664642333984 27.92938804626465 0
vertex -81.2942886352539 43.749427795410156 0
endloop
endfacet
facet normal -0.6056338683688051 0.795743436972393 0
outer loop
vertex 56.26732635498047 19.133028030395508 -9.726679801940918
vertex 55.93011474609375 18.876379013061523 -9.7802152633667
vertex 56.26732635498047 19.133028030395508 -1
endloop
endfacet
facet normal -0.30613900267040184 0.9519868229361012 0
outer loop
vertex 55.55439758300781 18.68037223815918 -9.78114128112793
vertex 55.414955139160156 18.635530471801758 -9.75653076171875
vertex 55.55439758300781 18.68037223815918 -1
endloop
endfacet
facet normal -0.9976089603513613 0.06911123082883182 0
outer loop
vertex -84.23700714111328 46.1818733215332 -7.163414478302002
vertex -84.30508422851562 45.19919204711914 -7.15250301361084
vertex -84.23700714111328 46.1818733215332 -1
endloop
endfacet
facet normal 0.07094147423973479 0.9974804796248862 0
outer loop
vertex -7.8914289474487305 32.24226760864258 -8.696247100830078
vertex -7.8914289474487305 32.24226760864258 -3.5
vertex -7.729928016662598 32.23078155517578 -2.473417043685913
endloop
endfacet
facet normal 0 0 1
outer loop
vertex -62.38350296020508 61.13597106933594 0
vertex -62.81052780151367 59.60809326171875 0
vertex -62.48456954956055 59.28141403198242 0
endloop
endfacet
facet normal 0.6571799193273433 0.7537337418697045 0
outer loop
vertex -46.7010612487793 44.51490020751953 -1
vertex -47.020469665527344 44.793392181396484 -7.476400852203369
vertex -47.020469665527344 44.793392181396484 -1
endloop
endfacet
facet normal 0.37819851959624085 0.9257245161359896 0
outer loop
vertex 81.564697265625 20.26700210571289 -1
vertex 80.65282440185547 20.639541625976562 -9.474123001098633
vertex 80.65282440185547 20.639541625976562 -1
endloop
endfacet
facet normal 0.5447003576375941 0.8386307413811381 0
outer loop
vertex 35.8370246887207 18.020601272583008 -9.821065902709961
vertex 35.8370246887207 18.020601272583008 -1
vertex 35.88505554199219 17.989404678344727 -1
endloop
endfacet
facet normal 0 0 1
outer loop
vertex 78.12816619873047 -64.08808898925781 0
vertex 78.09010314941406 -64.27943420410156 0
vertex 81.63533020019531 -64.72933197021484 0
endloop
endfacet
facet normal 0 0 1
outer loop
vertex 79.58716583251953 19.833513259887695 0
vertex 59.95037078857422 19.85394287109375 0
vertex 80.36271667480469 19.67782974243164 0
endloop
endfacet
facet normal -0.7213509414173748 -0.6925697210653871 0.000027922733229273455
outer loop
vertex -20.379602432250977 -64.54472351074219 -16.2984619140625
vertex -19.96932601928711 -64.97205352783203 -16.389928817749023
vertex -19.906747817993164 -65.0372314453125 -16.368717193603516
endloop
endfacet
facet normal 0 0 1
outer loop
vertex 81.63533020019531 -64.72933197021484 0
vertex 72.52816772460938 -64.58808898925781 0
vertex 81.31714630126953 -64.78038024902344 0
endloop
endfacet
facet normal 0 0 1
outer loop
vertex 83.12083435058594 17.017568588256836 0
vertex 81.81157684326172 16.12168312072754 0
vertex 83.30826568603516 16.23203468322754 0
endloop
endfacet
facet normal 0 0 1
outer loop
vertex 34.187564849853516 18.553281784057617 0
vertex 33.94200134277344 10.608597755432129 0
vertex 34.3853759765625 18.17851448059082 0
endloop
endfacet
facet normal 0 0 1
outer loop
vertex -64.84574127197266 25.540531158447266 0
vertex -64.72998809814453 25.41724395751953 0
vertex -56.50526809692383 34.99470138549805 0
endloop
endfacet
facet normal 0 0 1
outer loop
vertex -31.329219818115234 34.4776611328125 0
vertex -32.2331657409668 33.24980545043945 0
vertex -31.171890258789062 34.404300689697266 0
endloop
endfacet
facet normal -0.11939850520455363 0.9928463952532532 -0.00017996538312837552
outer loop
vertex -65.66432189941406 62.62479019165039 -5.86439847946167
vertex -64.68643951416016 62.74327087402344 -1
vertex -64.68169403076172 62.742942810058594 -5.958291053771973
endloop
endfacet
facet normal 0 0 1
outer loop
vertex -29.825164794921875 34.11603927612305 0
vertex -31.45969581604004 32.611907958984375 0
vertex -29.779634475708008 34.111907958984375 0
endloop
endfacet
facet normal -0.9519870901945041 -0.3061381715876036 0
outer loop
vertex -40.1572380065918 7.592251300811768 -10.461813926696777
vertex -40.2421875 7.856415748596191 -1
vertex -40.2421875 7.856415748596191 -10.46210765838623
endloop
endfacet
facet normal -0.37819190647354206 -0.9257272178549195 7.056512223301312e-7
outer loop
vertex -36.35026931762695 -60.56572723388672 -15.976511001586914
vertex -37.262142181396484 -60.19318389892578 -1
vertex -36.40202713012695 -60.54458236694336 -15.98634147644043
endloop
endfacet
facet normal 0 0 1
outer loop
vertex -35.041446685791016 -58.28094482421875 0
vertex -35.54587936401367 -58.196266174316406 0
vertex -36.06016159057617 -59.60401153564453 0
endloop
endfacet
facet normal 0.34227569173761385 0.9395995694153643 0
outer loop
vertex -30.431453704833984 35.19883346557617 -1
vertex -30.829627990722656 35.34387969970703 -8.272554397583008
vertex -30.829627990722656 35.34387969970703 -1
endloop
endfacet
facet normal -0.5367227782746169 -0.8437586499000626 0
outer loop
vertex -21.988876342773438 -61.29999923706055 -16.18654441833496
vertex -21.988876342773438 -61.29999923706055 -1
vertex -22.21936798095703 -61.15338134765625 -1
endloop
endfacet
facet normal -0.00012948346929473847 -0.9999999916146677 0.0000021669487730062106
outer loop
vertex 67.62816619873047 -65.7837905883789 -1
vertex -4.315308094024658 -65.77447509765625 -1
vertex 7.251277923583984 -65.7759780883789 -3.450000047683716
endloop
endfacet
facet normal 0.0005207315895007959 0.9999992108969459 -0.0011432602927740235
outer loop
vertex 71.12816619873047 20.84127426147461 -3.5
vertex 70.92816925048828 20.84252166748047 -2.5
vertex 73.12806701660156 20.840232849121094 -3.5
endloop
endfacet
facet normal 0 0 1
outer loop
vertex -35.54587936401367 -58.196266174316406 0
vertex -36.025291442871094 -58.017967224121094 0
vertex -36.79585266113281 -59.30345153808594 0
endloop
endfacet
facet normal 0 0 1
outer loop
vertex -63.8350715637207 23.326644897460938 0
vertex -63.604522705078125 22.5244197845459 0
vertex -62.0391731262207 25.409738540649414 0
endloop
endfacet
facet normal 0 0 1
outer loop
vertex -29.779634475708008 34.111907958984375 0
vertex -31.45969581604004 32.611907958984375 0
vertex -13.280999183654785 32.604759216308594 0
endloop
endfacet
facet normal 0 0 1
outer loop
vertex -62.0391731262207 25.409738540649414 0
vertex -63.604522705078125 22.5244197845459 0
vertex -62.23468780517578 24.991714477539062 0
endloop
endfacet
facet normal 0 0 1
outer loop
vertex -47.677650451660156 44.03965759277344 0
vertex -48.45567321777344 42.62417221069336 0
vertex -47.357269287109375 43.76227569580078 0
endloop
endfacet
facet normal 0.6942255038658521 0.719757563198635 -7.528201451546653e-7
outer loop
vertex -9.54085636138916 33.30958938598633 -3.5
vertex -10.235057830810547 33.97916030883789 -8.320637702941895
vertex -9.6609525680542 33.4254264831543 -2.467613697052002
endloop
endfacet
facet normal -0.17117463024251645 0.9852407045800164 1.0224542331784686e-7
outer loop
vertex 12.354251861572266 31.581653594970703 -1
vertex 20.343759536743164 32.96974182128906 -1
vertex 12.800666809082031 31.65921401977539 -8.570093154907227
endloop
endfacet
facet normal -0.3690091925405292 -0.929425745169427 0.000006069753702062239
outer loop
vertex -19.340145111083984 -65.41818237304688 -1
vertex -18.757186889648438 -65.64973449707031 -16.414602279663086
vertex -18.72380828857422 -65.6629867553711 -16.411211013793945
endloop
endfacet
facet normal -0.0002927664048930479 0.9999999571439152 0
outer loop
vertex 54.73143768310547 18.490907669067383 -9.758153915405273
vertex 54.562049865722656 18.49085807800293 -9.739936828613281
vertex 54.73143768310547 18.490907669067383 -1
endloop
endfacet
facet normal 0 0 1
outer loop
vertex -18.423059463500977 -62.98826217651367 0
vertex -19.259723663330078 -64.26724243164062 0
vertex -18.87125587463379 -64.52842712402344 0
endloop
endfacet
facet normal 0 0 1
outer loop
vertex 81.76421356201172 18.943340301513672 0
vertex 81.0984115600586 19.37726593017578 0
vertex 82.33621978759766 18.391626358032227 0
endloop
endfacet
facet normal 0.43375937833749983 0.9010287463251468 0
outer loop
vertex -61.86400604248047 61.995723724365234 -5.894307613372803
vertex -62.75155258178711 62.42299270629883 -5.959573745727539
vertex -61.86400604248047 61.995723724365234 -1
endloop
endfacet
facet normal 0 0 1
outer loop
vertex -18.423059463500977 -62.98826217651367 0
vertex -18.87125587463379 -64.52842712402344 0
vertex -18.426681518554688 -64.70500946044922 0
endloop
endfacet
facet normal 0 0 1
outer loop
vertex 82.0416030883789 -29.95113754272461 0
vertex 82.22761535644531 -30.075157165527344 0
vertex 81.81157684326172 16.12168312072754 0
endloop
endfacet
facet normal 0 0 1
outer loop
vertex 81.31714630126953 -64.78038024902344 0
vertex 72.52816772460938 -64.78443145751953 0
vertex 81.23409271240234 -64.78555297851562 0
endloop
endfacet
facet normal -0.00012944485283257723 -0.9999999916216673 -8.338324371861633e-7
outer loop
vertex 5.751277923583984 -65.7757797241211 -4.949999809265137
vertex 5.865458965301514 -65.77579498291016 -4.375974655151367
vertex -8.415307998657227 -65.7739486694336 -1.6676164865493774
endloop
endfacet
facet normal 0 0 1
outer loop
vertex 29.96086883544922 32.72742462158203 0
vertex 29.229848861694336 33.03917694091797 0
vertex 28.453147888183594 33.20745849609375 0
endloop
endfacet
facet normal 0 0 1
outer loop
vertex 30.619972229003906 32.283390045166016 0
vertex 29.977828979492188 30.832731246948242 0
vertex 31.183496475219727 31.72301483154297 0
endloop
endfacet
facet normal -0.8799096927526749 -0.47514096076837375 0
outer loop
vertex -21.413433074951172 -61.9180793762207 -16.255281448364258
vertex -21.35344696044922 -62.02916717529297 -16.241302490234375
vertex -21.413433074951172 -61.9180793762207 -1
endloop
endfacet
facet normal 0.19369578594126327 0.980867876928833 -0.019497449005449443
outer loop
vertex -7.8914289474487305 32.24226760864258 -3.5
vertex -8.145734786987305 32.31254196166992 -2.491053342819214
vertex -7.729928016662598 32.23078155517578 -2.473417043685913
endloop
endfacet
facet normal 0.5462762526946242 0.8376050714638235 -4.921104757063296e-8
outer loop
vertex -46.48872756958008 44.37641906738281 -7.501740455627441
vertex -46.60369110107422 44.45139694213867 -7.482193470001221
vertex -46.47373580932617 44.366641998291016 -1
endloop
endfacet
facet normal 0.6467288849207208 0.7627199678841514 0
outer loop
vertex -9.229837417602539 32.95295715332031 -3.5
vertex -9.229837417602539 32.95295715332031 -2.491053342819214
vertex -8.906620979309082 32.67889404296875 -3.5
endloop
endfacet
facet normal 0 0 1
outer loop
vertex -17.248722076416016 -63.58809280395508 0
vertex -18.064083099365234 -64.77269744873047 0
vertex -14.668861389160156 -64.44164276123047 0
endloop
endfacet
facet normal 0.6942235007519667 0.7197594952497938 -0.000001202622293475721
outer loop
vertex -9.6609525680542 33.4254264831543 -2.467613697052002
vertex -9.526066780090332 33.295326232910156 -2.4730398654937744
vertex -9.54085636138916 33.30958938598633 -3.5
endloop
endfacet
facet normal -0.9927395005028169 -0.12028418076130203 0
outer loop
vertex -84.30508422851562 45.19919204711914 -1
vertex -84.18659973144531 44.22130584716797 -7.268401145935059
vertex -84.18659973144531 44.22130584716797 -1
endloop
endfacet
facet normal 0 0 1
outer loop
vertex 30.49736785888672 29.956838607788086 0
vertex 30.616233825683594 29.511198043823242 0
vertex 31.183496475219727 31.72301483154297 0
endloop
endfacet
facet normal 0 0 1
outer loop
vertex 29.1707820892334 31.453847885131836 0
vertex 29.603857040405273 31.18168830871582 0
vertex 28.453147888183594 33.20745849609375 0
endloop
endfacet
facet normal -0.9666645133066804 0.2560463148406979 -0.00005805219335183846
outer loop
vertex -84.19404602050781 46.344058990478516 -7.1969685554504395
vertex -84.23700714111328 46.1818733215332 -7.163414478302002
vertex -83.98480224609375 47.13407897949219 -6.9700093269348145
endloop
endfacet
facet normal -0.36914782240346744 -0.9293706931116227 0
outer loop
vertex -19.340145111083984 -65.41818237304688 -16.332454681396484
vertex -18.757186889648438 -65.64973449707031 -16.414602279663086
vertex -19.340145111083984 -65.41818237304688 -1
endloop
endfacet
facet normal 0 0 1
outer loop
vertex 78.09010314941406 -64.27943420410156 0
vertex 77.98171997070312 -64.44164276123047 0
vertex 81.63533020019531 -64.72933197021484 0
endloop
endfacet
facet normal 0 0 1
outer loop
vertex -29.779634475708008 34.111907958984375 0
vertex -12.262282371520996 33.92782974243164 0
vertex -13.038159370422363 34.083580017089844 0
endloop
endfacet
facet normal 0 0 1
outer loop
vertex -11.480724334716797 31.733051300048828 0
vertex -11.173011779785156 31.32447052001953 0
vertex -10.86078929901123 33.19334030151367 0
endloop
endfacet
facet normal 0 0 1
outer loop
vertex 81.75128173828125 -63.58809280395508 0
vertex 81.63533020019531 -64.72933197021484 0
vertex 82.09398651123047 -64.56844329833984 0
endloop
endfacet
facet normal 0 0 1
outer loop
vertex -12.262282371520996 33.92782974243164 0
vertex -13.280999183654785 32.604759216308594 0
vertex -12.77656364440918 32.52008056640625 0
endloop
endfacet
facet normal -0.7904024303243843 -0.6125879507767779 -0.000026465350944250668
outer loop
vertex -64.09358978271484 21.27834701538086 -9.08336067199707
vertex -63.55135726928711 20.57872772216797 -9.217394828796387
vertex -63.49016571044922 20.499773025512695 -9.189471244812012
endloop
endfacet
facet normal 0 0 1
outer loop
vertex -10.86078929901123 33.19334030151367 0
vertex -11.859976768493652 32.07625961303711 0
vertex -11.480724334716797 31.733051300048828 0
endloop
endfacet
facet normal 0.4996587499979676 0.8662223349360862 -0.0000028884873971317584
outer loop
vertex -31.135229110717773 35.52013397216797 -8.230836868286133
vertex -46.48872756958008 44.37641906738281 -7.501740455627441
vertex -30.829627990722656 35.34387969970703 -1
endloop
endfacet
facet normal -0.10263266190729577 0.9947193255930264 -0.0000012559957672868447
outer loop
vertex 37.52275848388672 17.50564193725586 -9.793598175048828
vertex 37.48146057128906 17.501380920410156 -9.794475555419922
vertex 37.83800506591797 17.538179397583008 -1
endloop
endfacet
facet normal 0 0 1
outer loop
vertex 28.453147888183594 33.20745849609375 0
vertex 27.679588317871094 31.727628707885742 0
vertex 28.191064834594727 31.731807708740234 0
endloop
endfacet
facet normal -0.8030474522175505 0.5959150858024161 0
outer loop
vertex -82.97054290771484 48.81265640258789 -1
vertex -83.55754089355469 48.02162551879883 -6.895479679107666
vertex -83.55754089355469 48.02162551879883 -1
endloop
endfacet
facet normal 0 0 1
outer loop
vertex -14.315308570861816 -64.58808898925781 0
vertex -14.5066499710083 -64.55003356933594 0
vertex -18.064083099365234 -64.77269744873047 0
endloop
endfacet
facet normal -0.00013017716813070075 -0.9999999915018498 -0.000007085552877971153
outer loop
vertex 20.63709831237793 -65.7777099609375 -10.524024963378906
vertex 20.311939239501953 -65.77766418457031 -11.010660171508789
vertex 81.26513671875 -65.78556060791016 -16.414806365966797
endloop
endfacet
facet normal -0.07102800737868303 -0.9974743215581109 0
outer loop
vertex -23.504621505737305 -60.78809356689453 -16.012466430664062
vertex -23.449068069458008 -60.792049407958984 -16.012977600097656
vertex -23.504621505737305 -60.78809356689453 -1
endloop
endfacet
facet normal -0.3864947894441436 -0.9222915904054027 0
outer loop
vertex -22.737276077270508 -60.90876770019531 -16.05138397216797
vertex -22.389495849609375 -61.054508209228516 -16.095869064331055
vertex -22.737276077270508 -60.90876770019531 -1
endloop
endfacet
facet normal 0.6925676487202438 -0.7213529316126144 0
outer loop
vertex 83.60041809082031 -64.6461181640625 -16.349653244018555
vertex 83.10791015625 -65.11897277832031 -1
vertex 83.10791015625 -65.11897277832031 -16.320642471313477
endloop
endfacet
facet normal -0.00012969970594034174 -0.9999999915889689 -2.1956108185447714e-7
outer loop
vertex 66.12816619873047 -65.78359985351562 -5
vertex 81.26513671875 -65.78556060791016 -16.414806365966797
vertex 78.12816619873047 -65.78515625 -5
endloop
endfacet
facet normal 0.546273785235957 0.8376066807063917 2.129758142978002e-8
outer loop
vertex -46.60369110107422 44.45139694213867 -7.482193470001221
vertex -46.7010612487793 44.51490020751953 -7.490355968475342
vertex -46.47373580932617 44.366641998291016 -1
endloop
endfacet
facet normal 0.756225045386049 0.6543116082806939 0
outer loop
vertex -9.229837417602539 32.95295715332031 -1
vertex -9.526066780090332 33.295326232910156 -1.126960039138794
vertex -9.526066780090332 33.295326232910156 -1
endloop
endfacet
facet normal 0 0 1
outer loop
vertex -20.093002319335938 -62.514347076416016 0
vertex -19.99330711364746 -63.06260299682617 0
vertex -18.519933700561523 -62.786773681640625 0
endloop
endfacet
facet normal -0.00013176608780145313 -0.9999999905142317 0.00004011526548004699
outer loop
vertex 69.07843780517578 -65.78398132324219 -1.5949000120162964
vertex 20.63709831237793 -65.7777099609375 -4.375974655151367
vertex 69.76382446289062 -65.78407287597656 -1.6258611679077148
endloop
endfacet
facet normal -0.00012939553789181925 -0.9999999916283974 0
outer loop
vertex 67.62816619873047 -65.7837905883789 -1
vertex 7.251277923583984 -65.7759780883789 -3.450000047683716
vertex 67.62816619873047 -65.7837905883789 -1.5080732107162476
endloop
endfacet
facet normal 0.4884422084804986 0.8725962462529239 0
outer loop
vertex 11.113459587097168 31.79576873779297 -8.670580863952637
vertex 11.001187324523926 31.858613967895508 -8.639954566955566
vertex 11.113459587097168 31.79576873779297 -1
endloop
endfacet
facet normal -0.00012947959104044014 -0.9999999916175097 1.2557928726431454e-7
outer loop
vertex 71.72816467285156 -65.7843246459961 -1.6665111780166626
vertex 20.751277923583984 -65.77772521972656 -9.949999809265137
vertex 66.12816619873047 -65.78359985351562 -4
endloop
endfacet
facet normal 0 0 1
outer loop
vertex -82.96263122558594 43.67929458618164 0
vertex -81.80290222167969 45.17768478393555 0
vertex -83.20530700683594 44.43605422973633 0
endloop
endfacet
facet normal 0 0 1
outer loop
vertex -63.604522705078125 22.5244197845459 0
vertex -63.244895935058594 21.815725326538086 0
vertex -62.39967727661133 23.98678207397461 0
endloop
endfacet
facet normal 0 0 1
outer loop
vertex -20.334003448486328 -61.816810607910156 0
vertex -20.26625633239746 -61.971832275390625 0
vertex -18.519933700561523 -62.786773681640625 0
endloop
endfacet
facet normal 0.9114629843477833 0.41138209509388307 0
outer loop
vertex 83.66622161865234 18.240041732788086 -9.57001781463623
vertex 84.07144927978516 17.342214584350586 -1
vertex 84.07144927978516 17.342214584350586 -9.5491304397583
endloop
endfacet
facet normal -0.19681167234922992 -0.9804413116689338 0
outer loop
vertex -35.384498596191406 -60.75959396362305 -15.829537391662598
vertex -36.35026931762695 -60.56572723388672 -1
vertex -36.35026931762695 -60.56572723388672 -15.976511001586914
endloop
endfacet
facet normal 0 0 1
outer loop
vertex -20.547407150268555 -61.4180793762207 0
vertex -20.334003448486328 -61.816810607910156 0
vertex -18.548721313476562 -58.28809356689453 0
endloop
endfacet
facet normal 0.7562250453860488 0.6543116082806939 0
outer loop
vertex -9.229837417602539 32.95295715332031 -1.108946681022644
vertex -9.526066780090332 33.295326232910156 -1.126960039138794
vertex -9.229837417602539 32.95295715332031 -1
endloop
endfacet
facet normal 0.4553839391093806 0.890295157799493 0
outer loop
vertex 9.65163516998291 32.86161804199219 -1
vertex 8.77466106414795 33.31018829345703 -8.399761199951172
vertex 8.77466106414795 33.31018829345703 -1
endloop
endfacet
facet normal 0.9830189691146618 -0.18350396824250292 4.636093813279146e-8
outer loop
vertex 84.23340606689453 -63.444976806640625 -1
vertex 84.26206970214844 -63.29143142700195 -16.329917907714844
vertex 84.33587646484375 -62.896053314208984 -16.22475814819336
endloop
endfacet
facet normal -0.23904994764715848 -0.9710072721302817 0
outer loop
vertex -42.15897750854492 9.361536979675293 -1
vertex -42.15897750854492 9.361536979675293 -10.174718856811523
vertex -41.93684387207031 9.30685043334961 -10.190475463867188
endloop
endfacet
facet normal 0 0 1
outer loop
vertex -67.83876037597656 26.690866470336914 0
vertex -67.74899291992188 28.217021942138672 0
vertex -68.59367370605469 26.942852020263672 0
endloop
endfacet
facet normal 0 0 1
outer loop
vertex -67.74899291992188 28.217021942138672 0
vertex -68.21668243408203 28.42412567138672 0
vertex -68.59367370605469 26.942852020263672 0
endloop
endfacet
facet normal 0 0 1
outer loop
vertex 81.81157684326172 16.12168312072754 0
vertex 83.35127258300781 15.618732452392578 0
vertex 83.30826568603516 16.23203468322754 0
endloop
endfacet
facet normal 0.17004882069619093 0.9854356389840154 0
outer loop
vertex 11.9304838180542 31.582149505615234 -1
vertex 11.512886047363281 31.654211044311523 -8.72182559967041
vertex 11.512886047363281 31.654211044311523 -1
endloop
endfacet
facet normal 0 0 1
outer loop
vertex -7.732208728790283 31.230979919433594 0
vertex -10.599705696105957 29.358089447021484 0
vertex -7.198133945465088 31.229761123657227 0
endloop
endfacet
facet normal 0 0 1
outer loop
vertex -66.23393249511719 28.160358428955078 0
vertex -66.1949234008789 26.39316177368164 0
vertex -65.80364990234375 26.230422973632812 0
endloop
endfacet
facet normal 0 0 1
outer loop
vertex -66.739501953125 28.082727432250977 0
vertex -67.2506332397461 28.101844787597656 0
vertex -66.85670471191406 26.557798385620117 0
endloop
endfacet
facet normal 0 0 1
outer loop
vertex -50.28383255004883 44.74122619628906 0
vertex -48.45567321777344 42.62417221069336 0
vertex -49.12321472167969 45.69422149658203 0
endloop
endfacet
facet normal 0.6467288849207208 0.7627199678841515 0
outer loop
vertex -8.906620979309082 32.67889404296875 -1
vertex -8.906620979309082 32.67889404296875 -1.100000023841858
vertex -9.229837417602539 32.95295715332031 -1.108946681022644
endloop
endfacet
facet normal 0.39227954195932563 0.9198460528589453 0
outer loop
vertex 30.4406795501709 33.60994338989258 -8.362823486328125
vertex 29.534597396850586 33.99635314941406 -8.26380443572998
vertex 30.4406795501709 33.60994338989258 -1
endloop
endfacet
facet normal 0 0 1
outer loop
vertex -7.093325138092041 31.234832763671875 0
vertex -10.599705696105957 29.358089447021484 0
vertex 6.766167640686035 31.1761474609375 0
endloop
endfacet
facet normal 0 0 1
outer loop
vertex 6.852790832519531 32.672271728515625 0
vertex 7.772123336791992 31.01752281188965 0
vertex 8.234676361083984 30.7991886138916 0
endloop
endfacet
facet normal 0.17004837155092614 0.9854357164893496 2.5013154264625077e-8
outer loop
vertex 11.868178367614746 31.5929012298584 -8.703829765319824
vertex 11.512886047363281 31.654211044311523 -8.72182559967041
vertex 11.9304838180542 31.582149505615234 -1
endloop
endfacet
facet normal 0 0 1
outer loop
vertex 9.26844596862793 29.690162658691406 0
vertex 10.126890182495117 31.218505859375 0
vertex 8.99651050567627 30.12337875366211 0
endloop
endfacet
facet normal 0 0 1
outer loop
vertex -18.423059463500977 -62.98826217651367 0
vertex -18.519933700561523 -62.786773681640625 0
vertex -19.99330711364746 -63.06260299682617 0
endloop
endfacet
facet normal 0 0 1
outer loop
vertex -18.548721313476562 -58.28809356689453 0
vertex -21.452159881591797 -60.456233978271484 0
vertex -21.346088409423828 -60.53395462036133 0
endloop
endfacet
facet normal 0 0 1
outer loop
vertex -65.31124114990234 28.59134292602539 0
vertex -65.75208282470703 28.33194923400879 0
vertex -65.80364990234375 26.230422973632812 0
endloop
endfacet
facet normal 0 0 1
outer loop
vertex -9.04175853729248 31.597332000732422 0
vertex -9.414820671081543 31.81861114501953 0
vertex -10.813420295715332 30.37168312072754 0
endloop
endfacet
facet normal 0.3340412367607475 0.9425584608624085 1.9462787370569558e-7
outer loop
vertex 11.512886047363281 31.654211044311523 -1
vertex 11.113459587097168 31.79576873779297 -8.670580863952637
vertex 11.280908584594727 31.73642349243164 -1
endloop
endfacet
facet normal -0.00012942721875436455 -0.9999999916227845 -0.0000017395682952811824
outer loop
vertex -18.15668296813965 -65.77268981933594 -1
vertex -14.815308570861816 -65.77311706542969 -4
vertex -9.21530818939209 -65.77384185791016 -4
endloop
endfacet
facet normal 0.7051236380103735 0.7090843779967285 -9.283547070437294e-8
outer loop
vertex 31.257619857788086 33.059574127197266 -8.308700561523438
vertex 31.52106285095215 32.797603607177734 -1
vertex 31.95609474182129 32.3650016784668 -1
endloop
endfacet
facet normal 0 0 1
outer loop
vertex -66.739501953125 28.082727432250977 0
vertex -66.76910400390625 26.538738250732422 0
vertex -66.35595703125 26.444421768188477 0
endloop
endfacet
facet normal 0 0 1
outer loop
vertex -38.81827926635742 -56.94375228881836 0
vertex -38.49134826660156 -57.668113708496094 0
vertex -37.50902557373047 -56.04786682128906 0
endloop
endfacet
facet normal 1.4248989792907448e-16 2.995572673350064e-16 1
outer loop
vertex -48.45567321777344 42.62417221069336 0
vertex -31.329219818115234 34.4776611328125 0
vertex -46.97332763671875 43.50042724609375 -4.737078344331774e-16
endloop
endfacet
facet normal -0.0001303302848337128 -0.9999999915019508 0.0000031804255200801415
outer loop
vertex 76.62816619873047 -65.78495788574219 -1.507959008216858
vertex 72.52816772460938 -65.78443145751953 -4
vertex 81.26513671875 -65.78556060791016 -1
endloop
endfacet
facet normal 0.3922795419593257 0.9198460528589454 0
outer loop
vertex 30.4406795501709 33.60994338989258 -1
vertex 29.534597396850586 33.99635314941406 -8.26380443572998
vertex 29.534597396850586 33.99635314941406 -1
endloop
endfacet
facet normal 0.1700513748968312 0.9854351982224389 0
outer loop
vertex 11.9304838180542 31.582149505615234 -8.696219444274902
vertex 11.868178367614746 31.5929012298584 -8.703829765319824
vertex 11.9304838180542 31.582149505615234 -1
endloop
endfacet
facet normal -0.22517455942657566 -0.9743184375690744 -7.087067522879171e-8
outer loop
vertex -23.150161743164062 -60.81334686279297 -1
vertex -22.737276077270508 -60.90876770019531 -16.05138397216797
vertex -22.992496490478516 -60.84978485107422 -1
endloop
endfacet
facet normal 0 0 1
outer loop
vertex -14.668861389160156 -64.44164276123047 0
vertex -18.064083099365234 -64.77269744873047 0
vertex -14.5066499710083 -64.55003356933594 0
endloop
endfacet
facet normal -0.00012906559748585383 -0.9999999916561747 0.000005451818208618759
outer loop
vertex 20.311939239501953 -65.77766418457031 -11.010660171508789
vertex 19.82530403137207 -65.77760314941406 -11.335819244384766
vertex 81.26513671875 -65.78556060791016 -16.414806365966797
endloop
endfacet
facet normal -0.06994670921624145 0.9975507294718493 0
outer loop
vertex 41.1595344543457 18.486907958984375 -1
vertex 40.42911148071289 18.435691833496094 -9.670981407165527
vertex 40.42911148071289 18.435691833496094 -1
endloop
endfacet
facet normal -0.946665816787178 -0.3222170562317664 0
outer loop
vertex -64.91240692138672 23.693260192871094 -9.102067947387695
vertex -64.91240692138672 23.693260192871094 -1
vertex -64.97157287597656 23.867088317871094 -1
endloop
endfacet
facet normal -0.00029472934427577627 0.9999999565673051 3.8043529697065994e-8
outer loop
vertex 54.562049865722656 18.49085807800293 -9.739936828613281
vertex 41.1595344543457 18.486907958984375 -9.627745628356934
vertex 54.73143768310547 18.490907669067383 -1
endloop
endfacet
facet normal -0.3529330326160455 0.9356485849323236 -0.0000016067724711365013
outer loop
vertex 57.933258056640625 20.357027053833008 -9.505614280700684
vertex 57.863670349121094 20.330778121948242 -9.49025821685791
vertex 58.785316467285156 20.678443908691406 -1
endloop
endfacet
facet normal -0.462521570617234 0.8866080287893671 0
outer loop
vertex 55.93011474609375 18.876379013061523 -9.7802152633667
vertex 55.81175994873047 18.81463623046875 -9.7725830078125
vertex 55.93011474609375 18.876379013061523 -1
endloop
endfacet
facet normal -0.13427536362315728 -0.9909440583220683 -2.412723763214437e-7
outer loop
vertex -68.06620025634766 25.712547302246094 -1
vertex -67.03366088867188 25.5726375579834 -8.747556686401367
vertex -67.45208740234375 25.62933349609375 -1
endloop
endfacet
facet normal 0.5460116765018374 0.837777565421546 0
outer loop
vertex -11.06029987335205 34.51700210571289 -8.207362174987793
vertex -11.06029987335205 34.51700210571289 -1
vertex -10.235057830810547 33.97916030883789 -1
endloop
endfacet
facet normal 0 0 1
outer loop
vertex 40.58115005493164 17.443897247314453 0
vertex 39.330135345458984 15.279905319213867 0
vertex 39.73871612548828 15.587617874145508 0
endloop
endfacet
facet normal -0.1597215161016012 0.9871621129754758 0
outer loop
vertex 59.87051010131836 20.854026794433594 -1
vertex 58.785316467285156 20.678443908691406 -9.373372077941895
vertex 58.785316467285156 20.678443908691406 -1
endloop
endfacet
facet normal 0.02362389413363933 0.9997209168692843 0
outer loop
vertex 27.587133407592773 34.22819900512695 -8.155488967895508
vertex 27.587133407592773 34.22819900512695 -1
vertex 28.104843139648438 34.215965270996094 -1
endloop
endfacet
facet normal -0.6606753400020668 -0.7506717625654727 0
outer loop
vertex -62.75072479248047 19.848983764648438 -9.071554183959961
vertex -62.75072479248047 19.848983764648438 -1
vertex -63.19154357910156 20.236953735351562 -1
endloop
endfacet
facet normal 0 0 1
outer loop
vertex -66.23393249511719 28.160358428955078 0
vertex -66.2358169555664 26.412229537963867 0
vertex -66.1949234008789 26.39316177368164 0
endloop
endfacet
facet normal 0.37819851959624085 0.9257245161359895 0
outer loop
vertex -11.06029987335205 34.51700210571289 -1
vertex -11.972172737121582 34.88954162597656 -8.277517318725586
vertex -11.972172737121582 34.88954162597656 -1
endloop
endfacet
facet normal 0 0 1
outer loop
vertex -11.526589393615723 33.62726593017578 0
vertex -12.29715347290039 32.34178161621094 0
vertex -10.86078929901123 33.19334030151367 0
endloop
endfacet
facet normal 0.0016923863415438086 0.9999985679131842 2.2775686769814156e-7
outer loop
vertex -12.937943458557129 35.08340835571289 -1
vertex -29.7633056640625 35.11188507080078 -8.29338550567627
vertex -20.099000930786133 35.09552764892578 -1
endloop
endfacet
facet normal 0 0 1
outer loop
vertex -18.548721313476562 -58.28809356689453 0
vertex -21.961111068725586 -60.153053283691406 0
vertex -21.811237335205078 -60.23117446899414 0
endloop
endfacet
facet normal -0.997609063916862 0.06910973586205034 0
outer loop
vertex -84.30508422851562 45.19919204711914 -7.15250301361084
vertex -84.30508422851562 45.19919204711914 -1
vertex -84.26985168457031 45.70777893066406 -1
endloop
endfacet
facet normal 0 0 1
outer loop
vertex 55.45711898803711 17.59865379333496 0
vertex 54.9227409362793 15.986907958984375 0
vertex 55.85974884033203 17.730854034423828 0
endloop
endfacet
facet normal 0 0 1
outer loop
vertex -66.76910400390625 26.538738250732422 0
vertex -66.739501953125 28.082727432250977 0
vertex -66.85670471191406 26.557798385620117 0
endloop
endfacet
facet normal -0.9475197090753782 -0.31969735831518775 -3.6557168517886103e-8
outer loop
vertex -21.182729721069336 -62.37795639038086 -16.256589889526367
vertex -21.109487533569336 -62.59503173828125 -16.28156280517578
vertex -21.21208381652832 -62.290958404541016 -1
endloop
endfacet
facet normal 0 0 1
outer loop
vertex -63.604522705078125 22.5244197845459 0
vertex -62.39967727661133 23.98678207397461 0
vertex -62.364994049072266 24.49709701538086 0
endloop
endfacet
facet normal 0 0 1
outer loop
vertex 54.9227409362793 15.986907958984375 0
vertex 57.471214294433594 15.986907958984375 0
vertex 57.592384338378906 16.522523880004883 0
endloop
endfacet
facet normal 0 0 1
outer loop
vertex 81.75128173828125 -63.58809280395508 0
vertex 78.12816619873047 -64.08808898925781 0
vertex 81.63533020019531 -64.72933197021484 0
endloop
endfacet
facet normal -0.00012913557507824647 -0.9999999916619766 -2.2310270357634405e-7
outer loop
vertex -2.8153083324432373 -65.77467346191406 -5
vertex -18.15668296813965 -65.77268981933594 -16.319116592407227
vertex 5.751277923583984 -65.7757797241211 -4.949999809265137
endloop
endfacet
facet normal 0 0 1
outer loop
vertex 82.08787536621094 -63.20185470581055 0
vertex 83.09161376953125 -63.610626220703125 0
vertex 83.26819610595703 -63.166053771972656 0
endloop
endfacet
facet normal 0 0 1
outer loop
vertex -10.599705696105957 29.358089447021484 0
vertex -7.732208728790283 31.230979919433594 0
vertex -7.922573089599609 31.251062393188477 0
endloop
endfacet
facet normal 0 0 1
outer loop
vertex -42.17904281616211 12.079973220825195 0
vertex -42.665897369384766 11.923142433166504 0
vertex -42.087623596191406 10.355295181274414 0
endloop
endfacet
facet normal 0.0709414742397348 0.9974804796248863 0
outer loop
vertex -7.8914289474487305 32.24226760864258 -8.696247100830078
vertex -7.729928016662598 32.23078155517578 -2.473417043685913
vertex -7.729928016662598 32.23078155517578 -8.66443157196045
endloop
endfacet
facet normal -0.5009028959069964 -0.8655034886538497 0
outer loop
vertex -62.75072479248047 19.848983764648438 -1
vertex -45.5994873046875 9.92284870147705 -10.06257152557373
vertex -45.5994873046875 9.92284870147705 -1
endloop
endfacet
facet normal 0 0 1
outer loop
vertex 77.81951141357422 -64.55003356933594 0
vertex 72.52816772460938 -64.58808898925781 0
vertex 81.63533020019531 -64.72933197021484 0
endloop
endfacet
facet normal -0.10252811001397315 0.9947301074446884 2.0346928060587225e-7
outer loop
vertex -7.195853233337402 32.22956085205078 -1
vertex 1.4578537940979004 33.12150955200195 -1
vertex -6.814144134521484 32.26890563964844 -8.530953407287598
endloop
endfacet
facet normal -0.8799107418274333 -0.4751390179902044 0
outer loop
vertex -21.413433074951172 -61.9180793762207 -1
vertex -21.21208381652832 -62.290958404541016 -16.264089584350586
vertex -21.21208381652832 -62.290958404541016 -1
endloop
endfacet
facet normal 0.5237665594030569 -0.8518618381234624 0
outer loop
vertex 82.5262680053711 -65.47654724121094 -16.393007278442383
vertex 82.57230377197266 -65.4482421875 -16.40601921081543
vertex 82.5262680053711 -65.47654724121094 -1
endloop
endfacet
facet normal 0 0 1
outer loop
vertex -9.04175853729248 31.597332000732422 0
vertex -10.773721694946289 29.65176773071289 0
vertex -8.897228240966797 31.529937744140625 0
endloop
endfacet
facet normal -0.3061342252657867 0.951988359235974 -3.381216591281613e-7
outer loop
vertex 55.55439758300781 18.68037223815918 -1
vertex 55.150978088378906 18.550640106201172 -9.769025802612305
vertex 55.428428649902344 18.639863967895508 -1
endloop
endfacet
facet normal 0 0 1
outer loop
vertex -65.31124114990234 28.59134292602539 0
vertex -65.6535415649414 26.1527042388916 0
vertex -65.29537963867188 25.926218032836914 0
endloop
endfacet
facet normal 0 0 1
outer loop
vertex -56.50526809692383 34.99470138549805 0
vertex -64.72998809814453 25.41724395751953 0
vertex -64.46765899658203 25.084430694580078 0
endloop
endfacet
facet normal 0 0 1
outer loop
vertex -69.28187561035156 27.329524993896484 0
vertex -68.63691711425781 28.715723037719727 0
vertex -69.97664642333984 27.92938804626465 0
endloop
endfacet
facet normal 0.6942262973866459 0.719756797826063 0
outer loop
vertex 83.09893035888672 19.045324325561523 -9.463316917419434
vertex 82.38994598388672 19.72916030883789 -9.505083084106445
vertex 83.09893035888672 19.045324325561523 -1
endloop
endfacet
facet normal 0 0 1
outer loop
vertex -65.31124114990234 28.59134292602539 0
vertex -65.29537963867188 25.926218032836914 0
vertex -65.18560791015625 25.849353790283203 0
endloop
endfacet
facet normal 0 0 1
outer loop
vertex -12.77656364440918 32.52008056640625 0
vertex -12.29715347290039 32.34178161621094 0
vertex -11.526589393615723 33.62726593017578 0
endloop
endfacet
facet normal 0 0 1
outer loop
vertex -62.758056640625 21.187576293945312 0
vertex -62.16425704956055 20.664968490600586 0
vertex -63.244895935058594 21.815725326538086 0
endloop
endfacet
facet normal 0.9114629843477834 0.4113820950938831 0
outer loop
vertex 84.07144927978516 17.342214584350586 -1
vertex 83.66622161865234 18.240041732788086 -9.57001781463623
vertex 83.66622161865234 18.240041732788086 -1
endloop
endfacet
facet normal 0 0 1
outer loop
vertex -21.811237335205078 -60.23117446899414 0
vertex -21.452159881591797 -60.456233978271484 0
vertex -18.548721313476562 -58.28809356689453 0
endloop
endfacet
facet normal 0 0 1
outer loop
vertex -69.28187561035156 27.329524993896484 0
vertex -68.59367370605469 26.942852020263672 0
vertex -68.63691711425781 28.715723037719727 0
endloop
endfacet
facet normal -0.9839922265280892 -0.17821138609048987 0
outer loop
vertex -20.963172912597656 -63.31881332397461 -16.277395248413086
vertex -20.963172912597656 -63.31881332397461 -1
vertex -21.07660675048828 -62.69248962402344 -1
endloop
endfacet
facet normal 0.001623854158936677 0.9999982559169173 -0.0009226379541019433
outer loop
vertex 71.12816619873047 20.84127426147461 -3.5
vertex 59.893192291259766 20.854001998901367 -9.478774070739746
vertex 70.92816925048828 20.84252166748047 -2.5
endloop
endfacet
facet normal 0.4996109164456891 0.8662499116766377 0.00015062707659910102
outer loop
vertex -30.829627990722656 35.34387969970703 -1
vertex -46.48872756958008 44.37641906738281 -7.501740455627441
vertex -46.47373580932617 44.366641998291016 -1
endloop
endfacet
facet normal 0 0 1
outer loop
vertex 29.977828979492188 30.832731246948242 0
vertex 30.279272079467773 30.419504165649414 0
vertex 31.183496475219727 31.72301483154297 0
endloop
endfacet
facet normal 0 0 1
outer loop
vertex -37.46165466308594 -58.86952209472656 0
vertex -36.79585266113281 -59.30345153808594 0
vertex -36.462467193603516 -57.752445220947266 0
endloop
endfacet
facet normal 0 0 1
outer loop
vertex -82.96263122558594 43.67929458618164 0
vertex -82.58334350585938 42.985111236572266 0
vertex -81.55368041992188 44.19026565551758 0
endloop
endfacet
facet normal 0 0 1
outer loop
vertex 37.51913833618164 16.499956130981445 0
vertex 33.9461784362793 10.097122192382812 0
vertex 37.94029235839844 16.54712677001953 0
endloop
endfacet
facet normal 0 0 1
outer loop
vertex 81.75128173828125 -63.58809280395508 0
vertex 82.09398651123047 -64.56844329833984 0
vertex 82.49275970458984 -64.32328796386719 0
endloop
endfacet
facet normal 0 0 1
outer loop
vertex -37.50902557373047 -56.04786682128906 0
vertex -38.49134826660156 -57.668113708496094 0
vertex -37.37456130981445 -56.5413703918457 0
endloop
endfacet
facet normal 0 0 1
outer loop
vertex 56.87112808227539 18.339685440063477 0
vertex 54.9227409362793 15.986907958984375 0
vertex 58.459747314453125 17.766027450561523 0
endloop
endfacet
facet normal 0.5086199767623871 0.8609911261088751 0
outer loop
vertex -8.906620979309082 32.67889404296875 -3.5
vertex -8.906620979309082 32.67889404296875 -2.5
vertex -8.54175853729248 32.463356018066406 -3.5
endloop
endfacet
facet normal 0 0 1
outer loop
vertex 31.183496475219727 31.72301483154297 0
vertex 33.95325469970703 19.247644424438477 0
vertex 32.100982666015625 29.72901153564453 0
endloop
endfacet
facet normal 0.8298666925463003 -0.5579617073648174 0.00007560953733851764
outer loop
vertex 83.60041809082031 -64.6461181640625 -16.349653244018555
vertex 83.66361236572266 -64.55213165283203 -16.375438690185547
vertex 83.98136901855469 -64.07951354980469 -16.280990600585938
endloop
endfacet
facet normal 0 0 1
outer loop
vertex 40.58115005493164 17.443897247314453 0
vertex 39.73871612548828 15.587617874145508 0
vertex 40.197998046875 15.81274700164795 0
endloop
endfacet
facet normal 0 0 1
outer loop
vertex -62.18065643310547 22.99222755432129 0
vertex -62.16425704956055 20.664968490600586 0
vertex -61.934814453125 22.54368782043457 0
endloop
endfacet
facet normal -0.0001228073757036872 -0.9999999924591741 0
outer loop
vertex 72.52816772460938 -65.78443145751953 -4
vertex 73.27366638183594 -65.7845230102539 -1.6595429182052612
vertex 72.52816772460938 -65.78443145751953 -1.666500210762024
endloop
endfacet
facet normal 0 0 1
outer loop
vertex -61.934814453125 22.54368782043457 0
vertex -62.16425704956055 20.664968490600586 0
vertex -61.60879135131836 22.149566650390625 0
endloop
endfacet
facet normal 0 0 1
outer loop
vertex 54.9227409362793 15.986907958984375 0
vertex 56.53574752807617 18.08063507080078 0
vertex 56.39134216308594 17.99227523803711 0
endloop
endfacet
facet normal 0.33100637091564666 -0.9436285192877827 0
outer loop
vertex 81.88199615478516 -65.70254516601562 -16.350378036499023
vertex 82.5262680053711 -65.47654724121094 -16.393007278442383
vertex 81.88199615478516 -65.70254516601562 -1
endloop
endfacet
facet normal 0.001040378912596385 0.99999945875912 -0.000009653243749429282
outer loop
vertex 59.87051010131836 20.854026794433594 -1
vertex 72.13542175292969 20.841266632080078 -1
vertex 70.92816925048828 20.84252166748047 -1.100000023841858
endloop
endfacet
facet normal 0.829870937493014 -0.5579553988487487 0
outer loop
vertex 83.98136901855469 -64.07951354980469 -16.280990600585938
vertex 83.60041809082031 -64.6461181640625 -1
vertex 83.60041809082031 -64.6461181640625 -16.349653244018555
endloop
endfacet
facet normal -0.6695359780826339 -0.7427796268429357 0
outer loop
vertex -65.8283920288086 25.083309173583984 -1
vertex -65.51362609863281 24.79958152770996 -8.96992301940918
vertex -65.51362609863281 24.79958152770996 -1
endloop
endfacet
facet normal 0.8175147578733657 0.5759076493940133 0.000005358613841347761
outer loop
vertex 83.66622161865234 18.240041732788086 -9.57001781463623
vertex 83.57755279541016 18.365909576416016 -9.604055404663086
vertex 83.09893035888672 19.045324325561523 -9.463316917419434
endloop
endfacet
facet normal 0 0 1
outer loop
vertex -21.005098342895508 -60.84550094604492 0
vertex -20.908823013305664 -60.941776275634766 0
vertex -18.548721313476562 -58.28809356689453 0
endloop
endfacet
facet normal -0.947520674679551 -0.3196944964412251 0
outer loop
vertex -21.21208381652832 -62.290958404541016 -1
vertex -21.07660675048828 -62.69248962402344 -16.28564453125
vertex -21.07660675048828 -62.69248962402344 -1
endloop
endfacet
facet normal 5.010984442343028e-15 -7.936391266761898e-15 1
outer loop
vertex -48.45567321777344 42.62417221069336 0
vertex -46.97332763671875 43.50042724609375 -4.737078344331774e-16
vertex -47.01822280883789 43.531768798828125 0
endloop
endfacet
facet normal 0 0 1
outer loop
vertex 11.1790771484375 30.712318420410156 0
vertex 9.564460754394531 28.540760040283203 0
vertex 11.342889785766602 30.669082641601562 0
endloop
endfacet
facet normal 0 0 1
outer loop
vertex -19.99330711364746 -63.06260299682617 0
vertex -19.829071044921875 -63.530799865722656 0
vertex -18.423059463500977 -62.98826217651367 0
endloop
endfacet
facet normal 0 0 1
outer loop
vertex 27.661623001098633 33.226158142089844 0
vertex 12.525426864624023 30.596412658691406 0
vertex 28.453147888183594 33.20745849609375 0
endloop
endfacet
facet normal 0 0 1
outer loop
vertex -81.55368041992188 44.19026565551758 0
vertex -81.72527313232422 44.672119140625 0
vertex -82.96263122558594 43.67929458618164 0
endloop
endfacet
facet normal -0.7957452667543261 -0.6056314642074673 -7.46906789670565e-8
outer loop
vertex -40.59426498413086 8.437192916870117 -10.352144241333008
vertex -40.438194274902344 8.23213005065918 -10.408773422241211
vertex -40.69484329223633 8.569342613220215 -1
endloop
endfacet
facet normal -0.546007629784308 -0.8377802028081842 0
outer loop
vertex -38.08738708496094 -59.65534591674805 -15.916631698608398
vertex -37.262142181396484 -60.19318389892578 -15.874391555786133
vertex -38.08738708496094 -59.65534591674805 -1
endloop
endfacet
facet normal 0 0 1
outer loop
vertex -14.815308570861816 -63.58809280395508 0
vertex -17.248722076416016 -63.58809280395508 0
vertex -14.815308570861816 -64.08808898925781 0
endloop
endfacet
facet normal 0 0 1
outer loop
vertex -62.38350296020508 61.13597106933594 0
vertex -62.48456954956055 59.28141403198242 0
vertex -61.3077278137207 60.21249771118164 0
endloop
endfacet
facet normal 0.355887891354067 0.9345286559477756 0
outer loop
vertex -8.54175853729248 32.463356018066406 -1.100000023841858
vertex -8.54175853729248 32.463356018066406 -1
vertex -8.145734786987305 32.31254196166992 -1.108946681022644
endloop
endfacet
facet normal -0.2251800193366593 -0.9743171757140944 -2.2864526086568478e-7
outer loop
vertex -22.737276077270508 -60.90876770019531 -16.05138397216797
vertex -23.150161743164062 -60.81334686279297 -1
vertex -22.881254196166992 -60.875492095947266 -16.038936614990234
endloop
endfacet
facet normal 0.0691167088930323 0.9976085808330657 -1.7963541442276407e-7
outer loop
vertex -64.68169403076172 62.742942810058594 -5.958291053771973
vertex -64.17782592773438 62.70803451538086 -1
vertex -63.703758239746094 62.67518997192383 -1
endloop
endfacet
facet normal 0.06679780052803365 0.9977665327339259 8.583158881161633e-7
outer loop
vertex 37.41647720336914 17.494672775268555 -1
vertex 36.99365234375 17.522987365722656 -9.831377983093262
vertex 37.37932586669922 17.497159957885742 -1
endloop
endfacet
facet normal 0.9702485179839777 0.24211115907759156 0
outer loop
vertex 33.07966232299805 29.93733024597168 -1
vertex 32.90251159667969 30.647253036499023 -8.503539085388184
vertex 32.90251159667969 30.647253036499023 -1
endloop
endfacet
facet normal 0.0691158024635387 0.9976086436322718 0
outer loop
vertex -63.703758239746094 62.67518997192383 -5.862026214599609
vertex -64.68169403076172 62.742942810058594 -5.958291053771973
vertex -63.703758239746094 62.67518997192383 -1
endloop
endfacet
facet normal 0.5959155175381401 0.8030471314385151 0.000025409107393474756
outer loop
vertex -61.07297134399414 61.40872573852539 -6.004624366760254
vertex -61.16707992553711 61.47856140136719 -6.026846408843994
vertex -61.86400604248047 61.995723724365234 -5.894307613372803
endloop
endfacet
facet normal 0.4995839090366699 0.8662655007742374 0
outer loop
vertex -30.829627990722656 35.34387969970703 -8.272554397583008
vertex -30.886070251464844 35.37643051147461 -8.253501892089844
vertex -30.829627990722656 35.34387969970703 -1
endloop
endfacet
facet normal -0.1565499433080601 0.9876699536943809 -0.0004216865931048325
outer loop
vertex 59.893192291259766 20.854001998901367 -9.478774070739746
vertex 58.785316467285156 20.678443908691406 -9.373372077941895
vertex 59.87051010131836 20.854026794433594 -1
endloop
endfacet
facet normal -0.0023989744208332744 -0.9999971224567239 0
outer loop
vertex -35.384498596191406 -60.75959396362305 -1
vertex -23.504621505737305 -60.78809356689453 -16.012466430664062
vertex -23.504621505737305 -60.78809356689453 -1
endloop
endfacet
facet normal 0 0 1
outer loop
vertex 39.79628372192383 17.25662612915039 0
vertex 38.658748626708984 16.741350173950195 0
vertex 40.58115005493164 17.443897247314453 0
endloop
endfacet
facet normal -0.9856522999906494 -0.16878845790853952 0
outer loop
vertex -64.91240692138672 23.693260192871094 -1
vertex -64.81140899658203 23.10347557067871 -9.07596206665039
vertex -64.81140899658203 23.10347557067871 -1
endloop
endfacet
facet normal 0.3422736671755581 0.9396003069168185 1.2555428388132913e-7
outer loop
vertex -30.628963470458984 35.270782470703125 -8.29179573059082
vertex -30.829627990722656 35.34387969970703 -8.272554397583008
vertex -30.431453704833984 35.19883346557617 -1
endloop
endfacet
facet normal 0.1968239550978493 0.9804388459764536 0
outer loop
vertex -11.972172737121582 34.88954162597656 -8.277517318725586
vertex -12.016371726989746 34.898414611816406 -8.290533065795898
vertex -11.972172737121582 34.88954162597656 -1
endloop
endfacet
facet normal -0.00012919382910476352 -0.9999999916385512 -0.000005643726358409723
outer loop
vertex 19.82530403137207 -65.77760314941406 -3.564180612564087
vertex 20.311939239501953 -65.77766418457031 -3.8893399238586426
vertex 67.62816619873047 -65.7837905883789 -1.5080732107162476
endloop
endfacet
facet normal 0 0 1
outer loop
vertex -21.346088409423828 -60.53395462036133 0
vertex -21.319108963012695 -60.560935974121094 0
vertex -18.548721313476562 -58.28809356689453 0
endloop
endfacet
facet normal 0.000002301093868106917 0.08368052209518459 -0.9964926343012187
outer loop
vertex -31.545955657958984 34.88311004638672 -9.109475135803223
vertex -31.19668960571289 34.697078704833984 -9.125096321105957
vertex 83.24412536621094 -62.95170593261719 -17.324893951416016
endloop
endfacet
facet normal -1.2941353975860746e-7 0.083677602788026 -0.996492879448535
outer loop
vertex 81.14583587646484 -64.54967498779297 -17.45907974243164
vertex 13.251277923583984 -30.588092803955078 -14.607245445251465
vertex 13.213217735290527 -30.39674949645996 -14.591177940368652
endloop
endfacet
facet normal 2.4335643603041172e-8 0.08367771808579232 -0.9964928697667405
outer loop
vertex -39.0081672668457 -55.89692687988281 -16.732486724853516
vertex -6.7106614112854 -44.77943420410156 -15.798925399780273
vertex -6.602275371551514 -44.941646575927734 -15.812546730041504
endloop
endfacet
facet normal -2.2367351644608223e-8 0.08367781529179871 -0.9964928616041318
outer loop
vertex 81.14583587646484 -64.54967498779297 -17.45907974243164
vertex 13.251277923583984 -44.58809280395508 -15.782857894897461
vertex 13.251277923583984 -30.588092803955078 -14.607245445251465
endloop
endfacet
facet normal 1.582662540124453e-7 0.0836784253719902 -0.9964928103740835
outer loop
vertex 81.14583587646484 -64.54967498779297 -17.45907974243164
vertex 13.213217735290527 -44.77943420410156 -15.798925399780273
vertex 13.251277923583984 -44.58809280395508 -15.782857894897461
endloop
endfacet
facet normal -4.500536561033813e-8 0.08367773180005296 -0.9964928686151229
outer loop
vertex 81.14583587646484 -64.54967498779297 -17.45907974243164
vertex 13.10483169555664 -44.941646575927734 -15.812546730041504
vertex 13.213217735290527 -44.77943420410156 -15.798925399780273
endloop
endfacet
facet normal 6.530271253053413e-7 0.08368013705303677 -0.9964926666375216
outer loop
vertex 81.14583587646484 -64.54967498779297 -17.45907974243164
vertex 12.942620277404785 -45.05003356933594 -15.821648597717285
vertex 13.10483169555664 -44.941646575927734 -15.812546730041504
endloop
endfacet
facet normal 0 0.08367787719138242 -0.9964928564062785
outer loop
vertex 81.14583587646484 -64.54967498779297 -17.45907974243164
vertex -6.248722076416016 -45.08809280395508 -15.824844360351562
vertex 12.751277923583984 -45.08809280395508 -15.824844360351562
endloop
endfacet
facet normal -5.795576788777028e-8 0.08367628758556672 -0.9964929898879842
outer loop
vertex 81.14583587646484 -64.54967498779297 -17.45907974243164
vertex -20.519819259643555 -61.39021301269531 -17.193771362304688
vertex -20.8204402923584 -61.02519226074219 -17.16312026977539
endloop
endfacet
facet normal 0.0000022498359148094536 0.0837250510377465 -0.9964888939790875
outer loop
vertex -22.900854110717773 -59.62893295288086 -17.045873641967773
vertex -23.427900314331055 -59.577205657958984 -17.041528701782227
vertex 81.14583587646484 -64.54967498779297 -17.45907974243164
endloop
endfacet
facet normal 8.113037089830204e-8 0.08368028329027115 -0.9964926543574986
outer loop
vertex -20.8204402923584 -61.02519226074219 -17.16312026977539
vertex -21.273103713989258 -60.53899002075195 -17.122291564941406
vertex 81.14583587646484 -64.54967498779297 -17.45907974243164
endloop
endfacet
facet normal -1.181552265593391e-7 0.08367522986312598 -0.9964930787051854
outer loop
vertex -21.273103713989258 -60.53899002075195 -17.122291564941406
vertex -21.344263076782227 -60.45258331298828 -17.115036010742188
vertex 81.14583587646484 -64.54967498779297 -17.45907974243164
endloop
endfacet
facet normal 1.1448969014205749e-7 0.08368056661588473 -0.9964926305652397
outer loop
vertex -21.797279357910156 -60.08210754394531 -17.083927154541016
vertex -22.337772369384766 -59.79966735839844 -17.060209274291992
vertex 81.14583587646484 -64.54967498779297 -17.45907974243164
endloop
endfacet
facet normal -3.180048311937776e-8 0.08367714484727604 -0.9964929179026849
outer loop
vertex 81.14583587646484 -64.54967498779297 -17.45907974243164
vertex -22.54175567626953 -59.737483978271484 -17.054988861083984
vertex -22.900854110717773 -59.62893295288086 -17.045873641967773
endloop
endfacet
facet normal -1.6172332932830735e-8 0.0836776226851924 -0.9964928777777363
outer loop
vertex -20.519819259643555 -61.39021301269531 -17.193771362304688
vertex 81.14583587646484 -64.54967498779297 -17.45907974243164
vertex -18.45954132080078 -64.43476104736328 -17.44942855834961
endloop
endfacet
facet normal -8.045374827896101e-9 0.08367789914580591 -0.9964928545627131
outer loop
vertex -23.427900314331055 -59.577205657958984 -17.041528701782227
vertex -39.0081672668457 -55.89692687988281 -16.732486724853516
vertex 81.14583587646484 -64.54967498779297 -17.45907974243164
endloop
endfacet
facet normal 0.000004751127956668058 0.08368250037366837 -0.9964924681645306
outer loop
vertex -19.836999893188477 -63.26206970214844 -17.350955963134766
vertex -18.45954132080078 -64.43476104736328 -17.44942855834961
vertex -19.254112243652344 -64.01602935791016 -17.414268493652344
endloop
endfacet
facet normal -0.0000013322778343200137 0.08367708094507786 -0.9964929232677651
outer loop
vertex 36.89630126953125 16.853857040405273 -10.623433113098145
vertex 37.48146057128906 16.79680824279785 -10.62822437286377
vertex 83.24412536621094 -62.95170593261719 -17.324893951416016
endloop
endfacet
facet normal -0.0000019602552195469253 0.08367669399917678 -0.9964929557591089
outer loop
vertex 83.24412536621094 -62.95170593261719 -17.324893951416016
vertex 35.550472259521484 17.442672729492188 -10.573988914489746
vertex 36.07252502441406 17.1634464263916 -10.597436904907227
endloop
endfacet
facet normal -3.1760338119337654e-8 0.08367779945272616 -0.9964928629341748
outer loop
vertex -39.0081672668457 -55.89692687988281 -16.732486724853516
vertex -23.427900314331055 -59.577205657958984 -17.041528701782227
vertex -36.09721755981445 -59.334556579589844 -17.02115249633789
endloop
endfacet
facet normal 9.479004402398021e-8 0.08367789553244295 -0.9964928548661314
outer loop
vertex 83.24412536621094 -62.95170593261719 -17.324893951416016
vertex 36.07252502441406 17.1634464263916 -10.597436904907227
vertex 36.33549499511719 17.023380279541016 -10.609198570251465
endloop
endfacet
facet normal 0.0000024065353660751487 0.08367926644142638 -0.9964927397437642
outer loop
vertex 35.550472259521484 17.442672729492188 -10.573988914489746
vertex 83.24412536621094 -62.95170593261719 -17.324893951416016
vertex 35.296600341796875 17.57789421081543 -10.562634468078613
endloop
endfacet
facet normal 2.925564800334356e-7 0.08367807215794758 -0.9964928400344097
outer loop
vertex -36.09721755981445 -59.334556579589844 -17.02115249633789
vertex -38.488059997558594 -57.41987609863281 -16.86037254333496
vertex -39.0081672668457 -55.89692687988281 -16.732486724853516
endloop
endfacet
facet normal -3.3370832112509144e-8 0.08367782967504449 -0.9964928603963369
outer loop
vertex 83.24412536621094 -62.95170593261719 -17.324893951416016
vertex 38.46039581298828 16.973129272460938 -10.613417625427246
vertex 40.599945068359375 17.701557159423828 -10.552249908447266
endloop
endfacet
facet normal -3.8869220640812306e-7 0.08367739673311363 -0.9964928967513106
outer loop
vertex 83.24412536621094 -62.95170593261719 -17.324893951416016
vertex -30.318038940429688 34.44147491455078 -9.146559715270996
vertex -29.773609161376953 34.38804244995117 -9.151046752929688
endloop
endfacet
facet normal 0.0000011876320804535158 0.08367918200389612 -0.9964927468364977
outer loop
vertex -37.45848846435547 -58.62114715576172 -16.961246490478516
vertex -38.488059997558594 -57.41987609863281 -16.86037254333496
vertex -36.09721755981445 -59.334556579589844 -17.02115249633789
endloop
endfacet
facet normal 6.164782324741585e-8 0.08367785877159731 -0.9964928579530296
outer loop
vertex 83.24412536621094 -62.95170593261719 -17.324893951416016
vertex 55.68849182128906 18.037290573120117 -10.52405834197998
vertex 56.187599182128906 18.30313491821289 -10.501734733581543
endloop
endfacet
facet normal 3.347049907595995e-8 0.08367812529184146 -0.9964928355726607
outer loop
vertex -47.05976867675781 43.83991241455078 -8.357351303100586
vertex -82.1722412109375 48.44182586669922 -7.970917701721191
vertex -47.51278305053711 44.21038818359375 -8.326241493225098
endloop
endfacet
facet normal -2.997459037391778e-8 0.08367780325907044 -0.9964928626145475
outer loop
vertex 13.10483169555664 -30.234539031982422 -14.577556610107422
vertex -39.06315231323242 6.886397361755371 -11.460424423217773
vertex 81.14583587646484 -64.54967498779297 -17.45907974243164
endloop
endfacet
facet normal -6.742973247716229e-7 0.08367719234473295 -0.9964929139140166
outer loop
vertex 83.24412536621094 -62.95170593261719 -17.324893951416016
vertex -9.010398864746094 31.644166946411133 -9.38145637512207
vertex -8.815308570861816 31.62495231628418 -9.38306999206543
endloop
endfacet
facet normal 5.563186596060759e-7 0.08367838181960914 -0.9964928140311611
outer loop
vertex 83.24412536621094 -62.95170593261719 -17.324893951416016
vertex -8.815308570861816 31.62495231628418 -9.38306999206543
vertex -8.620218276977539 31.644166946411133 -9.38145637512207
endloop
endfacet
facet normal 7.208574743190052e-7 0.08367907130625153 -0.9964927561326292
outer loop
vertex 34.1955451965332 18.914825439453125 -10.450368881225586
vertex 12.452014923095703 30.88811683654785 -9.444944381713867
vertex 12.929642677307129 30.934993743896484 -9.441007614135742
endloop
endfacet
facet normal 3.808320164176413e-7 0.08367854381850975 -0.9964928004277145
outer loop
vertex 34.84358215332031 17.9483699798584 -10.531524658203125
vertex 11.69642448425293 30.997461318969727 -9.435761451721191
vertex 34.4718017578125 18.399797439575195 -10.493617057800293
endloop
endfacet
facet normal -5.540900863113524e-9 0.08367781529179871 -0.9964928616041319
outer loop
vertex -6.748722076416016 -44.58809280395508 -15.782857894897461
vertex -39.0081672668457 -55.89692687988281 -16.732486724853516
vertex -6.748722076416016 -30.588092803955078 -14.607245445251465
endloop
endfacet
facet normal -5.501086241293798e-7 0.08367704943568358 -0.9964929259143969
outer loop
vertex 80.40369415283203 19.90662384033203 -10.367085456848145
vertex 81.76104736328125 19.195268630981445 -10.426819801330566
vertex 82.79061889648438 17.993999481201172 -10.527692794799805
endloop
endfacet
facet normal -1.2214098281998136e-7 0.0836777043976393 -0.9964928709161578
outer loop
vertex -62.78044128417969 21.476398468017578 -10.235267639160156
vertex -64.13030242919922 24.38898468017578 -9.990691184997559
vertex -45.208473205566406 11.08789348602295 -11.10761547088623
endloop
endfacet
facet normal 8.379665408474423e-8 0.0836780168495927 -0.9964928446788326
outer loop
vertex -64.21237182617188 24.65859603881836 -9.968050956726074
vertex -64.48863220214844 25.17362403869629 -9.924802780151367
vertex -45.208473205566406 11.08789348602295 -11.10761547088623
endloop
endfacet
facet normal -0.0000014254761354161635 0.08366961879791203 -0.9964935498477548
outer loop
vertex 82.79061889648438 17.993999481201172 -10.527692794799805
vertex 71.93307495117188 19.860488891601562 -10.370959281921387
vertex 72.12816619873047 19.84127426147461 -10.372572898864746
endloop
endfacet
facet normal -9.208859812968311e-7 0.08367694598589127 -0.9964929346009566
outer loop
vertex 83.24412536621094 -62.95170593261719 -17.324893951416016
vertex -9.370878219604492 31.79348373413086 -9.368918418884277
vertex -9.197991371154785 31.701072692871094 -9.376678466796875
endloop
endfacet
facet normal 6.290931254586476e-8 0.0836778091155808 -0.9964928621227612
outer loop
vertex 82.79061889648438 17.993999481201172 -10.527692794799805
vertex 72.64059448242188 19.98674201965332 -10.360358238220215
vertex 80.40369415283203 19.90662384033203 -10.367085456848145
endloop
endfacet
facet normal -0.0000026043112561544187 0.0836743632040901 -0.9964931514745134
outer loop
vertex -64.48863220214844 25.17362403869629 -9.924802780151367
vertex -64.86041259765625 25.625049591064453 -9.886896133422852
vertex -45.208473205566406 11.08789348602295 -11.10761547088623
endloop
endfacet
facet normal -0.0000011824154769734544 0.08367126825416428 -0.9964934113516966
outer loop
vertex 82.79061889648438 17.993999481201172 -10.527692794799805
vertex 72.32325744628906 19.860488891601562 -10.370959281921387
vertex 72.51084899902344 19.917394638061523 -10.366181373596191
endloop
endfacet
facet normal 0.000002245256381471721 0.0836875333383536 -0.9964920455069879
outer loop
vertex -8.432624816894531 31.701072692871094 -9.376678466796875
vertex -8.326981544494629 31.75754165649414 -9.371935844421387
vertex -7.797585487365723 31.63125228881836 -9.382540702819824
endloop
endfacet
facet normal 0.0000013716311451563273 0.0836796861737876 -0.9964927044991222
outer loop
vertex -9.976821899414062 32.598388671875 -9.301328659057617
vertex -12.222527503967285 34.157264709472656 -9.170426368713379
vertex -10.824529647827148 33.42460632324219 -9.231948852539062
endloop
endfacet
facet normal -3.788187668504059e-7 0.08367413299336517 -0.996493170808343
outer loop
vertex -9.739188194274902 32.24226760864258 -9.331232070922852
vertex -29.773609161376953 34.38804244995117 -9.151046752929688
vertex -9.798314094543457 32.4524040222168 -9.313587188720703
endloop
endfacet
facet normal 8.877202813187471e-8 0.08367801949903733 -0.9964928444563518
outer loop
vertex 11.69642448425293 30.997461318969727 -9.435761451721191
vertex 34.1955451965332 18.914825439453125 -10.450368881225586
vertex 34.4718017578125 18.399797439575195 -10.493617057800293
endloop
endfacet
facet normal -1.269537926787364e-7 0.0836767139767514 -0.9964929540834883
outer loop
vertex -29.773609161376953 34.38804244995117 -9.151046752929688
vertex -9.976821899414062 32.598388671875 -9.301328659057617
vertex -9.798314094543457 32.4524040222168 -9.313587188720703
endloop
endfacet
facet normal -4.023860584711636e-8 0.083677666486118 -0.9964928740996778
outer loop
vertex -29.773609161376953 34.38804244995117 -9.151046752929688
vertex -12.222527503967285 34.157264709472656 -9.170426368713379
vertex -9.976821899414062 32.598388671875 -9.301328659057617
endloop
endfacet
facet normal 1.2084296496501613e-7 0.08367876551200627 -0.9964927818114749
outer loop
vertex -9.646778106689453 32.06938171386719 -9.345749855041504
vertex -29.773609161376953 34.38804244995117 -9.151046752929688
vertex -9.739188194274902 32.24226760864258 -9.331232070922852
endloop
endfacet
facet normal 1.1909844737969183e-7 0.08367875047498213 -0.9964927830741833
outer loop
vertex -9.522415161132812 31.9178466796875 -9.358474731445312
vertex -29.773609161376953 34.38804244995117 -9.151046752929688
vertex -9.646778106689453 32.06938171386719 -9.345749855041504
endloop
endfacet
facet normal 7.427262164088821e-7 0.08368382730896504 -0.9964923567425752
outer loop
vertex -29.773609161376953 34.38804244995117 -9.151046752929688
vertex -9.522415161132812 31.9178466796875 -9.358474731445312
vertex -9.370878219604492 31.79348373413086 -9.368918418884277
endloop
endfacet
facet normal 1.0363804139718245e-10 0.0836778438084944 -0.9964928592095184
outer loop
vertex -82.1722412109375 48.44182586669922 -7.970917701721191
vertex -46.89219284057617 43.75065612792969 -8.364846229553223
vertex 83.24412536621094 -62.95170593261719 -17.324893951416016
endloop
endfacet
facet normal 8.181813614537756e-8 0.08367796616543813 -0.9964928489349079
outer loop
vertex 81.14583587646484 -64.54967498779297 -17.45907974243164
vertex -83.24174499511719 46.220184326171875 -8.157474517822266
vertex -82.1722412109375 48.44182586669922 -7.970917701721191
endloop
endfacet
facet normal 2.430089394538608e-10 0.083677845951856 -0.9964928590295353
outer loop
vertex 81.14583587646484 -64.54967498779297 -17.45907974243164
vertex -83.20230102539062 44.68498992919922 -8.286388397216797
vertex -83.24174499511719 46.220184326171875 -8.157474517822266
endloop
endfacet
facet normal -1.4568929429211356e-7 0.08367762792794356 -0.9964928773374806
outer loop
vertex 81.14583587646484 -64.54967498779297 -17.45907974243164
vertex -82.56072235107422 43.18922424316406 -8.411991119384766
vertex -83.20230102539062 44.68498992919922 -8.286388397216797
endloop
endfacet
facet normal 6.156842707989443e-7 0.08367844416743857 -0.9964928087955968
outer loop
vertex -82.56072235107422 43.18922424316406 -8.411991119384766
vertex -65.1716079711914 25.879545211791992 -9.865525245666504
vertex -65.64220428466797 26.23634910583496 -9.835563659667969
endloop
endfacet
facet normal -2.935668113435744e-7 0.08367757746581972 -0.9964928815748588
outer loop
vertex -66.7786865234375 26.779468536376953 -9.789957046508789
vertex -68.5872802734375 27.19146156311035 -9.75536060333252
vertex -82.56072235107422 43.18922424316406 -8.411991119384766
endloop
endfacet
facet normal 5.518235596253026e-7 0.08367831071201677 -0.9964928200022711
outer loop
vertex -68.5872802734375 27.19146156311035 -9.75536060333252
vertex -70.01332092285156 28.20430564880371 -9.670310020446777
vertex -82.56072235107422 43.18922424316406 -8.411991119384766
endloop
endfacet
facet normal 0.00001383842507594158 0.08369154769711083 -0.9964917082708518
outer loop
vertex -65.64220428466797 26.23634910583496 -9.835563659667969
vertex -65.78402709960938 26.352331161499023 -9.825824737548828
vertex -82.56072235107422 43.18922424316406 -8.411991119384766
endloop
endfacet
facet normal -0.000002112208834661425 0.08367576539464013 -0.9964930337343857
outer loop
vertex -65.78402709960938 26.352331161499023 -9.825824737548828
vertex -66.30086517333984 26.62761878967285 -9.80270767211914
vertex -82.56072235107422 43.18922424316406 -8.411991119384766
endloop
endfacet
facet normal 0.000006686500087605838 0.083686178477666 -0.9964921592702548
outer loop
vertex -82.56072235107422 43.18922424316406 -8.411991119384766
vertex -40.84306716918945 10.021256446838379 -11.197182655334473
vertex -41.24760818481445 10.24013900756836 -11.178803443908691
endloop
endfacet
facet normal -0.0000037942874486201438 0.08367312919130654 -0.996493255088532
outer loop
vertex -41.53007125854492 10.374396324157715 -11.167529106140137
vertex -82.56072235107422 43.18922424316406 -8.411991119384766
vertex -41.24760818481445 10.24013900756836 -11.178803443908691
endloop
endfacet
facet normal -1.852670002431636e-8 0.08367783172801399 -0.9964928602239445
outer loop
vertex -6.748722076416016 -30.588092803955078 -14.607245445251465
vertex -39.0081672668457 -55.89692687988281 -16.732486724853516
vertex -39.06315231323242 6.886397361755371 -11.460424423217773
endloop
endfacet
facet normal -0.000015339419489289445 0.08365866890887763 -0.9964944690669874
outer loop
vertex -82.56072235107422 43.18922424316406 -8.411991119384766
vertex -40.60868835449219 9.880224227905273 -11.209026336669922
vertex -40.84306716918945 10.021256446838379 -11.197182655334473
endloop
endfacet
facet normal -0.0000011229196555878863 0.08367644600080835 -0.9964929765850901
outer loop
vertex -41.53007125854492 10.374396324157715 -11.167529106140137
vertex -42.09087371826172 10.543917655944824 -11.15329360961914
vertex -82.56072235107422 43.18922424316406 -8.411991119384766
endloop
endfacet
facet normal 3.485399713937502e-7 0.08367825737256135 -0.996492824481426
outer loop
vertex -42.09087371826172 10.543917655944824 -11.15329360961914
vertex -42.65118408203125 10.598910331726074 -11.148675918579102
vertex -82.56072235107422 43.18922424316406 -8.411991119384766
endloop
endfacet
facet normal 0.0000018151113419392218 0.08368107020286587 -0.9964925882746988
outer loop
vertex 34.84358215332031 17.9483699798584 -10.531524658203125
vertex 10.818965911865234 31.226882934570312 -9.416497230529785
vertex 11.69642448425293 30.997461318969727 -9.435761451721191
endloop
endfacet
facet normal -1.7854103596135376e-7 0.08367761643768656 -0.9964928783023367
outer loop
vertex -42.65118408203125 10.598910331726074 -11.148675918579102
vertex -43.46205139160156 10.607267379760742 -11.147974014282227
vertex -82.56072235107422 43.18922424316406 -8.411991119384766
endloop
endfacet
facet normal 0.000005857621413657151 0.08368609658871601 -0.9964921661525655
outer loop
vertex -43.46205139160156 10.607267379760742 -11.147974014282227
vertex -64.86041259765625 25.625049591064453 -9.886896133422852
vertex -65.1716079711914 25.879545211791992 -9.865525245666504
endloop
endfacet
facet normal 0.0000010602963962746721 0.08367937472786761 -0.9964927306528778
outer loop
vertex -45.208473205566406 11.08789348602295 -11.10761547088623
vertex -64.13030242919922 24.38898468017578 -9.990691184997559
vertex -64.21237182617188 24.65859603881836 -9.968050956726074
endloop
endfacet
facet normal -6.924950802734111e-7 0.08367658833230916 -0.9964929646337629
outer loop
vertex 34.1955451965332 18.914825439453125 -10.450368881225586
vertex 12.929642677307129 30.934993743896484 -9.441007614135742
vertex 34.025428771972656 19.473665237426758 -10.4034423828125
endloop
endfacet
facet normal -3.6598261950275336e-7 0.08367749703782702 -0.9964928883285371
outer loop
vertex 83.24412536621094 -62.95170593261719 -17.324893951416016
vertex -7.038813591003418 31.520944595336914 -9.391803741455078
vertex -6.7327189445495605 31.55098533630371 -9.389281272888184
endloop
endfacet
facet normal -0.0000024653473149190077 0.08367546795282368 -0.9964930587097925
outer loop
vertex 83.24412536621094 -62.95170593261719 -17.324893951416016
vertex -8.620218276977539 31.644166946411133 -9.38145637512207
vertex -8.432624816894531 31.701072692871094 -9.376678466796875
endloop
endfacet
facet normal -7.160568927184841e-9 0.08367783697642109 -0.9964928597832237
outer loop
vertex 34.01824188232422 19.51090431213379 -10.400315284729004
vertex 12.929642677307129 30.934993743896484 -9.441007614135742
vertex 31.958681106567383 30.56209945678711 -9.472320556640625
endloop
endfacet
facet normal -2.109906521392526e-7 0.08367642377583831 -0.9964929784519516
outer loop
vertex 82.79061889648438 17.993999481201172 -10.527692794799805
vertex 72.51084899902344 19.917394638061523 -10.366181373596191
vertex 72.64059448242188 19.98674201965332 -10.360358238220215
endloop
endfacet
facet normal 3.9216936951013e-7 0.08368003677266612 -0.9964926750586637
outer loop
vertex 82.79061889648438 17.993999481201172 -10.527692794799805
vertex 72.12816619873047 19.84127426147461 -10.372572898864746
vertex 72.32325744628906 19.860488891601562 -10.370959281921387
endloop
endfacet
facet normal 6.140907005772148e-8 0.08367833137442879 -0.9964928182673408
outer loop
vertex 83.3104476928711 16.47186279296875 -10.655510902404785
vertex 59.992774963378906 20.11727523803711 -10.349396705627441
vertex 82.79061889648438 17.993999481201172 -10.527692794799805
endloop
endfacet
facet normal 1.92786350481111e-9 0.08367829751758772 -0.9964928211103972
outer loop
vertex 31.958681106567383 30.56209945678711 -9.472320556640625
vertex 12.929642677307129 30.934993743896484 -9.441007614135742
vertex 31.18014144897461 31.97515296936035 -9.353662490844727
endloop
endfacet
facet normal 9.382909141705439e-9 0.0836795052146708 -0.9964927196959483
outer loop
vertex 59.992774963378906 20.11727523803711 -10.349396705627441
vertex 71.59556579589844 19.997528076171875 -10.359452247619629
vertex 71.7454833984375 19.917394638061523 -10.366181373596191
endloop
endfacet
facet normal 2.822854063560623e-7 0.0836777309480639 -0.9964928686866272
outer loop
vertex 31.18014144897461 31.97515296936035 -9.353662490844727
vertex 28.496503829956055 33.44439697265625 -9.230287551879883
vertex 29.95816993713379 32.979026794433594 -9.269365310668945
endloop
endfacet
facet normal 5.781402543995159e-8 0.08367732381222326 -0.9964929028746874
outer loop
vertex 12.929642677307129 30.934993743896484 -9.441007614135742
vertex 28.496503829956055 33.44439697265625 -9.230287551879883
vertex 31.18014144897461 31.97515296936035 -9.353662490844727
endloop
endfacet
facet normal -2.097435880858148e-7 0.08366671108556772 -0.99649379398774
outer loop
vertex 59.992774963378906 20.11727523803711 -10.349396705627441
vertex 71.7454833984375 19.917394638061523 -10.366181373596191
vertex 71.93307495117188 19.860488891601562 -10.370959281921387
endloop
endfacet
facet normal 4.1228651687307026e-9 0.08367783410135719 -0.9964928600246495
outer loop
vertex -65.1716079711914 25.879545211791992 -9.865525245666504
vertex -82.56072235107422 43.18922424316406 -8.411991119384766
vertex -43.46205139160156 10.607267379760742 -11.147974014282227
endloop
endfacet
facet normal 1.5987279280054125e-7 0.08367594578004878 -0.9964930185895879
outer loop
vertex 8.392446517944336 32.62969207763672 -9.298699378967285
vertex -6.7327189445495605 31.55098533630371 -9.389281272888184
vertex 6.805196285247803 32.931968688964844 -9.273317337036133
endloop
endfacet
facet normal 3.2428062247286846e-8 0.08368055979008263 -0.9964926311384431
outer loop
vertex 10.818965911865234 31.226882934570312 -9.416497230529785
vertex -6.7327189445495605 31.55098533630371 -9.389281272888184
vertex 10.430532455444336 31.34429931640625 -9.406637191772461
endloop
endfacet
facet normal -1.492844640143465e-8 0.0836783796067062 -0.9964928142171401
outer loop
vertex -6.7327189445495605 31.55098533630371 -9.389281272888184
vertex 8.392446517944336 32.62969207763672 -9.298699378967285
vertex 9.91685676574707 31.617483139038086 -9.383697509765625
endloop
endfacet
facet normal -9.71895830967655e-9 0.08367708439897785 -0.9964929229786262
outer loop
vertex -6.7327189445495605 31.55098533630371 -9.389281272888184
vertex 9.91685676574707 31.617483139038086 -9.383697509765625
vertex 10.430532455444336 31.34429931640625 -9.406637191772461
endloop
endfacet
facet normal 7.342523704499171e-7 0.0836791960239641 -0.9964927456596179
outer loop
vertex 34.025428771972656 19.473665237426758 -10.4034423828125
vertex 12.929642677307129 30.934993743896484 -9.441007614135742
vertex 34.01824188232422 19.51090431213379 -10.400315284729004
endloop
endfacet
facet normal 1.3813196943465837e-7 0.08367825237622598 -0.9964928249010334
outer loop
vertex 35.296600341796875 17.57789421081543 -10.562634468078613
vertex -6.7327189445495605 31.55098533630371 -9.389281272888184
vertex 34.84358215332031 17.9483699798584 -10.531524658203125
endloop
endfacet
facet normal 3.6462459743769106e-8 0.08367787894217162 -0.9964928562592599
outer loop
vertex 83.24412536621094 -62.95170593261719 -17.324893951416016
vertex -7.6220316886901855 31.578184127807617 -9.38699722290039
vertex -7.038813591003418 31.520944595336914 -9.391803741455078
endloop
endfacet
facet normal -0.00000209672624917236 0.08367584278761149 -0.9964930272357085
outer loop
vertex 83.24412536621094 -62.95170593261719 -17.324893951416016
vertex -7.797585487365723 31.63125228881836 -9.382540702819824
vertex -7.6220316886901855 31.578184127807617 -9.38699722290039
endloop
endfacet
facet normal 0.000001311556244034999 0.08367910049078839 -0.9964927536812962
outer loop
vertex 83.24412536621094 -62.95170593261719 -17.324893951416016
vertex -8.432624816894531 31.701072692871094 -9.376678466796875
vertex -7.797585487365723 31.63125228881836 -9.382540702819824
endloop
endfacet
facet normal 0.000004532518189979489 0.08368223472872896 -0.9964924904735922
outer loop
vertex -9.197991371154785 31.701072692871094 -9.376678466796875
vertex -9.010398864746094 31.644166946411133 -9.38145637512207
vertex 83.24412536621094 -62.95170593261719 -17.324893951416016
endloop
endfacet
facet normal -0.000001951428289850758 0.0836742524070347 -0.9964931607794986
outer loop
vertex 34.1955451965332 18.914825439453125 -10.450368881225586
vertex 11.868796348571777 30.945356369018555 -9.440136909484863
vertex 12.452014923095703 30.88811683654785 -9.444944381713867
endloop
endfacet
facet normal -0.0000010876048830806494 0.083675844301141 -0.9964930271102294
outer loop
vertex 34.1955451965332 18.914825439453125 -10.450368881225586
vertex 11.69642448425293 30.997461318969727 -9.435761451721191
vertex 11.868796348571777 30.945356369018555 -9.440136909484863
endloop
endfacet
facet normal -1.9369556149874094e-8 0.08367777434466431 -0.9964928650425566
outer loop
vertex -6.7327189445495605 31.55098533630371 -9.389281272888184
vertex 10.818965911865234 31.226882934570312 -9.416497230529785
vertex 34.84358215332031 17.9483699798584 -10.531524658203125
endloop
endfacet
facet normal -2.7463623546133607e-8 0.08367781320614372 -0.9964928617792688
outer loop
vertex 83.24412536621094 -62.95170593261719 -17.324893951416016
vertex -29.773609161376953 34.38804244995117 -9.151046752929688
vertex -9.370878219604492 31.79348373413086 -9.368918418884277
endloop
endfacet
facet normal -0.0000015615291549103852 0.08367602693907297 -0.9964930117734159
outer loop
vertex 83.24412536621094 -62.95170593261719 -17.324893951416016
vertex -31.19668960571289 34.697078704833984 -9.125096321105957
vertex -30.833248138427734 34.587215423583984 -9.134322166442871
endloop
endfacet
facet normal 0.0000015040147104589804 0.08367958716438895 -0.9964927128131622
outer loop
vertex -30.833248138427734 34.587215423583984 -9.134322166442871
vertex -30.51540184020996 34.501136779785156 -9.141550064086914
vertex 83.24412536621094 -62.95170593261719 -17.324893951416016
endloop
endfacet
facet normal -2.0805181919694272e-7 0.08367766944392636 -0.9964928738512833
outer loop
vertex -6.7106614112854 -30.39674949645996 -14.591177940368652
vertex -6.748722076416016 -30.588092803955078 -14.607245445251465
vertex -39.06315231323242 6.886397361755371 -11.460424423217773
endloop
endfacet
facet normal -0.000001114144026391104 0.08365398701559598 -0.996494862232191
outer loop
vertex -22.337772369384766 -59.79966735839844 -17.060209274291992
vertex -22.54175567626953 -59.737483978271484 -17.054988861083984
vertex 81.14583587646484 -64.54967498779297 -17.45907974243164
endloop
endfacet
facet normal 0.00001337183288796943 0.08368661904313697 -0.9964921222038452
outer loop
vertex -18.45954132080078 -64.43476104736328 -17.44942855834961
vertex -20.243562698364258 -61.905242919921875 -17.23702049255371
vertex -20.519819259643555 -61.39021301269531 -17.193771362304688
endloop
endfacet
facet normal 3.607208532611211e-8 0.08367806123331892 -0.9964928409518212
outer loop
vertex 59.992774963378906 20.11727523803711 -10.349396705627441
vertex 71.93307495117188 19.860488891601562 -10.370959281921387
vertex 82.79061889648438 17.993999481201172 -10.527692794799805
endloop
endfacet
facet normal 0.0000020724719939440335 0.08367937602165562 -0.9964927305426422
outer loop
vertex -18.45954132080078 -64.43476104736328 -17.44942855834961
vertex -19.836999893188477 -63.26206970214844 -17.350955963134766
vertex -20.142335891723633 -62.237770080566406 -17.264942169189453
endloop
endfacet
facet normal -4.962379951256969e-7 0.08367614545480695 -0.9964930018226821
outer loop
vertex 81.14583587646484 -64.54967498779297 -17.45907974243164
vertex 12.751277923583984 -45.08809280395508 -15.824844360351562
vertex 12.942620277404785 -45.05003356933594 -15.821648597717285
endloop
endfacet
facet normal -9.091865892993348e-9 0.08367757674288989 -0.9964928816356079
outer loop
vertex -63.101661682128906 61.731998443603516 -6.854910850524902
vertex -66.15580749511719 61.662776947021484 -6.860723495483398
vertex -64.66045379638672 61.99002456665039 -6.8332438468933105
endloop
endfacet
facet normal 6.256084700030138e-7 0.08367909406534392 -0.9964927542215307
outer loop
vertex 81.14583587646484 -64.54967498779297 -17.45907974243164
vertex 13.213217735290527 -30.39674949645996 -14.591177940368652
vertex 13.10483169555664 -30.234539031982422 -14.577556610107422
endloop
endfacet
facet normal 6.960788633206544e-7 0.08367879357098995 -0.9964927794550341
outer loop
vertex -45.208473205566406 11.08789348602295 -11.10761547088623
vertex -64.86041259765625 25.625049591064453 -9.886896133422852
vertex -43.46205139160156 10.607267379760742 -11.147974014282227
endloop
endfacet
facet normal 0.000001158575339325671 0.083679452033284 -0.9964927241611286
outer loop
vertex 12.751277923583984 -30.088092803955078 -14.565258979797363
vertex -39.06315231323242 6.886397361755371 -11.460424423217773
vertex 12.942620277404785 -30.12615203857422 -14.56845474243164
endloop
endfacet
facet normal 0.0000015506301045719463 0.0836784742281868 -0.9964928062702904
outer loop
vertex -62.78044128417969 21.476398468017578 -10.235267639160156
vertex -63.63216781616211 22.821550369262695 -10.122312545776367
vertex -64.13030242919922 24.38898468017578 -9.990691184997559
endloop
endfacet
facet normal 0 0.08367783982499286 -0.9964928595440224
outer loop
vertex -39.06315231323242 6.886397361755371 -11.460424423217773
vertex 12.751277923583984 -30.088092803955078 -14.565258979797363
vertex -6.248722076416016 -30.088092803955078 -14.565258979797363
endloop
endfacet
facet normal -7.102590658320855e-7 0.08367721389196554 -0.9964929121046341
outer loop
vertex -6.248722076416016 -30.088092803955078 -14.565258979797363
vertex -6.4400634765625 -30.12615203857422 -14.56845474243164
vertex -39.06315231323242 6.886397361755371 -11.460424423217773
endloop
endfacet
facet normal 0.000001385641984923669 0.08367904829690745 -0.9964927580641034
outer loop
vertex -6.4400634765625 -30.12615203857422 -14.56845474243164
vertex -6.602275371551514 -30.234539031982422 -14.577556610107422
vertex -39.06315231323242 6.886397361755371 -11.460424423217773
endloop
endfacet
facet normal -1.4243799306736497e-8 0.08367781367577261 -0.9964928617398333
outer loop
vertex 81.14583587646484 -64.54967498779297 -17.45907974243164
vertex -39.0081672668457 -55.89692687988281 -16.732486724853516
vertex -6.248722076416016 -45.08809280395508 -15.824844360351562
endloop
endfacet
facet normal -2.577908705743322e-7 0.08367575629150635 -0.9964930345009834
outer loop
vertex -82.1722412109375 48.44182586669922 -7.970917701721191
vertex -47.67924880981445 44.3905029296875 -8.311117172241211
vertex -47.51278305053711 44.21038818359375 -8.326241493225098
endloop
endfacet
facet normal -2.6376153760517454e-7 0.08367587329905286 -0.9964930246758236
outer loop
vertex -46.89219284057617 43.75065612792969 -8.364846229553223
vertex -82.1722412109375 48.44182586669922 -7.970917701721191
vertex -47.05976867675781 43.83991241455078 -8.357351303100586
endloop
endfacet
facet normal 5.443662172960813e-7 0.08367831778379539 -0.996492819408438
outer loop
vertex -6.602275371551514 -30.234539031982422 -14.577556610107422
vertex -6.7106614112854 -30.39674949645996 -14.591177940368652
vertex -39.06315231323242 6.886397361755371 -11.460424423217773
endloop
endfacet
facet normal 9.141459522798755e-8 0.08367770406123302 -0.9964928709444097
outer loop
vertex -61.72364807128906 60.89934539794922 -6.924830436706543
vertex -82.1722412109375 48.44182586669922 -7.970917701721191
vertex -63.101661682128906 61.731998443603516 -6.854910850524902
endloop
endfacet
facet normal -1.547414712112093e-8 0.08367785636604443 -0.9964928581550314
outer loop
vertex -82.1722412109375 48.44182586669922 -7.970917701721191
vertex -66.15580749511719 61.662776947021484 -6.860723495483398
vertex -63.101661682128906 61.731998443603516 -6.854910850524902
endloop
endfacet
facet normal -8.200051490214212e-9 0.08367786643035452 -0.9964928573099076
outer loop
vertex -82.1722412109375 48.44182586669922 -7.970917701721191
vertex -61.72364807128906 60.89934539794922 -6.924830436706543
vertex -47.67924880981445 44.3905029296875 -8.311117172241211
endloop
endfacet
facet normal -2.829012616178004e-7 0.08367738062705225 -0.9964928981038024
outer loop
vertex 81.14583587646484 -64.54967498779297 -17.45907974243164
vertex -39.06315231323242 6.886397361755371 -11.460424423217773
vertex -39.120338439941406 7.464982986450195 -11.411839485168457
endloop
endfacet
facet normal 5.739615687865636e-7 0.08367880158840885 -0.9964927787818627
outer loop
vertex 81.14583587646484 -64.54967498779297 -17.45907974243164
vertex -39.120338439941406 7.464982986450195 -11.411839485168457
vertex -39.29045486450195 8.023821830749512 -11.364912033081055
endloop
endfacet
facet normal 7.44802003004128e-7 0.08367891773335341 -0.9964927690286669
outer loop
vertex 81.14583587646484 -64.54967498779297 -17.45907974243164
vertex -82.1722412109375 48.44182586669922 -7.970917701721191
vertex 82.08584594726562 -64.31934356689453 -17.43973731994629
endloop
endfacet
facet normal 6.815639135043755e-7 0.08367896529715953 -0.9964927650346149
outer loop
vertex 81.14583587646484 -64.54967498779297 -17.45907974243164
vertex -39.78389358520508 9.058321952819824 -11.278042793273926
vertex -40.15567398071289 9.509748458862305 -11.240135192871094
endloop
endfacet
facet normal 1.5928320920773352e-9 0.0836778445591625 -0.996492859146483
outer loop
vertex -6.7327189445495605 31.55098533630371 -9.389281272888184
vertex 35.296600341796875 17.57789421081543 -10.562634468078613
vertex 83.24412536621094 -62.95170593261719 -17.324893951416016
endloop
endfacet
facet normal -1.112086170714292e-7 0.08367540241813817 -0.9964930642157778
outer loop
vertex 81.14583587646484 -64.54967498779297 -17.45907974243164
vertex -21.344263076782227 -60.45258331298828 -17.115036010742188
vertex -21.797279357910156 -60.08210754394531 -17.083927154541016
endloop
endfacet
facet normal -7.006900871129019e-7 0.08367682684285215 -0.996492944605741
outer loop
vertex 82.08584594726562 -64.31934356689453 -17.43973731994629
vertex -82.1722412109375 48.44182586669922 -7.970917701721191
vertex 82.82422637939453 -63.748504638671875 -17.391803741455078
endloop
endfacet
facet normal -7.500886856625982e-7 0.08367999280510842 -0.996492678750614
outer loop
vertex -39.0081672668457 -55.89692687988281 -16.732486724853516
vertex -6.602275371551514 -44.941646575927734 -15.812546730041504
vertex -6.4400634765625 -45.05003356933594 -15.821648597717285
endloop
endfacet
facet normal 4.556328370109967e-7 0.08367851552046424 -0.9964928028039559
outer loop
vertex 82.82422637939453 -63.748504638671875 -17.391803741455078
vertex -82.1722412109375 48.44182586669922 -7.970917701721191
vertex 83.24412536621094 -62.95170593261719 -17.324893951416016
endloop
endfacet
facet normal -0.0000056267609614896446 0.08366870526990675 -0.9964936265359639
outer loop
vertex -40.15567398071289 9.509748458862305 -11.240135192871094
vertex -40.60868835449219 9.880224227905273 -11.209026336669922
vertex 81.14583587646484 -64.54967498779297 -17.45907974243164
endloop
endfacet
facet normal -2.1683384541512226e-7 0.08367841380320212 -0.9964928113455375
outer loop
vertex -6.7106614112854 -44.77943420410156 -15.798925399780273
vertex -39.0081672668457 -55.89692687988281 -16.732486724853516
vertex -6.748722076416016 -44.58809280395508 -15.782857894897461
endloop
endfacet
facet normal -1.6128095347369705e-8 0.08367783888510523 -0.9964928596229469
outer loop
vertex 83.24412536621094 -62.95170593261719 -17.324893951416016
vertex 59.992774963378906 20.11727523803711 -10.349396705627441
vertex 83.3104476928711 16.47186279296875 -10.655510902404785
endloop
endfacet
facet normal -1.7109058484633637e-7 0.08367779581417246 -0.9964928632396984
outer loop
vertex 83.24412536621094 -62.95170593261719 -17.324893951416016
vertex 58.27178192138672 19.668556213378906 -10.387076377868652
vertex 59.992774963378906 20.11727523803711 -10.349396705627441
endloop
endfacet
facet normal 2.8765076339569104e-7 0.08367793349992136 -0.9964928516778733
outer loop
vertex 83.24412536621094 -62.95170593261719 -17.324893951416016
vertex 56.187599182128906 18.30313491821289 -10.501734733581543
vertex 58.27178192138672 19.668556213378906 -10.387076377868652
endloop
endfacet
facet normal -9.025639189977537e-7 0.08367753300599026 -0.9964928853078766
outer loop
vertex 55.127685546875 17.867769241333008 -10.53829288482666
vertex 55.68849182128906 18.037290573120117 -10.52405834197998
vertex 83.24412536621094 -62.95170593261719 -17.324893951416016
endloop
endfacet
facet normal 3.038587992736068e-7 0.08367794977193703 -0.9964928503114675
outer loop
vertex 83.24412536621094 -62.95170593261719 -17.324893951416016
vertex 54.56787109375 17.81282615661621 -10.542906761169434
vertex 55.127685546875 17.867769241333008 -10.53829288482666
endloop
endfacet
facet normal -2.642110576204683e-8 0.08367783332387689 -0.9964928600899361
outer loop
vertex 83.24412536621094 -62.95170593261719 -17.324893951416016
vertex 40.599945068359375 17.701557159423828 -10.552249908447266
vertex 54.56787109375 17.81282615661621 -10.542906761169434
endloop
endfacet
facet normal 2.477332192263939e-7 0.08367798608125221 -0.9964928472625001
outer loop
vertex 83.24412536621094 -62.95170593261719 -17.324893951416016
vertex 38.06602096557617 16.85391616821289 -10.623428344726562
vertex 38.46039581298828 16.973129272460938 -10.613417625427246
endloop
endfacet
facet normal 2.3601004357516619e-7 0.08367797949121068 -0.996492847815885
outer loop
vertex 83.24412536621094 -62.95170593261719 -17.324893951416016
vertex 37.53339767456055 16.8016414642334 -10.62781810760498
vertex 38.06602096557617 16.85391616821289 -10.623428344726562
endloop
endfacet
facet normal 0.000007437296466791322 0.08368207801402146 -0.9964925036165311
outer loop
vertex 83.24412536621094 -62.95170593261719 -17.324893951416016
vertex 37.48146057128906 16.79680824279785 -10.62822437286377
vertex 37.53339767456055 16.8016414642334 -10.62781810760498
endloop
endfacet
facet normal 0.000001556720679083831 0.08367874700982397 -0.9964927833639553
outer loop
vertex 83.24412536621094 -62.95170593261719 -17.324893951416016
vertex 36.33549499511719 17.023380279541016 -10.609198570251465
vertex 36.89630126953125 16.853857040405273 -10.623433113098145
endloop
endfacet
facet normal 0.0000016702600980686349 0.0836794529458597 -0.9964927240837698
outer loop
vertex -66.30086517333984 26.62761878967285 -9.80270767211914
vertex -66.7786865234375 26.779468536376953 -9.789957046508789
vertex -82.56072235107422 43.18922424316406 -8.411991119384766
endloop
endfacet
facet normal 0.000002306696935934662 0.08368051759749283 -0.9964926346788996
outer loop
vertex 83.24412536621094 -62.95170593261719 -17.324893951416016
vertex -30.51540184020996 34.501136779785156 -9.141550064086914
vertex -30.318038940429688 34.44147491455078 -9.146559715270996
endloop
endfacet
facet normal 5.127212888979957e-7 0.08367622773140321 -0.9964929949138526
outer loop
vertex -6.4400634765625 -45.05003356933594 -15.821648597717285
vertex -6.248722076416016 -45.08809280395508 -15.824844360351562
vertex -39.0081672668457 -55.89692687988281 -16.732486724853516
endloop
endfacet
facet normal -5.58315409011273e-8 0.0836777760665126 -0.9964928648979677
outer loop
vertex 83.24412536621094 -62.95170593261719 -17.324893951416016
vertex -46.89219284057617 43.75065612792969 -8.364846229553223
vertex -31.545955657958984 34.88311004638672 -9.109475135803223
endloop
endfacet
facet normal 4.4559737148882606e-7 0.0836785803449251 -0.9964927973604522
outer loop
vertex 81.14583587646484 -64.54967498779297 -17.45907974243164
vertex -39.51053237915039 8.548690795898438 -11.32083797454834
vertex -39.78389358520508 9.058321952819824 -11.278042793273926
endloop
endfacet
facet normal 2.1720583005521764e-8 0.08367788052193088 -0.9964928561266042
outer loop
vertex -40.60868835449219 9.880224227905273 -11.209026336669922
vertex -82.56072235107422 43.18922424316406 -8.411991119384766
vertex 81.14583587646484 -64.54967498779297 -17.45907974243164
endloop
endfacet
facet normal -6.528965102909422e-7 0.08367677986363188 -0.9964929485506794
outer loop
vertex -39.29045486450195 8.023821830749512 -11.364912033081055
vertex -39.51053237915039 8.548690795898438 -11.32083797454834
vertex 81.14583587646484 -64.54967498779297 -17.45907974243164
endloop
endfacet
facet normal -0.000009054719331622808 0.08367091277427346 -0.9964934411593144
outer loop
vertex -18.45954132080078 -64.43476104736328 -17.44942855834961
vertex -20.142335891723633 -62.237770080566406 -17.264942169189453
vertex -20.243562698364258 -61.905242919921875 -17.23702049255371
endloop
endfacet
facet normal -0.00003600784537394912 0.08362759555524542 -0.996497076746883
outer loop
vertex 12.942620277404785 -30.12615203857422 -14.56845474243164
vertex -39.06315231323242 6.886397361755371 -11.460424423217773
vertex 13.10483169555664 -30.234539031982422 -14.577556610107422
endloop
endfacet
facet normal -0.3066148281294173 0.9518336762119566 0
outer loop
vertex -42.17904281616211 12.079973220825195 -4.099999904632568
vertex -42.665897369384766 11.923142433166504 0
vertex -42.17904281616211 12.079973220825195 0
endloop
endfacet
facet normal -0.1215853895806238 0.9925809755584316 0
outer loop
vertex -42.665897369384766 11.923142433166504 0
vertex -42.665897369384766 11.923142433166504 -4.099999904632568
vertex -43.1735954284668 11.860952377319336 0
endloop
endfacet
facet normal 0.008170192055972848 -0.9999666234238863 0
outer loop
vertex 27.679588317871094 31.727628707885742 0
vertex 27.679588317871094 31.727628707885742 -4.099999904632568
vertex 28.191064834594727 31.731807708740234 0
endloop
endfacet
facet normal -0.1805797421784193 -0.9835603472663869 0
outer loop
vertex 28.191064834594727 31.731807708740234 0
vertex 28.191064834594727 31.731807708740234 -4.099999904632568
vertex 28.694149017333984 31.639442443847656 0
endloop
endfacet
facet normal 0.2547613647675414 0.9670039539845634 0
outer loop
vertex -43.68391036987305 11.895633697509766 0
vertex -43.68391036987305 11.895633697509766 -4.099999904632568
vertex -44.17852783203125 12.0259428024292 0
endloop
endfacet
facet normal -0.36284913789789947 -0.9318478969911083 0
outer loop
vertex 28.694149017333984 31.639442443847656 0
vertex 28.694149017333984 31.639442443847656 -4.099999904632568
vertex 29.1707820892334 31.453847885131836 0
endloop
endfacet
facet normal -0.6822310884454468 -0.7311366096418241 0
outer loop
vertex 29.603857040405273 31.18168830871582 0
vertex 29.603857040405273 31.18168830871582 -4.099999904632568
vertex 29.977828979492188 30.832731246948242 0
endloop
endfacet
facet normal 0.2547613647675414 0.9670039539845634 0
outer loop
vertex -44.17852783203125 12.0259428024292 -4.099999904632568
vertex -44.17852783203125 12.0259428024292 0
vertex -43.68391036987305 11.895633697509766 -4.099999904632568
endloop
endfacet
facet normal -0.9045392036061035 -0.4263904655824706 0
outer loop
vertex 30.279272079467773 30.419504165649414 -4.099999904632568
vertex 30.49736785888672 29.956838607788086 0
vertex 30.279272079467773 30.419504165649414 0
endloop
endfacet
facet normal 0.16555264734385197 0.9862009536384775 0
outer loop
vertex -35.041446685791016 -58.28094482421875 0
vertex -35.041446685791016 -58.28094482421875 -4.099999904632568
vertex -35.54587936401367 -58.196266174316406 0
endloop
endfacet
facet normal -0.1215853895806238 0.9925809755584316 0
outer loop
vertex -43.1735954284668 11.860952377319336 -4.099999904632568
vertex -43.1735954284668 11.860952377319336 0
vertex -42.665897369384766 11.923142433166504 -4.099999904632568
endloop
endfacet
facet normal 0.06780421927974255 0.9976986458083746 0
outer loop
vertex -43.68391036987305 11.895633697509766 -4.099999904632568
vertex -43.68391036987305 11.895633697509766 0
vertex -43.1735954284668 11.860952377319336 -4.099999904632568
endloop
endfacet
facet normal 0.5191122184594376 0.8547060925523587 0
outer loop
vertex -36.025291442871094 -58.017967224121094 0
vertex -36.025291442871094 -58.017967224121094 -4.099999904632568
vertex -36.462467193603516 -57.752445220947266 0
endloop
endfacet
facet normal 0.6709931909863334 0.7414635106665586 0
outer loop
vertex -36.462467193603516 -57.752445220947266 0
vertex -36.462467193603516 -57.752445220947266 -4.099999904632568
vertex -36.84172058105469 -57.409236907958984 0
endloop
endfacet
facet normal 0.3485844069531653 0.9372773928934327 0
outer loop
vertex -35.54587936401367 -58.196266174316406 0
vertex -35.54587936401367 -58.196266174316406 -4.099999904632568
vertex -36.025291442871094 -58.017967224121094 0
endloop
endfacet
facet normal 0.9962936260643476 0.08601750207692552 0
outer loop
vertex -37.50902557373047 -56.04786682128906 0
vertex -37.50902557373047 -56.04786682128906 -4.099999904632568
vertex -37.54872131347656 -55.58809280395508 0
endloop
endfacet
facet normal 0.9648271284672908 0.26288516917765103 0
outer loop
vertex -37.37456130981445 -56.5413703918457 0
vertex -37.37456130981445 -56.5413703918457 -4.099999904632568
vertex -37.50902557373047 -56.04786682128906 0
endloop
endfacet
facet normal 0.8979299120407476 0.4401384703277997 0
outer loop
vertex -37.14943313598633 -57.00065612792969 0
vertex -37.14943313598633 -57.00065612792969 -4.099999904632568
vertex -37.37456130981445 -56.5413703918457 0
endloop
endfacet
facet normal 0.7988000588887033 0.6015965973303076 0
outer loop
vertex -36.84172058105469 -57.409236907958984 0
vertex -36.84172058105469 -57.409236907958984 -4.099999904632568
vertex -37.14943313598633 -57.00065612792969 0
endloop
endfacet
facet normal 0 0 1
outer loop
vertex -62.18065643310547 22.99222755432129 -4.099999904632568
vertex -62.23468780517578 24.991714477539062 -4.099999904632568
vertex -62.337486267089844 23.479084014892578 -4.099999904632568
endloop
endfacet
facet normal -0.6709941186032329 -0.74146267121135 0
outer loop
vertex -11.859976768493652 32.07625961303711 -4.099999904632568
vertex -11.480724334716797 31.733051300048828 -4.099999904632568
vertex -11.480724334716797 31.733051300048828 0
endloop
endfacet
facet normal -0.42685664148826763 -0.9043193062283679 0
outer loop
vertex 7.772123336791992 31.01752281188965 -4.099999904632568
vertex 8.234676361083984 30.7991886138916 -4.099999904632568
vertex 8.234676361083984 30.7991886138916 0
endloop
endfacet
facet normal 0 0 1
outer loop
vertex -37.50902557373047 -56.04786682128906 -4.099999904632568
vertex -37.37456130981445 -56.5413703918457 -4.099999904632568
vertex -17.248722076416016 -30.588092803955078 -4.099999904632568
endloop
endfacet
facet normal -0.9644856825128727 0.2641351325130344 0
outer loop
vertex 82.44728088378906 -62.66279220581055 0
vertex 82.44728088378906 -62.66279220581055 -4.099999904632568
vertex 82.38822937011719 -62.87841796875 0
endloop
endfacet
facet normal -0.9423443632639469 -0.3346447385282885 0
outer loop
vertex 82.36504364013672 -30.251497268676758 -4.099999904632568
vertex 82.43985748291016 -30.462169647216797 -4.099999904632568
vertex 82.43985748291016 -30.462169647216797 0
endloop
endfacet
facet normal 0 0 1
outer loop
vertex -61.934814453125 22.54368782043457 -4.099999904632568
vertex -62.23468780517578 24.991714477539062 -4.099999904632568
vertex -62.18065643310547 22.99222755432129 -4.099999904632568
endloop
endfacet
facet normal 0 0 1
outer loop
vertex -61.934814453125 22.54368782043457 -4.099999904632568
vertex -61.60879135131836 22.149566650390625 -4.099999904632568
vertex -62.23468780517578 24.991714477539062 -4.099999904632568
endloop
endfacet
facet normal 0.00043344819263395394 0.9999999060613278 0
outer loop
vertex -35.041446685791016 -58.28094482421875 0
vertex -18.548721313476562 -58.28809356689453 -4.099999904632568
vertex -35.041446685791016 -58.28094482421875 -4.099999904632568
endloop
endfacet
facet normal 0.16555264734385197 0.9862009536384775 0
outer loop
vertex -35.54587936401367 -58.196266174316406 -4.099999904632568
vertex -35.54587936401367 -58.196266174316406 0
vertex -35.041446685791016 -58.28094482421875 -4.099999904632568
endloop
endfacet
facet normal -0.3485856252882852 -0.9372769397794737 0
outer loop
vertex -12.77656364440918 32.52008056640625 0
vertex -12.77656364440918 32.52008056640625 -4.099999904632568
vertex -12.29715347290039 32.34178161621094 0
endloop
endfacet
facet normal -0.6709941186032329 -0.74146267121135 0
outer loop
vertex -11.859976768493652 32.07625961303711 0
vertex -11.859976768493652 32.07625961303711 -4.099999904632568
vertex -11.480724334716797 31.733051300048828 0
endloop
endfacet
facet normal -0.7988000588887033 -0.6015965973303076 0
outer loop
vertex -11.480724334716797 31.733051300048828 0
vertex -11.480724334716797 31.733051300048828 -4.099999904632568
vertex -11.173011779785156 31.32447052001953 0
endloop
endfacet
facet normal -0.8979291896529449 -0.4401399440737069 0
outer loop
vertex -11.173011779785156 31.32447052001953 0
vertex -11.173011779785156 31.32447052001953 -4.099999904632568
vertex -10.947883605957031 30.86518669128418 0
endloop
endfacet
facet normal -0.9648276013720286 -0.2628834335417472 0
outer loop
vertex -10.947883605957031 30.86518669128418 0
vertex -10.947883605957031 30.86518669128418 -4.099999904632568
vertex -10.813420295715332 30.37168312072754 0
endloop
endfacet
facet normal 0.3485844069531653 0.9372773928934327 0
outer loop
vertex -36.025291442871094 -58.017967224121094 -4.099999904632568
vertex -36.025291442871094 -58.017967224121094 0
vertex -35.54587936401367 -58.196266174316406 -4.099999904632568
endloop
endfacet
facet normal -0.5191113912065185 -0.8547065949901363 0
outer loop
vertex -12.29715347290039 32.34178161621094 0
vertex -12.29715347290039 32.34178161621094 -4.099999904632568
vertex -11.859976768493652 32.07625961303711 0
endloop
endfacet
facet normal 0.6364820187985267 0.7712915400457546 0
outer loop
vertex -61.60879135131836 22.149566650390625 -4.099999904632568
vertex -61.60879135131836 22.149566650390625 0
vertex -61.21427917480469 21.82400894165039 -4.099999904632568
endloop
endfacet
facet normal 0.6709931909863334 0.7414635106665586 0
outer loop
vertex -36.84172058105469 -57.409236907958984 -4.099999904632568
vertex -36.84172058105469 -57.409236907958984 0
vertex -36.462467193603516 -57.752445220947266 -4.099999904632568
endloop
endfacet
facet normal 0.5191122184594376 0.8547060925523587 0
outer loop
vertex -36.462467193603516 -57.752445220947266 -4.099999904632568
vertex -36.462467193603516 -57.752445220947266 0
vertex -36.025291442871094 -58.017967224121094 -4.099999904632568
endloop
endfacet
facet normal 0.9962936260643476 0.08601750207692552 0
outer loop
vertex -37.54872131347656 -55.58809280395508 -4.099999904632568
vertex -37.54872131347656 -55.58809280395508 0
vertex -37.50902557373047 -56.04786682128906 -4.099999904632568
endloop
endfacet
facet normal 0.9648271284672908 0.26288516917765103 0
outer loop
vertex -37.37456130981445 -56.5413703918457 -4.099999904632568
vertex -37.50902557373047 -56.04786682128906 -4.099999904632568
vertex -37.50902557373047 -56.04786682128906 0
endloop
endfacet
facet normal -0.9999999922323878 0.00012464037942286536 0
outer loop
vertex 82.45127868652344 -30.588092803955078 -4.099999904632568
vertex 82.44728088378906 -62.66279220581055 0
vertex 82.45127868652344 -30.588092803955078 0
endloop
endfacet
facet normal 0.8979299120407476 0.4401384703277997 0
outer loop
vertex -37.14943313598633 -57.00065612792969 -4.099999904632568
vertex -37.37456130981445 -56.5413703918457 -4.099999904632568
vertex -37.37456130981445 -56.5413703918457 0
endloop
endfacet
facet normal 0 0 1
outer loop
vertex 33.69495391845703 8.861907958984375 -4.099999904632568
vertex 15.251277923583984 -30.588092803955078 -4.099999904632568
vertex 38.45127868652344 8.861907958984375 -4.099999904632568
endloop
endfacet
facet normal 0.7988000588887033 0.6015965973303076 0
outer loop
vertex -37.14943313598633 -57.00065612792969 -4.099999904632568
vertex -37.14943313598633 -57.00065612792969 0
vertex -36.84172058105469 -57.409236907958984 -4.099999904632568
endloop
endfacet
facet normal -0.1655517341084634 -0.9862011069420278 0
outer loop
vertex -13.280999183654785 32.604759216308594 -4.099999904632568
vertex -12.77656364440918 32.52008056640625 -4.099999904632568
vertex -12.77656364440918 32.52008056640625 0
endloop
endfacet
facet normal 0.20137619433524878 -0.979513975579242 0
outer loop
vertex 59.359554290771484 18.242948532104492 -4.099999904632568
vertex 59.86056900024414 18.345951080322266 -4.099999904632568
vertex 59.86056900024414 18.345951080322266 0
endloop
endfacet
facet normal -0.7988000588887033 -0.6015965973303076 0
outer loop
vertex -11.480724334716797 31.733051300048828 -4.099999904632568
vertex -11.173011779785156 31.32447052001953 -4.099999904632568
vertex -11.173011779785156 31.32447052001953 0
endloop
endfacet
facet normal -0.9648276013720286 -0.2628834335417472 0
outer loop
vertex -10.947883605957031 30.86518669128418 -4.099999904632568
vertex -10.813420295715332 30.37168312072754 -4.099999904632568
vertex -10.813420295715332 30.37168312072754 0
endloop
endfacet
facet normal 0.06780421927974255 0.9976986458083746 0
outer loop
vertex -43.1735954284668 11.860952377319336 0
vertex -43.1735954284668 11.860952377319336 -4.099999904632568
vertex -43.68391036987305 11.895633697509766 0
endloop
endfacet
facet normal -0.5191113912065185 -0.8547065949901363 0
outer loop
vertex -12.29715347290039 32.34178161621094 -4.099999904632568
vertex -11.859976768493652 32.07625961303711 -4.099999904632568
vertex -11.859976768493652 32.07625961303711 0
endloop
endfacet
facet normal -0.00039324833169226254 -0.9999999226778719 0
outer loop
vertex -13.280999183654785 32.604759216308594 0
vertex -31.45969581604004 32.611907958984375 -4.099999904632568
vertex -13.280999183654785 32.604759216308594 -4.099999904632568
endloop
endfacet
facet normal 0 0 1
outer loop
vertex -63.69845199584961 60.10679244995117 -4.099999904632568
vertex -65.69536590576172 59.99186706542969 -4.099999904632568
vertex -63.23076248168945 59.899688720703125 -4.099999904632568
endloop
endfacet
facet normal -0.5071291446418549 0.8618700775957017 0
outer loop
vertex -65.31124114990234 28.59134292602539 -4.099999904632568
vertex -65.75208282470703 28.33194923400879 0
vertex -65.31124114990234 28.59134292602539 0
endloop
endfacet
facet normal -0.33547213951926586 0.9420501279689772 0
outer loop
vertex -65.75208282470703 28.33194923400879 0
vertex -65.75208282470703 28.33194923400879 -4.099999904632568
vertex -66.23393249511719 28.160358428955078 0
endloop
endfacet
facet normal 0.40490014877221153 0.9143609076968683 0
outer loop
vertex -67.74899291992188 28.217021942138672 0
vertex -67.74899291992188 28.217021942138672 -4.099999904632568
vertex -68.21668243408203 28.42412567138672 0
endloop
endfacet
facet normal 0.5700894076473524 0.821582660046018 0
outer loop
vertex -68.21668243408203 28.42412567138672 0
vertex -68.21668243408203 28.42412567138672 -4.099999904632568
vertex -68.63691711425781 28.715723037719727 0
endloop
endfacet
facet normal -0.15177276324932254 0.9884154128379752 0
outer loop
vertex -66.23393249511719 28.160358428955078 0
vertex -66.23393249511719 28.160358428955078 -4.099999904632568
vertex -66.739501953125 28.082727432250977 0
endloop
endfacet
facet normal 0.03737591124181557 0.9993012765221727 0
outer loop
vertex -66.739501953125 28.082727432250977 0
vertex -66.739501953125 28.082727432250977 -4.099999904632568
vertex -67.2506332397461 28.101844787597656 0
endloop
endfacet
facet normal 0.22517704302683048 0.974317863581333 0
outer loop
vertex -67.2506332397461 28.101844787597656 0
vertex -67.2506332397461 28.101844787597656 -4.099999904632568
vertex -67.74899291992188 28.217021942138672 0
endloop
endfacet
facet normal 0 0 1
outer loop
vertex -64.19680786132812 60.22197341918945 -4.099999904632568
vertex -65.69536590576172 59.99186706542969 -4.099999904632568
vertex -63.69845199584961 60.10679244995117 -4.099999904632568
endloop
endfacet
facet normal -0.00039324833169226254 -0.9999999226778719 0
outer loop
vertex -31.45969581604004 32.611907958984375 0
vertex -31.45969581604004 32.611907958984375 -4.099999904632568
vertex -13.280999183654785 32.604759216308594 0
endloop
endfacet
facet normal -0.4943586768912709 -0.8692580161162231 0
outer loop
vertex -31.658998489379883 32.72525405883789 0
vertex -31.658998489379883 32.72525405883789 -4.099999904632568
vertex -31.45969581604004 32.611907958984375 0
endloop
endfacet
facet normal -0.33547213951926586 0.9420501279689772 0
outer loop
vertex -65.75208282470703 28.33194923400879 -4.099999904632568
vertex -66.23393249511719 28.160358428955078 -4.099999904632568
vertex -66.23393249511719 28.160358428955078 0
endloop
endfacet
facet normal 0.40490014877221153 0.9143609076968683 0
outer loop
vertex -67.74899291992188 28.217021942138672 -4.099999904632568
vertex -68.21668243408203 28.42412567138672 -4.099999904632568
vertex -68.21668243408203 28.42412567138672 0
endloop
endfacet
facet normal -0.15177276324932254 0.9884154128379752 0
outer loop
vertex -66.23393249511719 28.160358428955078 -4.099999904632568
vertex -66.739501953125 28.082727432250977 -4.099999904632568
vertex -66.739501953125 28.082727432250977 0
endloop
endfacet
facet normal -0.4943586768912709 -0.8692580161162231 0
outer loop
vertex -31.658998489379883 32.72525405883789 -4.099999904632568
vertex -31.45969581604004 32.611907958984375 -4.099999904632568
vertex -31.45969581604004 32.611907958984375 0
endloop
endfacet
facet normal 0.22517704302683048 0.974317863581333 0
outer loop
vertex -67.2506332397461 28.101844787597656 -4.099999904632568
vertex -67.74899291992188 28.217021942138672 -4.099999904632568
vertex -67.74899291992188 28.217021942138672 0
endloop
endfacet
facet normal 0.5700894076473524 0.821582660046018 0
outer loop
vertex -68.21668243408203 28.42412567138672 -4.099999904632568
vertex -68.63691711425781 28.715723037719727 -4.099999904632568
vertex -68.63691711425781 28.715723037719727 0
endloop
endfacet
facet normal 0 0 1
outer loop
vertex -65.69536590576172 59.99186706542969 -4.099999904632568
vertex -62.81052780151367 59.60809326171875 -4.099999904632568
vertex -63.23076248168945 59.899688720703125 -4.099999904632568
endloop
endfacet
facet normal 0 0 1
outer loop
vertex -17.248722076416016 -30.588092803955078 -4.099999904632568
vertex -36.025291442871094 -58.017967224121094 -4.099999904632568
vertex -35.54587936401367 -58.196266174316406 -4.099999904632568
endloop
endfacet
facet normal 0 0 1
outer loop
vertex -65.31124114990234 28.59134292602539 -4.099999904632568
vertex -68.63691711425781 28.715723037719727 -4.099999904632568
vertex -65.75208282470703 28.33194923400879 -4.099999904632568
endloop
endfacet
facet normal 0 0 1
outer loop
vertex -65.75208282470703 28.33194923400879 -4.099999904632568
vertex -67.74899291992188 28.217021942138672 -4.099999904632568
vertex -67.2506332397461 28.101844787597656 -4.099999904632568
endloop
endfacet
facet normal 0 0 1
outer loop
vertex -65.75208282470703 28.33194923400879 -4.099999904632568
vertex -68.21668243408203 28.42412567138672 -4.099999904632568
vertex -67.74899291992188 28.217021942138672 -4.099999904632568
endloop
endfacet
facet normal -0.5003321141868802 -0.8658335726415826 0
outer loop
vertex -32.2331657409668 33.24980545043945 0
vertex -48.45567321777344 42.62417221069336 -4.099999904632568
vertex -32.2331657409668 33.24980545043945 -4.099999904632568
endloop
endfacet
facet normal 0 0 1
outer loop
vertex -68.21668243408203 28.42412567138672 -4.099999904632568
vertex -65.75208282470703 28.33194923400879 -4.099999904632568
vertex -68.63691711425781 28.715723037719727 -4.099999904632568
endloop
endfacet
facet normal 0 0 1
outer loop
vertex -67.2506332397461 28.101844787597656 -4.099999904632568
vertex -66.23393249511719 28.160358428955078 -4.099999904632568
vertex -65.75208282470703 28.33194923400879 -4.099999904632568
endloop
endfacet
facet normal 0 0 1
outer loop
vertex -67.2506332397461 28.101844787597656 -4.099999904632568
vertex -66.739501953125 28.082727432250977 -4.099999904632568
vertex -66.23393249511719 28.160358428955078 -4.099999904632568
endloop
endfacet
facet normal 0 0 1
outer loop
vertex -62.81052780151367 59.60809326171875 -4.099999904632568
vertex -66.13619995117188 59.73247146606445 -4.099999904632568
vertex -62.48456954956055 59.28141403198242 -4.099999904632568
endloop
endfacet
facet normal -0.7660426077327803 -0.6427897970082923 0
outer loop
vertex -62.48456954956055 59.28141403198242 -4.099999904632568
vertex -50.28383255004883 44.74122619628906 0
vertex -62.48456954956055 59.28141403198242 0
endloop
endfacet
facet normal 0 0 1
outer loop
vertex 57.471214294433594 15.986907958984375 -4.099999904632568
vertex 15.251277923583984 -30.588092803955078 -4.099999904632568
vertex 59.86056900024414 18.345951080322266 -4.099999904632568
endloop
endfacet
facet normal 0 0 1
outer loop
vertex 59.86056900024414 18.345951080322266 -4.099999904632568
vertex 15.251277923583984 -30.588092803955078 -4.099999904632568
vertex 60.15127944946289 18.361907958984375 -4.099999904632568
endloop
endfacet
facet normal -0.0003723721269077097 -0.9999999306694971 0
outer loop
vertex 60.15127944946289 18.361907958984375 0
vertex 60.15127944946289 18.361907958984375 -4.099999904632568
vertex 79.34400177001953 18.354761123657227 0
endloop
endfacet
facet normal 0 0 1
outer loop
vertex 38.45842361450195 13.479631423950195 -4.099999904632568
vertex 38.45127868652344 8.861907958984375 -4.099999904632568
vertex 57.471214294433594 15.986907958984375 -4.099999904632568
endloop
endfacet
facet normal 0 0 1
outer loop
vertex 38.54310607910156 13.984066009521484 -4.099999904632568
vertex 38.45842361450195 13.479631423950195 -4.099999904632568
vertex 57.471214294433594 15.986907958984375 -4.099999904632568
endloop
endfacet
facet normal 0 0 1
outer loop
vertex 38.98692321777344 14.900653839111328 -4.099999904632568
vertex 38.721405029296875 14.463476181030273 -4.099999904632568
vertex 57.471214294433594 15.986907958984375 -4.099999904632568
endloop
endfacet
facet normal 0 0 1
outer loop
vertex 39.330135345458984 15.279905319213867 -4.099999904632568
vertex 38.98692321777344 14.900653839111328 -4.099999904632568
vertex 57.471214294433594 15.986907958984375 -4.099999904632568
endloop
endfacet
facet normal 0 0 1
outer loop
vertex 39.73871612548828 15.587617874145508 -4.099999904632568
vertex 39.330135345458984 15.279905319213867 -4.099999904632568
vertex 57.471214294433594 15.986907958984375 -4.099999904632568
endloop
endfacet
facet normal 0 0 1
outer loop
vertex 40.197998046875 15.81274700164795 -4.099999904632568
vertex 39.73871612548828 15.587617874145508 -4.099999904632568
vertex 57.471214294433594 15.986907958984375 -4.099999904632568
endloop
endfacet
facet normal 0 0 1
outer loop
vertex 40.69150161743164 15.947210311889648 -4.099999904632568
vertex 40.197998046875 15.81274700164795 -4.099999904632568
vertex 57.471214294433594 15.986907958984375 -4.099999904632568
endloop
endfacet
facet normal 0 0 1
outer loop
vertex 41.15127944946289 15.986907958984375 -4.099999904632568
vertex 40.69150161743164 15.947210311889648 -4.099999904632568
vertex 57.471214294433594 15.986907958984375 -4.099999904632568
endloop
endfacet
facet normal 0 -1 0
outer loop
vertex 41.15127944946289 15.986907958984375 -4.099999904632568
vertex 57.471214294433594 15.986907958984375 -4.099999904632568
vertex 57.471214294433594 15.986907958984375 0
endloop
endfacet
facet normal 0 0 1
outer loop
vertex 57.471214294433594 15.986907958984375 -4.099999904632568
vertex 57.800628662109375 16.98970603942871 -4.099999904632568
vertex 57.592384338378906 16.522523880004883 -4.099999904632568
endloop
endfacet
facet normal 0 0 1
outer loop
vertex 57.800628662109375 16.98970603942871 -4.099999904632568
vertex 57.471214294433594 15.986907958984375 -4.099999904632568
vertex 58.0932502746582 17.40922737121582 -4.099999904632568
endloop
endfacet
facet normal 0.10412237336765748 -0.9945644933156855 0
outer loop
vertex -10.599705696105957 29.358089447021484 0
vertex -10.599705696105957 29.358089447021484 -4.099999904632568
vertex 6.766167640686035 31.1761474609375 0
endloop
endfacet
facet normal -0.9984830599600756 -0.05505977635955372 0
outer loop
vertex -10.813420295715332 30.37168312072754 0
vertex -10.773721694946289 29.65176773071289 -4.099999904632568
vertex -10.773721694946289 29.65176773071289 0
endloop
endfacet
facet normal -0.8603115457017757 -0.5097686184262636 0
outer loop
vertex -10.773721694946289 29.65176773071289 0
vertex -10.773721694946289 29.65176773071289 -4.099999904632568
vertex -10.599705696105957 29.358089447021484 0
endloop
endfacet
facet normal -0.8603115457017757 -0.5097686184262636 0
outer loop
vertex -10.773721694946289 29.65176773071289 -4.099999904632568
vertex -10.599705696105957 29.358089447021484 -4.099999904632568
vertex -10.599705696105957 29.358089447021484 0
endloop
endfacet
facet normal 0 0 1
outer loop
vertex -10.599705696105957 29.358089447021484 -4.099999904632568
vertex -35.17372131347656 11.637103080749512 -4.099999904632568
vertex 9.564460754394531 28.540760040283203 -4.099999904632568
endloop
endfacet
facet normal 0 0 1
outer loop
vertex -10.947883605957031 30.86518669128418 -4.099999904632568
vertex -35.17372131347656 11.637103080749512 -4.099999904632568
vertex -10.813420295715332 30.37168312072754 -4.099999904632568
endloop
endfacet
facet normal 0 0 1
outer loop
vertex -11.859976768493652 32.07625961303711 -4.099999904632568
vertex -35.17372131347656 11.637103080749512 -4.099999904632568
vertex -11.480724334716797 31.733051300048828 -4.099999904632568
endloop
endfacet
facet normal 0 0 1
outer loop
vertex -35.17372131347656 11.637103080749512 -4.099999904632568
vertex -10.947883605957031 30.86518669128418 -4.099999904632568
vertex -11.173011779785156 31.32447052001953 -4.099999904632568
endloop
endfacet
facet normal 0 0 1
outer loop
vertex -12.29715347290039 32.34178161621094 -4.099999904632568
vertex -35.17372131347656 11.637103080749512 -4.099999904632568
vertex -11.859976768493652 32.07625961303711 -4.099999904632568
endloop
endfacet
facet normal 0 0 1
outer loop
vertex -13.280999183654785 32.604759216308594 -4.099999904632568
vertex -35.17372131347656 11.637103080749512 -4.099999904632568
vertex -12.77656364440918 32.52008056640625 -4.099999904632568
endloop
endfacet
facet normal -0.674487931709124 -0.738285872801822 0
outer loop
vertex -32.2331657409668 33.24980545043945 -4.099999904632568
vertex -31.658998489379883 32.72525405883789 -4.099999904632568
vertex -32.2331657409668 33.24980545043945 0
endloop
endfacet
facet normal 0 0 1
outer loop
vertex -35.17372131347656 11.637103080749512 -4.099999904632568
vertex -10.773721694946289 29.65176773071289 -4.099999904632568
vertex -10.813420295715332 30.37168312072754 -4.099999904632568
endloop
endfacet
facet normal 0 0 1
outer loop
vertex -35.17372131347656 11.637103080749512 -4.099999904632568
vertex -10.599705696105957 29.358089447021484 -4.099999904632568
vertex -10.773721694946289 29.65176773071289 -4.099999904632568
endloop
endfacet
facet normal 0 0 1
outer loop
vertex -35.17372131347656 11.637103080749512 -4.099999904632568
vertex -35.444419860839844 11.169533729553223 -4.099999904632568
vertex 9.564460754394531 28.540760040283203 -4.099999904632568
endloop
endfacet
facet normal 0 0 1
outer loop
vertex -35.444419860839844 11.169533729553223 -4.099999904632568
vertex -35.802001953125 11.06274700164795 -4.099999904632568
vertex 33.69495391845703 8.861907958984375 -4.099999904632568
endloop
endfacet
facet normal 0 0 1
outer loop
vertex -35.802001953125 11.06274700164795 -4.099999904632568
vertex -36.26128387451172 10.837617874145508 -4.099999904632568
vertex 33.69495391845703 8.861907958984375 -4.099999904632568
endloop
endfacet
facet normal 0 0 1
outer loop
vertex -36.26128387451172 10.837617874145508 -4.099999904632568
vertex -36.669864654541016 10.529905319213867 -4.099999904632568
vertex 33.69495391845703 8.861907958984375 -4.099999904632568
endloop
endfacet
facet normal 0 0 1
outer loop
vertex -37.01307678222656 10.150653839111328 -4.099999904632568
vertex -37.278594970703125 9.713476181030273 -4.099999904632568
vertex 33.69495391845703 8.861907958984375 -4.099999904632568
endloop
endfacet
facet normal 0 0 1
outer loop
vertex -37.278594970703125 9.713476181030273 -4.099999904632568
vertex -37.45689392089844 9.234066009521484 -4.099999904632568
vertex 33.69495391845703 8.861907958984375 -4.099999904632568
endloop
endfacet
facet normal 0 0 1
outer loop
vertex -37.45689392089844 9.234066009521484 -4.099999904632568
vertex -37.54157638549805 8.729631423950195 -4.099999904632568
vertex 33.69495391845703 8.861907958984375 -4.099999904632568
endloop
endfacet
facet normal 0.26566924899198785 0.9640642354843546 0
outer loop
vertex -35.17372131347656 21.939802169799805 0
vertex -35.17372131347656 21.939802169799805 -4.099999904632568
vertex -35.77261734008789 22.104841232299805 0
endloop
endfacet
facet normal 1 0 0
outer loop
vertex -35.17372131347656 11.637103080749512 0
vertex -35.17372131347656 11.637103080749512 -4.099999904632568
vertex -35.17372131347656 21.939802169799805 0
endloop
endfacet
facet normal -0.865682467320267 0.5005935135160013 0
outer loop
vertex -35.77261734008789 22.104841232299805 -4.099999904632568
vertex -41.01082229614258 13.04634952545166 0
vertex -35.77261734008789 22.104841232299805 0
endloop
endfacet
facet normal 0 0 1
outer loop
vertex -35.17372131347656 21.939802169799805 -4.099999904632568
vertex -35.17372131347656 11.637103080749512 -4.099999904632568
vertex -13.280999183654785 32.604759216308594 -4.099999904632568
endloop
endfacet
facet normal 0.7186648534065891 0.6953566196406601 0
outer loop
vertex -18.267602920532227 -63.148929595947266 0
vertex -18.267602920532227 -63.148929595947266 -4.099999904632568
vertex -18.423059463500977 -62.98826217651367 0
endloop
endfacet
facet normal 0 0 1
outer loop
vertex -35.17372131347656 21.939802169799805 -4.099999904632568
vertex -31.45969581604004 32.611907958984375 -4.099999904632568
vertex -31.658998489379883 32.72525405883789 -4.099999904632568
endloop
endfacet
facet normal 0 0 1
outer loop
vertex -32.2331657409668 33.24980545043945 -4.099999904632568
vertex -35.17372131347656 21.939802169799805 -4.099999904632568
vertex -31.658998489379883 32.72525405883789 -4.099999904632568
endloop
endfacet
facet normal 0.26566924899198785 0.9640642354843546 0
outer loop
vertex -35.17372131347656 21.939802169799805 -4.099999904632568
vertex -35.77261734008789 22.104841232299805 -4.099999904632568
vertex -35.77261734008789 22.104841232299805 0
endloop
endfacet
facet normal 0.999979526233339 0.0063989932135448705 0
outer loop
vertex -18.519933700561523 -62.786773681640625 0
vertex -18.548721313476562 -58.28809356689453 -4.099999904632568
vertex -18.548721313476562 -58.28809356689453 0
endloop
endfacet
facet normal 1 0 0
outer loop
vertex -35.17372131347656 11.637103080749512 -4.099999904632568
vertex -35.17372131347656 21.939802169799805 -4.099999904632568
vertex -35.17372131347656 21.939802169799805 0
endloop
endfacet
facet normal -0.865682467320267 0.5005935135160013 0
outer loop
vertex -35.77261734008789 22.104841232299805 -4.099999904632568
vertex -41.01082229614258 13.04634952545166 -4.099999904632568
vertex -41.01082229614258 13.04634952545166 0
endloop
endfacet
facet normal 0.9012440953785119 0.4333117590665728 0
outer loop
vertex -18.423059463500977 -62.98826217651367 0
vertex -18.423059463500977 -62.98826217651367 -4.099999904632568
vertex -18.519933700561523 -62.786773681640625 0
endloop
endfacet
facet normal 0.043460701403544015 0.9990551373340273 0
outer loop
vertex -17.248722076416016 -63.28809356689453 0
vertex -18.06941795349121 -63.25239181518555 -4.099999904632568
vertex -18.06941795349121 -63.25239181518555 0
endloop
endfacet
facet normal 0.46278175204203403 0.8864722499756579 0
outer loop
vertex -18.06941795349121 -63.25239181518555 0
vertex -18.06941795349121 -63.25239181518555 -4.099999904632568
vertex -18.267602920532227 -63.148929595947266 0
endloop
endfacet
facet normal 0.8618697894162524 0.5071296344048383 0
outer loop
vertex -81.2942886352539 43.749427795410156 0
vertex -81.2942886352539 43.749427795410156 -4.099999904632568
vertex -81.55368041992188 44.19026565551758 0
endloop
endfacet
facet normal 0 0 1
outer loop
vertex -17.248722076416016 -30.588092803955078 -4.099999904632568
vertex -35.041446685791016 -58.28094482421875 -4.099999904632568
vertex -18.548721313476562 -58.28809356689453 -4.099999904632568
endloop
endfacet
facet normal -0.5003321141868802 -0.8658335726415826 0
outer loop
vertex -48.45567321777344 42.62417221069336 0
vertex -48.45567321777344 42.62417221069336 -4.099999904632568
vertex -32.2331657409668 33.24980545043945 0
endloop
endfacet
facet normal 0.9420497888243847 0.3354730918806038 0
outer loop
vertex -81.55368041992188 44.19026565551758 0
vertex -81.55368041992188 44.19026565551758 -4.099999904632568
vertex -81.72527313232422 44.672119140625 0
endloop
endfacet
facet normal -0.7568593443940985 -0.6535777939949731 0
outer loop
vertex -50.28383255004883 44.74122619628906 -4.099999904632568
vertex -48.45567321777344 42.62417221069336 0
vertex -50.28383255004883 44.74122619628906 0
endloop
endfacet
facet normal 0.0012507807601919187 0.999999217773439 0
outer loop
vertex -56.97430419921875 35.48530578613281 0
vertex -56.97430419921875 35.48530578613281 -4.099999904632568
vertex -57.08409881591797 35.485443115234375 0
endloop
endfacet
facet normal 0 0 1
outer loop
vertex 60.15127944946289 18.361907958984375 -4.099999904632568
vertex 81.75128173828125 -30.588092803955078 -4.099999904632568
vertex 79.34400177001953 18.354761123657227 -4.099999904632568
endloop
endfacet
facet normal 0 0 1
outer loop
vertex 81.75128173828125 -30.588092803955078 -4.099999904632568
vertex 80.76502227783203 17.826261520385742 -4.099999904632568
vertex 80.32784271240234 18.091781616210938 -4.099999904632568
endloop
endfacet
facet normal 0.9420497888243847 0.3354730918806038 0
outer loop
vertex -81.72527313232422 44.672119140625 -4.099999904632568
vertex -81.72527313232422 44.672119140625 0
vertex -81.55368041992188 44.19026565551758 -4.099999904632568
endloop
endfacet
facet normal 0 0 1
outer loop
vertex 81.75128173828125 -30.588092803955078 -4.099999904632568
vertex 81.67711639404297 16.61518669128418 -4.099999904632568
vertex 81.45198822021484 17.07447052001953 -4.099999904632568
endloop
endfacet
facet normal 0 0 1
outer loop
vertex 80.76502227783203 17.826261520385742 -4.099999904632568
vertex 81.75128173828125 -30.588092803955078 -4.099999904632568
vertex 81.14427185058594 17.483051300048828 -4.099999904632568
endloop
endfacet
facet normal 0 0 1
outer loop
vertex 81.14427185058594 17.483051300048828 -4.099999904632568
vertex 81.75128173828125 -30.588092803955078 -4.099999904632568
vertex 81.45198822021484 17.07447052001953 -4.099999904632568
endloop
endfacet
facet normal -0.9999999922323878 0.00012464037942286536 0
outer loop
vertex 82.44728088378906 -62.66279220581055 0
vertex 82.45127868652344 -30.588092803955078 -4.099999904632568
vertex 82.44728088378906 -62.66279220581055 -4.099999904632568
endloop
endfacet
facet normal 0 0 1
outer loop
vertex 81.85128021240234 -29.896181106567383 -4.099999904632568
vertex 82.45127868652344 -30.588092803955078 -4.099999904632568
vertex 82.43985748291016 -30.462169647216797 -4.099999904632568
endloop
endfacet
facet normal 0 0 1
outer loop
vertex 81.67711639404297 16.61518669128418 -4.099999904632568
vertex 81.75128173828125 -30.588092803955078 -4.099999904632568
vertex 81.81157684326172 16.12168312072754 -4.099999904632568
endloop
endfacet
facet normal 0.8654258826436382 -0.501036966351266 0
outer loop
vertex -35.444419860839844 11.169533729553223 0
vertex -35.444419860839844 11.169533729553223 -4.099999904632568
vertex -35.17372131347656 11.637103080749512 0
endloop
endfacet
facet normal 0.2861482220093448 -0.9581853656996075 0
outer loop
vertex -35.802001953125 11.06274700164795 0
vertex -35.802001953125 11.06274700164795 -4.099999904632568
vertex -35.444419860839844 11.169533729553223 0
endloop
endfacet
facet normal 0.4401429211274839 -0.8979277303777655 0
outer loop
vertex -36.26128387451172 10.837617874145508 0
vertex -36.26128387451172 10.837617874145508 -4.099999904632568
vertex -35.802001953125 11.06274700164795 0
endloop
endfacet
facet normal 0.7414581212832062 -0.6709991463356553 0
outer loop
vertex -37.01307678222656 10.150653839111328 0
vertex -37.01307678222656 10.150653839111328 -4.099999904632568
vertex -36.669864654541016 10.529905319213867 0
endloop
endfacet
facet normal 0 0 1
outer loop
vertex 79.34400177001953 18.354761123657227 -4.099999904632568
vertex 81.75128173828125 -30.588092803955078 -4.099999904632568
vertex 79.84843444824219 18.270082473754883 -4.099999904632568
endloop
endfacet
facet normal -0.6373996120022203 0.7705334091520099 0
outer loop
vertex -41.33638000488281 12.651840209960938 0
vertex -41.33638000488281 12.651840209960938 -4.099999904632568
vertex -41.73050308227539 12.325814247131348 0
endloop
endfacet
facet normal 0.8547104064197326 -0.5191051157114667 0
outer loop
vertex -37.278594970703125 9.713476181030273 0
vertex -37.278594970703125 9.713476181030273 -4.099999904632568
vertex -37.01307678222656 10.150653839111328 0
endloop
endfacet
facet normal 0 0 1
outer loop
vertex 79.84843444824219 18.270082473754883 -4.099999904632568
vertex 81.75128173828125 -30.588092803955078 -4.099999904632568
vertex 80.32784271240234 18.091781616210938 -4.099999904632568
endloop
endfacet
facet normal 0.9372769397794737 -0.3485856252882852 0
outer loop
vertex -37.45689392089844 9.234066009521484 0
vertex -37.45689392089844 9.234066009521484 -4.099999904632568
vertex -37.278594970703125 9.713476181030273 0
endloop
endfacet
facet normal 0.9861998381709771 -0.1655592920724737 0
outer loop
vertex -37.54157638549805 8.729631423950195 0
vertex -37.54157638549805 8.729631423950195 -4.099999904632568
vertex -37.45689392089844 9.234066009521484 0
endloop
endfacet
facet normal 0.2861482220093448 -0.9581853656996075 0
outer loop
vertex -35.802001953125 11.06274700164795 -4.099999904632568
vertex -35.444419860839844 11.169533729553223 -4.099999904632568
vertex -35.444419860839844 11.169533729553223 0
endloop
endfacet
facet normal 0.4401429211274839 -0.8979277303777655 0
outer loop
vertex -36.26128387451172 10.837617874145508 -4.099999904632568
vertex -35.802001953125 11.06274700164795 -4.099999904632568
vertex -35.802001953125 11.06274700164795 0
endloop
endfacet
facet normal 0.6015965973303076 -0.7988000588887033 0
outer loop
vertex -36.669864654541016 10.529905319213867 -4.099999904632568
vertex -36.26128387451172 10.837617874145508 -4.099999904632568
vertex -36.26128387451172 10.837617874145508 0
endloop
endfacet
facet normal -0.8979291896529449 -0.4401399440737069 0
outer loop
vertex -11.173011779785156 31.32447052001953 -4.099999904632568
vertex -10.947883605957031 30.86518669128418 -4.099999904632568
vertex -10.947883605957031 30.86518669128418 0
endloop
endfacet
facet normal 0.7414581212832062 -0.6709991463356553 0
outer loop
vertex -37.01307678222656 10.150653839111328 -4.099999904632568
vertex -36.669864654541016 10.529905319213867 -4.099999904632568
vertex -36.669864654541016 10.529905319213867 0
endloop
endfacet
facet normal 0.8547104064197326 -0.5191051157114667 0
outer loop
vertex -37.278594970703125 9.713476181030273 -4.099999904632568
vertex -37.01307678222656 10.150653839111328 -4.099999904632568
vertex -37.01307678222656 10.150653839111328 0
endloop
endfacet
facet normal 0 0 1
outer loop
vertex 81.75128173828125 -63.28809356689453 -4.099999904632568
vertex 81.877197265625 -63.27667236328125 -4.099999904632568
vertex 81.85128021240234 -29.896181106567383 -4.099999904632568
endloop
endfacet
facet normal -0.7712892740735128 0.6364847647030945 0
outer loop
vertex -41.01082229614258 13.04634952545166 -4.099999904632568
vertex -41.33638000488281 12.651840209960938 -4.099999904632568
vertex -41.33638000488281 12.651840209960938 0
endloop
endfacet
facet normal 0 0 1
outer loop
vertex -18.519933700561523 -62.786773681640625 -4.099999904632568
vertex -18.423059463500977 -62.98826217651367 -4.099999904632568
vertex -17.248722076416016 -30.588092803955078 -4.099999904632568
endloop
endfacet
facet normal -0.6373996120022203 0.7705334091520099 0
outer loop
vertex -41.33638000488281 12.651840209960938 -4.099999904632568
vertex -41.73050308227539 12.325814247131348 -4.099999904632568
vertex -41.73050308227539 12.325814247131348 0
endloop
endfacet
facet normal 0 0 1
outer loop
vertex -18.423059463500977 -62.98826217651367 -4.099999904632568
vertex -18.267602920532227 -63.148929595947266 -4.099999904632568
vertex -17.248722076416016 -30.588092803955078 -4.099999904632568
endloop
endfacet
facet normal 0.9372769397794737 -0.3485856252882852 0
outer loop
vertex -37.45689392089844 9.234066009521484 -4.099999904632568
vertex -37.278594970703125 9.713476181030273 -4.099999904632568
vertex -37.278594970703125 9.713476181030273 0
endloop
endfacet
facet normal 0.9861998381709771 -0.1655592920724737 0
outer loop
vertex -37.54157638549805 8.729631423950195 -4.099999904632568
vertex -37.45689392089844 9.234066009521484 -4.099999904632568
vertex -37.45689392089844 9.234066009521484 0
endloop
endfacet
facet normal 0 0 1
outer loop
vertex -37.54872131347656 -55.58809280395508 -4.099999904632568
vertex -17.248722076416016 -30.588092803955078 -4.099999904632568
vertex -37.54157638549805 8.729631423950195 -4.099999904632568
endloop
endfacet
facet normal -0.6822310884454468 -0.7311366096418241 0
outer loop
vertex 29.603857040405273 31.18168830871582 -4.099999904632568
vertex 29.977828979492188 30.832731246948242 -4.099999904632568
vertex 29.977828979492188 30.832731246948242 0
endloop
endfacet
facet normal 0.4401429211274839 -0.8979277303777655 0
outer loop
vertex 39.73871612548828 15.587617874145508 0
vertex 39.73871612548828 15.587617874145508 -4.099999904632568
vertex 40.197998046875 15.81274700164795 0
endloop
endfacet
facet normal 0.8547104064197326 -0.5191051157114667 0
outer loop
vertex 38.98692321777344 14.900653839111328 0
vertex 38.721405029296875 14.463476181030273 0
vertex 38.721405029296875 14.463476181030273 -4.099999904632568
endloop
endfacet
facet normal 0.9372769397794737 -0.3485856252882852 0
outer loop
vertex 38.54310607910156 13.984066009521484 0
vertex 38.54310607910156 13.984066009521484 -4.099999904632568
vertex 38.721405029296875 14.463476181030273 0
endloop
endfacet
facet normal 0.08602089614122016 -0.9962933330234933 0
outer loop
vertex 40.69150161743164 15.947210311889648 -4.099999904632568
vertex 41.15127944946289 15.986907958984375 -4.099999904632568
vertex 41.15127944946289 15.986907958984375 0
endloop
endfacet
facet normal 0.4401429211274839 -0.8979277303777655 0
outer loop
vertex 39.73871612548828 15.587617874145508 -4.099999904632568
vertex 40.197998046875 15.81274700164795 -4.099999904632568
vertex 40.197998046875 15.81274700164795 0
endloop
endfacet
facet normal -0.0003723721269077097 -0.9999999306694971 0
outer loop
vertex 60.15127944946289 18.361907958984375 -4.099999904632568
vertex 79.34400177001953 18.354761123657227 -4.099999904632568
vertex 79.34400177001953 18.354761123657227 0
endloop
endfacet
facet normal 0.7414581212832062 -0.6709991463356553 0
outer loop
vertex 38.98692321777344 14.900653839111328 -4.099999904632568
vertex 39.330135345458984 15.279905319213867 -4.099999904632568
vertex 39.330135345458984 15.279905319213867 0
endloop
endfacet
facet normal 0.8547104064197326 -0.5191051157114667 0
outer loop
vertex 38.721405029296875 14.463476181030273 -4.099999904632568
vertex 38.98692321777344 14.900653839111328 -4.099999904632568
vertex 38.98692321777344 14.900653839111328 0
endloop
endfacet
facet normal 0.9372769397794737 -0.3485856252882852 0
outer loop
vertex 38.54310607910156 13.984066009521484 -4.099999904632568
vertex 38.721405029296875 14.463476181030273 -4.099999904632568
vertex 38.721405029296875 14.463476181030273 0
endloop
endfacet
facet normal -0.9848724687296773 -0.1732807558221945 0
outer loop
vertex 30.616233825683594 29.511198043823242 -4.099999904632568
vertex 33.94200134277344 10.608597755432129 -4.099999904632568
vertex 33.94200134277344 10.608597755432129 0
endloop
endfacet
facet normal 0.7649761374474485 0.6440586224374162 0
outer loop
vertex -68.63691711425781 28.715723037719727 0
vertex -81.2942886352539 43.749427795410156 -4.099999904632568
vertex -81.2942886352539 43.749427795410156 0
endloop
endfacet
facet normal 0.46278175204203403 0.8864722499756579 0
outer loop
vertex -18.267602920532227 -63.148929595947266 -4.099999904632568
vertex -18.267602920532227 -63.148929595947266 0
vertex -18.06941795349121 -63.25239181518555 -4.099999904632568
endloop
endfacet
facet normal 0.7186648534065891 0.6953566196406601 0
outer loop
vertex -18.267602920532227 -63.148929595947266 -4.099999904632568
vertex -18.423059463500977 -62.98826217651367 -4.099999904632568
vertex -18.423059463500977 -62.98826217651367 0
endloop
endfacet
facet normal -0.9662195629859891 -0.2577203059581536 0
outer loop
vertex 30.49736785888672 29.956838607788086 -4.099999904632568
vertex 30.616233825683594 29.511198043823242 -4.099999904632568
vertex 30.616233825683594 29.511198043823242 0
endloop
endfacet
facet normal 0.999979526233339 0.0063989932135448705 0
outer loop
vertex -18.519933700561523 -62.786773681640625 -4.099999904632568
vertex -18.548721313476562 -58.28809356689453 -4.099999904632568
vertex -18.519933700561523 -62.786773681640625 0
endloop
endfacet
facet normal -0.5700868905884936 -0.8215844066066147 0
outer loop
vertex -63.23076248168945 59.899688720703125 0
vertex -63.23076248168945 59.899688720703125 -4.099999904632568
vertex -62.81052780151367 59.60809326171875 0
endloop
endfacet
facet normal -0.7078875000187907 -0.7063251994068642 0
outer loop
vertex -62.81052780151367 59.60809326171875 0
vertex -62.81052780151367 59.60809326171875 -4.099999904632568
vertex -62.48456954956055 59.28141403198242 0
endloop
endfacet
facet normal 0.9999988029588157 -0.001547281789381786 0
outer loop
vertex 38.45127868652344 8.861907958984375 0
vertex 38.45127868652344 8.861907958984375 -4.099999904632568
vertex 38.45842361450195 13.479631423950195 0
endloop
endfacet
facet normal 0 -1 0
outer loop
vertex 33.69495391845703 8.861907958984375 0
vertex 33.69495391845703 8.861907958984375 -4.099999904632568
vertex 38.45127868652344 8.861907958984375 0
endloop
endfacet
facet normal -0.9835603472663869 0.1805797421784193 0
outer loop
vertex 33.9461784362793 10.097122192382812 0
vertex 33.9461784362793 10.097122192382812 -4.099999904632568
vertex 33.85381317138672 9.594038009643555 0
endloop
endfacet
facet normal -0.9318468816228591 0.3628517454963572 0
outer loop
vertex 33.85381317138672 9.594038009643555 0
vertex 33.85381317138672 9.594038009643555 -4.099999904632568
vertex 33.668216705322266 9.117403984069824 0
endloop
endfacet
facet normal -0.7798808354301993 -0.6259280170504388 0
outer loop
vertex 33.596534729003906 8.98453426361084 0
vertex 33.596534729003906 8.98453426361084 -4.099999904632568
vertex 33.69495391845703 8.861907958984375 0
endloop
endfacet
facet normal 0.9861998381709771 -0.1655592920724737 0
outer loop
vertex 38.45842361450195 13.479631423950195 -4.099999904632568
vertex 38.54310607910156 13.984066009521484 -4.099999904632568
vertex 38.54310607910156 13.984066009521484 0
endloop
endfacet
facet normal 0.9999988029588157 -0.001547281789381786 0
outer loop
vertex 38.45127868652344 8.861907958984375 -4.099999904632568
vertex 38.45842361450195 13.479631423950195 -4.099999904632568
vertex 38.45842361450195 13.479631423950195 0
endloop
endfacet
facet normal 0 -1 0
outer loop
vertex 33.69495391845703 8.861907958984375 -4.099999904632568
vertex 38.45127868652344 8.861907958984375 -4.099999904632568
vertex 38.45127868652344 8.861907958984375 0
endloop
endfacet
facet normal -0.9835603472663869 0.1805797421784193 0
outer loop
vertex 33.9461784362793 10.097122192382812 -4.099999904632568
vertex 33.85381317138672 9.594038009643555 -4.099999904632568
vertex 33.85381317138672 9.594038009643555 0
endloop
endfacet
facet normal -0.9318468816228591 0.3628517454963572 0
outer loop
vertex 33.85381317138672 9.594038009643555 -4.099999904632568
vertex 33.668216705322266 9.117403984069824 -4.099999904632568
vertex 33.668216705322266 9.117403984069824 0
endloop
endfacet
facet normal -0.8800927345009699 0.4748018309554054 0
outer loop
vertex 33.668216705322266 9.117403984069824 -4.099999904632568
vertex 33.596534729003906 8.98453426361084 -4.099999904632568
vertex 33.596534729003906 8.98453426361084 0
endloop
endfacet
facet normal -0.7798808354301993 -0.6259280170504388 0
outer loop
vertex 33.596534729003906 8.98453426361084 -4.099999904632568
vertex 33.69495391845703 8.861907958984375 -4.099999904632568
vertex 33.69495391845703 8.861907958984375 0
endloop
endfacet
facet normal 0 0 1
outer loop
vertex 38.45127868652344 8.861907958984375 -4.099999904632568
vertex 15.251277923583984 -30.588092803955078 -4.099999904632568
vertex 57.471214294433594 15.986907958984375 -4.099999904632568
endloop
endfacet
facet normal -0.9662195629859891 -0.2577203059581536 0
outer loop
vertex 30.49736785888672 29.956838607788086 0
vertex 30.49736785888672 29.956838607788086 -4.099999904632568
vertex 30.616233825683594 29.511198043823242 0
endloop
endfacet
facet normal 0.7414581212832062 -0.6709991463356553 0
outer loop
vertex 39.330135345458984 15.279905319213867 0
vertex 38.98692321777344 14.900653839111328 0
vertex 38.98692321777344 14.900653839111328 -4.099999904632568
endloop
endfacet
facet normal 0.2628834335417472 -0.9648276013720286 0
outer loop
vertex 40.197998046875 15.81274700164795 0
vertex 40.197998046875 15.81274700164795 -4.099999904632568
vertex 40.69150161743164 15.947210311889648 0
endloop
endfacet
facet normal 0.08602089614122016 -0.9962933330234933 0
outer loop
vertex 40.69150161743164 15.947210311889648 0
vertex 40.69150161743164 15.947210311889648 -4.099999904632568
vertex 41.15127944946289 15.986907958984375 0
endloop
endfacet
facet normal 0.1732623478396856 -0.9848757072956362 0
outer loop
vertex 9.564460754394531 28.540760040283203 0
vertex 9.564460754394531 28.540760040283203 -4.099999904632568
vertex 27.679588317871094 31.727628707885742 0
endloop
endfacet
facet normal -0.5700868905884936 -0.8215844066066147 0
outer loop
vertex -63.23076248168945 59.899688720703125 -4.099999904632568
vertex -62.81052780151367 59.60809326171875 -4.099999904632568
vertex -62.81052780151367 59.60809326171875 0
endloop
endfacet
facet normal -0.7078875000187907 -0.7063251994068642 0
outer loop
vertex -62.81052780151367 59.60809326171875 -4.099999904632568
vertex -62.48456954956055 59.28141403198242 -4.099999904632568
vertex -62.48456954956055 59.28141403198242 0
endloop
endfacet
facet normal -0.9867352283870283 -0.16233788547347452 0
outer loop
vertex 9.453792572021484 29.21343231201172 0
vertex 9.564460754394531 28.540760040283203 -4.099999904632568
vertex 9.564460754394531 28.540760040283203 0
endloop
endfacet
facet normal -0.846963891341908 -0.5316504178151022 0
outer loop
vertex 8.99651050567627 30.12337875366211 -4.099999904632568
vertex 9.26844596862793 29.690162658691406 0
vertex 8.99651050567627 30.12337875366211 0
endloop
endfacet
facet normal -0.9320367191487532 -0.3623638422337807 0
outer loop
vertex 9.26844596862793 29.690162658691406 -4.099999904632568
vertex 9.453792572021484 29.21343231201172 -4.099999904632568
vertex 9.453792572021484 29.21343231201172 0
endloop
endfacet
facet normal -0.9867352283870283 -0.16233788547347452 0
outer loop
vertex 9.453792572021484 29.21343231201172 -4.099999904632568
vertex 9.564460754394531 28.540760040283203 -4.099999904632568
vertex 9.453792572021484 29.21343231201172 0
endloop
endfacet
facet normal -0.846963891341908 -0.5316504178151022 0
outer loop
vertex 8.99651050567627 30.12337875366211 -4.099999904632568
vertex 9.26844596862793 29.690162658691406 -4.099999904632568
vertex 9.26844596862793 29.690162658691406 0
endloop
endfacet
facet normal 0 0 1
outer loop
vertex 6.766167640686035 31.1761474609375 -4.099999904632568
vertex 9.564460754394531 28.540760040283203 -4.099999904632568
vertex 9.453792572021484 29.21343231201172 -4.099999904632568
endloop
endfacet
facet normal 0 0 1
outer loop
vertex 6.766167640686035 31.1761474609375 -4.099999904632568
vertex 9.453792572021484 29.21343231201172 -4.099999904632568
vertex 9.26844596862793 29.690162658691406 -4.099999904632568
endloop
endfacet
facet normal 0 0 1
outer loop
vertex -35.444419860839844 11.169533729553223 -4.099999904632568
vertex 30.279272079467773 30.419504165649414 -4.099999904632568
vertex 29.977828979492188 30.832731246948242 -4.099999904632568
endloop
endfacet
facet normal 0 0 1
outer loop
vertex -66.13619995117188 59.73247146606445 -4.099999904632568
vertex -50.28383255004883 44.74122619628906 -4.099999904632568
vertex -62.48456954956055 59.28141403198242 -4.099999904632568
endloop
endfacet
facet normal 0 0 1
outer loop
vertex -35.444419860839844 11.169533729553223 -4.099999904632568
vertex 30.616233825683594 29.511198043823242 -4.099999904632568
vertex 30.49736785888672 29.956838607788086 -4.099999904632568
endloop
endfacet
facet normal 0 0 1
outer loop
vertex -35.444419860839844 11.169533729553223 -4.099999904632568
vertex 29.603857040405273 31.18168830871582 -4.099999904632568
vertex 29.1707820892334 31.453847885131836 -4.099999904632568
endloop
endfacet
facet normal 0 0 1
outer loop
vertex 28.191064834594727 31.731807708740234 -4.099999904632568
vertex -35.444419860839844 11.169533729553223 -4.099999904632568
vertex 28.694149017333984 31.639442443847656 -4.099999904632568
endloop
endfacet
facet normal 0 0 1
outer loop
vertex 27.679588317871094 31.727628707885742 -4.099999904632568
vertex -35.444419860839844 11.169533729553223 -4.099999904632568
vertex 28.191064834594727 31.731807708740234 -4.099999904632568
endloop
endfacet
facet normal -0.674487931709124 -0.738285872801822 0
outer loop
vertex -32.2331657409668 33.24980545043945 0
vertex -31.658998489379883 32.72525405883789 -4.099999904632568
vertex -31.658998489379883 32.72525405883789 0
endloop
endfacet
facet normal 0 0 1
outer loop
vertex 9.564460754394531 28.540760040283203 -4.099999904632568
vertex -35.444419860839844 11.169533729553223 -4.099999904632568
vertex 27.679588317871094 31.727628707885742 -4.099999904632568
endloop
endfacet
facet normal 0 0 1
outer loop
vertex -35.444419860839844 11.169533729553223 -4.099999904632568
vertex 33.9461784362793 10.097122192382812 -4.099999904632568
vertex 33.94200134277344 10.608597755432129 -4.099999904632568
endloop
endfacet
facet normal 0 0 1
outer loop
vertex -35.444419860839844 11.169533729553223 -4.099999904632568
vertex 33.69495391845703 8.861907958984375 -4.099999904632568
vertex 33.596534729003906 8.98453426361084 -4.099999904632568
endloop
endfacet
facet normal -0.36284913789789947 -0.9318478969911083 0
outer loop
vertex 28.694149017333984 31.639442443847656 -4.099999904632568
vertex 29.1707820892334 31.453847885131836 -4.099999904632568
vertex 29.1707820892334 31.453847885131836 0
endloop
endfacet
facet normal 0.9848081235350528 0.1736460763143471 0
outer loop
vertex -56.50526809692383 34.99470138549805 0
vertex -56.50526809692383 34.99470138549805 -4.099999904632568
vertex -56.52534866333008 35.108585357666016 0
endloop
endfacet
facet normal 0.6427896161465005 0.7660427594946867 0
outer loop
vertex -56.52534866333008 35.108585357666016 0
vertex -56.52534866333008 35.108585357666016 -4.099999904632568
vertex -56.97430419921875 35.48530578613281 0
endloop
endfacet
facet normal 0.03737591124181557 0.9993012765221727 0
outer loop
vertex -66.739501953125 28.082727432250977 -4.099999904632568
vertex -67.2506332397461 28.101844787597656 -4.099999904632568
vertex -67.2506332397461 28.101844787597656 0
endloop
endfacet
facet normal 0 0 1
outer loop
vertex -17.248722076416016 -30.588092803955078 -4.099999904632568
vertex -36.462467193603516 -57.752445220947266 -4.099999904632568
vertex -36.025291442871094 -58.017967224121094 -4.099999904632568
endloop
endfacet
facet normal -0.8979291896529449 -0.4401399440737069 0
outer loop
vertex 81.45198822021484 17.07447052001953 -4.099999904632568
vertex 81.67711639404297 16.61518669128418 -4.099999904632568
vertex 81.67711639404297 16.61518669128418 0
endloop
endfacet
facet normal 0.2628834335417472 -0.9648276013720286 0
outer loop
vertex 40.197998046875 15.81274700164795 -4.099999904632568
vertex 40.69150161743164 15.947210311889648 -4.099999904632568
vertex 40.69150161743164 15.947210311889648 0
endloop
endfacet
facet normal -0.7568593443940985 -0.6535777939949731 0
outer loop
vertex -50.28383255004883 44.74122619628906 -4.099999904632568
vertex -48.45567321777344 42.62417221069336 -4.099999904632568
vertex -48.45567321777344 42.62417221069336 0
endloop
endfacet
facet normal 0 0 1
outer loop
vertex -48.45567321777344 42.62417221069336 -4.099999904632568
vertex -81.2942886352539 43.749427795410156 -4.099999904632568
vertex -57.08409881591797 35.485443115234375 -4.099999904632568
endloop
endfacet
facet normal 0.0012507807601919187 0.999999217773439 0
outer loop
vertex -56.97430419921875 35.48530578613281 -4.099999904632568
vertex -57.08409881591797 35.485443115234375 -4.099999904632568
vertex -57.08409881591797 35.485443115234375 0
endloop
endfacet
facet normal 0.6427896161465005 0.7660427594946867 0
outer loop
vertex -56.52534866333008 35.108585357666016 -4.099999904632568
vertex -56.97430419921875 35.48530578613281 -4.099999904632568
vertex -56.97430419921875 35.48530578613281 0
endloop
endfacet
facet normal 0.8660244589191122 -0.500001636551181 0
outer loop
vertex -56.50526809692383 34.99470138549805 0
vertex -62.0391731262207 25.409738540649414 -4.099999904632568
vertex -56.50526809692383 34.99470138549805 -4.099999904632568
endloop
endfacet
facet normal -0.48063363097591566 0.8769214974984404 0
outer loop
vertex -41.73050308227539 12.325814247131348 -4.099999904632568
vertex -42.17904281616211 12.079973220825195 -4.099999904632568
vertex -42.17904281616211 12.079973220825195 0
endloop
endfacet
facet normal -0.642279473480872 0.7664705329920607 0
outer loop
vertex -57.08409881591797 35.485443115234375 -4.099999904632568
vertex -65.31124114990234 28.59134292602539 -4.099999904632568
vertex -65.31124114990234 28.59134292602539 0
endloop
endfacet
facet normal 0 0 1
outer loop
vertex -48.45567321777344 42.62417221069336 -4.099999904632568
vertex -56.97430419921875 35.48530578613281 -4.099999904632568
vertex -56.52534866333008 35.108585357666016 -4.099999904632568
endloop
endfacet
facet normal 0 0 1
outer loop
vertex -48.45567321777344 42.62417221069336 -4.099999904632568
vertex -57.08409881591797 35.485443115234375 -4.099999904632568
vertex -56.97430419921875 35.48530578613281 -4.099999904632568
endloop
endfacet
facet normal 0 0 1
outer loop
vertex -37.37456130981445 -56.5413703918457 -4.099999904632568
vertex -37.14943313598633 -57.00065612792969 -4.099999904632568
vertex -17.248722076416016 -30.588092803955078 -4.099999904632568
endloop
endfacet
facet normal 0 0 1
outer loop
vertex -48.45567321777344 42.62417221069336 -4.099999904632568
vertex -56.52534866333008 35.108585357666016 -4.099999904632568
vertex -32.2331657409668 33.24980545043945 -4.099999904632568
endloop
endfacet
facet normal 0.6015965973303076 -0.7988000588887033 0
outer loop
vertex 39.330135345458984 15.279905319213867 0
vertex 39.330135345458984 15.279905319213867 -4.099999904632568
vertex 39.73871612548828 15.587617874145508 0
endloop
endfacet
facet normal -0.5191061853487081 -0.8547097567787046 0
outer loop
vertex 80.32784271240234 18.091781616210938 -4.099999904632568
vertex 80.76502227783203 17.826261520385742 -4.099999904632568
vertex 80.76502227783203 17.826261520385742 0
endloop
endfacet
facet normal 0 0 1
outer loop
vertex -37.14943313598633 -57.00065612792969 -4.099999904632568
vertex -36.84172058105469 -57.409236907958984 -4.099999904632568
vertex -17.248722076416016 -30.588092803955078 -4.099999904632568
endloop
endfacet
facet normal 0 0 1
outer loop
vertex -17.248722076416016 -30.588092803955078 -4.099999904632568
vertex -18.06941795349121 -63.25239181518555 -4.099999904632568
vertex -17.248722076416016 -63.28809356689453 -4.099999904632568
endloop
endfacet
facet normal 0.8654258826436382 -0.501036966351266 0
outer loop
vertex -35.444419860839844 11.169533729553223 -4.099999904632568
vertex -35.17372131347656 11.637103080749512 -4.099999904632568
vertex -35.17372131347656 11.637103080749512 0
endloop
endfacet
facet normal 0 0 1
outer loop
vertex -35.77261734008789 22.104841232299805 -4.099999904632568
vertex -56.52534866333008 35.108585357666016 -4.099999904632568
vertex -56.50526809692383 34.99470138549805 -4.099999904632568
endloop
endfacet
facet normal -0.6709989515241015 -0.7414582975822421 0
outer loop
vertex 80.76502227783203 17.826261520385742 -4.099999904632568
vertex 81.14427185058594 17.483051300048828 -4.099999904632568
vertex 81.14427185058594 17.483051300048828 0
endloop
endfacet
facet normal 0.00043344819263395394 0.9999999060613278 0
outer loop
vertex -18.548721313476562 -58.28809356689453 -4.099999904632568
vertex -35.041446685791016 -58.28094482421875 0
vertex -18.548721313476562 -58.28809356689453 0
endloop
endfacet
facet normal 0 0 1
outer loop
vertex -37.54872131347656 -55.58809280395508 -4.099999904632568
vertex -37.50902557373047 -56.04786682128906 -4.099999904632568
vertex -17.248722076416016 -30.588092803955078 -4.099999904632568
endloop
endfacet
facet normal -0.48063363097591566 0.8769214974984404 0
outer loop
vertex -41.73050308227539 12.325814247131348 -4.099999904632568
vertex -42.17904281616211 12.079973220825195 0
vertex -41.73050308227539 12.325814247131348 0
endloop
endfacet
facet normal -0.7712892740735128 0.6364847647030945 0
outer loop
vertex -41.01082229614258 13.04634952545166 -4.099999904632568
vertex -41.33638000488281 12.651840209960938 0
vertex -41.01082229614258 13.04634952545166 0
endloop
endfacet
facet normal 0.6015965973303076 -0.7988000588887033 0
outer loop
vertex -36.669864654541016 10.529905319213867 0
vertex -36.669864654541016 10.529905319213867 -4.099999904632568
vertex -36.26128387451172 10.837617874145508 0
endloop
endfacet
facet normal -0.7987964749261642 -0.6016013560868474 0
outer loop
vertex 81.14427185058594 17.483051300048828 -4.099999904632568
vertex 81.45198822021484 17.07447052001953 -4.099999904632568
vertex 81.45198822021484 17.07447052001953 0
endloop
endfacet
facet normal 0 0 1
outer loop
vertex -35.54587936401367 -58.196266174316406 -4.099999904632568
vertex -35.041446685791016 -58.28094482421875 -4.099999904632568
vertex -17.248722076416016 -30.588092803955078 -4.099999904632568
endloop
endfacet
facet normal 0.6975641919678854 -0.7165222941989949 0
outer loop
vertex 58.0932502746582 17.40922737121582 0
vertex 58.0932502746582 17.40922737121582 -4.099999904632568
vertex 58.459747314453125 17.766027450561523 0
endloop
endfacet
facet normal 0 0 1
outer loop
vertex -36.84172058105469 -57.409236907958984 -4.099999904632568
vertex -36.462467193603516 -57.752445220947266 -4.099999904632568
vertex -17.248722076416016 -30.588092803955078 -4.099999904632568
endloop
endfacet
facet normal -0.40490014877221153 -0.9143609076968683 0
outer loop
vertex -63.69845199584961 60.10679244995117 0
vertex -63.69845199584961 60.10679244995117 -4.099999904632568
vertex -63.23076248168945 59.899688720703125 0
endloop
endfacet
facet normal -0.037371630387868636 -0.9993014366256824 0
outer loop
vertex -64.70794677734375 60.2410888671875 0
vertex -64.70794677734375 60.2410888671875 -4.099999904632568
vertex -64.19680786132812 60.22197341918945 0
endloop
endfacet
facet normal 0 0 1
outer loop
vertex -50.28383255004883 44.74122619628906 -4.099999904632568
vertex -81.2942886352539 43.749427795410156 -4.099999904632568
vertex -48.45567321777344 42.62417221069336 -4.099999904632568
endloop
endfacet
facet normal -0.22518575906042665 -0.9743158491558984 0
outer loop
vertex -64.19680786132812 60.22197341918945 0
vertex -64.19680786132812 60.22197341918945 -4.099999904632568
vertex -63.69845199584961 60.10679244995117 0
endloop
endfacet
facet normal 0.151778644000411 -0.9884145098213586 0
outer loop
vertex -65.21350860595703 60.163455963134766 0
vertex -65.21350860595703 60.163455963134766 -4.099999904632568
vertex -64.70794677734375 60.2410888671875 0
endloop
endfacet
facet normal -0.9999666537580444 -0.008166478551949737 0
outer loop
vertex 33.94200134277344 10.608597755432129 -4.099999904632568
vertex 33.9461784362793 10.097122192382812 0
vertex 33.94200134277344 10.608597755432129 0
endloop
endfacet
facet normal 0.33546411634764656 -0.942052985050784 0
outer loop
vertex -65.69536590576172 59.99186706542969 0
vertex -65.69536590576172 59.99186706542969 -4.099999904632568
vertex -65.21350860595703 60.163455963134766 0
endloop
endfacet
facet normal 0.5071384340998067 -0.8618646115596091 0
outer loop
vertex -66.13619995117188 59.73247146606445 0
vertex -66.13619995117188 59.73247146606445 -4.099999904632568
vertex -65.69536590576172 59.99186706542969 0
endloop
endfacet
facet normal 0.6440585746200975 -0.7649761777064225 0
outer loop
vertex -81.16990661621094 47.07509994506836 0
vertex -66.13619995117188 59.73247146606445 -4.099999904632568
vertex -66.13619995117188 59.73247146606445 0
endloop
endfacet
facet normal -0.9648290200702897 -0.26287822661872295 0
outer loop
vertex 81.67711639404297 16.61518669128418 -4.099999904632568
vertex 81.81157684326172 16.12168312072754 -4.099999904632568
vertex 81.81157684326172 16.12168312072754 0
endloop
endfacet
facet normal 0.9012440953785119 0.4333117590665728 0
outer loop
vertex -18.519933700561523 -62.786773681640625 -4.099999904632568
vertex -18.519933700561523 -62.786773681640625 0
vertex -18.423059463500977 -62.98826217651367 -4.099999904632568
endloop
endfacet
facet normal -0.42685664148826763 -0.9043193062283679 0
outer loop
vertex 7.772123336791992 31.01752281188965 0
vertex 7.772123336791992 31.01752281188965 -4.099999904632568
vertex 8.234676361083984 30.7991886138916 0
endloop
endfacet
facet normal -0.9999996278041141 -0.0008627813356806073 0
outer loop
vertex 81.85128021240234 -29.896181106567383 -4.099999904632568
vertex 81.85128021240234 -29.896181106567383 0
vertex 81.81157684326172 16.12168312072754 0
endloop
endfacet
facet normal 0.9143581465614039 -0.4049063840158541 0
outer loop
vertex -81.66860961914062 46.18717956542969 0
vertex -81.66860961914062 46.18717956542969 -4.099999904632568
vertex -81.46150207519531 46.654869079589844 0
endloop
endfacet
facet normal -0.9423443632639469 -0.3346447385282885 0
outer loop
vertex 82.36504364013672 -30.251497268676758 0
vertex 82.36504364013672 -30.251497268676758 -4.099999904632568
vertex 82.43985748291016 -30.462169647216797 0
endloop
endfacet
facet normal -0.06148719405955595 -0.9981078724099327 0
outer loop
vertex 6.766167640686035 31.1761474609375 0
vertex 6.766167640686035 31.1761474609375 -4.099999904632568
vertex 7.276692867279053 31.144697189331055 0
endloop
endfacet
facet normal -0.7887560239130317 -0.6147063809176745 0
outer loop
vertex 82.22761535644531 -30.075157165527344 0
vertex 82.22761535644531 -30.075157165527344 -4.099999904632568
vertex 82.36504364013672 -30.251497268676758 0
endloop
endfacet
facet normal -0.2774197798268843 -0.9607488047147407 0
outer loop
vertex 81.85128021240234 -29.896181106567383 -4.099999904632568
vertex 82.0416030883789 -29.95113754272461 0
vertex 81.85128021240234 -29.896181106567383 0
endloop
endfacet
facet normal -0.2774197798268843 -0.9607488047147407 0
outer loop
vertex 81.85128021240234 -29.896181106567383 -4.099999904632568
vertex 82.0416030883789 -29.95113754272461 -4.099999904632568
vertex 82.0416030883789 -29.95113754272461 0
endloop
endfacet
facet normal 0 0 1
outer loop
vertex 82.43985748291016 -30.462169647216797 -4.099999904632568
vertex 82.22761535644531 -30.075157165527344 -4.099999904632568
vertex 82.0416030883789 -29.95113754272461 -4.099999904632568
endloop
endfacet
facet normal 0.8215819827525059 -0.570090383725652 0
outer loop
vertex -81.16990661621094 47.07509994506836 0
vertex -81.46150207519531 46.654869079589844 0
vertex -81.46150207519531 46.654869079589844 -4.099999904632568
endloop
endfacet
facet normal 0 0 1
outer loop
vertex 82.22761535644531 -30.075157165527344 -4.099999904632568
vertex 82.43985748291016 -30.462169647216797 -4.099999904632568
vertex 82.36504364013672 -30.251497268676758 -4.099999904632568
endloop
endfacet
facet normal 0 0 1
outer loop
vertex 15.251277923583984 -30.588092803955078 -4.099999904632568
vertex 81.75128173828125 -30.588092803955078 -4.099999904632568
vertex 60.15127944946289 18.361907958984375 -4.099999904632568
endloop
endfacet
facet normal 0 0 1
outer loop
vertex 81.85128021240234 -29.896181106567383 -4.099999904632568
vertex 82.44728088378906 -62.66279220581055 -4.099999904632568
vertex 82.45127868652344 -30.588092803955078 -4.099999904632568
endloop
endfacet
facet normal -0.16555264734385197 -0.9862009536384775 0
outer loop
vertex 79.34400177001953 18.354761123657227 -4.099999904632568
vertex 79.84843444824219 18.270082473754883 -4.099999904632568
vertex 79.84843444824219 18.270082473754883 0
endloop
endfacet
facet normal 0 0 1
outer loop
vertex 81.75128173828125 -30.588092803955078 -4.099999904632568
vertex 81.75128173828125 -63.28809356689453 -4.099999904632568
vertex 81.85128021240234 -29.896181106567383 -4.099999904632568
endloop
endfacet
facet normal -0.40490014877221153 -0.9143609076968683 0
outer loop
vertex -63.69845199584961 60.10679244995117 -4.099999904632568
vertex -63.23076248168945 59.899688720703125 -4.099999904632568
vertex -63.23076248168945 59.899688720703125 0
endloop
endfacet
facet normal -0.037371630387868636 -0.9993014366256824 0
outer loop
vertex -64.70794677734375 60.2410888671875 -4.099999904632568
vertex -64.19680786132812 60.22197341918945 -4.099999904632568
vertex -64.19680786132812 60.22197341918945 0
endloop
endfacet
facet normal 0.151778644000411 -0.9884145098213586 0
outer loop
vertex -65.21350860595703 60.163455963134766 -4.099999904632568
vertex -64.70794677734375 60.2410888671875 -4.099999904632568
vertex -64.70794677734375 60.2410888671875 0
endloop
endfacet
facet normal 0.33546411634764656 -0.942052985050784 0
outer loop
vertex -65.69536590576172 59.99186706542969 -4.099999904632568
vertex -65.21350860595703 60.163455963134766 -4.099999904632568
vertex -65.21350860595703 60.163455963134766 0
endloop
endfacet
facet normal 0.5071384340998067 -0.8618646115596091 0
outer loop
vertex -66.13619995117188 59.73247146606445 -4.099999904632568
vertex -65.69536590576172 59.99186706542969 -4.099999904632568
vertex -65.69536590576172 59.99186706542969 0
endloop
endfacet
facet normal 0 0 1
outer loop
vertex -65.21350860595703 60.163455963134766 -4.099999904632568
vertex -64.19680786132812 60.22197341918945 -4.099999904632568
vertex -64.70794677734375 60.2410888671875 -4.099999904632568
endloop
endfacet
facet normal 0.043460701403544015 0.9990551373340273 0
outer loop
vertex -18.06941795349121 -63.25239181518555 -4.099999904632568
vertex -17.248722076416016 -63.28809356689453 0
vertex -17.248722076416016 -63.28809356689453 -4.099999904632568
endloop
endfacet
facet normal 0 0 1
outer loop
vertex -65.69536590576172 59.99186706542969 -4.099999904632568
vertex -64.19680786132812 60.22197341918945 -4.099999904632568
vertex -65.21350860595703 60.163455963134766 -4.099999904632568
endloop
endfacet
facet normal -0.22518575906042665 -0.9743158491558984 0
outer loop
vertex -64.19680786132812 60.22197341918945 -4.099999904632568
vertex -63.69845199584961 60.10679244995117 -4.099999904632568
vertex -63.69845199584961 60.10679244995117 0
endloop
endfacet
facet normal -0.9999666537580444 -0.008166478551949737 0
outer loop
vertex 33.94200134277344 10.608597755432129 -4.099999904632568
vertex 33.9461784362793 10.097122192382812 -4.099999904632568
vertex 33.9461784362793 10.097122192382812 0
endloop
endfacet
facet normal 0 0 1
outer loop
vertex -66.13619995117188 59.73247146606445 -4.099999904632568
vertex -62.81052780151367 59.60809326171875 -4.099999904632568
vertex -65.69536590576172 59.99186706542969 -4.099999904632568
endloop
endfacet
facet normal -0.8800927345009699 0.4748018309554054 0
outer loop
vertex 33.668216705322266 9.117403984069824 0
vertex 33.668216705322266 9.117403984069824 -4.099999904632568
vertex 33.596534729003906 8.98453426361084 0
endloop
endfacet
facet normal 0 0 1
outer loop
vertex -81.16990661621094 47.07509994506836 -4.099999904632568
vertex -50.28383255004883 44.74122619628906 -4.099999904632568
vertex -66.13619995117188 59.73247146606445 -4.099999904632568
endloop
endfacet
facet normal 0.8215819827525059 -0.570090383725652 0
outer loop
vertex -81.46150207519531 46.654869079589844 -4.099999904632568
vertex -81.16990661621094 47.07509994506836 -4.099999904632568
vertex -81.16990661621094 47.07509994506836 0
endloop
endfacet
facet normal 0.9143581465614039 -0.4049063840158541 0
outer loop
vertex -81.46150207519531 46.654869079589844 0
vertex -81.66860961914062 46.18717956542969 -4.099999904632568
vertex -81.46150207519531 46.654869079589844 -4.099999904632568
endloop
endfacet
facet normal -0.8320345433792632 0.5547238219363407 0
outer loop
vertex 82.38822937011719 -62.87841796875 0
vertex 82.38822937011719 -62.87841796875 -4.099999904632568
vertex 82.26421356201172 -63.064430236816406 0
endloop
endfacet
facet normal -0.614699901859557 0.7887610732369156 0
outer loop
vertex 82.26421356201172 -63.064430236816406 0
vertex 82.26421356201172 -63.064430236816406 -4.099999904632568
vertex 82.08787536621094 -63.20185470581055 0
endloop
endfacet
facet normal -0.33465181934088384 0.9423418487002667 0
outer loop
vertex 82.08787536621094 -63.20185470581055 0
vertex 82.08787536621094 -63.20185470581055 -4.099999904632568
vertex 81.877197265625 -63.27667236328125 0
endloop
endfacet
facet normal 0.9861998381709771 -0.1655592920724737 0
outer loop
vertex 38.45842361450195 13.479631423950195 0
vertex 38.45842361450195 13.479631423950195 -4.099999904632568
vertex 38.54310607910156 13.984066009521484 0
endloop
endfacet
facet normal -0.9999996278041141 -0.0008627813356806073 0
outer loop
vertex 81.81157684326172 16.12168312072754 -4.099999904632568
vertex 81.85128021240234 -29.896181106567383 -4.099999904632568
vertex 81.81157684326172 16.12168312072754 0
endloop
endfacet
facet normal -0.1805797421784193 -0.9835603472663869 0
outer loop
vertex 28.191064834594727 31.731807708740234 -4.099999904632568
vertex 28.694149017333984 31.639442443847656 -4.099999904632568
vertex 28.694149017333984 31.639442443847656 0
endloop
endfacet
facet normal 0.9999999938297272 -0.00011108800910168909 0
outer loop
vertex -37.54157638549805 8.729631423950195 0
vertex -37.54872131347656 -55.58809280395508 -4.099999904632568
vertex -37.54157638549805 8.729631423950195 -4.099999904632568
endloop
endfacet
facet normal -0.8078849496396286 -0.5893402312296138 0
outer loop
vertex 29.977828979492188 30.832731246948242 0
vertex 29.977828979492188 30.832731246948242 -4.099999904632568
vertex 30.279272079467773 30.419504165649414 0
endloop
endfacet
facet normal 0 0 1
outer loop
vertex -37.54157638549805 8.729631423950195 -4.099999904632568
vertex -17.248722076416016 -30.588092803955078 -4.099999904632568
vertex 15.251277923583984 -30.588092803955078 -4.099999904632568
endloop
endfacet
facet normal -0.3066148281294173 0.9518336762119566 0
outer loop
vertex -42.665897369384766 11.923142433166504 -4.099999904632568
vertex -42.665897369384766 11.923142433166504 0
vertex -42.17904281616211 12.079973220825195 -4.099999904632568
endloop
endfacet
facet normal 0.9999999938297272 -0.00011108800910168909 0
outer loop
vertex -37.54872131347656 -55.58809280395508 0
vertex -37.54872131347656 -55.58809280395508 -4.099999904632568
vertex -37.54157638549805 8.729631423950195 0
endloop
endfacet
facet normal 0 0 1
outer loop
vertex -56.50526809692383 34.99470138549805 -4.099999904632568
vertex -61.21427917480469 21.82400894165039 -4.099999904632568
vertex -44.17852783203125 12.0259428024292 -4.099999904632568
endloop
endfacet
facet normal 0.10412237336765748 -0.9945644933156855 0
outer loop
vertex 6.766167640686035 31.1761474609375 0
vertex -10.599705696105957 29.358089447021484 -4.099999904632568
vertex 6.766167640686035 31.1761474609375 -4.099999904632568
endloop
endfacet
facet normal -0.642279473480872 0.7664705329920607 0
outer loop
vertex -57.08409881591797 35.485443115234375 -4.099999904632568
vertex -65.31124114990234 28.59134292602539 0
vertex -57.08409881591797 35.485443115234375 0
endloop
endfacet
facet normal 0 0 1
outer loop
vertex -62.337486267089844 23.479084014892578 -4.099999904632568
vertex -62.23468780517578 24.991714477539062 -4.099999904632568
vertex -62.39967727661133 23.98678207397461 -4.099999904632568
endloop
endfacet
facet normal 0 0 1
outer loop
vertex -62.0391731262207 25.409738540649414 -4.099999904632568
vertex -61.21427917480469 21.82400894165039 -4.099999904632568
vertex -56.50526809692383 34.99470138549805 -4.099999904632568
endloop
endfacet
facet normal -0.9848724687296773 -0.1732807558221945 0
outer loop
vertex 30.616233825683594 29.511198043823242 0
vertex 30.616233825683594 29.511198043823242 -4.099999904632568
vertex 33.94200134277344 10.608597755432129 0
endloop
endfacet
facet normal 0.9743191216491552 -0.2251715994276781 0
outer loop
vertex -81.78378295898438 45.68882369995117 0
vertex -81.78378295898438 45.68882369995117 -4.099999904632568
vertex -81.66860961914062 46.18717956542969 0
endloop
endfacet
facet normal 0.9993011580781282 -0.03737907788739312 0
outer loop
vertex -81.80290222167969 45.17768478393555 0
vertex -81.80290222167969 45.17768478393555 -4.099999904632568
vertex -81.78378295898438 45.68882369995117 0
endloop
endfacet
facet normal -0.1655517341084634 -0.9862011069420278 0
outer loop
vertex -13.280999183654785 32.604759216308594 0
vertex -13.280999183654785 32.604759216308594 -4.099999904632568
vertex -12.77656364440918 32.52008056640625 0
endloop
endfacet
facet normal 0.988415800443991 0.15177023895567993 0
outer loop
vertex -81.72527313232422 44.672119140625 0
vertex -81.72527313232422 44.672119140625 -4.099999904632568
vertex -81.80290222167969 45.17768478393555 0
endloop
endfacet
facet normal 0 0 1
outer loop
vertex -18.548721313476562 -58.28809356689453 -4.099999904632568
vertex -18.519933700561523 -62.786773681640625 -4.099999904632568
vertex -17.248722076416016 -30.588092803955078 -4.099999904632568
endloop
endfacet
facet normal -0.6709989515241015 -0.7414582975822421 0
outer loop
vertex 80.76502227783203 17.826261520385742 0
vertex 80.76502227783203 17.826261520385742 -4.099999904632568
vertex 81.14427185058594 17.483051300048828 0
endloop
endfacet
facet normal 0 0 1
outer loop
vertex -81.46150207519531 46.654869079589844 -4.099999904632568
vertex -50.28383255004883 44.74122619628906 -4.099999904632568
vertex -81.16990661621094 47.07509994506836 -4.099999904632568
endloop
endfacet
facet normal 0 0 1
outer loop
vertex -81.55368041992188 44.19026565551758 -4.099999904632568
vertex -81.2942886352539 43.749427795410156 -4.099999904632568
vertex -50.28383255004883 44.74122619628906 -4.099999904632568
endloop
endfacet
facet normal 0 0 1
outer loop
vertex -81.66860961914062 46.18717956542969 -4.099999904632568
vertex -50.28383255004883 44.74122619628906 -4.099999904632568
vertex -81.46150207519531 46.654869079589844 -4.099999904632568
endloop
endfacet
facet normal 0 0 1
outer loop
vertex -81.66860961914062 46.18717956542969 -4.099999904632568
vertex -81.78378295898438 45.68882369995117 -4.099999904632568
vertex -50.28383255004883 44.74122619628906 -4.099999904632568
endloop
endfacet
facet normal 0 0 1
outer loop
vertex -81.78378295898438 45.68882369995117 -4.099999904632568
vertex -81.80290222167969 45.17768478393555 -4.099999904632568
vertex -50.28383255004883 44.74122619628906 -4.099999904632568
endloop
endfacet
facet normal 0 0 1
outer loop
vertex -81.80290222167969 45.17768478393555 -4.099999904632568
vertex -81.72527313232422 44.672119140625 -4.099999904632568
vertex -50.28383255004883 44.74122619628906 -4.099999904632568
endloop
endfacet
facet normal 0 0 1
outer loop
vertex -81.55368041992188 44.19026565551758 -4.099999904632568
vertex -50.28383255004883 44.74122619628906 -4.099999904632568
vertex -81.72527313232422 44.672119140625 -4.099999904632568
endloop
endfacet
facet normal 0.7649761374474485 0.6440586224374162 0
outer loop
vertex -68.63691711425781 28.715723037719727 -4.099999904632568
vertex -81.2942886352539 43.749427795410156 -4.099999904632568
vertex -68.63691711425781 28.715723037719727 0
endloop
endfacet
facet normal 0 0 1
outer loop
vertex -81.2942886352539 43.749427795410156 -4.099999904632568
vertex -65.31124114990234 28.59134292602539 -4.099999904632568
vertex -57.08409881591797 35.485443115234375 -4.099999904632568
endloop
endfacet
facet normal 0 0 1
outer loop
vertex -68.63691711425781 28.715723037719727 -4.099999904632568
vertex -65.31124114990234 28.59134292602539 -4.099999904632568
vertex -81.2942886352539 43.749427795410156 -4.099999904632568
endloop
endfacet
facet normal -0.7987964749261642 -0.6016013560868474 0
outer loop
vertex 81.14427185058594 17.483051300048828 0
vertex 81.14427185058594 17.483051300048828 -4.099999904632568
vertex 81.45198822021484 17.07447052001953 0
endloop
endfacet
facet normal 0 0 1
outer loop
vertex -35.444419860839844 11.169533729553223 -4.099999904632568
vertex 33.596534729003906 8.98453426361084 -4.099999904632568
vertex 33.668216705322266 9.117403984069824 -4.099999904632568
endloop
endfacet
facet normal 0.8618697894162524 0.5071296344048383 0
outer loop
vertex -81.2942886352539 43.749427795410156 -4.099999904632568
vertex -81.55368041992188 44.19026565551758 -4.099999904632568
vertex -81.55368041992188 44.19026565551758 0
endloop
endfacet
facet normal 0.9743191216491552 -0.2251715994276781 0
outer loop
vertex -81.78378295898438 45.68882369995117 -4.099999904632568
vertex -81.66860961914062 46.18717956542969 -4.099999904632568
vertex -81.66860961914062 46.18717956542969 0
endloop
endfacet
facet normal 0.9993011580781282 -0.03737907788739312 0
outer loop
vertex -81.80290222167969 45.17768478393555 -4.099999904632568
vertex -81.78378295898438 45.68882369995117 -4.099999904632568
vertex -81.78378295898438 45.68882369995117 0
endloop
endfacet
facet normal 0 0 1
outer loop
vertex 81.85128021240234 -29.896181106567383 -4.099999904632568
vertex 81.877197265625 -63.27667236328125 -4.099999904632568
vertex 82.44728088378906 -62.66279220581055 -4.099999904632568
endloop
endfacet
facet normal 0.988415800443991 0.15177023895567993 0
outer loop
vertex -81.72527313232422 44.672119140625 -4.099999904632568
vertex -81.80290222167969 45.17768478393555 -4.099999904632568
vertex -81.80290222167969 45.17768478393555 0
endloop
endfacet
facet normal -0.9644856825128727 0.2641351325130344 0
outer loop
vertex 82.44728088378906 -62.66279220581055 -4.099999904632568
vertex 82.38822937011719 -62.87841796875 -4.099999904632568
vertex 82.38822937011719 -62.87841796875 0
endloop
endfacet
facet normal -0.8320345433792632 0.5547238219363407 0
outer loop
vertex 82.38822937011719 -62.87841796875 -4.099999904632568
vertex 82.26421356201172 -63.064430236816406 -4.099999904632568
vertex 82.26421356201172 -63.064430236816406 0
endloop
endfacet
facet normal -0.614699901859557 0.7887610732369156 0
outer loop
vertex 82.26421356201172 -63.064430236816406 -4.099999904632568
vertex 82.08787536621094 -63.20185470581055 -4.099999904632568
vertex 82.08787536621094 -63.20185470581055 0
endloop
endfacet
facet normal -0.33465181934088384 0.9423418487002667 0
outer loop
vertex 82.08787536621094 -63.20185470581055 -4.099999904632568
vertex 81.877197265625 -63.27667236328125 -4.099999904632568
vertex 81.877197265625 -63.27667236328125 0
endloop
endfacet
facet normal -0.09033443384222521 0.9959114870621809 0
outer loop
vertex 81.75128173828125 -63.28809356689453 -4.099999904632568
vertex 81.75128173828125 -63.28809356689453 0
vertex 81.877197265625 -63.27667236328125 -4.099999904632568
endloop
endfacet
facet normal 0 0 1
outer loop
vertex 82.44728088378906 -62.66279220581055 -4.099999904632568
vertex 82.26421356201172 -63.064430236816406 -4.099999904632568
vertex 82.38822937011719 -62.87841796875 -4.099999904632568
endloop
endfacet
facet normal 0 0 1
outer loop
vertex 82.44728088378906 -62.66279220581055 -4.099999904632568
vertex 82.08787536621094 -63.20185470581055 -4.099999904632568
vertex 82.26421356201172 -63.064430236816406 -4.099999904632568
endloop
endfacet
facet normal 0 0 1
outer loop
vertex 81.877197265625 -63.27667236328125 -4.099999904632568
vertex 82.08787536621094 -63.20185470581055 -4.099999904632568
vertex 82.44728088378906 -62.66279220581055 -4.099999904632568
endloop
endfacet
facet normal 0 0 1
outer loop
vertex -32.2331657409668 33.24980545043945 -4.099999904632568
vertex -56.52534866333008 35.108585357666016 -4.099999904632568
vertex -35.17372131347656 21.939802169799805 -4.099999904632568
endloop
endfacet
facet normal 0 0 1
outer loop
vertex 6.766167640686035 31.1761474609375 -4.099999904632568
vertex 8.234676361083984 30.7991886138916 -4.099999904632568
vertex 7.772123336791992 31.01752281188965 -4.099999904632568
endloop
endfacet
facet normal 0 0 1
outer loop
vertex 6.766167640686035 31.1761474609375 -4.099999904632568
vertex 7.772123336791992 31.01752281188965 -4.099999904632568
vertex 7.276692867279053 31.144697189331055 -4.099999904632568
endloop
endfacet
facet normal 0 0 1
outer loop
vertex 8.234676361083984 30.7991886138916 -4.099999904632568
vertex 6.766167640686035 31.1761474609375 -4.099999904632568
vertex 8.647747993469238 30.49753189086914 -4.099999904632568
endloop
endfacet
facet normal 0 0 1
outer loop
vertex 58.0932502746582 17.40922737121582 -4.099999904632568
vertex 57.471214294433594 15.986907958984375 -4.099999904632568
vertex 58.459747314453125 17.766027450561523 -4.099999904632568
endloop
endfacet
facet normal 0 0 1
outer loop
vertex 6.766167640686035 31.1761474609375 -4.099999904632568
vertex 9.26844596862793 29.690162658691406 -4.099999904632568
vertex 8.99651050567627 30.12337875366211 -4.099999904632568
endloop
endfacet
facet normal 0.9848081235350528 0.1736460763143471 0
outer loop
vertex -56.50526809692383 34.99470138549805 -4.099999904632568
vertex -56.52534866333008 35.108585357666016 -4.099999904632568
vertex -56.52534866333008 35.108585357666016 0
endloop
endfacet
facet normal 0 0 1
outer loop
vertex -35.444419860839844 11.169533729553223 -4.099999904632568
vertex 33.94200134277344 10.608597755432129 -4.099999904632568
vertex 30.616233825683594 29.511198043823242 -4.099999904632568
endloop
endfacet
facet normal 0 0 1
outer loop
vertex 58.459747314453125 17.766027450561523 -4.099999904632568
vertex 57.471214294433594 15.986907958984375 -4.099999904632568
vertex 58.886959075927734 18.047300338745117 -4.099999904632568
endloop
endfacet
facet normal 0 0 1
outer loop
vertex -31.45969581604004 32.611907958984375 -4.099999904632568
vertex -35.17372131347656 21.939802169799805 -4.099999904632568
vertex -13.280999183654785 32.604759216308594 -4.099999904632568
endloop
endfacet
facet normal 0 0 1
outer loop
vertex -18.267602920532227 -63.148929595947266 -4.099999904632568
vertex -18.06941795349121 -63.25239181518555 -4.099999904632568
vertex -17.248722076416016 -30.588092803955078 -4.099999904632568
endloop
endfacet
facet normal 0 0 1
outer loop
vertex 58.886959075927734 18.047300338745117 -4.099999904632568
vertex 57.471214294433594 15.986907958984375 -4.099999904632568
vertex 59.359554290771484 18.242948532104492 -4.099999904632568
endloop
endfacet
facet normal -0.06148719405955595 -0.9981078724099327 0
outer loop
vertex 6.766167640686035 31.1761474609375 -4.099999904632568
vertex 7.276692867279053 31.144697189331055 -4.099999904632568
vertex 7.276692867279053 31.144697189331055 0
endloop
endfacet
facet normal -0.24863385951899755 -0.9685975448558021 0
outer loop
vertex 7.276692867279053 31.144697189331055 -4.099999904632568
vertex 7.772123336791992 31.01752281188965 -4.099999904632568
vertex 7.772123336791992 31.01752281188965 0
endloop
endfacet
facet normal 0 0 1
outer loop
vertex 59.359554290771484 18.242948532104492 -4.099999904632568
vertex 57.471214294433594 15.986907958984375 -4.099999904632568
vertex 59.86056900024414 18.345951080322266 -4.099999904632568
endloop
endfacet
facet normal -0.5897574395289802 -0.8075804371827128 0
outer loop
vertex 8.234676361083984 30.7991886138916 -4.099999904632568
vertex 8.647747993469238 30.49753189086914 -4.099999904632568
vertex 8.647747993469238 30.49753189086914 0
endloop
endfacet
facet normal -0.34859011950304275 -0.9372752683096115 0
outer loop
vertex 79.84843444824219 18.270082473754883 -4.099999904632568
vertex 80.32784271240234 18.091781616210938 -4.099999904632568
vertex 80.32784271240234 18.091781616210938 0
endloop
endfacet
facet normal 0 0 1
outer loop
vertex -36.669864654541016 10.529905319213867 -4.099999904632568
vertex -37.01307678222656 10.150653839111328 -4.099999904632568
vertex 33.69495391845703 8.861907958984375 -4.099999904632568
endloop
endfacet
facet normal 0.6015965973303076 -0.7988000588887033 0
outer loop
vertex 39.330135345458984 15.279905319213867 -4.099999904632568
vertex 39.73871612548828 15.587617874145508 -4.099999904632568
vertex 39.73871612548828 15.587617874145508 0
endloop
endfacet
facet normal -0.16555264734385197 -0.9862009536384775 0
outer loop
vertex 79.34400177001953 18.354761123657227 0
vertex 79.34400177001953 18.354761123657227 -4.099999904632568
vertex 79.84843444824219 18.270082473754883 0
endloop
endfacet
facet normal -0.7314911170498026 -0.6818509702839997 0
outer loop
vertex 8.647747993469238 30.49753189086914 -4.099999904632568
vertex 8.99651050567627 30.12337875366211 -4.099999904632568
vertex 8.99651050567627 30.12337875366211 0
endloop
endfacet
facet normal 0 0 1
outer loop
vertex -35.444419860839844 11.169533729553223 -4.099999904632568
vertex 33.668216705322266 9.117403984069824 -4.099999904632568
vertex 33.85381317138672 9.594038009643555 -4.099999904632568
endloop
endfacet
facet normal 0.975353085174885 -0.22064985665038117 0
outer loop
vertex 57.471214294433594 15.986907958984375 -4.099999904632568
vertex 57.592384338378906 16.522523880004883 -4.099999904632568
vertex 57.592384338378906 16.522523880004883 0
endloop
endfacet
facet normal 0 0 1
outer loop
vertex -35.444419860839844 11.169533729553223 -4.099999904632568
vertex 33.85381317138672 9.594038009643555 -4.099999904632568
vertex 33.9461784362793 10.097122192382812 -4.099999904632568
endloop
endfacet
facet normal 0.9133699901760957 -0.4071305208968234 0
outer loop
vertex 57.592384338378906 16.522523880004883 -4.099999904632568
vertex 57.800628662109375 16.98970603942871 -4.099999904632568
vertex 57.800628662109375 16.98970603942871 0
endloop
endfacet
facet normal 0 0 1
outer loop
vertex -12.77656364440918 32.52008056640625 -4.099999904632568
vertex -35.17372131347656 11.637103080749512 -4.099999904632568
vertex -12.29715347290039 32.34178161621094 -4.099999904632568
endloop
endfacet
facet normal 0.8201890493921333 -0.5720925827671849 0
outer loop
vertex 57.800628662109375 16.98970603942871 -4.099999904632568
vertex 58.0932502746582 17.40922737121582 -4.099999904632568
vertex 58.0932502746582 17.40922737121582 0
endloop
endfacet
facet normal 0.6975641919678854 -0.7165222941989949 0
outer loop
vertex 58.0932502746582 17.40922737121582 -4.099999904632568
vertex 58.459747314453125 17.766027450561523 -4.099999904632568
vertex 58.459747314453125 17.766027450561523 0
endloop
endfacet
facet normal 0 0 1
outer loop
vertex -11.480724334716797 31.733051300048828 -4.099999904632568
vertex -35.17372131347656 11.637103080749512 -4.099999904632568
vertex -11.173011779785156 31.32447052001953 -4.099999904632568
endloop
endfacet
facet normal 0.549906446319974 -0.8352262569482221 0
outer loop
vertex 58.459747314453125 17.766027450561523 -4.099999904632568
vertex 58.886959075927734 18.047300338745117 -4.099999904632568
vertex 58.886959075927734 18.047300338745117 0
endloop
endfacet
facet normal 0.38250461162210897 -0.9239535822149398 0
outer loop
vertex 58.886959075927734 18.047300338745117 -4.099999904632568
vertex 59.359554290771484 18.242948532104492 -4.099999904632568
vertex 59.359554290771484 18.242948532104492 0
endloop
endfacet
facet normal -0.5071291446418549 0.8618700775957017 0
outer loop
vertex -65.31124114990234 28.59134292602539 -4.099999904632568
vertex -65.75208282470703 28.33194923400879 -4.099999904632568
vertex -65.75208282470703 28.33194923400879 0
endloop
endfacet
facet normal 0 0 1
outer loop
vertex 33.69495391845703 8.861907958984375 -4.099999904632568
vertex -37.54157638549805 8.729631423950195 -4.099999904632568
vertex 15.251277923583984 -30.588092803955078 -4.099999904632568
endloop
endfacet
facet normal -0.34859011950304275 -0.9372752683096115 0
outer loop
vertex 79.84843444824219 18.270082473754883 0
vertex 79.84843444824219 18.270082473754883 -4.099999904632568
vertex 80.32784271240234 18.091781616210938 0
endloop
endfacet
facet normal 0.05480675085839111 -0.998496980496359 0
outer loop
vertex 59.86056900024414 18.345951080322266 -4.099999904632568
vertex 60.15127944946289 18.361907958984375 -4.099999904632568
vertex 60.15127944946289 18.361907958984375 0
endloop
endfacet
facet normal -0.9984830599600756 -0.05505977635955372 0
outer loop
vertex -10.813420295715332 30.37168312072754 -4.099999904632568
vertex -10.773721694946289 29.65176773071289 -4.099999904632568
vertex -10.813420295715332 30.37168312072754 0
endloop
endfacet
facet normal 0 0 1
outer loop
vertex 29.603857040405273 31.18168830871582 -4.099999904632568
vertex -35.444419860839844 11.169533729553223 -4.099999904632568
vertex 29.977828979492188 30.832731246948242 -4.099999904632568
endloop
endfacet
facet normal 0 -1 0
outer loop
vertex 41.15127944946289 15.986907958984375 0
vertex 41.15127944946289 15.986907958984375 -4.099999904632568
vertex 54.9227409362793 15.986907958984375 0
endloop
endfacet
facet normal 0 0 1
outer loop
vertex -35.444419860839844 11.169533729553223 -4.099999904632568
vertex 30.49736785888672 29.956838607788086 -4.099999904632568
vertex 30.279272079467773 30.419504165649414 -4.099999904632568
endloop
endfacet
facet normal 0 -1 0
outer loop
vertex 54.9227409362793 15.986907958984375 0
vertex 41.15127944946289 15.986907958984375 -4.099999904632568
vertex 57.471214294433594 15.986907958984375 0
endloop
endfacet
facet normal 0.6440585746200975 -0.7649761777064225 0
outer loop
vertex -81.16990661621094 47.07509994506836 -4.099999904632568
vertex -66.13619995117188 59.73247146606445 -4.099999904632568
vertex -81.16990661621094 47.07509994506836 0
endloop
endfacet
facet normal 0 0 1
outer loop
vertex -10.599705696105957 29.358089447021484 -4.099999904632568
vertex 9.564460754394531 28.540760040283203 -4.099999904632568
vertex 6.766167640686035 31.1761474609375 -4.099999904632568
endloop
endfacet
facet normal 0 0 1
outer loop
vertex 28.694149017333984 31.639442443847656 -4.099999904632568
vertex -35.444419860839844 11.169533729553223 -4.099999904632568
vertex 29.1707820892334 31.453847885131836 -4.099999904632568
endloop
endfacet
facet normal -0.7660426077327803 -0.6427897970082923 0
outer loop
vertex -62.48456954956055 59.28141403198242 -4.099999904632568
vertex -50.28383255004883 44.74122619628906 -4.099999904632568
vertex -50.28383255004883 44.74122619628906 0
endloop
endfacet
facet normal -0.09033443384222521 0.9959114870621809 0
outer loop
vertex 81.877197265625 -63.27667236328125 0
vertex 81.877197265625 -63.27667236328125 -4.099999904632568
vertex 81.75128173828125 -63.28809356689453 0
endloop
endfacet
facet normal -0.24863385951899755 -0.9685975448558021 0
outer loop
vertex 7.276692867279053 31.144697189331055 0
vertex 7.276692867279053 31.144697189331055 -4.099999904632568
vertex 7.772123336791992 31.01752281188965 0
endloop
endfacet
facet normal -0.5547356342887504 -0.8320266678720447 0
outer loop
vertex 82.0416030883789 -29.95113754272461 0
vertex 82.0416030883789 -29.95113754272461 -4.099999904632568
vertex 82.22761535644531 -30.075157165527344 0
endloop
endfacet
facet normal 0.975353085174885 -0.22064985665038117 0
outer loop
vertex 57.471214294433594 15.986907958984375 0
vertex 57.471214294433594 15.986907958984375 -4.099999904632568
vertex 57.592384338378906 16.522523880004883 0
endloop
endfacet
facet normal -0.5897574395289802 -0.8075804371827128 0
outer loop
vertex 8.234676361083984 30.7991886138916 0
vertex 8.234676361083984 30.7991886138916 -4.099999904632568
vertex 8.647747993469238 30.49753189086914 0
endloop
endfacet
facet normal -0.7314911170498026 -0.6818509702839997 0
outer loop
vertex 8.647747993469238 30.49753189086914 0
vertex 8.647747993469238 30.49753189086914 -4.099999904632568
vertex 8.99651050567627 30.12337875366211 0
endloop
endfacet
facet normal 0.9133699901760957 -0.4071305208968234 0
outer loop
vertex 57.592384338378906 16.522523880004883 0
vertex 57.592384338378906 16.522523880004883 -4.099999904632568
vertex 57.800628662109375 16.98970603942871 0
endloop
endfacet
facet normal 0.8201890493921333 -0.5720925827671849 0
outer loop
vertex 57.800628662109375 16.98970603942871 0
vertex 57.800628662109375 16.98970603942871 -4.099999904632568
vertex 58.0932502746582 17.40922737121582 0
endloop
endfacet
facet normal -0.8979291896529449 -0.4401399440737069 0
outer loop
vertex 81.45198822021484 17.07447052001953 0
vertex 81.45198822021484 17.07447052001953 -4.099999904632568
vertex 81.67711639404297 16.61518669128418 0
endloop
endfacet
facet normal 0.549906446319974 -0.8352262569482221 0
outer loop
vertex 58.459747314453125 17.766027450561523 0
vertex 58.459747314453125 17.766027450561523 -4.099999904632568
vertex 58.886959075927734 18.047300338745117 0
endloop
endfacet
facet normal 0.38250461162210897 -0.9239535822149398 0
outer loop
vertex 58.886959075927734 18.047300338745117 0
vertex 58.886959075927734 18.047300338745117 -4.099999904632568
vertex 59.359554290771484 18.242948532104492 0
endloop
endfacet
facet normal -0.9045392036061035 -0.4263904655824706 0
outer loop
vertex 30.279272079467773 30.419504165649414 -4.099999904632568
vertex 30.49736785888672 29.956838607788086 -4.099999904632568
vertex 30.49736785888672 29.956838607788086 0
endloop
endfacet
facet normal 0.20137619433524878 -0.979513975579242 0
outer loop
vertex 59.359554290771484 18.242948532104492 0
vertex 59.359554290771484 18.242948532104492 -4.099999904632568
vertex 59.86056900024414 18.345951080322266 0
endloop
endfacet
facet normal -0.9320367191487532 -0.3623638422337807 0
outer loop
vertex 9.26844596862793 29.690162658691406 0
vertex 9.26844596862793 29.690162658691406 -4.099999904632568
vertex 9.453792572021484 29.21343231201172 0
endloop
endfacet
facet normal 0.05480675085839111 -0.998496980496359 0
outer loop
vertex 59.86056900024414 18.345951080322266 0
vertex 59.86056900024414 18.345951080322266 -4.099999904632568
vertex 60.15127944946289 18.361907958984375 0
endloop
endfacet
facet normal -0.5320889115116452 -0.8466884847725005 0
outer loop
vertex 29.1707820892334 31.453847885131836 0
vertex 29.1707820892334 31.453847885131836 -4.099999904632568
vertex 29.603857040405273 31.18168830871582 0
endloop
endfacet
facet normal 0 0 1
outer loop
vertex -44.17852783203125 12.0259428024292 -4.099999904632568
vertex -43.68391036987305 11.895633697509766 -4.099999904632568
vertex -56.50526809692383 34.99470138549805 -4.099999904632568
endloop
endfacet
facet normal 0 0 1
outer loop
vertex -56.50526809692383 34.99470138549805 -4.099999904632568
vertex -42.665897369384766 11.923142433166504 -4.099999904632568
vertex -42.17904281616211 12.079973220825195 -4.099999904632568
endloop
endfacet
facet normal 0 0 1
outer loop
vertex -56.50526809692383 34.99470138549805 -4.099999904632568
vertex -43.1735954284668 11.860952377319336 -4.099999904632568
vertex -42.665897369384766 11.923142433166504 -4.099999904632568
endloop
endfacet
facet normal 0.9670053319493637 -0.25475613433536926 0
outer loop
vertex -62.364994049072266 24.49709701538086 -4.099999904632568
vertex -62.23468780517578 24.991714477539062 -4.099999904632568
vertex -62.23468780517578 24.991714477539062 0
endloop
endfacet
facet normal 0 0 1
outer loop
vertex -56.50526809692383 34.99470138549805 -4.099999904632568
vertex -43.68391036987305 11.895633697509766 -4.099999904632568
vertex -43.1735954284668 11.860952377319336 -4.099999904632568
endloop
endfacet
facet normal 0.9058201088529504 -0.42366251946287287 0
outer loop
vertex -62.23468780517578 24.991714477539062 -4.099999904632568
vertex -62.0391731262207 25.409738540649414 -4.099999904632568
vertex -62.0391731262207 25.409738540649414 0
endloop
endfacet
facet normal 0.8660244589191122 -0.500001636551181 0
outer loop
vertex -62.0391731262207 25.409738540649414 0
vertex -62.0391731262207 25.409738540649414 -4.099999904632568
vertex -56.50526809692383 34.99470138549805 0
endloop
endfacet
facet normal 0.9058201088529504 -0.42366251946287287 0
outer loop
vertex -62.23468780517578 24.991714477539062 0
vertex -62.23468780517578 24.991714477539062 -4.099999904632568
vertex -62.0391731262207 25.409738540649414 0
endloop
endfacet
facet normal 0.9670053319493637 -0.25475613433536926 0
outer loop
vertex -62.364994049072266 24.49709701538086 0
vertex -62.364994049072266 24.49709701538086 -4.099999904632568
vertex -62.23468780517578 24.991714477539062 0
endloop
endfacet
facet normal 0.9976983935421772 -0.06780793112430836 0
outer loop
vertex -62.39967727661133 23.98678207397461 0
vertex -62.39967727661133 23.98678207397461 -4.099999904632568
vertex -62.364994049072266 24.49709701538086 0
endloop
endfacet
facet normal 0.7705346413179162 0.637398122470619 0
outer loop
vertex -61.60879135131836 22.149566650390625 0
vertex -61.60879135131836 22.149566650390625 -4.099999904632568
vertex -61.934814453125 22.54368782043457 0
endloop
endfacet
facet normal 0.9925807505436491 0.12158722650922768 0
outer loop
vertex -62.337486267089844 23.479084014892578 0
vertex -62.337486267089844 23.479084014892578 -4.099999904632568
vertex -62.39967727661133 23.98678207397461 0
endloop
endfacet
facet normal 0.9518345709249143 0.3066120506310608 0
outer loop
vertex -62.18065643310547 22.99222755432129 0
vertex -62.18065643310547 22.99222755432129 -4.099999904632568
vertex -62.337486267089844 23.479084014892578 0
endloop
endfacet
facet normal 0.8769207116568429 0.4806350647500204 0
outer loop
vertex -61.934814453125 22.54368782043457 0
vertex -61.934814453125 22.54368782043457 -4.099999904632568
vertex -62.18065643310547 22.99222755432129 0
endloop
endfacet
facet normal -0.7887560239130317 -0.6147063809176745 0
outer loop
vertex 82.22761535644531 -30.075157165527344 -4.099999904632568
vertex 82.36504364013672 -30.251497268676758 -4.099999904632568
vertex 82.36504364013672 -30.251497268676758 0
endloop
endfacet
facet normal 0 0 1
outer loop
vertex 8.647747993469238 30.49753189086914 -4.099999904632568
vertex 6.766167640686035 31.1761474609375 -4.099999904632568
vertex 8.99651050567627 30.12337875366211 -4.099999904632568
endloop
endfacet
facet normal 0 0 1
outer loop
vertex 81.85128021240234 -29.896181106567383 -4.099999904632568
vertex 81.81157684326172 16.12168312072754 -4.099999904632568
vertex 81.75128173828125 -30.588092803955078 -4.099999904632568
endloop
endfacet
facet normal -0.9959119794406259 -0.09032900534520552 0
outer loop
vertex 82.43985748291016 -30.462169647216797 0
vertex 82.43985748291016 -30.462169647216797 -4.099999904632568
vertex 82.45127868652344 -30.588092803955078 0
endloop
endfacet
facet normal -0.5547356342887504 -0.8320266678720447 0
outer loop
vertex 82.0416030883789 -29.95113754272461 -4.099999904632568
vertex 82.22761535644531 -30.075157165527344 -4.099999904632568
vertex 82.22761535644531 -30.075157165527344 0
endloop
endfacet
facet normal 0.4985670719785923 0.8668511260526187 0
outer loop
vertex -44.17852783203125 12.0259428024292 0
vertex -61.21427917480469 21.82400894165039 -4.099999904632568
vertex -61.21427917480469 21.82400894165039 0
endloop
endfacet
facet normal -0.9648290200702897 -0.26287822661872295 0
outer loop
vertex 81.67711639404297 16.61518669128418 0
vertex 81.67711639404297 16.61518669128418 -4.099999904632568
vertex 81.81157684326172 16.12168312072754 0
endloop
endfacet
facet normal 0.6364820187985267 0.7712915400457546 0
outer loop
vertex -61.21427917480469 21.82400894165039 0
vertex -61.21427917480469 21.82400894165039 -4.099999904632568
vertex -61.60879135131836 22.149566650390625 0
endloop
endfacet
facet normal 0 0 1
outer loop
vertex -56.52534866333008 35.108585357666016 -4.099999904632568
vertex -35.77261734008789 22.104841232299805 -4.099999904632568
vertex -35.17372131347656 21.939802169799805 -4.099999904632568
endloop
endfacet
facet normal 0 0 1
outer loop
vertex 38.721405029296875 14.463476181030273 -4.099999904632568
vertex 38.54310607910156 13.984066009521484 -4.099999904632568
vertex 57.471214294433594 15.986907958984375 -4.099999904632568
endloop
endfacet
facet normal 0 0 1
outer loop
vertex -56.50526809692383 34.99470138549805 -4.099999904632568
vertex -41.01082229614258 13.04634952545166 -4.099999904632568
vertex -35.77261734008789 22.104841232299805 -4.099999904632568
endloop
endfacet
facet normal 0.4985670719785923 0.8668511260526187 0
outer loop
vertex -61.21427917480469 21.82400894165039 -4.099999904632568
vertex -44.17852783203125 12.0259428024292 0
vertex -44.17852783203125 12.0259428024292 -4.099999904632568
endloop
endfacet
facet normal 0 0 1
outer loop
vertex -56.50526809692383 34.99470138549805 -4.099999904632568
vertex -41.33638000488281 12.651840209960938 -4.099999904632568
vertex -41.01082229614258 13.04634952545166 -4.099999904632568
endloop
endfacet
facet normal -0.5191061853487081 -0.8547097567787046 0
outer loop
vertex 80.32784271240234 18.091781616210938 0
vertex 80.32784271240234 18.091781616210938 -4.099999904632568
vertex 80.76502227783203 17.826261520385742 0
endloop
endfacet
facet normal 0 0 1
outer loop
vertex -56.50526809692383 34.99470138549805 -4.099999904632568
vertex -41.73050308227539 12.325814247131348 -4.099999904632568
vertex -41.33638000488281 12.651840209960938 -4.099999904632568
endloop
endfacet
facet normal 0 0 1
outer loop
vertex -56.50526809692383 34.99470138549805 -4.099999904632568
vertex -42.17904281616211 12.079973220825195 -4.099999904632568
vertex -41.73050308227539 12.325814247131348 -4.099999904632568
endloop
endfacet
facet normal 0.9976983935421772 -0.06780793112430836 0
outer loop
vertex -62.39967727661133 23.98678207397461 -4.099999904632568
vertex -62.364994049072266 24.49709701538086 -4.099999904632568
vertex -62.364994049072266 24.49709701538086 0
endloop
endfacet
facet normal 0.7705346413179162 0.637398122470619 0
outer loop
vertex -61.60879135131836 22.149566650390625 -4.099999904632568
vertex -61.934814453125 22.54368782043457 -4.099999904632568
vertex -61.934814453125 22.54368782043457 0
endloop
endfacet
facet normal 0.9925807505436491 0.12158722650922768 0
outer loop
vertex -62.337486267089844 23.479084014892578 -4.099999904632568
vertex -62.39967727661133 23.98678207397461 -4.099999904632568
vertex -62.39967727661133 23.98678207397461 0
endloop
endfacet
facet normal 0.9518345709249143 0.3066120506310608 0
outer loop
vertex -62.18065643310547 22.99222755432129 -4.099999904632568
vertex -62.337486267089844 23.479084014892578 -4.099999904632568
vertex -62.337486267089844 23.479084014892578 0
endloop
endfacet
facet normal 0.8769207116568429 0.4806350647500204 0
outer loop
vertex -61.934814453125 22.54368782043457 -4.099999904632568
vertex -62.18065643310547 22.99222755432129 -4.099999904632568
vertex -62.18065643310547 22.99222755432129 0
endloop
endfacet
facet normal 0 0 1
outer loop
vertex -62.39967727661133 23.98678207397461 -4.099999904632568
vertex -62.23468780517578 24.991714477539062 -4.099999904632568
vertex -62.364994049072266 24.49709701538086 -4.099999904632568
endloop
endfacet
facet normal 0 0 1
outer loop
vertex -62.23468780517578 24.991714477539062 -4.099999904632568
vertex -61.21427917480469 21.82400894165039 -4.099999904632568
vertex -62.0391731262207 25.409738540649414 -4.099999904632568
endloop
endfacet
facet normal 0 0 1
outer loop
vertex -61.60879135131836 22.149566650390625 -4.099999904632568
vertex -61.21427917480469 21.82400894165039 -4.099999904632568
vertex -62.23468780517578 24.991714477539062 -4.099999904632568
endloop
endfacet
facet normal -0.3485856252882852 -0.9372769397794737 0
outer loop
vertex -12.77656364440918 32.52008056640625 -4.099999904632568
vertex -12.29715347290039 32.34178161621094 -4.099999904632568
vertex -12.29715347290039 32.34178161621094 0
endloop
endfacet
facet normal -0.9959119794406259 -0.09032900534520552 0
outer loop
vertex 82.43985748291016 -30.462169647216797 -4.099999904632568
vertex 82.45127868652344 -30.588092803955078 -4.099999904632568
vertex 82.45127868652344 -30.588092803955078 0
endloop
endfacet
facet normal 0.1732623478396856 -0.9848757072956362 0
outer loop
vertex 27.679588317871094 31.727628707885742 0
vertex 9.564460754394531 28.540760040283203 -4.099999904632568
vertex 27.679588317871094 31.727628707885742 -4.099999904632568
endloop
endfacet
facet normal 0.008170192055972848 -0.9999666234238863 0
outer loop
vertex 27.679588317871094 31.727628707885742 -4.099999904632568
vertex 28.191064834594727 31.731807708740234 -4.099999904632568
vertex 28.191064834594727 31.731807708740234 0
endloop
endfacet
facet normal -0.8078849496396286 -0.5893402312296138 0
outer loop
vertex 29.977828979492188 30.832731246948242 -4.099999904632568
vertex 30.279272079467773 30.419504165649414 -4.099999904632568
vertex 30.279272079467773 30.419504165649414 0
endloop
endfacet
facet normal 0 0 1
outer loop
vertex 81.85128021240234 -29.896181106567383 -4.099999904632568
vertex 82.43985748291016 -30.462169647216797 -4.099999904632568
vertex 82.0416030883789 -29.95113754272461 -4.099999904632568
endloop
endfacet
facet normal -0.5320889115116452 -0.8466884847725005 0
outer loop
vertex 29.1707820892334 31.453847885131836 -4.099999904632568
vertex 29.603857040405273 31.18168830871582 -4.099999904632568
vertex 29.603857040405273 31.18168830871582 0
endloop
endfacet
facet normal 0 0 1
outer loop
vertex 15.251277923583984 -45.58809280395508 -11.899999618530273
vertex 20.751277923583984 -45.58809280395508 -11.899999618530273
vertex 15.251277923583984 -30.588092803955078 -11.899999618530273
endloop
endfacet
facet normal 1 0 0
outer loop
vertex 15.251277923583984 -45.58809280395508 -8.199999809265137
vertex 15.251277923583984 -45.58809280395508 -11.899999618530273
vertex 15.251277923583984 -30.588092803955078 -11.899999618530273
endloop
endfacet
facet normal 1 0 0
outer loop
vertex 20.751277923583984 -63.58809280395508 -11.899999618530273
vertex 20.751277923583984 -45.58809280395508 -11.899999618530273
vertex 20.751277923583984 -63.58809280395508 -8.199999809265137
endloop
endfacet
facet normal 0 1 0
outer loop
vertex 81.75128173828125 -63.58809280395508 -11.899999618530273
vertex 20.751277923583984 -63.58809280395508 -8.199999809265137
vertex 20.751277923583984 -63.58809280395508 0
endloop
endfacet
facet normal -1 0 0
outer loop
vertex 81.75128173828125 -63.28809356689453 0
vertex 81.75128173828125 -63.28809356689453 -4.099999904632568
vertex 81.75128173828125 -63.58809280395508 0
endloop
endfacet
facet normal 0 1 0
outer loop
vertex 81.75128173828125 -63.58809280395508 0
vertex 78.12816619873047 -63.58809280395508 -5
vertex 78.12816619873047 -63.58809280395508 0
endloop
endfacet
facet normal 0 1 0
outer loop
vertex 66.12816619873047 -63.58809280395508 -5
vertex 20.751277923583984 -63.58809280395508 0
vertex 66.12816619873047 -63.58809280395508 0
endloop
endfacet
facet normal -1 0 0
outer loop
vertex 81.75128173828125 -30.588092803955078 -4.099999904632568
vertex 81.75128173828125 -30.588092803955078 -11.899999618530273
vertex 81.75128173828125 -63.28809356689453 -4.099999904632568
endloop
endfacet
facet normal -1 0 0
outer loop
vertex 81.75128173828125 -63.28809356689453 -4.099999904632568
vertex 81.75128173828125 -63.58809280395508 -11.899999618530273
vertex 81.75128173828125 -63.58809280395508 0
endloop
endfacet
facet normal 0 1 0
outer loop
vertex 78.12816619873047 -63.58809280395508 -5
vertex 81.75128173828125 -63.58809280395508 0
vertex 81.75128173828125 -63.58809280395508 -11.899999618530273
endloop
endfacet
facet normal 0 1 0
outer loop
vertex 81.75128173828125 -63.58809280395508 -11.899999618530273
vertex 66.12816619873047 -63.58809280395508 -5
vertex 78.12816619873047 -63.58809280395508 -5
endloop
endfacet
facet normal 0 1 0
outer loop
vertex 81.75128173828125 -63.58809280395508 -11.899999618530273
vertex 20.751277923583984 -63.58809280395508 0
vertex 66.12816619873047 -63.58809280395508 -5
endloop
endfacet
facet normal 0 -1 0
outer loop
vertex 15.251277923583984 -30.588092803955078 -4.099999904632568
vertex 15.251277923583984 -30.588092803955078 -8.199999809265137
vertex 81.75128173828125 -30.588092803955078 -4.099999904632568
endloop
endfacet
facet normal 0 -1 0
outer loop
vertex 15.251277923583984 -30.588092803955078 -8.199999809265137
vertex 15.251277923583984 -30.588092803955078 -11.899999618530273
vertex 81.75128173828125 -30.588092803955078 -4.099999904632568
endloop
endfacet
facet normal 0 -1 0
outer loop
vertex 15.251277923583984 -30.588092803955078 -11.899999618530273
vertex 81.75128173828125 -30.588092803955078 -11.899999618530273
vertex 81.75128173828125 -30.588092803955078 -4.099999904632568
endloop
endfacet
facet normal -1 0 0
outer loop
vertex 81.75128173828125 -30.588092803955078 -11.899999618530273
vertex 81.75128173828125 -63.58809280395508 -11.899999618530273
vertex 81.75128173828125 -63.28809356689453 -4.099999904632568
endloop
endfacet
facet normal 0 0 1
outer loop
vertex 81.75128173828125 -30.588092803955078 -11.899999618530273
vertex 20.751277923583984 -45.58809280395508 -11.899999618530273
vertex 81.75128173828125 -63.58809280395508 -11.899999618530273
endloop
endfacet
facet normal 0 0 1
outer loop
vertex 15.251277923583984 -30.588092803955078 -11.899999618530273
vertex 20.751277923583984 -45.58809280395508 -11.899999618530273
vertex 81.75128173828125 -30.588092803955078 -11.899999618530273
endloop
endfacet
facet normal 0 1 0
outer loop
vertex 81.75128173828125 -63.58809280395508 -11.899999618530273
vertex 20.751277923583984 -63.58809280395508 -11.899999618530273
vertex 20.751277923583984 -63.58809280395508 -8.199999809265137
endloop
endfacet
facet normal 0 0 1
outer loop
vertex 20.751277923583984 -45.58809280395508 -11.899999618530273
vertex 20.751277923583984 -63.58809280395508 -11.899999618530273
vertex 81.75128173828125 -63.58809280395508 -11.899999618530273
endloop
endfacet
facet normal 1 0 0
outer loop
vertex 15.251277923583984 -45.58809280395508 -8.199999809265137
vertex 15.251277923583984 -30.588092803955078 -11.899999618530273
vertex 15.251277923583984 -30.588092803955078 -8.199999809265137
endloop
endfacet
facet normal 0 1 0
outer loop
vertex 20.751277923583984 -45.58809280395508 -8.199999809265137
vertex 15.251277923583984 -45.58809280395508 -11.899999618530273
vertex 15.251277923583984 -45.58809280395508 -8.199999809265137
endloop
endfacet
facet normal 0 1 0
outer loop
vertex 20.751277923583984 -45.58809280395508 -8.199999809265137
vertex 20.751277923583984 -45.58809280395508 -11.899999618530273
vertex 15.251277923583984 -45.58809280395508 -11.899999618530273
endloop
endfacet
facet normal 1 0 0
outer loop
vertex 20.751277923583984 -63.58809280395508 -8.199999809265137
vertex 20.751277923583984 -45.58809280395508 -11.899999618530273
vertex 20.751277923583984 -45.58809280395508 -8.199999809265137
endloop
endfacet
facet normal 0 0 1
outer loop
vertex 6.701278209686279 -42.48809051513672 -8.199999809265137
vertex 6.701278209686279 -32.68809127807617 -8.199999809265137
vertex -17.248722076416016 -30.588092803955078 -8.199999809265137
endloop
endfacet
facet normal 0 0 1
outer loop
vertex -17.248722076416016 -30.588092803955078 -8.199999809265137
vertex -17.248722076416016 -63.58809280395508 -8.199999809265137
vertex 8.251277923583984 -54.58809280395508 -8.199999809265137
endloop
endfacet
facet normal 0 1 0
outer loop
vertex 9.118595123291016 -63.58809280395508 -5.776120662689209
vertex -17.248722076416016 -63.58809280395508 -8.199999809265137
vertex 9.501277923583984 -63.58809280395508 -5.699999809265137
endloop
endfacet
facet normal 1 0 0
outer loop
vertex -17.248722076416016 -30.588092803955078 -4.099999904632568
vertex -17.248722076416016 -63.58809280395508 -8.199999809265137
vertex -17.248722076416016 -30.588092803955078 -8.199999809265137
endloop
endfacet
facet normal 1 0 0
outer loop
vertex -17.248722076416016 -63.58809280395508 -8.199999809265137
vertex -17.248722076416016 -30.588092803955078 -4.099999904632568
vertex -17.248722076416016 -63.28809356689453 -4.099999904632568
endloop
endfacet
facet normal 0 1 0
outer loop
vertex -14.815308570861816 -63.58809280395508 -5
vertex -17.248722076416016 -63.58809280395508 -8.199999809265137
vertex -17.248722076416016 -63.58809280395508 0
endloop
endfacet
facet normal 0 1 0
outer loop
vertex -17.248722076416016 -63.58809280395508 -8.199999809265137
vertex -14.815308570861816 -63.58809280395508 -5
vertex -2.8153083324432373 -63.58809280395508 -5
endloop
endfacet
facet normal 0 1 0
outer loop
vertex -17.248722076416016 -63.58809280395508 0
vertex -14.815308570861816 -63.58809280395508 0
vertex -14.815308570861816 -63.58809280395508 -5
endloop
endfacet
facet normal 1 0 0
outer loop
vertex -17.248722076416016 -63.58809280395508 0
vertex -17.248722076416016 -63.28809356689453 -4.099999904632568
vertex -17.248722076416016 -63.28809356689453 0
endloop
endfacet
facet normal 0 1 0
outer loop
vertex 8.501277923583984 -63.58809280395508 -6.699999809265137
vertex -17.248722076416016 -63.58809280395508 -8.199999809265137
vertex 8.577398300170898 -63.58809280395508 -6.31731653213501
endloop
endfacet
facet normal 0 0 1
outer loop
vertex -17.248722076416016 -63.58809280395508 -8.199999809265137
vertex 8.251277923583984 -63.58809280395508 -8.199999809265137
vertex 8.251277923583984 -54.58809280395508 -8.199999809265137
endloop
endfacet
facet normal 0 1 0
outer loop
vertex -17.248722076416016 -63.58809280395508 -8.199999809265137
vertex 8.501277923583984 -63.58809280395508 -6.699999809265137
vertex 8.251277923583984 -63.58809280395508 -8.199999809265137
endloop
endfacet
facet normal 0 0 1
outer loop
vertex 18.251277923583984 -63.58809280395508 -8.199999809265137
vertex 20.751277923583984 -63.58809280395508 -8.199999809265137
vertex 20.751277923583984 -45.58809280395508 -8.199999809265137
endloop
endfacet
facet normal 0 0 1
outer loop
vertex 18.251277923583984 -54.58809280395508 -8.199999809265137
vertex 18.251277923583984 -63.58809280395508 -8.199999809265137
vertex 20.751277923583984 -45.58809280395508 -8.199999809265137
endloop
endfacet
facet normal 1 0 0
outer loop
vertex -17.248722076416016 -63.58809280395508 0
vertex -17.248722076416016 -63.58809280395508 -8.199999809265137
vertex -17.248722076416016 -63.28809356689453 -4.099999904632568
endloop
endfacet
facet normal 0 0 1
outer loop
vertex 10.801278114318848 -42.48809051513672 -8.199999809265137
vertex 6.701278209686279 -42.48809051513672 -8.199999809265137
vertex 15.251277923583984 -45.58809280395508 -8.199999809265137
endloop
endfacet
facet normal 0 -1 0
outer loop
vertex -17.248722076416016 -30.588092803955078 -4.099999904632568
vertex -17.248722076416016 -30.588092803955078 -8.199999809265137
vertex 15.251277923583984 -30.588092803955078 -4.099999904632568
endloop
endfacet
facet normal 0 -1 0
outer loop
vertex 15.251277923583984 -30.588092803955078 -4.099999904632568
vertex -17.248722076416016 -30.588092803955078 -8.199999809265137
vertex 15.251277923583984 -30.588092803955078 -8.199999809265137
endloop
endfacet
facet normal 0 0 1
outer loop
vertex 10.801278114318848 -32.68809127807617 -8.199999809265137
vertex 15.251277923583984 -30.588092803955078 -8.199999809265137
vertex -17.248722076416016 -30.588092803955078 -8.199999809265137
endloop
endfacet
facet normal 0 0 1
outer loop
vertex -17.248722076416016 -30.588092803955078 -8.199999809265137
vertex 6.701278209686279 -32.68809127807617 -8.199999809265137
vertex 10.801278114318848 -32.68809127807617 -8.199999809265137
endloop
endfacet
facet normal 0 1 0
outer loop
vertex 20.751277923583984 -63.58809280395508 0
vertex -2.8153083324432373 -63.58809280395508 -5
vertex -2.8153083324432373 -63.58809280395508 0
endloop
endfacet
facet normal 0 1 0
outer loop
vertex 20.751277923583984 -63.58809280395508 0
vertex 17.708385467529297 -63.58809280395508 -5.992893218994141
vertex 17.383960723876953 -63.58809280395508 -5.776120662689209
endloop
endfacet
facet normal 0 1 0
outer loop
vertex 20.751277923583984 -63.58809280395508 0
vertex 17.92515754699707 -63.58809280395508 -6.31731653213501
vertex 17.708385467529297 -63.58809280395508 -5.992893218994141
endloop
endfacet
facet normal 0 1 0
outer loop
vertex 20.751277923583984 -63.58809280395508 0
vertex 18.001277923583984 -63.58809280395508 -6.699999809265137
vertex 17.92515754699707 -63.58809280395508 -6.31731653213501
endloop
endfacet
facet normal 0 1 0
outer loop
vertex 17.383960723876953 -63.58809280395508 -5.776120662689209
vertex 17.001277923583984 -63.58809280395508 -5.699999809265137
vertex 20.751277923583984 -63.58809280395508 0
endloop
endfacet
facet normal 0 1 0
outer loop
vertex 17.001277923583984 -63.58809280395508 -5.699999809265137
vertex 9.501277923583984 -63.58809280395508 -5.699999809265137
vertex 20.751277923583984 -63.58809280395508 0
endloop
endfacet
facet normal 0 0 1
outer loop
vertex 10.801278114318848 -32.68809127807617 -8.199999809265137
vertex 10.801278114318848 -42.48809051513672 -8.199999809265137
vertex 15.251277923583984 -30.588092803955078 -8.199999809265137
endloop
endfacet
facet normal 0 0 1
outer loop
vertex 10.801278114318848 -42.48809051513672 -8.199999809265137
vertex 15.251277923583984 -45.58809280395508 -8.199999809265137
vertex 15.251277923583984 -30.588092803955078 -8.199999809265137
endloop
endfacet
facet normal 0 0 1
outer loop
vertex 20.751277923583984 -45.58809280395508 -8.199999809265137
vertex 15.251277923583984 -45.58809280395508 -8.199999809265137
vertex 18.251277923583984 -54.58809280395508 -8.199999809265137
endloop
endfacet
facet normal 0 0 1
outer loop
vertex 6.701278209686279 -42.48809051513672 -8.199999809265137
vertex 18.251277923583984 -54.58809280395508 -8.199999809265137
vertex 15.251277923583984 -45.58809280395508 -8.199999809265137
endloop
endfacet
facet normal 0 0 1
outer loop
vertex 6.701278209686279 -42.48809051513672 -8.199999809265137
vertex -17.248722076416016 -30.588092803955078 -8.199999809265137
vertex 18.251277923583984 -54.58809280395508 -8.199999809265137
endloop
endfacet
facet normal 0 0 1
outer loop
vertex -17.248722076416016 -30.588092803955078 -8.199999809265137
vertex 8.251277923583984 -54.58809280395508 -8.199999809265137
vertex 18.251277923583984 -54.58809280395508 -8.199999809265137
endloop
endfacet
facet normal 0 1 0
outer loop
vertex 20.751277923583984 -63.58809280395508 0
vertex 18.251277923583984 -63.58809280395508 -8.199999809265137
vertex 18.001277923583984 -63.58809280395508 -6.699999809265137
endloop
endfacet
facet normal 0 1 0
outer loop
vertex 20.751277923583984 -63.58809280395508 -8.199999809265137
vertex 18.251277923583984 -63.58809280395508 -8.199999809265137
vertex 20.751277923583984 -63.58809280395508 0
endloop
endfacet
facet normal 0 1 0
outer loop
vertex 9.501277923583984 -63.58809280395508 -5.699999809265137
vertex -17.248722076416016 -63.58809280395508 -8.199999809265137
vertex 20.751277923583984 -63.58809280395508 0
endloop
endfacet
facet normal 0 1 0
outer loop
vertex -2.8153083324432373 -63.58809280395508 -5
vertex 20.751277923583984 -63.58809280395508 0
vertex -17.248722076416016 -63.58809280395508 -8.199999809265137
endloop
endfacet
facet normal 0 1 0
outer loop
vertex 18.251277923583984 -63.58809280395508 -8.199999809265137
vertex 18.001277923583984 -63.58809280395508 -8.199999809265137
vertex 18.001277923583984 -63.58809280395508 -6.699999809265137
endloop
endfacet
facet normal 0 1 0
outer loop
vertex 8.794171333312988 -63.58809280395508 -5.992893218994141
vertex -17.248722076416016 -63.58809280395508 -8.199999809265137
vertex 9.118595123291016 -63.58809280395508 -5.776120662689209
endloop
endfacet
facet normal 0 1 0
outer loop
vertex 8.577398300170898 -63.58809280395508 -6.31731653213501
vertex -17.248722076416016 -63.58809280395508 -8.199999809265137
vertex 8.794171333312988 -63.58809280395508 -5.992893218994141
endloop
endfacet
facet normal 0 1 0
outer loop
vertex 8.501277923583984 -63.58809280395508 -8.199999809265137
vertex 8.251277923583984 -63.58809280395508 -8.199999809265137
vertex 8.501277923583984 -63.58809280395508 -6.699999809265137
endloop
endfacet
facet normal -1 0 0
outer loop
vertex 18.251277923583984 -54.58809280395508 -8.199999809265137
vertex 18.251277923583984 -54.58809280395508 -9.5
vertex 18.251277923583984 -63.58809280395508 -8.199999809265137
endloop
endfacet
facet normal 0 -1 0
outer loop
vertex 8.251277923583984 -54.58809280395508 -9.5
vertex 18.251277923583984 -54.58809280395508 -9.5
vertex 18.251277923583984 -54.58809280395508 -8.199999809265137
endloop
endfacet
facet normal 0 -1 0
outer loop
vertex 8.251277923583984 -54.58809280395508 -8.199999809265137
vertex 8.251277923583984 -54.58809280395508 -9.5
vertex 18.251277923583984 -54.58809280395508 -8.199999809265137
endloop
endfacet
facet normal 0 1 0
outer loop
vertex 18.251277923583984 -63.58809280395508 -8.199999809265137
vertex 18.251277923583984 -63.58809280395508 -9.5
vertex 18.001277923583984 -63.58809280395508 -8.199999809265137
endloop
endfacet
facet normal 1 0 0
outer loop
vertex 8.251277923583984 -54.58809280395508 -8.199999809265137
vertex 8.251277923583984 -63.58809280395508 -8.199999809265137
vertex 8.251277923583984 -63.58809280395508 -9.5
endloop
endfacet
facet normal 0 1 0
outer loop
vertex 8.501277923583984 -63.58809280395508 -8.199999809265137
vertex 8.577398300170898 -63.58809280395508 -8.582683563232422
vertex 8.251277923583984 -63.58809280395508 -8.199999809265137
endloop
endfacet
facet normal 0 0 1
outer loop
vertex 8.251277923583984 -54.58809280395508 -9.5
vertex 18.251277923583984 -63.58809280395508 -9.5
vertex 18.251277923583984 -54.58809280395508 -9.5
endloop
endfacet
facet normal -1 0 0
outer loop
vertex 18.251277923583984 -63.58809280395508 -9.5
vertex 18.251277923583984 -63.58809280395508 -8.199999809265137
vertex 18.251277923583984 -54.58809280395508 -9.5
endloop
endfacet
facet normal 0 1 0
outer loop
vertex 17.92515754699707 -63.58809280395508 -8.582683563232422
vertex 18.001277923583984 -63.58809280395508 -8.199999809265137
vertex 18.251277923583984 -63.58809280395508 -9.5
endloop
endfacet
facet normal 0 1 0
outer loop
vertex 17.708385467529297 -63.58809280395508 -8.907106399536133
vertex 17.92515754699707 -63.58809280395508 -8.582683563232422
vertex 18.251277923583984 -63.58809280395508 -9.5
endloop
endfacet
facet normal 0 1 0
outer loop
vertex 17.383960723876953 -63.58809280395508 -9.123879432678223
vertex 17.708385467529297 -63.58809280395508 -8.907106399536133
vertex 18.251277923583984 -63.58809280395508 -9.5
endloop
endfacet
facet normal 0 1 0
outer loop
vertex 18.251277923583984 -63.58809280395508 -9.5
vertex 17.001277923583984 -63.58809280395508 -9.199999809265137
vertex 17.383960723876953 -63.58809280395508 -9.123879432678223
endloop
endfacet
facet normal 0 0 1
outer loop
vertex 8.251277923583984 -54.58809280395508 -9.5
vertex 8.251277923583984 -63.58809280395508 -9.5
vertex 18.251277923583984 -63.58809280395508 -9.5
endloop
endfacet
facet normal 0 1 0
outer loop
vertex 8.251277923583984 -63.58809280395508 -9.5
vertex 17.001277923583984 -63.58809280395508 -9.199999809265137
vertex 18.251277923583984 -63.58809280395508 -9.5
endloop
endfacet
facet normal 0 1 0
outer loop
vertex 9.501277923583984 -63.58809280395508 -9.199999809265137
vertex 17.001277923583984 -63.58809280395508 -9.199999809265137
vertex 8.251277923583984 -63.58809280395508 -9.5
endloop
endfacet
facet normal 1 0 0
outer loop
vertex 8.251277923583984 -63.58809280395508 -9.5
vertex 8.251277923583984 -54.58809280395508 -9.5
vertex 8.251277923583984 -54.58809280395508 -8.199999809265137
endloop
endfacet
facet normal 0 1 0
outer loop
vertex 8.577398300170898 -63.58809280395508 -8.582683563232422
vertex 8.251277923583984 -63.58809280395508 -9.5
vertex 8.251277923583984 -63.58809280395508 -8.199999809265137
endloop
endfacet
facet normal 0 1 0
outer loop
vertex 8.794171333312988 -63.58809280395508 -8.907106399536133
vertex 8.251277923583984 -63.58809280395508 -9.5
vertex 8.577398300170898 -63.58809280395508 -8.582683563232422
endloop
endfacet
facet normal 0 1 0
outer loop
vertex 9.118595123291016 -63.58809280395508 -9.123879432678223
vertex 8.251277923583984 -63.58809280395508 -9.5
vertex 8.794171333312988 -63.58809280395508 -8.907106399536133
endloop
endfacet
facet normal 0 1 0
outer loop
vertex 8.251277923583984 -63.58809280395508 -9.5
vertex 9.118595123291016 -63.58809280395508 -9.123879432678223
vertex 9.501277923583984 -63.58809280395508 -9.199999809265137
endloop
endfacet
facet normal 0 1 0
outer loop
vertex 10.801278114318848 -42.48809051513672 -10
vertex 6.701278209686279 -42.48809051513672 -8.199999809265137
vertex 10.801278114318848 -42.48809051513672 -8.199999809265137
endloop
endfacet
facet normal 0 1 0
outer loop
vertex 10.801278114318848 -42.48809051513672 -10
vertex 6.701278209686279 -42.48809051513672 -10
vertex 6.701278209686279 -42.48809051513672 -8.199999809265137
endloop
endfacet
facet normal 0 0 1
outer loop
vertex 10.001277923583984 -40.83809280395508 -10
vertex 10.801278114318848 -42.48809051513672 -10
vertex 10.801278114318848 -32.68809127807617 -10
endloop
endfacet
facet normal 0 0 1
outer loop
vertex 10.001277923583984 -40.83809280395508 -10
vertex 7.501277923583984 -40.83809280395508 -10
vertex 6.701278209686279 -42.48809051513672 -10
endloop
endfacet
facet normal 0 0 1
outer loop
vertex 10.801278114318848 -32.68809127807617 -10
vertex 7.501277923583984 -34.33809280395508 -10
vertex 10.001277923583984 -34.33809280395508 -10
endloop
endfacet
facet normal 0 -1 0
outer loop
vertex 6.701278209686279 -32.68809127807617 -8.199999809265137
vertex 6.701278209686279 -32.68809127807617 -10
vertex 10.801278114318848 -32.68809127807617 -8.199999809265137
endloop
endfacet
facet normal 0 -1 0
outer loop
vertex 6.701278209686279 -32.68809127807617 -10
vertex 10.801278114318848 -32.68809127807617 -10
vertex 10.801278114318848 -32.68809127807617 -8.199999809265137
endloop
endfacet
facet normal 0 0 1
outer loop
vertex 6.701278209686279 -32.68809127807617 -10
vertex 7.501277923583984 -34.33809280395508 -10
vertex 10.801278114318848 -32.68809127807617 -10
endloop
endfacet
facet normal -1 0 0
outer loop
vertex 10.801278114318848 -32.68809127807617 -10
vertex 10.801278114318848 -42.48809051513672 -8.199999809265137
vertex 10.801278114318848 -32.68809127807617 -8.199999809265137
endloop
endfacet
facet normal -1 0 0
outer loop
vertex 10.801278114318848 -32.68809127807617 -10
vertex 10.801278114318848 -42.48809051513672 -10
vertex 10.801278114318848 -42.48809051513672 -8.199999809265137
endloop
endfacet
facet normal 1 0 0
outer loop
vertex 6.701278209686279 -32.68809127807617 -8.199999809265137
vertex 6.701278209686279 -42.48809051513672 -10
vertex 6.701278209686279 -32.68809127807617 -10
endloop
endfacet
facet normal 1 0 0
outer loop
vertex 6.701278209686279 -32.68809127807617 -8.199999809265137
vertex 6.701278209686279 -42.48809051513672 -8.199999809265137
vertex 6.701278209686279 -42.48809051513672 -10
endloop
endfacet
facet normal 0 0 1
outer loop
vertex 10.001277923583984 -34.33809280395508 -10
vertex 10.001277923583984 -40.83809280395508 -10
vertex 10.801278114318848 -32.68809127807617 -10
endloop
endfacet
facet normal 0 0 1
outer loop
vertex 6.701278209686279 -42.48809051513672 -10
vertex 7.501277923583984 -34.33809280395508 -10
vertex 6.701278209686279 -32.68809127807617 -10
endloop
endfacet
facet normal 0 0 1
outer loop
vertex 6.701278209686279 -42.48809051513672 -10
vertex 10.801278114318848 -42.48809051513672 -10
vertex 10.001277923583984 -40.83809280395508 -10
endloop
endfacet
facet normal 0 0 1
outer loop
vertex 6.701278209686279 -42.48809051513672 -10
vertex 7.501277923583984 -40.83809280395508 -10
vertex 7.501277923583984 -34.33809280395508 -10
endloop
endfacet
facet normal 0 1 0
outer loop
vertex 10.001277923583984 -40.83809280395508 -11.699999809265137
vertex 7.501277923583984 -40.83809280395508 -11.699999809265137
vertex 10.001277923583984 -40.83809280395508 -10
endloop
endfacet
facet normal -1 0 0
outer loop
vertex 10.001277923583984 -40.83809280395508 -11.699999809265137
vertex 10.001277923583984 -34.33809280395508 -10
vertex 10.001277923583984 -34.33809280395508 -11.699999809265137
endloop
endfacet
facet normal 0 -1 0
outer loop
vertex 7.501277923583984 -34.33809280395508 -10
vertex 10.001277923583984 -34.33809280395508 -11.699999809265137
vertex 10.001277923583984 -34.33809280395508 -10
endloop
endfacet
facet normal 0 -1 0
outer loop
vertex 7.501277923583984 -34.33809280395508 -10
vertex 7.501277923583984 -34.33809280395508 -11.699999809265137
vertex 10.001277923583984 -34.33809280395508 -11.699999809265137
endloop
endfacet
facet normal -1 0 0
outer loop
vertex 10.001277923583984 -34.33809280395508 -10
vertex 10.001277923583984 -40.83809280395508 -11.699999809265137
vertex 10.001277923583984 -40.83809280395508 -10
endloop
endfacet
facet normal 1 0 0
outer loop
vertex 7.501277923583984 -34.33809280395508 -10
vertex 7.501277923583984 -40.83809280395508 -10
vertex 7.501277923583984 -34.33809280395508 -11.699999809265137
endloop
endfacet
facet normal 0 1 0
outer loop
vertex 10.001277923583984 -40.83809280395508 -10
vertex 7.501277923583984 -40.83809280395508 -11.699999809265137
vertex 7.501277923583984 -40.83809280395508 -10
endloop
endfacet
facet normal 1 0 0
outer loop
vertex 7.501277923583984 -40.83809280395508 -11.699999809265137
vertex 7.501277923583984 -34.33809280395508 -11.699999809265137
vertex 7.501277923583984 -40.83809280395508 -10
endloop
endfacet
facet normal -1 0 0
outer loop
vertex 13.251277923583984 -44.58809280395508 -11.699999809265137
vertex 13.251277923583984 -30.588092803955078 -14.607245445251465
vertex 13.251277923583984 -44.58809280395508 -15.782857894897461
endloop
endfacet
facet normal -0.9807852633251952 0.19509040787318935 0
outer loop
vertex 13.213217735290527 -44.77943420410156 -15.798925399780273
vertex 13.213217735290527 -44.77943420410156 -11.699999809265137
vertex 13.251277923583984 -44.58809280395508 -15.782857894897461
endloop
endfacet
facet normal -0.5555730288971555 0.8314677441500905 0
outer loop
vertex 12.942620277404785 -45.05003356933594 -15.821648597717285
vertex 12.942620277404785 -45.05003356933594 -11.699999809265137
vertex 13.10483169555664 -44.941646575927734 -15.812546730041504
endloop
endfacet
facet normal -0.19508477021179674 0.9807863847094384 0
outer loop
vertex 12.751277923583984 -45.08809280395508 -15.824844360351562
vertex 12.942620277404785 -45.05003356933594 -11.699999809265137
vertex 12.942620277404785 -45.05003356933594 -15.821648597717285
endloop
endfacet
facet normal 0 1 0
outer loop
vertex -6.248722076416016 -45.08809280395508 -15.824844360351562
vertex -6.248722076416016 -45.08809280395508 -11.699999809265137
vertex 12.751277923583984 -45.08809280395508 -15.824844360351562
endloop
endfacet
facet normal 0.19508570553829574 -0.9807861986664704 0
outer loop
vertex -6.248722076416016 -30.088092803955078 -11.699999809265137
vertex -6.4400634765625 -30.12615203857422 -11.699999809265137
vertex -6.4400634765625 -30.12615203857422 -14.56845474243164
endloop
endfacet
facet normal 0.19508570553829574 -0.9807861986664705 0
outer loop
vertex -6.4400634765625 -30.12615203857422 -14.56845474243164
vertex -6.248722076416016 -30.088092803955078 -14.565258979797363
vertex -6.248722076416016 -30.088092803955078 -11.699999809265137
endloop
endfacet
facet normal 0.5555718998295418 -0.8314684985733335 0
outer loop
vertex -6.602275371551514 -30.234539031982422 -14.577556610107422
vertex -6.4400634765625 -30.12615203857422 -14.56845474243164
vertex -6.4400634765625 -30.12615203857422 -11.699999809265137
endloop
endfacet
facet normal 0.8314684934421214 -0.5555719075089102 0
outer loop
vertex -6.7106614112854 -30.39674949645996 -14.591177940368652
vertex -6.602275371551514 -30.234539031982422 -14.577556610107422
vertex -6.602275371551514 -30.234539031982422 -11.699999809265137
endloop
endfacet
facet normal 0.9807851677564063 -0.19509088832910165 0
outer loop
vertex -6.748722076416016 -30.588092803955078 -14.607245445251465
vertex -6.7106614112854 -30.39674949645996 -14.591177940368652
vertex -6.7106614112854 -30.39674949645996 -11.699999809265137
endloop
endfacet
facet normal 0 0 -1
outer loop
vertex -6.248722076416016 -30.088092803955078 -11.699999809265137
vertex -6.4400634765625 -45.05003356933594 -11.699999809265137
vertex -6.4400634765625 -30.12615203857422 -11.699999809265137
endloop
endfacet
facet normal 0 0 -1
outer loop
vertex -6.4400634765625 -30.12615203857422 -11.699999809265137
vertex -6.602275371551514 -44.941646575927734 -11.699999809265137
vertex -6.602275371551514 -30.234539031982422 -11.699999809265137
endloop
endfacet
facet normal 0 0 -1
outer loop
vertex -6.602275371551514 -30.234539031982422 -11.699999809265137
vertex -6.7106614112854 -44.77943420410156 -11.699999809265137
vertex -6.7106614112854 -30.39674949645996 -11.699999809265137
endloop
endfacet
facet normal 0 0 -1
outer loop
vertex -6.7106614112854 -30.39674949645996 -11.699999809265137
vertex -6.748722076416016 -44.58809280395508 -11.699999809265137
vertex -6.748722076416016 -30.588092803955078 -11.699999809265137
endloop
endfacet
facet normal 0 0 -1
outer loop
vertex -6.248722076416016 -45.08809280395508 -11.699999809265137
vertex -6.4400634765625 -45.05003356933594 -11.699999809265137
vertex -6.248722076416016 -30.088092803955078 -11.699999809265137
endloop
endfacet
facet normal 0 0 -1
outer loop
vertex -6.4400634765625 -45.05003356933594 -11.699999809265137
vertex -6.602275371551514 -44.941646575927734 -11.699999809265137
vertex -6.4400634765625 -30.12615203857422 -11.699999809265137
endloop
endfacet
facet normal 0 0 -1
outer loop
vertex -6.7106614112854 -44.77943420410156 -11.699999809265137
vertex -6.748722076416016 -44.58809280395508 -11.699999809265137
vertex -6.7106614112854 -30.39674949645996 -11.699999809265137
endloop
endfacet
facet normal 0 0 -1
outer loop
vertex -6.602275371551514 -44.941646575927734 -11.699999809265137
vertex -6.7106614112854 -44.77943420410156 -11.699999809265137
vertex -6.602275371551514 -30.234539031982422 -11.699999809265137
endloop
endfacet
facet normal 1 0 0
outer loop
vertex -6.748722076416016 -44.58809280395508 -11.699999809265137
vertex -6.748722076416016 -44.58809280395508 -15.782857894897461
vertex -6.748722076416016 -30.588092803955078 -11.699999809265137
endloop
endfacet
facet normal 0.9807847956467722 0.1950927590355911 0
outer loop
vertex -6.7106614112854 -44.77943420410156 -11.699999809265137
vertex -6.7106614112854 -44.77943420410156 -15.798925399780273
vertex -6.748722076416016 -44.58809280395508 -11.699999809265137
endloop
endfacet
facet normal 0.8314715111157753 0.5555673912342672 0
outer loop
vertex -6.602275371551514 -44.941646575927734 -11.699999809265137
vertex -6.602275371551514 -44.941646575927734 -15.812546730041504
vertex -6.7106614112854 -44.77943420410156 -11.699999809265137
endloop
endfacet
facet normal 0.19508570553829574 0.9807861986664705 0
outer loop
vertex -6.248722076416016 -45.08809280395508 -15.824844360351562
vertex -6.4400634765625 -45.05003356933594 -11.699999809265137
vertex -6.248722076416016 -45.08809280395508 -11.699999809265137
endloop
endfacet
facet normal 0.5555718998295418 0.8314684985733336 0
outer loop
vertex -6.4400634765625 -45.05003356933594 -11.699999809265137
vertex -6.4400634765625 -45.05003356933594 -15.821648597717285
vertex -6.602275371551514 -44.941646575927734 -11.699999809265137
endloop
endfacet
facet normal 1 0 0
outer loop
vertex -6.748722076416016 -30.588092803955078 -14.607245445251465
vertex -6.748722076416016 -30.588092803955078 -11.699999809265137
vertex -6.748722076416016 -44.58809280395508 -15.782857894897461
endloop
endfacet
facet normal 0.9807847956467722 0.1950927590355911 0
outer loop
vertex -6.7106614112854 -44.77943420410156 -15.798925399780273
vertex -6.748722076416016 -44.58809280395508 -15.782857894897461
vertex -6.748722076416016 -44.58809280395508 -11.699999809265137
endloop
endfacet
facet normal 0.8314715111157751 0.5555673912342671 0
outer loop
vertex -6.602275371551514 -44.941646575927734 -15.812546730041504
vertex -6.7106614112854 -44.77943420410156 -15.798925399780273
vertex -6.7106614112854 -44.77943420410156 -11.699999809265137
endloop
endfacet
facet normal 0.19508570553829577 0.9807861986664705 0
outer loop
vertex -6.4400634765625 -45.05003356933594 -15.821648597717285
vertex -6.4400634765625 -45.05003356933594 -11.699999809265137
vertex -6.248722076416016 -45.08809280395508 -15.824844360351562
endloop
endfacet
facet normal 0.5555718998295418 0.8314684985733336 0
outer loop
vertex -6.4400634765625 -45.05003356933594 -15.821648597717285
vertex -6.602275371551514 -44.941646575927734 -15.812546730041504
vertex -6.602275371551514 -44.941646575927734 -11.699999809265137
endloop
endfacet
facet normal 0 0 -1
outer loop
vertex 7.501277923583984 -40.83809280395508 -11.699999809265137
vertex -6.248722076416016 -45.08809280395508 -11.699999809265137
vertex 7.501277923583984 -34.33809280395508 -11.699999809265137
endloop
endfacet
facet normal 0.8314684934421213 -0.5555719075089102 0
outer loop
vertex -6.602275371551514 -30.234539031982422 -11.699999809265137
vertex -6.7106614112854 -30.39674949645996 -11.699999809265137
vertex -6.7106614112854 -30.39674949645996 -14.591177940368652
endloop
endfacet
facet normal -1 0 0
outer loop
vertex 13.251277923583984 -30.588092803955078 -14.607245445251465
vertex 13.251277923583984 -44.58809280395508 -11.699999809265137
vertex 13.251277923583984 -30.588092803955078 -11.699999809265137
endloop
endfacet
facet normal -0.8314715111157751 0.5555673912342671 0
outer loop
vertex 13.213217735290527 -44.77943420410156 -11.699999809265137
vertex 13.213217735290527 -44.77943420410156 -15.798925399780273
vertex 13.10483169555664 -44.941646575927734 -11.699999809265137
endloop
endfacet
facet normal 0 0 -1
outer loop
vertex 13.213217735290527 -44.77943420410156 -11.699999809265137
vertex 13.10483169555664 -44.941646575927734 -11.699999809265137
vertex 13.213217735290527 -30.39674949645996 -11.699999809265137
endloop
endfacet
facet normal 0 0 -1
outer loop
vertex 13.10483169555664 -30.234539031982422 -11.699999809265137
vertex 12.942620277404785 -45.05003356933594 -11.699999809265137
vertex 12.942620277404785 -30.12615203857422 -11.699999809265137
endloop
endfacet
facet normal 0.9807851677564063 -0.19509088832910165 0
outer loop
vertex -6.748722076416016 -30.588092803955078 -11.699999809265137
vertex -6.748722076416016 -30.588092803955078 -14.607245445251465
vertex -6.7106614112854 -30.39674949645996 -11.699999809265137
endloop
endfacet
facet normal 0.5555718998295418 -0.8314684985733336 0
outer loop
vertex -6.4400634765625 -30.12615203857422 -11.699999809265137
vertex -6.602275371551514 -30.234539031982422 -11.699999809265137
vertex -6.602275371551514 -30.234539031982422 -14.577556610107422
endloop
endfacet
facet normal -0.8314715111157753 0.5555673912342672 0
outer loop
vertex 13.10483169555664 -44.941646575927734 -15.812546730041504
vertex 13.10483169555664 -44.941646575927734 -11.699999809265137
vertex 13.213217735290527 -44.77943420410156 -15.798925399780273
endloop
endfacet
facet normal -0.5555730288971557 -0.8314677441500906 0
outer loop
vertex 12.942620277404785 -30.12615203857422 -11.699999809265137
vertex 12.942620277404785 -30.12615203857422 -14.56845474243164
vertex 13.10483169555664 -30.234539031982422 -11.699999809265137
endloop
endfacet
facet normal 0 0 -1
outer loop
vertex 12.751277923583984 -30.088092803955078 -11.699999809265137
vertex 10.001277923583984 -34.33809280395508 -11.699999809265137
vertex 7.501277923583984 -34.33809280395508 -11.699999809265137
endloop
endfacet
facet normal -0.9807856354260379 -0.19508853718746075 0
outer loop
vertex 13.213217735290527 -30.39674949645996 -14.591177940368652
vertex 13.251277923583984 -30.588092803955078 -14.607245445251465
vertex 13.251277923583984 -30.588092803955078 -11.699999809265137
endloop
endfacet
facet normal -0.9807856354260378 -0.19508853718746072 0
outer loop
vertex 13.213217735290527 -30.39674949645996 -11.699999809265137
vertex 13.213217735290527 -30.39674949645996 -14.591177940368652
vertex 13.251277923583984 -30.588092803955078 -11.699999809265137
endloop
endfacet
facet normal -0.19508477021179677 -0.9807863847094385 0
outer loop
vertex 12.942620277404785 -30.12615203857422 -11.699999809265137
vertex 12.751277923583984 -30.088092803955078 -11.699999809265137
vertex 12.751277923583984 -30.088092803955078 -14.565258979797363
endloop
endfacet
facet normal -0.8314684934421214 -0.5555719075089102 0
outer loop
vertex 13.213217735290527 -30.39674949645996 -11.699999809265137
vertex 13.10483169555664 -30.234539031982422 -11.699999809265137
vertex 13.10483169555664 -30.234539031982422 -14.577556610107422
endloop
endfacet
facet normal 0 -1 0
outer loop
vertex -6.248722076416016 -30.088092803955078 -11.699999809265137
vertex -6.248722076416016 -30.088092803955078 -14.565258979797363
vertex 12.751277923583984 -30.088092803955078 -11.699999809265137
endloop
endfacet
facet normal -0.19508477021179677 -0.9807863847094385 0
outer loop
vertex 12.751277923583984 -30.088092803955078 -14.565258979797363
vertex 12.942620277404785 -30.12615203857422 -14.56845474243164
vertex 12.942620277404785 -30.12615203857422 -11.699999809265137
endloop
endfacet
facet normal -0.5555730288971555 -0.8314677441500905 0
outer loop
vertex 12.942620277404785 -30.12615203857422 -14.56845474243164
vertex 13.10483169555664 -30.234539031982422 -14.577556610107422
vertex 13.10483169555664 -30.234539031982422 -11.699999809265137
endloop
endfacet
facet normal -0.8314684934421213 -0.5555719075089102 0
outer loop
vertex 13.10483169555664 -30.234539031982422 -14.577556610107422
vertex 13.213217735290527 -30.39674949645996 -14.591177940368652
vertex 13.213217735290527 -30.39674949645996 -11.699999809265137
endloop
endfacet
facet normal 0 -1 0
outer loop
vertex -6.248722076416016 -30.088092803955078 -14.565258979797363
vertex 12.751277923583984 -30.088092803955078 -14.565258979797363
vertex 12.751277923583984 -30.088092803955078 -11.699999809265137
endloop
endfacet
facet normal 0 0 -1
outer loop
vertex 13.251277923583984 -30.588092803955078 -11.699999809265137
vertex 13.213217735290527 -44.77943420410156 -11.699999809265137
vertex 13.213217735290527 -30.39674949645996 -11.699999809265137
endloop
endfacet
facet normal 0 0 -1
outer loop
vertex 13.213217735290527 -30.39674949645996 -11.699999809265137
vertex 13.10483169555664 -44.941646575927734 -11.699999809265137
vertex 13.10483169555664 -30.234539031982422 -11.699999809265137
endloop
endfacet
facet normal 0 0 -1
outer loop
vertex 12.942620277404785 -30.12615203857422 -11.699999809265137
vertex 12.942620277404785 -45.05003356933594 -11.699999809265137
vertex 12.751277923583984 -30.088092803955078 -11.699999809265137
endloop
endfacet
facet normal 0 0 -1
outer loop
vertex 12.751277923583984 -30.088092803955078 -11.699999809265137
vertex 10.001277923583984 -40.83809280395508 -11.699999809265137
vertex 10.001277923583984 -34.33809280395508 -11.699999809265137
endloop
endfacet
facet normal 0 0 -1
outer loop
vertex 12.942620277404785 -45.05003356933594 -11.699999809265137
vertex 10.001277923583984 -40.83809280395508 -11.699999809265137
vertex 12.751277923583984 -30.088092803955078 -11.699999809265137
endloop
endfacet
facet normal 0 0 -1
outer loop
vertex 13.251277923583984 -44.58809280395508 -11.699999809265137
vertex 13.213217735290527 -44.77943420410156 -11.699999809265137
vertex 13.251277923583984 -30.588092803955078 -11.699999809265137
endloop
endfacet
facet normal 0 0 -1
outer loop
vertex 13.10483169555664 -44.941646575927734 -11.699999809265137
vertex 12.942620277404785 -45.05003356933594 -11.699999809265137
vertex 13.10483169555664 -30.234539031982422 -11.699999809265137
endloop
endfacet
facet normal -0.9807852633251953 0.19509040787318935 0
outer loop
vertex 13.251277923583984 -44.58809280395508 -11.699999809265137
vertex 13.251277923583984 -44.58809280395508 -15.782857894897461
vertex 13.213217735290527 -44.77943420410156 -11.699999809265137
endloop
endfacet
facet normal -0.5555730288971555 0.8314677441500904 0
outer loop
vertex 13.10483169555664 -44.941646575927734 -11.699999809265137
vertex 13.10483169555664 -44.941646575927734 -15.812546730041504
vertex 12.942620277404785 -45.05003356933594 -11.699999809265137
endloop
endfacet
facet normal 0 0 -1
outer loop
vertex 12.942620277404785 -45.05003356933594 -11.699999809265137
vertex 7.501277923583984 -40.83809280395508 -11.699999809265137
vertex 10.001277923583984 -40.83809280395508 -11.699999809265137
endloop
endfacet
facet normal 0 0 -1
outer loop
vertex 7.501277923583984 -34.33809280395508 -11.699999809265137
vertex -6.248722076416016 -45.08809280395508 -11.699999809265137
vertex 12.751277923583984 -30.088092803955078 -11.699999809265137
endloop
endfacet
facet normal 0 0 -1
outer loop
vertex -6.248722076416016 -30.088092803955078 -11.699999809265137
vertex 12.751277923583984 -30.088092803955078 -11.699999809265137
vertex -6.248722076416016 -45.08809280395508 -11.699999809265137
endloop
endfacet
facet normal 0 0 -1
outer loop
vertex 12.942620277404785 -45.05003356933594 -11.699999809265137
vertex -6.248722076416016 -45.08809280395508 -11.699999809265137
vertex 7.501277923583984 -40.83809280395508 -11.699999809265137
endloop
endfacet
facet normal -0.0019830594053828377 0.9999563138226262 -0.009134436034044005
outer loop
vertex 12.751277923583984 -45.08809280395508 -15.824844360351562
vertex -6.248722076416016 -45.08809280395508 -11.699999809265137
vertex 12.942620277404785 -45.05003356933594 -11.699999809265137
endloop
endfacet
facet normal 0.11201298923989146 -0.6981769117097105 0.7071082591775003
outer loop
vertex 81.63533020019531 -64.72933197021484 0
vertex 81.31714630126953 -64.78038024902344 0
vertex 81.42769622802734 -65.77543640136719 -1
endloop
endfacet
facet normal 0.11202068980618377 -0.698177098094936 0.7071068552567433
outer loop
vertex 81.88199615478516 -65.70254516601562 -1
vertex 81.63533020019531 -64.72933197021484 0
vertex 81.42769622802734 -65.77543640136719 -1
endloop
endfacet
facet normal 0.23405824505985354 -0.667245804166503 0.707106621904857
outer loop
vertex 81.63533020019531 -64.72933197021484 0
vertex 81.88199615478516 -65.70254516601562 -1
vertex 82.09398651123047 -64.56844329833984 0
endloop
endfacet
facet normal 0.2340567666857473 -0.6672458888510099 0.7071070313467682
outer loop
vertex 81.88199615478516 -65.70254516601562 -1
vertex 82.5262680053711 -65.47654724121094 -1
vertex 82.09398651123047 -64.56844329833984 0
endloop
endfacet
facet normal 0.3703260391465514 -0.602377662033173 0.7071066235112463
outer loop
vertex 82.09398651123047 -64.56844329833984 0
vertex 82.5262680053711 -65.47654724121094 -1
vertex 82.49275970458984 -64.32328796386719 0
endloop
endfacet
facet normal 0.3703216316466466 -0.6023792732364804 0.7071075592225379
outer loop
vertex 82.49275970458984 -64.32328796386719 0
vertex 82.95733642578125 -65.21154022216797 -1
vertex 83.10791015625 -65.11897277832031 -1
endloop
endfacet
facet normal 0.37032296377973617 -0.6023785166696091 0.7071075060783288
outer loop
vertex 82.49275970458984 -64.32328796386719 0
vertex 82.5262680053711 -65.47654724121094 -1
vertex 82.95733642578125 -65.21154022216797 -1
endloop
endfacet
facet normal 0.48972019745277884 -0.5100706954175723 0.7071082052154717
outer loop
vertex 82.83042907714844 -63.99909210205078 0
vertex 83.33270263671875 -64.90315246582031 -1
vertex 83.60041809082031 -64.6461181640625 -1
endloop
endfacet
facet normal 0.4897194383232198 -0.5100720735355796 0.7071077368601651
outer loop
vertex 82.49275970458984 -64.32328796386719 0
vertex 83.10791015625 -65.11897277832031 -1
vertex 82.83042907714844 -63.99909210205078 0
endloop
endfacet
facet normal 0.48971550041949646 -0.5100741482027731 0.7071089675460902
outer loop
vertex 83.33270263671875 -64.90315246582031 -1
vertex 82.83042907714844 -63.99909210205078 0
vertex 83.10791015625 -65.11897277832031 -1
endloop
endfacet
facet normal 0.5868037471227702 -0.3945369813422023 0.7071081478218583
outer loop
vertex 82.83042907714844 -63.99909210205078 0
vertex 83.60041809082031 -64.6461181640625 -1
vertex 83.09161376953125 -63.610626220703125 0
endloop
endfacet
facet normal 0.5868072971787957 -0.3945339989057122 0.7071068658167478
outer loop
vertex 83.98136901855469 -64.07951354980469 -1
vertex 83.09161376953125 -63.610626220703125 0
vertex 83.60041809082031 -64.6461181640625 -1
endloop
endfacet
facet normal 0.6571654789597079 -0.26102340805070173 0.7071070030152823
outer loop
vertex 83.09161376953125 -63.610626220703125 0
vertex 83.98136901855469 -64.07951354980469 -1
vertex 83.26819610595703 -63.166053771972656 0
endloop
endfacet
facet normal 0.6571644416626585 -0.2610247364473479 0.7071074766800297
outer loop
vertex 83.98136901855469 -64.07951354980469 -1
vertex 84.23340606689453 -63.444976806640625 -1
vertex 83.26819610595703 -63.166053771972656 0
endloop
endfacet
facet normal 0.6950975954028554 -0.1297595456440962 0.7071080491547285
outer loop
vertex 83.26819610595703 -63.166053771972656 0
vertex 84.23340606689453 -63.444976806640625 -1
vertex 83.33589172363281 -62.80342102050781 0
endloop
endfacet
facet normal 0.6950984344608947 -0.12975763321326053 0.7071075752902852
outer loop
vertex 84.33587646484375 -62.896053314208984 -1
vertex 83.33589172363281 -62.80342102050781 0
vertex 84.23340606689453 -63.444976806640625 -1
endloop
endfacet
facet normal 0.7071057458683221 -0.00013868395037396454 0.7071078029033238
outer loop
vertex 83.33589172363281 -62.80342102050781 0
vertex 84.33587646484375 -62.896053314208984 -1
vertex 83.35127258300781 15.618732452392578 0
endloop
endfacet
facet normal 0.7071064980628512 -0.00013866493735557848 0.7071070507139116
outer loop
vertex 83.35127258300781 15.618732452392578 0
vertex 84.33587646484375 -62.896053314208984 -1
vertex 84.35128021240234 15.65365219116211 -1
endloop
endfacet
facet normal 0.7053745817255843 0.0494597711162114 0.7071070855935395
outer loop
vertex 83.35127258300781 15.618732452392578 0
vertex 84.35128021240234 15.65365219116211 -1
vertex 84.30006408691406 16.384075164794922 -1
endloop
endfacet
facet normal 0.7053730981113624 0.04946322813217041 0.7071083237549416
outer loop
vertex 84.30006408691406 16.384075164794922 -1
vertex 83.30826568603516 16.23203468322754 0
vertex 83.35127258300781 15.618732452392578 0
endloop
endfacet
facet normal 0.6877975370790238 0.16411046041293023 0.7071084109039328
outer loop
vertex 84.30006408691406 16.384075164794922 -1
vertex 84.07144927978516 17.342214584350586 -1
vertex 83.12083435058594 17.017568588256836 0
endloop
endfacet
facet normal 0.6877976563870101 0.16411110001757626 0.7071081464101213
outer loop
vertex 83.30826568603516 16.23203468322754 0
vertex 84.30006408691406 16.384075164794922 -1
vertex 83.12083435058594 17.017568588256836 0
endloop
endfacet
facet normal 0.6445025063753608 0.2908914524440934 0.7071058493400005
outer loop
vertex 84.07144927978516 17.342214584350586 -1
vertex 83.66622161865234 18.240041732788086 -1
vertex 82.79390716552734 17.741928100585938 0
endloop
endfacet
facet normal 0.6445025401367777 0.2908851166080902 0.7071084249909196
outer loop
vertex 83.12083435058594 17.017568588256836 0
vertex 84.07144927978516 17.342214584350586 -1
vertex 82.79390716552734 17.741928100585938 0
endloop
endfacet
facet normal 0.578070899301607 0.40722917847911216 0.7071056721423317
outer loop
vertex 83.66622161865234 18.240041732788086 -1
vertex 83.09893035888672 19.045324325561523 -1
vertex 82.33621978759766 18.391626358032227 0
endloop
endfacet
facet normal 0.5780709883287902 0.4072287279103556 0.7071058588479445
outer loop
vertex 82.79390716552734 17.741928100585938 0
vertex 83.66622161865234 18.240041732788086 -1
vertex 82.33621978759766 18.391626358032227 0
endloop
endfacet
facet normal 0.4908923202590175 0.5089451175172858 0.7071064964105721
outer loop
vertex 83.09893035888672 19.045324325561523 -1
vertex 82.38994598388672 19.72916030883789 -1
vertex 81.76421356201172 18.943340301513672 0
endloop
endfacet
facet normal 0.4908916246434024 0.5089468350430856 0.7071057431209189
outer loop
vertex 82.33621978759766 18.391626358032227 0
vertex 83.09893035888672 19.045324325561523 -1
vertex 81.76421356201172 18.943340301513672 0
endloop
endfacet
facet normal 0.38608659881909213 0.5923999820481267 0.7071063565558469
outer loop
vertex 82.38994598388672 19.72916030883789 -1
vertex 81.564697265625 20.26700210571289 -1
vertex 81.0984115600586 19.37726593017578 0
endloop
endfacet
facet normal 0.3860868265144648 0.5923996303551496 0.7071065268734772
outer loop
vertex 81.76421356201172 18.943340301513672 0
vertex 82.38994598388672 19.72916030883789 -1
vertex 81.0984115600586 19.37726593017578 0
endloop
endfacet
facet normal 0.2674269275871198 0.6545865473154577 0.7071062794763892
outer loop
vertex 81.564697265625 20.26700210571289 -1
vertex 80.65282440185547 20.639541625976562 -1
vertex 80.36271667480469 19.67782974243164 0
endloop
endfacet
facet normal 0.2674273138845546 0.6545861443711519 0.7071065063947591
outer loop
vertex 81.0984115600586 19.37726593017578 0
vertex 81.564697265625 20.26700210571289 -1
vertex 80.36271667480469 19.67782974243164 0
endloop
endfacet
facet normal 0.13916871885457008 0.6932763604461006 0.7071067498892836
outer loop
vertex 80.65282440185547 20.639541625976562 -1
vertex 79.68705749511719 20.833410263061523 -1
vertex 79.58716583251953 19.833513259887695 0
endloop
endfacet
facet normal 0.13916791173155582 0.6932769308282148 0.7071063495158905
outer loop
vertex 80.36271667480469 19.67782974243164 0
vertex 80.65282440185547 20.639541625976562 -1
vertex 79.58716583251953 19.833513259887695 0
endloop
endfacet
facet normal 0.000735658874990407 0.7071062935962725 0.7071068860947131
outer loop
vertex 72.13542175292969 20.841266632080078 -1
vertex 59.87051010131836 20.854026794433594 -1
vertex 59.95037078857422 19.85394287109375 0
endloop
endfacet
facet normal 0.0007356550347586468 0.7071063171442393 0.7071068625507605
outer loop
vertex 72.13542175292969 20.841266632080078 -1
vertex 59.95037078857422 19.85394287109375 0
vertex 79.58716583251953 19.833513259887695 0
endloop
endfacet
facet normal 0.000735640319990067 0.7071062625382162 0.7071069171720462
outer loop
vertex 79.68705749511719 20.833410263061523 -1
vertex 72.13542175292969 20.841266632080078 -1
vertex 79.58716583251953 19.833513259887695 0
endloop
endfacet
facet normal -0.11294021357065301 0.6980293112005443 0.7071064904690868
outer loop
vertex 59.87051010131836 20.854026794433594 -1
vertex 58.785316467285156 20.678443908691406 -1
vertex 59.04423522949219 19.707332611083984 0
endloop
endfacet
facet normal -0.1129391851884502 0.6980289899641996 0.7071069718356116
outer loop
vertex 59.87051010131836 20.854026794433594 -1
vertex 59.04423522949219 19.707332611083984 0
vertex 59.95037078857422 19.85394287109375 0
endloop
endfacet
facet normal -0.24957068997211396 0.6616004979237382 0.7071062521671724
outer loop
vertex 58.785316467285156 20.678443908691406 -1
vertex 57.863670349121094 20.330778121948242 -1
vertex 59.04423522949219 19.707332611083984 0
endloop
endfacet
facet normal -0.24957202967147993 0.6615991802022768 0.7071070122416644
outer loop
vertex 59.04423522949219 19.707332611083984 0
vertex 57.863670349121094 20.330778121948242 -1
vertex 58.3056526184082 19.428720474243164 0
endloop
endfacet
facet normal -0.3698748885154603 0.6026542851888204 0.7071070494551923
outer loop
vertex 57.863670349121094 20.330778121948242 -1
vertex 57.625572204589844 19.01132583618164 0
vertex 58.3056526184082 19.428720474243164 0
endloop
endfacet
facet normal -0.3698768331693509 0.602654030001971 0.7071062497298376
outer loop
vertex 57.863670349121094 20.330778121948242 -1
vertex 57.02414321899414 19.815521240234375 -1
vertex 57.625572204589844 19.01132583618164 0
endloop
endfacet
facet normal -0.4735510375085693 0.5251195083212566 0.7071060152869578
outer loop
vertex 57.625572204589844 19.01132583618164 0
vertex 57.02414321899414 19.815521240234375 -1
vertex 56.93702697753906 18.390398025512695 0
endloop
endfacet
facet normal -0.4735500671425467 0.525119769107886 0.7071064714746782
outer loop
vertex 57.02414321899414 19.815521240234375 -1
vertex 56.26732635498047 19.133028030395508 -1
vertex 56.93702697753906 18.390398025512695 0
endloop
endfacet
facet normal -0.43189822855761506 0.5612337820319543 0.7060315588377781
outer loop
vertex 56.26732635498047 19.133028030395508 -1
vertex 56.87112808227539 18.339685440063477 0
vertex 56.93702697753906 18.390398025512695 0
endloop
endfacet
facet normal -0.432905213960966 0.5604623957386808 0.70602760476363
outer loop
vertex 56.53574752807617 18.08063507080078 0
vertex 56.87112808227539 18.339685440063477 0
vertex 56.26732635498047 19.133028030395508 -1
endloop
endfacet
facet normal -0.4282597075655154 0.5626666428136005 0.7071066906349929
outer loop
vertex 55.966461181640625 18.904043197631836 -1
vertex 55.93011474609375 18.876379013061523 -1
vertex 56.53574752807617 18.08063507080078 0
endloop
endfacet
facet normal -0.4282462093267534 0.562676437763024 0.707107071512922
outer loop
vertex 56.26732635498047 19.133028030395508 -1
vertex 55.966461181640625 18.904043197631836 -1
vertex 56.53574752807617 18.08063507080078 0
endloop
endfacet
facet normal -0.37001170473556283 0.6047054821380966 0.7052819423683092
outer loop
vertex 55.93011474609375 18.876379013061523 -1
vertex 56.39134216308594 17.99227523803711 0
vertex 56.53574752807617 18.08063507080078 0
endloop
endfacet
facet normal -0.32752179526977326 0.6278064134894562 0.7061080517914881
outer loop
vertex 55.93011474609375 18.876379013061523 -1
vertex 56.015628814697266 17.796268463134766 0
vertex 56.39134216308594 17.99227523803711 0
endloop
endfacet
facet normal -0.32751889237761855 0.627807223308871 0.7061086782478625
outer loop
vertex 55.93011474609375 18.876379013061523 -1
vertex 55.55439758300781 18.68037223815918 -1
vertex 56.015628814697266 17.796268463134766 0
endloop
endfacet
facet normal -0.2744809194373084 0.6540770825149717 0.7048711903557648
outer loop
vertex 55.55439758300781 18.68037223815918 -1
vertex 55.85974884033203 17.730854034423828 0
vertex 56.015628814697266 17.796268463134766 0
endloop
endfacet
facet normal -0.22087455111924448 0.6726968662112189 0.7061822419584605
outer loop
vertex 55.45711898803711 17.59865379333496 0
vertex 55.85974884033203 17.730854034423828 0
vertex 55.55439758300781 18.68037223815918 -1
endloop
endfacet
facet normal -0.2164764246720343 0.6731551901172064 0.7071068148303203
outer loop
vertex 55.428428649902344 18.639863967895508 -1
vertex 55.150978088378906 18.550640106201172 -1
vertex 55.45711898803711 17.59865379333496 0
endloop
endfacet
facet normal -0.21646925542567044 0.6731563944501826 0.7071078631059664
outer loop
vertex 55.428428649902344 18.639863967895508 -1
vertex 55.45711898803711 17.59865379333496 0
vertex 55.55439758300781 18.68037223815918 -1
endloop
endfacet
facet normal -0.14949476942028259 0.6928834642286643 0.7053820375615343
outer loop
vertex 55.45711898803711 17.59865379333496 0
vertex 55.150978088378906 18.550640106201172 -1
vertex 55.291603088378906 17.562942504882812 0
endloop
endfacet
facet normal -0.10366079193697192 0.7003101717228448 0.7062719756556389
outer loop
vertex 54.87239456176758 17.500890731811523 0
vertex 55.291603088378906 17.562942504882812 0
vertex 55.150978088378906 18.550640106201172 -1
endloop
endfacet
facet normal -0.09966976557841821 0.7000466723066983 0.7071072015061516
outer loop
vertex 55.150978088378906 18.550640106201172 -1
vertex 54.73143768310547 18.490907669067383 -1
vertex 54.87239456176758 17.500890731811523 0
endloop
endfacet
facet normal -0.04999721689063989 0.7062238558228138 0.7062210303934229
outer loop
vertex 54.87239456176758 17.500890731811523 0
vertex 54.73143768310547 18.490907669067383 -1
vertex 54.73173141479492 17.49093246459961 0
endloop
endfacet
facet normal -0.00020832463929368631 0.7071064748377436 0.7071070568473944
outer loop
vertex 41.1595344543457 18.486907958984375 -1
vertex 41.194698333740234 17.48691749572754 0
vertex 51.25253677368164 18.48988151550293 -1
endloop
endfacet
facet normal -0.0002097244433261556 0.7071155014330154 0.7070980297305268
outer loop
vertex 41.194698333740234 17.48691749572754 0
vertex 54.73173141479492 17.49093246459961 0
vertex 54.73143768310547 18.490907669067383 -1
endloop
endfacet
facet normal -0.0002085719377290176 0.7071077166042579 0.7071058150068202
outer loop
vertex 54.73143768310547 18.490907669067383 -1
vertex 51.25253677368164 18.48988151550293 -1
vertex 41.194698333740234 17.48691749572754 0
endloop
endfacet
facet normal -0.04945885039883042 0.7053746469028674 0.707107084976442
outer loop
vertex 40.58115005493164 17.443897247314453 0
vertex 41.194698333740234 17.48691749572754 0
vertex 41.1595344543457 18.486907958984375 -1
endloop
endfacet
facet normal -0.04945979213961811 0.7053748815526231 0.7071067850304709
outer loop
vertex 41.1595344543457 18.486907958984375 -1
vertex 40.42911148071289 18.435691833496094 -1
vertex 40.58115005493164 17.443897247314453 0
endloop
endfacet
facet normal -0.16411053376459292 0.6877992136857428 0.707106763056877
outer loop
vertex 40.42911148071289 18.435691833496094 -1
vertex 39.470970153808594 18.207077026367188 -1
vertex 39.79628372192383 17.25662612915039 0
endloop
endfacet
facet normal -0.16411066040043218 0.687799237270189 0.7071067107258143
outer loop
vertex 40.42911148071289 18.435691833496094 -1
vertex 39.79628372192383 17.25662612915039 0
vertex 40.58115005493164 17.443897247314453 0
endloop
endfacet
facet normal -0.2917647643895709 0.644106630031436 0.7071067609705377
outer loop
vertex 39.470970153808594 18.207077026367188 -1
vertex 38.658748626708984 16.741350173950195 0
vertex 39.79628372192383 17.25662612915039 0
endloop
endfacet
facet normal -0.29176486317907435 0.6441066466417767 0.7071067050777989
outer loop
vertex 39.470970153808594 18.207077026367188 -1
vertex 38.50358581542969 17.768875122070312 -1
vertex 38.658748626708984 16.741350173950195 0
endloop
endfacet
facet normal -0.29176611548209497 0.6441062798320851 0.7071065224825468
outer loop
vertex 38.50358581542969 17.768875122070312 -1
vertex 38.246131896972656 17.652254104614258 -1
vertex 38.658748626708984 16.741350173950195 0
endloop
endfacet
facet normal -0.18336375362566829 0.6843128921581867 0.7057574650560937
outer loop
vertex 38.246131896972656 17.652254104614258 -1
vertex 38.51431655883789 16.692777633666992 0
vertex 38.58815383911133 16.712562561035156 0
endloop
endfacet
facet normal -0.26709926847675924 0.6549975568052616 0.7068494757431163
outer loop
vertex 38.246131896972656 17.652254104614258 -1
vertex 38.58815383911133 16.712562561035156 0
vertex 38.658748626708984 16.741350173950195 0
endloop
endfacet
facet normal -0.19034628004197085 0.6810048090265644 0.7071073071018826
outer loop
vertex 38.246131896972656 17.652254104614258 -1
vertex 37.83800506591797 17.538179397583008 -1
vertex 38.107200622558594 16.575092315673828 0
endloop
endfacet
facet normal -0.19673636339777031 0.6805819974036155 0.705764088153489
outer loop
vertex 38.246131896972656 17.652254104614258 -1
vertex 38.107200622558594 16.575092315673828 0
vertex 38.51431655883789 16.692777633666992 0
endloop
endfacet
facet normal -0.11717893847314789 0.6993653354186486 0.7050937696456175
outer loop
vertex 37.83800506591797 17.538179397583008 -1
vertex 37.94029235839844 16.54712677001953 0
vertex 38.107200622558594 16.575092315673828 0
endloop
endfacet
facet normal -0.07885270111012926 0.7040212494975214 0.7057877384763673
outer loop
vertex 37.83800506591797 17.538179397583008 -1
vertex 37.51913833618164 16.499956130981445 0
vertex 37.94029235839844 16.54712677001953 0
endloop
endfacet
facet normal -0.07259606250117294 0.703370232568357 0.7071068714459372
outer loop
vertex 37.83800506591797 17.538179397583008 -1
vertex 37.41647720336914 17.494672775268555 -1
vertex 37.51913833618164 16.499956130981445 0
endloop
endfacet
facet normal 0.002269605389995511 0.7090918530081046 0.7051124682551757
outer loop
vertex 37.41647720336914 17.494672775268555 -1
vertex 37.34989929199219 16.500497817993164 0
vertex 37.51913833618164 16.499956130981445 0
endloop
endfacet
facet normal 0.047332098761615864 0.70679711232507 0.7058310806671543
outer loop
vertex 37.37932586669922 17.497159957885742 -1
vertex 36.99365234375 17.522987365722656 -1
vertex 36.92707824707031 16.528812408447266 0
endloop
endfacet
facet normal 0.047318417592672905 0.7068007192255237 0.7058283861242814
outer loop
vertex 37.41647720336914 17.494672775268555 -1
vertex 37.37932586669922 17.497159957885742 -1
vertex 36.92707824707031 16.528812408447266 0
endloop
endfacet
facet normal 0.04733129999710532 0.7067970753356894 0.7058311712707933
outer loop
vertex 36.92707824707031 16.528812408447266 0
vertex 37.34989929199219 16.500497817993164 0
vertex 37.41647720336914 17.494672775268555 -1
endloop
endfacet
facet normal 0.06174032585856499 0.7057581781812505 0.7057574130628458
outer loop
vertex 36.820003509521484 16.538179397583008 0
vertex 36.92707824707031 16.528812408447266 0
vertex 36.99365234375 17.522987365722656 -1
endloop
endfacet
facet normal 0.14437895216168892 0.6923839552528772 0.7069364728750912
outer loop
vertex 36.820003509521484 16.538179397583008 0
vertex 36.99365234375 17.522987365722656 -1
vertex 36.75927734375 16.55084228515625 0
endloop
endfacet
facet normal 0.16572798785615758 0.6874116739394979 0.7071063742979883
outer loop
vertex 36.99365234375 17.522987365722656 -1
vertex 36.34730911254883 16.650163650512695 0
vertex 36.75927734375 16.55084228515625 0
endloop
endfacet
facet normal 0.16573089438124491 0.6874102864723005 0.707107041896531
outer loop
vertex 36.99365234375 17.522987365722656 -1
vertex 36.66263961791992 17.602792739868164 -1
vertex 36.34730911254883 16.650163650512695 0
endloop
endfacet
facet normal 0.16572276973242378 0.6874126068201262 0.7071066903777482
outer loop
vertex 36.66263961791992 17.602792739868164 -1
vertex 36.581687927246094 17.6223087310791 -1
vertex 36.34730911254883 16.650163650512695 0
endloop
endfacet
facet normal 0.29940593411516875 0.6420767105792088 0.7057574543342819
outer loop
vertex 36.581687927246094 17.6223087310791 -1
vertex 36.187808990478516 16.706798553466797 0
vertex 36.23966598510742 16.6826171875 0
endloop
endfacet
facet normal 0.20427358939023937 0.6775424208538083 0.7065469330633237
outer loop
vertex 36.581687927246094 17.6223087310791 -1
vertex 36.23966598510742 16.6826171875 0
vertex 36.34730911254883 16.650163650512695 0
endloop
endfacet
facet normal 0.27945379267005027 0.6495424520651272 0.7071069089802097
outer loop
vertex 36.581687927246094 17.6223087310791 -1
vertex 36.19241714477539 17.789785385131836 -1
vertex 35.79721450805664 16.871191024780273 0
endloop
endfacet
facet normal 0.2747657786818213 0.6528400981746869 0.7059062069996536
outer loop
vertex 36.187808990478516 16.706798553466797 0
vertex 36.581687927246094 17.6223087310791 -1
vertex 35.79721450805664 16.871191024780273 0
endloop
endfacet
facet normal 0.40634727401454945 0.5803340382943831 0.7057579591459653
outer loop
vertex 36.19241714477539 17.789785385131836 -1
vertex 35.64948654174805 16.953819274902344 0
vertex 35.69241714477539 16.92375946044922 0
endloop
endfacet
facet normal 0.31731921451080736 0.6325890541737165 0.7064981278402988
outer loop
vertex 36.19241714477539 17.789785385131836 -1
vertex 35.69241714477539 16.92375946044922 0
vertex 35.79721450805664 16.871191024780273 0
endloop
endfacet
facet normal 0.38514052712142416 0.5930158744052917 0.7071060366535974
outer loop
vertex 36.19241714477539 17.789785385131836 -1
vertex 35.88505554199219 17.989404678344727 -1
vertex 35.29235076904297 17.18195343017578 0
endloop
endfacet
facet normal 0.3851613280241659 0.5930015017305298 0.7071067602137582
outer loop
vertex 35.88505554199219 17.989404678344727 -1
vertex 35.8370246887207 18.020601272583008 -1
vertex 35.29235076904297 17.18195343017578 0
endloop
endfacet
facet normal 0.38127082825060515 0.5968656981414271 0.7059630967035349
outer loop
vertex 35.64948654174805 16.953819274902344 0
vertex 36.19241714477539 17.789785385131836 -1
vertex 35.29235076904297 17.18195343017578 0
endloop
endfacet
facet normal 0.4210053895943413 0.5689351698603157 0.7064469084287442
outer loop
vertex 35.29235076904297 17.18195343017578 0
vertex 35.8370246887207 18.020601272583008 -1
vertex 35.194236755371094 17.25455665588379 0
endloop
endfacet
facet normal 0.5009225159309725 0.5009792905559222 0.7057594373917145
outer loop
vertex 35.8370246887207 18.020601272583008 -1
vertex 35.16057586669922 17.2882137298584 0
vertex 35.194236755371094 17.25455665588379 0
endloop
endfacet
facet normal 0.48049332866124056 0.520227914222987 0.7060375899166004
outer loop
vertex 35.16057586669922 17.2882137298584 0
vertex 35.8370246887207 18.020601272583008 -1
vertex 34.849273681640625 17.57573890686035 0
endloop
endfacet
facet normal 0.48049077308535537 0.5202315221521844 0.7060366706758643
outer loop
vertex 35.525718688964844 18.30812644958496 -1
vertex 34.849273681640625 17.57573890686035 0
vertex 35.8370246887207 18.020601272583008 -1
endloop
endfacet
facet normal 0.5803469634343161 0.40633130341455764 0.7057565259336928
outer loop
vertex 34.759674072265625 17.66533851623535 0
vertex 35.525718688964844 18.30812644958496 -1
vertex 34.73513412475586 17.700387954711914 0
endloop
endfacet
facet normal 0.5009521406968299 0.5009521406968299 0.7057576818303342
outer loop
vertex 35.525718688964844 18.30812644958496 -1
vertex 34.759674072265625 17.66533851623535 0
vertex 34.849273681640625 17.57573890686035 0
endloop
endfacet
facet normal 0.5613984423710613 0.43155909714375307 0.7061080190564437
outer loop
vertex 34.476863861083984 18.036361694335938 0
vertex 34.73513412475586 17.700387954711914 0
vertex 35.525718688964844 18.30812644958496 -1
endloop
endfacet
facet normal 0.561399815877466 0.43155622874606386 0.7061086801358714
outer loop
vertex 35.525718688964844 18.30812644958496 -1
vertex 35.267452239990234 18.64409828186035 -1
vertex 34.476863861083984 18.036361694335938 0
endloop
endfacet
facet normal 0.6420769846920291 0.29940344431382915 0.7057582612069146
outer loop
vertex 34.401424407958984 18.14409828186035 0
vertex 35.267452239990234 18.64409828186035 -1
vertex 34.3853759765625 18.17851448059082 0
endloop
endfacet
facet normal 0.5803269849933252 0.4063573145163495 0.705757977941176
outer loop
vertex 34.476863861083984 18.036361694335938 0
vertex 35.267452239990234 18.64409828186035 -1
vertex 34.401424407958984 18.14409828186035 0
endloop
endfacet
facet normal 0.6261513098915764 0.3305039781535335 0.7061881176752777
outer loop
vertex 35.267452239990234 18.64409828186035 -1
vertex 35.069637298583984 19.01886558532715 -1
vertex 34.187564849853516 18.553281784057617 0
endloop
endfacet
facet normal 0.626152884793218 0.330498435928792 0.7061893150662599
outer loop
vertex 34.3853759765625 18.17851448059082 0
vertex 35.267452239990234 18.64409828186035 -1
vertex 34.187564849853516 18.553281784057617 0
endloop
endfacet
facet normal 0.6526355356039947 0.27767911945747403 0.7049547249889236
outer loop
vertex 34.12136459350586 18.708873748779297 0
vertex 34.187564849853516 18.553281784057617 0
vertex 35.069637298583984 19.01886558532715 -1
endloop
endfacet
facet normal 0.6728934980657773 0.21997289294662845 0.7062763387155859
outer loop
vertex 33.989688873291016 19.11166763305664 0
vertex 34.12136459350586 18.708873748779297 0
vertex 35.069637298583984 19.01886558532715 -1
endloop
endfacet
facet normal 0.6728941602675559 0.21996673671706815 0.7062776251700635
outer loop
vertex 35.069637298583984 19.01886558532715 -1
vertex 34.937965393066406 19.421659469604492 -1
vertex 33.989688873291016 19.11166763305664 0
endloop
endfacet
facet normal 0.6843137958629346 0.18335781695548914 0.7057581311986276
outer loop
vertex 33.95325469970703 19.247644424438477 0
vertex 33.989688873291016 19.11166763305664 0
vertex 34.937965393066406 19.421659469604492 -1
endloop
endfacet
facet normal 0.6963284092176032 0.12305547787555549 0.7070955351869371
outer loop
vertex 33.95325469970703 19.247644424438477 0
vertex 34.937965393066406 19.421659469604492 -1
vertex 32.100982666015625 29.72901153564453 0
endloop
endfacet
facet normal 0.696318126639339 0.12305159984526975 0.7071063359134898
outer loop
vertex 34.937965393066406 19.421659469604492 -1
vertex 33.07966232299805 29.93733024597168 -1
vertex 32.100982666015625 29.72901153564453 0
endloop
endfacet
facet normal 0.6860690530084806 0.17119837912897676 0.7071070424537276
outer loop
vertex 33.07966232299805 29.93733024597168 -1
vertex 32.90251159667969 30.647253036499023 -1
vertex 31.952180862426758 30.325319290161133 0
endloop
endfacet
facet normal 0.6860692181404529 0.17120075375987945 0.7071063073061906
outer loop
vertex 32.100982666015625 29.72901153564453 0
vertex 33.07966232299805 29.93733024597168 -1
vertex 31.952180862426758 30.325319290161133 0
endloop
endfacet
facet normal 0.6488652532169183 0.28102259834706894 0.7071069101529178
outer loop
vertex 31.631216049194336 31.066410064697266 0
vertex 32.90251159667969 30.647253036499023 -1
vertex 32.51103210449219 31.551156997680664 -1
endloop
endfacet
facet normal 0.6488652486389974 0.2810221372311398 0.7071070976130098
outer loop
vertex 31.952180862426758 30.325319290161133 0
vertex 32.90251159667969 30.647253036499023 -1
vertex 31.631216049194336 31.066410064697266 0
endloop
endfacet
facet normal 0.584216473123427 0.39836046911413625 0.7071068159609193
outer loop
vertex 31.183496475219727 31.72301483154297 0
vertex 32.51103210449219 31.551156997680664 -1
vertex 31.95609474182129 32.3650016784668 -1
endloop
endfacet
facet normal 0.584216530389284 0.3983601540868502 0.707106946123292
outer loop
vertex 31.183496475219727 31.72301483154297 0
vertex 31.631216049194336 31.066410064697266 0
vertex 32.51103210449219 31.551156997680664 -1
endloop
endfacet
facet normal 0.4985966415931924 0.5013991331279067 0.7071069921098034
outer loop
vertex 31.52106285095215 32.797603607177734 -1
vertex 31.257619857788086 33.059574127197266 -1
vertex 30.619972229003906 32.283390045166016 0
endloop
endfacet
facet normal 0.4985976699884649 0.5013983358889856 0.7071068322748902
outer loop
vertex 31.95609474182129 32.3650016784668 -1
vertex 31.52106285095215 32.797603607177734 -1
vertex 31.183496475219727 31.72301483154297 0
endloop
endfacet
facet normal 0.4985969107501009 0.501398779720102 0.7071070529174834
outer loop
vertex 31.183496475219727 31.72301483154297 0
vertex 31.52106285095215 32.797603607177734 -1
vertex 30.619972229003906 32.283390045166016 0
endloop
endfacet
facet normal 0.39508130757959936 0.5864387181930236 0.7071070571033197
outer loop
vertex 31.257619857788086 33.059574127197266 -1
vertex 30.4406795501709 33.60994338989258 -1
vertex 30.619972229003906 32.283390045166016 0
endloop
endfacet
facet normal 0.39508081557889135 0.5864388047845023 0.7071072601836601
outer loop
vertex 30.619972229003906 32.283390045166016 0
vertex 30.4406795501709 33.60994338989258 -1
vertex 29.96086883544922 32.72742462158203 0
endloop
endfacet
facet normal 0.2773833338082169 0.6504289350852748 0.7071072666358864
outer loop
vertex 30.4406795501709 33.60994338989258 -1
vertex 29.534597396850586 33.99635314941406 -1
vertex 29.229848861694336 33.03917694091797 0
endloop
endfacet
facet normal 0.2773833072448962 0.6504289636533646 0.7071072507779097
outer loop
vertex 29.96086883544922 32.72742462158203 0
vertex 30.4406795501709 33.60994338989258 -1
vertex 29.229848861694336 33.03917694091797 0
endloop
endfacet
facet normal 0.1497295443662046 0.6910721605524576 0.7071070162664539
outer loop
vertex 29.440412521362305 34.01675796508789 -1
vertex 28.571895599365234 34.204933166503906 -1
vertex 28.453147888183594 33.20745849609375 0
endloop
endfacet
facet normal 0.1497197329655946 0.6910787449842084 0.7071026585947493
outer loop
vertex 29.534597396850586 33.99635314941406 -1
vertex 29.440412521362305 34.01675796508789 -1
vertex 28.453147888183594 33.20745849609375 0
endloop
endfacet
facet normal 0.14972900453473395 0.6910719565400064 0.7071073299613043
outer loop
vertex 29.229848861694336 33.03917694091797 0
vertex 29.534597396850586 33.99635314941406 -1
vertex 28.453147888183594 33.20745849609375 0
endloop
endfacet
facet normal 0.016704603411385476 0.7069089178903879 0.7071073030537227
outer loop
vertex 28.104843139648438 34.215965270996094 -1
vertex 27.587133407592773 34.22819900512695 -1
vertex 27.661623001098633 33.226158142089844 0
endloop
endfacet
facet normal 0.01669769194774588 0.706909375388059 0.7071070089258644
outer loop
vertex 28.571895599365234 34.204933166503906 -1
vertex 28.104843139648438 34.215965270996094 -1
vertex 28.453147888183594 33.20745849609375 0
endloop
endfacet
facet normal 0.01670062959266699 0.706909850343951 0.7071064647264239
outer loop
vertex 28.453147888183594 33.20745849609375 0
vertex 28.104843139648438 34.215965270996094 -1
vertex 27.661623001098633 33.226158142089844 0
endloop
endfacet
facet normal -0.12103874385633516 0.6966696093193215 0.707107543402377
outer loop
vertex 27.587133407592773 34.22819900512695 -1
vertex 20.343759536743164 32.96974182128906 -1
vertex 27.661623001098633 33.226158142089844 0
endloop
endfacet
facet normal -0.12103872413417704 0.6966702815625705 0.707106884457717
outer loop
vertex 20.343759536743164 32.96974182128906 -1
vertex 12.354251861572266 31.581653594970703 -1
vertex 12.525426864624023 30.596412658691406 0
endloop
endfacet
facet normal -0.12103868672407646 0.6966701963831635 0.7071069747835579
outer loop
vertex 20.343759536743164 32.96974182128906 -1
vertex 12.525426864624023 30.596412658691406 0
vertex 27.661623001098633 33.226158142089844 0
endloop
endfacet
facet normal -0.0600299754714047 0.7059029813453215 0.7057601454975262
outer loop
vertex 12.354251861572266 31.581653594970703 -1
vertex 12.353083610534668 30.581756591796875 0
vertex 12.525426864624023 30.596412658691406 0
endloop
endfacet
facet normal 0.0008274843396604142 0.7071060553483155 0.7071070228469045
outer loop
vertex 12.354251861572266 31.581653594970703 -1
vertex 11.9304838180542 31.582149505615234 -1
vertex 11.929314613342285 30.582149505615234 0
endloop
endfacet
facet normal 0.000655654673420514 0.7071426620220851 0.7070705945414986
outer loop
vertex 12.353083610534668 30.581756591796875 0
vertex 12.354251861572266 31.581653594970703 -1
vertex 11.929314613342285 30.582149505615234 0
endloop
endfacet
facet normal 0.062163435142217206 0.7057028831468237 0.7057755649281008
outer loop
vertex 11.9304838180542 31.582149505615234 -1
vertex 11.760486602783203 30.597021102905273 0
vertex 11.929314613342285 30.582149505615234 0
endloop
endfacet
facet normal 0.12026140572754801 0.6969167719779241 0.706996610478653
outer loop
vertex 11.9304838180542 31.582149505615234 -1
vertex 11.512886047363281 31.654211044311523 -1
vertex 11.760486602783203 30.597021102905273 0
endloop
endfacet
facet normal 0.1202616821806611 0.6969167824651576 0.7069965531157065
outer loop
vertex 11.760486602783203 30.597021102905273 0
vertex 11.512886047363281 31.654211044311523 -1
vertex 11.342889785766602 30.669082641601562 0
endloop
endfacet
facet normal 0.1808213263866517 0.6850996831091221 0.7056501060210737
outer loop
vertex 11.342889785766602 30.669082641601562 0
vertex 11.512886047363281 31.654211044311523 -1
vertex 11.1790771484375 30.712318420410156 0
endloop
endfacet
facet normal 0.23620831667057957 0.6664871901068711 0.7071071040225085
outer loop
vertex 11.280908584594727 31.73642349243164 -1
vertex 11.113459587097168 31.79576873779297 -1
vertex 10.779415130615234 30.85321044921875 0
endloop
endfacet
facet normal 0.23628612358330495 0.6667245251739391 0.7068573231802587
outer loop
vertex 11.512886047363281 31.654211044311523 -1
vertex 11.280908584594727 31.73642349243164 -1
vertex 11.1790771484375 30.712318420410156 0
endloop
endfacet
facet normal 0.23512925035802879 0.6669804632793719 0.7070016246301742
outer loop
vertex 10.779415130615234 30.85321044921875 0
vertex 11.1790771484375 30.712318420410156 0
vertex 11.280908584594727 31.73642349243164 -1
endloop
endfacet
facet normal 0.2965208880084957 0.6435494837037845 0.7056340588429995
outer loop
vertex 10.625542640686035 30.924108505249023 0
vertex 10.779415130615234 30.85321044921875 0
vertex 11.113459587097168 31.79576873779297 -1
endloop
endfacet
facet normal 0.34538096504785987 0.6170186012285926 0.7071068057376623
outer loop
vertex 11.035354614257812 31.839487075805664 -1
vertex 10.743680000305176 32.00275421142578 -1
vertex 10.25523853302002 31.130157470703125 0
endloop
endfacet
facet normal 0.34555717997729296 0.6173549906845319 0.7067269988072074
outer loop
vertex 11.113459587097168 31.79576873779297 -1
vertex 11.035354614257812 31.839487075805664 -1
vertex 10.625542640686035 30.924108505249023 0
endloop
endfacet
facet normal 0.34396134417358104 0.6181554871925508 0.7068057635362375
outer loop
vertex 11.035354614257812 31.839487075805664 -1
vertex 10.25523853302002 31.130157470703125 0
vertex 10.625542640686035 30.924108505249023 0
endloop
endfacet
facet normal 0.40179091122834537 0.5837027871960752 0.7055884918802384
outer loop
vertex 10.126890182495117 31.218505859375 0
vertex 10.25523853302002 31.130157470703125 0
vertex 10.743680000305176 32.00275421142578 -1
endloop
endfacet
facet normal 0.4371264101476575 0.5558059606308812 0.7071069478364679
outer loop
vertex 10.743680000305176 32.00275421142578 -1
vertex 9.65163516998291 32.86161804199219 -1
vertex 9.109786033630371 32.01554870605469 0
endloop
endfacet
facet normal 0.4366459655915716 0.55720269623939 0.7063040818487163
outer loop
vertex 10.743680000305176 32.00275421142578 -1
vertex 9.109786033630371 32.01554870605469 0
vertex 10.126890182495117 31.218505859375 0
endloop
endfacet
facet normal 0.3220046429423981 0.6295329057086334 0.7071077220293832
outer loop
vertex 9.65163516998291 32.86161804199219 -1
vertex 8.77466106414795 33.31018829345703 -1
vertex 8.403996467590332 32.376556396484375 0
endloop
endfacet
facet normal 0.32200351797573157 0.629534298687528 0.707106994158066
outer loop
vertex 9.109786033630371 32.01554870605469 0
vertex 9.65163516998291 32.86161804199219 -1
vertex 8.403996467590332 32.376556396484375 0
endloop
endfacet
facet normal 0.19748874813931327 0.6789687203947665 0.7071065486076764
outer loop
vertex 8.77466106414795 33.31018829345703 -1
vertex 7.828822135925293 33.58530044555664 -1
vertex 7.640900611877441 32.59851837158203 0
endloop
endfacet
facet normal 0.19749126519316185 0.6789665930035625 0.7071078883434543
outer loop
vertex 8.403996467590332 32.376556396484375 0
vertex 8.77466106414795 33.31018829345703 -1
vertex 7.640900611877441 32.59851837158203 0
endloop
endfacet
facet normal 0.06588525457880959 0.7040309082716721 0.7071065078382817
outer loop
vertex 7.828822135925293 33.58530044555664 -1
vertex 6.84807014465332 33.67708206176758 -1
vertex 6.852790832519531 32.672271728515625 0
endloop
endfacet
facet normal 0.06588504891947723 0.704031023478245 0.7071064122952448
outer loop
vertex 7.640900611877441 32.59851837158203 0
vertex 7.828822135925293 33.58530044555664 -1
vertex 6.852790832519531 32.672271728515625 0
endloop
endfacet
facet normal -0.07249839471178803 0.7033811113010459 0.7071060705644661
outer loop
vertex 1.4578537940979004 33.12150955200195 -1
vertex -7.195853233337402 32.22956085205078 -1
vertex -7.093325138092041 31.234832763671875 0
endloop
endfacet
facet normal -0.07249764409167117 0.7033789103865631 0.7071083368371275
outer loop
vertex 1.4578537940979004 33.12150955200195 -1
vertex -7.093325138092041 31.234832763671875 0
vertex 6.84807014465332 33.67708206176758 -1
endloop
endfacet
facet normal -0.0724980977072086 0.7033807368533128 0.7071064734907514
outer loop
vertex 6.84807014465332 33.67708206176758 -1
vertex -7.093325138092041 31.234832763671875 0
vertex 6.852790832519531 32.672271728515625 0
endloop
endfacet
facet normal -0.034201797913860126 0.7068028564748453 0.7065832994760483
outer loop
vertex -7.195853233337402 32.22956085205078 -1
vertex -7.198133945465088 31.229761123657227 0
vertex -7.093325138092041 31.234832763671875 0
endloop
endfacet
facet normal 0.0016138221146559549 0.7071748302076671 0.7070368838320525
outer loop
vertex -7.195853233337402 32.22956085205078 -1
vertex -7.732208728790283 31.230979919433594 0
vertex -7.198133945465088 31.229761123657227 0
endloop
endfacet
facet normal 0.0016163461032312363 0.7071741500307426 0.7070375583754878
outer loop
vertex -7.195853233337402 32.22956085205078 -1
vertex -7.729928016662598 32.23078155517578 -1
vertex -7.732208728790283 31.230979919433594 0
endloop
endfacet
facet normal 0.07438792733985045 0.7051327646594433 0.7051625489699598
outer loop
vertex -7.732208728790283 31.230979919433594 0
vertex -7.729928016662598 32.23078155517578 -1
vertex -7.922573089599609 31.251062393188477 0
endloop
endfacet
facet normal 0.13403905179168443 0.6948362893782104 0.7065663900568055
outer loop
vertex -7.729928016662598 32.23078155517578 -1
vertex -8.33867359161377 31.331331253051758 0
vertex -7.922573089599609 31.251062393188477 0
endloop
endfacet
facet normal 0.1364265940023324 0.6938211766666698 0.7071067523774616
outer loop
vertex -8.145734786987305 32.31254196166992 -1
vertex -8.33867359161377 31.331331253051758 0
vertex -7.729928016662598 32.23078155517578 -1
endloop
endfacet
facet normal 0.18998611912954413 0.6822070129252475 0.7060445212971386
outer loop
vertex -8.33867359161377 31.331331253051758 0
vertex -8.145734786987305 32.31254196166992 -1
vertex -8.487754821777344 31.372848510742188 0
endloop
endfacet
facet normal 0.25329263714999506 0.6602400428440413 0.7070544008708943
outer loop
vertex -8.145734786987305 32.31254196166992 -1
vertex -8.897228240966797 31.529937744140625 0
vertex -8.487754821777344 31.372848510742188 0
endloop
endfacet
facet normal 0.25180007885763017 0.6612036963861033 0.7066869124107542
outer loop
vertex -8.145734786987305 32.31254196166992 -1
vertex -8.54175853729248 32.463356018066406 -1
vertex -8.897228240966797 31.529937744140625 0
endloop
endfacet
facet normal 0.29940080234685096 0.6420797390115415 0.7057568762009568
outer loop
vertex -8.897228240966797 31.529937744140625 0
vertex -8.54175853729248 32.463356018066406 -1
vertex -9.04175853729248 31.597332000732422 0
endloop
endfacet
facet normal 0.3607450759260739 0.608192553403319 0.7070818963739931
outer loop
vertex -9.04175853729248 31.597332000732422 0
vertex -8.54175853729248 32.463356018066406 -1
vertex -9.414820671081543 31.81861114501953 0
endloop
endfacet
facet normal 0.35979675824146023 0.6090634072624301 0.7068154346735894
outer loop
vertex -8.54175853729248 32.463356018066406 -1
vertex -8.906620979309082 32.67889404296875 -1
vertex -9.414820671081543 31.81861114501953 0
endloop
endfacet
facet normal 0.4063501314629314 0.5803327629402748 0.7057573626382974
outer loop
vertex -9.414820671081543 31.81861114501953 0
vertex -8.906620979309082 32.67889404296875 -1
vertex -9.549407958984375 31.91284942626953 0
endloop
endfacet
facet normal 0.4578461951882119 0.5388751738631654 0.7070999989715887
outer loop
vertex -8.906620979309082 32.67889404296875 -1
vertex -9.8762845993042 32.190574645996094 0
vertex -9.549407958984375 31.91284942626953 0
endloop
endfacet
facet normal 0.45740690104633647 0.5394430108357038 0.7069513172317439
outer loop
vertex -8.906620979309082 32.67889404296875 -1
vertex -9.229837417602539 32.95295715332031 -1
vertex -9.8762845993042 32.190574645996094 0
endloop
endfacet
facet normal 0.5009503631719969 0.5009547517759424 0.7057570901598852
outer loop
vertex -9.985145568847656 32.299434661865234 0
vertex -9.8762845993042 32.190574645996094 0
vertex -9.229837417602539 32.95295715332031 -1
endloop
endfacet
facet normal 0.5336789803310296 0.46453650712958766 0.706677139503377
outer loop
vertex -9.985145568847656 32.299434661865234 0
vertex -9.229837417602539 32.95295715332031 -1
vertex -10.252765655517578 32.60688781738281 0
endloop
endfacet
facet normal 0.5347315537225642 0.46266791221657155 0.7071071831473721
outer loop
vertex -9.229837417602539 32.95295715332031 -1
vertex -9.526066780090332 33.295326232910156 -1
vertex -10.252765655517578 32.60688781738281 0
endloop
endfacet
facet normal 0.49089003132848813 0.5089461695185865 0.7071073282569444
outer loop
vertex -10.252765655517578 32.60688781738281 0
vertex -9.526066780090332 33.295326232910156 -1
vertex -10.86078929901123 33.19334030151367 0
endloop
endfacet
facet normal 0.4908883227683312 0.5089503880565737 0.7071054780347539
outer loop
vertex -9.526066780090332 33.295326232910156 -1
vertex -9.780495643615723 33.54072570800781 -1
vertex -10.86078929901123 33.19334030151367 0
endloop
endfacet
facet normal 0.49089017350591985 0.5089473105426252 0.7071064082913947
outer loop
vertex -9.780495643615723 33.54072570800781 -1
vertex -10.235057830810547 33.97916030883789 -1
vertex -10.86078929901123 33.19334030151367 0
endloop
endfacet
facet normal 0.38608767926320214 0.5923992417125354 0.7071063868609644
outer loop
vertex -10.235057830810547 33.97916030883789 -1
vertex -11.526589393615723 33.62726593017578 0
vertex -10.86078929901123 33.19334030151367 0
endloop
endfacet
facet normal 0.3860884568052944 0.592398040737894 0.7071069684648927
outer loop
vertex -10.235057830810547 33.97916030883789 -1
vertex -11.06029987335205 34.51700210571289 -1
vertex -11.526589393615723 33.62726593017578 0
endloop
endfacet
facet normal 0.2674268311320704 0.6545863112203931 0.7071065345148055
outer loop
vertex -11.06029987335205 34.51700210571289 -1
vertex -11.972172737121582 34.88954162597656 -1
vertex -12.262282371520996 33.92782974243164 0
endloop
endfacet
facet normal 0.26742770358258877 0.6545854011711886 0.7071070470092186
outer loop
vertex -11.526589393615723 33.62726593017578 0
vertex -11.06029987335205 34.51700210571289 -1
vertex -12.262282371520996 33.92782974243164 0
endloop
endfacet
facet normal 0.13916709991925771 0.6932778546990102 0.7071056034879101
outer loop
vertex -11.972172737121582 34.88954162597656 -1
vertex -12.937943458557129 35.08340835571289 -1
vertex -13.038159370422363 34.083580017089844 0
endloop
endfacet
facet normal 0.1391689785847577 0.6932765266800986 0.7071065357879629
outer loop
vertex -13.038159370422363 34.083580017089844 0
vertex -12.262282371520996 33.92782974243164 0
vertex -11.972172737121582 34.88954162597656 -1
endloop
endfacet
facet normal 0.0011966999462405706 0.707107002158099 0.7071055475727969
outer loop
vertex -12.937943458557129 35.08340835571289 -1
vertex -20.099000930786133 35.09552764892578 -1
vertex -13.038159370422363 34.083580017089844 0
endloop
endfacet
facet normal 0.0011964814466655272 0.7071062355276175 0.707106314573777
outer loop
vertex -20.099000930786133 35.09552764892578 -1
vertex -29.779634475708008 34.111907958984375 0
vertex -13.038159370422363 34.083580017089844 0
endloop
endfacet
facet normal 0.0011966810046263145 0.7071052614565061 0.7071072883057418
outer loop
vertex -20.099000930786133 35.09552764892578 -1
vertex -29.77794075012207 35.111907958984375 -1
vertex -29.779634475708008 34.111907958984375 0
endloop
endfacet
facet normal 0.06402469502749557 0.7056017982462357 0.7057102385103357
outer loop
vertex -29.779634475708008 34.111907958984375 0
vertex -29.77794075012207 35.111907958984375 -1
vertex -29.825164794921875 34.11603927612305 0
endloop
endfacet
facet normal 0.033547760493205576 0.7073775149490504 0.7060393750424946
outer loop
vertex -29.77794075012207 35.111907958984375 -1
vertex -30.061725616455078 34.12725830078125 0
vertex -29.825164794921875 34.11603927612305 0
endloop
endfacet
facet normal 0.033547492128196015 0.7073775597048226 0.706039342953322
outer loop
vertex -29.77794075012207 35.111907958984375 -1
vertex -30.014503479003906 35.12312698364258 -1
vertex -30.061725616455078 34.12725830078125 0
endloop
endfacet
facet normal 0.06649789151696849 0.7054287262603361 0.7056545490468528
outer loop
vertex -30.014503479003906 35.12312698364258 -1
vertex -30.193082809448242 34.13964080810547 0
vertex -30.061725616455078 34.12725830078125 0
endloop
endfacet
facet normal 0.12635204716270776 0.695881703262859 0.7069538989508264
outer loop
vertex -30.014503479003906 35.12312698364258 -1
vertex -30.610034942626953 34.21534729003906 0
vertex -30.193082809448242 34.13964080810547 0
endloop
endfacet
facet normal 0.12635258518800097 0.6958814831015667 0.7069540195038663
outer loop
vertex -30.014503479003906 35.12312698364258 -1
vertex -30.431453704833984 35.19883346557617 -1
vertex -30.610034942626953 34.21534729003906 0
endloop
endfacet
facet normal 0.18355228868277235 0.6842704933922448 0.7057495654919315
outer loop
vertex -30.431453704833984 35.19883346557617 -1
vertex -30.773717880249023 34.259254455566406 0
vertex -30.610034942626953 34.21534729003906 0
endloop
endfacet
facet normal 0.2420293009125504 0.6644045810509598 0.7070985576129263
outer loop
vertex -31.171890258789062 34.404300689697266 0
vertex -30.773717880249023 34.259254455566406 0
vertex -30.431453704833984 35.19883346557617 -1
endloop
endfacet
facet normal 0.24202835636152023 0.664405170782398 0.707098326793773
outer loop
vertex -30.431453704833984 35.19883346557617 -1
vertex -30.829627990722656 35.34387969970703 -1
vertex -31.171890258789062 34.404300689697266 0
endloop
endfacet
facet normal 0.29939336443797626 0.6420820825498131 0.7057578994237359
outer loop
vertex -30.829627990722656 35.34387969970703 -1
vertex -31.329219818115234 34.4776611328125 0
vertex -31.171890258789062 34.404300689697266 0
endloop
endfacet
facet normal 0.35328544964169106 0.6125433814363309 0.707092636738648
outer loop
vertex -31.329219818115234 34.4776611328125 0
vertex -46.47373580932617 44.366641998291016 -1
vertex -46.97332763671875 43.50042724609375 -4.737078344331774e-16
endloop
endfacet
facet normal 0.3532847538486892 0.6125424340110419 0.7070938051163365
outer loop
vertex -30.829627990722656 35.34387969970703 -1
vertex -46.47373580932617 44.366641998291016 -1
vertex -31.329219818115234 34.4776611328125 0
endloop
endfacet
facet normal 0.4055234538885232 0.580891617431103 0.7057730918252691
outer loop
vertex -46.97332763671875 43.50042724609375 -4.737078344331774e-16
vertex -46.47373580932617 44.366641998291016 -1
vertex -47.01822280883789 43.531768798828125 0
endloop
endfacet
facet normal 0.3869054330635279 0.5932450422519427 0.7059493648339197
outer loop
vertex -47.01822280883789 43.531768798828125 0
vertex -46.47373580932617 44.366641998291016 -1
vertex -47.245548248291016 43.68002700805664 0
endloop
endfacet
facet normal 0.3869054330635279 0.5932450422519427 0.7059493648339197
outer loop
vertex -46.47373580932617 44.366641998291016 -1
vertex -46.7010612487793 44.51490020751953 -1
vertex -47.245548248291016 43.68002700805664 0
endloop
endfacet
facet normal 0.4202384481974498 0.5708234048679891 0.7053795340889293
outer loop
vertex -46.7010612487793 44.51490020751953 -1
vertex -47.357269287109375 43.76227569580078 0
vertex -47.245548248291016 43.68002700805664 0
endloop
endfacet
facet normal 0.4631800794987999 0.534981463772949 0.7065826543121749
outer loop
vertex -46.7010612487793 44.51490020751953 -1
vertex -47.677650451660156 44.03965759277344 0
vertex -47.357269287109375 43.76227569580078 0
endloop
endfacet
facet normal 0.46469609676880796 0.5329699182049046 0.7071072082340074
outer loop
vertex -47.020469665527344 44.793392181396484 -1
vertex -47.677650451660156 44.03965759277344 0
vertex -46.7010612487793 44.51490020751953 -1
endloop
endfacet
facet normal 0.5060452185535242 0.49545492766313615 0.7060047106311913
outer loop
vertex -47.677650451660156 44.03965759277344 0
vertex -47.020469665527344 44.793392181396484 -1
vertex -47.77509307861328 44.139183044433594 0
endloop
endfacet
facet normal 0.5346226217815918 0.463484569337113 0.7066545876634268
outer loop
vertex -47.020469665527344 44.793392181396484 -1
vertex -48.36859130859375 46.34843063354492 -1
vertex -49.12321472167969 45.69422149658203 0
endloop
endfacet
facet normal 0.5346226217815918 0.463484569337113 0.7066545876634268
outer loop
vertex -47.020469665527344 44.793392181396484 -1
vertex -49.12321472167969 45.69422149658203 0
vertex -47.77509307861328 44.139183044433594 0
endloop
endfacet
facet normal 0.5416679082082503 0.4545281073694007 0.707106835512491
outer loop
vertex -61.3077278137207 60.21249771118164 0
vertex -48.36859130859375 46.34843063354492 -1
vertex -60.564208984375 60.88212966918945 -1
endloop
endfacet
facet normal 0.5420150896550012 0.4548880224047508 0.7066091774517056
outer loop
vertex -49.12321472167969 45.69422149658203 0
vertex -48.36859130859375 46.34843063354492 -1
vertex -61.3077278137207 60.21249771118164 0
endloop
endfacet
facet normal 0.508534905191289 0.4913168805816206 0.7071067621354165
outer loop
vertex -61.3077278137207 60.21249771118164 0
vertex -60.564208984375 60.88212966918945 -1
vertex -61.7349739074707 60.65471649169922 0
endloop
endfacet
facet normal 0.5085362401478829 0.49131414485441594 0.7071077029153541
outer loop
vertex -60.564208984375 60.88212966918945 -1
vertex -61.07297134399414 61.40872573852539 -1
vertex -61.7349739074707 60.65471649169922 0
endloop
endfacet
facet normal 0.42137644191203566 0.5678384734743841 0.707107744437744
outer loop
vertex -61.7349739074707 60.65471649169922 0
vertex -61.07297134399414 61.40872573852539 -1
vertex -62.38350296020508 61.13597106933594 0
endloop
endfacet
facet normal 0.42137461450456754 0.5678417118544539 0.707106232845766
outer loop
vertex -61.07297134399414 61.40872573852539 -1
vertex -61.86400604248047 61.995723724365234 -1
vertex -62.38350296020508 61.13597106933594 0
endloop
endfacet
facet normal 0.3067117287910956 0.6371247578881528 0.7071067517058087
outer loop
vertex -62.38350296020508 61.13597106933594 0
vertex -62.14231491088867 62.129703521728516 -1
vertex -63.099571228027344 61.48068618774414 0
endloop
endfacet
facet normal 0.3067155682270396 0.6371233902152533 0.70710631863093
outer loop
vertex -61.86400604248047 61.995723724365234 -1
vertex -62.14231491088867 62.129703521728516 -1
vertex -62.38350296020508 61.13597106933594 0
endloop
endfacet
facet normal 0.3067134038998482 0.6371232546438396 0.7071073795826275
outer loop
vertex -62.14231491088867 62.129703521728516 -1
vertex -62.75155258178711 62.42299270629883 -1
vertex -63.099571228027344 61.48068618774414 0
endloop
endfacet
facet normal 0.18104052284602185 0.683537519908356 0.707107338361845
outer loop
vertex -62.75155258178711 62.42299270629883 -1
vertex -63.867801666259766 61.68415832519531 0
vertex -63.099571228027344 61.48068618774414 0
endloop
endfacet
facet normal 0.18103920983071062 0.6835385763839066 0.7071066532701655
outer loop
vertex -62.75155258178711 62.42299270629883 -1
vertex -63.703758239746094 62.67518997192383 -1
vertex -63.867801666259766 61.68415832519531 0
endloop
endfacet
facet normal 0.0488723344212675 0.7054159233124029 0.7071066893089938
outer loop
vertex -63.867801666259766 61.68415832519531 0
vertex -63.703758239746094 62.67518997192383 -1
vertex -64.6606216430664 61.73908615112305 0
endloop
endfacet
facet normal 0.0488728824701419 0.7054156325312908 0.7071069415155948
outer loop
vertex -63.703758239746094 62.67518997192383 -1
vertex -64.17782592773438 62.70803451538086 -1
vertex -64.6606216430664 61.73908615112305 0
endloop
endfacet
facet normal 0.04887069576532898 0.7054162462261896 0.7071064804225488
outer loop
vertex -64.17782592773438 62.70803451538086 -1
vertex -64.68643951416016 62.74327087402344 -1
vertex -64.6606216430664 61.73908615112305 0
endloop
endfacet
facet normal -0.08505003429031487 0.7019733455153212 0.7071067202715894
outer loop
vertex -64.6606216430664 61.73908615112305 0
vertex -64.68643951416016 62.74327087402344 -1
vertex -65.44957733154297 61.643497467041016 0
endloop
endfacet
facet normal -0.08505146882137103 0.7019737862288927 0.7071061102117562
outer loop
vertex -64.68643951416016 62.74327087402344 -1
vertex -65.66432189941406 62.62479019165039 -1
vertex -65.44957733154297 61.643497467041016 0
endloop
endfacet
facet normal -0.21592613478966197 0.6733330182116909 0.7071057565178857
outer loop
vertex -65.44957733154297 61.643497467041016 0
vertex -65.66432189941406 62.62479019165039 -1
vertex -66.20633697509766 61.40081787109375 0
endloop
endfacet
facet normal -0.2159233384358758 0.6733327141231009 0.7071068999877775
outer loop
vertex -65.66432189941406 62.62479019165039 -1
vertex -66.60231018066406 62.323997497558594 -1
vertex -66.20633697509766 61.40081787109375 0
endloop
endfacet
facet normal -0.33904399254890244 0.6205232889218383 0.7071067946372206
outer loop
vertex -66.20633697509766 61.40081787109375 0
vertex -66.60231018066406 62.323997497558594 -1
vertex -66.90070343017578 61.021427154541016 0
endloop
endfacet
facet normal -0.3390622129214885 0.6205217753583511 0.7070993862781266
outer loop
vertex -66.60231018066406 62.323997497558594 -1
vertex -66.75148010253906 62.242488861083984 -1
vertex -66.90070343017578 61.021427154541016 0
endloop
endfacet
facet normal -0.3390416301041776 0.6205250145884983 0.7071064130145095
outer loop
vertex -66.75148010253906 62.242488861083984 -1
vertex -67.46673583984375 61.851688385009766 -1
vertex -66.90070343017578 61.021427154541016 0
endloop
endfacet
facet normal -0.45373066306917925 0.5423360444162586 0.7071068521218903
outer loop
vertex -67.46673583984375 61.851688385009766 -1
vertex -79.71156311035156 51.60738754272461 -1
vertex -66.90070343017578 61.021427154541016 0
endloop
endfacet
facet normal -0.45373108321459926 0.542336698051131 0.7071060812013306
outer loop
vertex -79.71156311035156 51.60738754272461 -1
vertex -81.77484130859375 48.577388763427734 0
vertex -66.90070343017578 61.021427154541016 0
endloop
endfacet
facet normal -0.4537296612092837 0.5423361656456677 0.7071074020059919
outer loop
vertex -79.71156311035156 51.60738754272461 -1
vertex -82.4439468383789 49.32141876220703 -1
vertex -81.77484130859375 48.577388763427734 0
endloop
endfacet
facet normal -0.49131479528925087 0.5085359575145149 0.7071074542420529
outer loop
vertex -81.77484130859375 48.577388763427734 0
vertex -82.4439468383789 49.32141876220703 -1
vertex -82.2165298461914 48.150657653808594 0
endloop
endfacet
facet normal -0.49131416767837144 0.5085362637718893 0.7071076700668976
outer loop
vertex -82.4439468383789 49.32141876220703 -1
vertex -82.97054290771484 48.81265640258789 -1
vertex -82.2165298461914 48.150657653808594 0
endloop
endfacet
facet normal -0.5678389474055774 0.4213767936026119 0.7071071542719022
outer loop
vertex -82.2165298461914 48.150657653808594 0
vertex -83.55754089355469 48.02162551879883 -1
vertex -82.69778442382812 47.50212860107422 0
endloop
endfacet
facet normal -0.5678393595369098 0.4213749009800187 0.7071079511537057
outer loop
vertex -82.97054290771484 48.81265640258789 -1
vertex -83.55754089355469 48.02162551879883 -1
vertex -82.2165298461914 48.150657653808594 0
endloop
endfacet
facet normal -0.6371227692606312 0.3067141655985797 0.707107486532869
outer loop
vertex -83.55754089355469 48.02162551879883 -1
vertex -83.0425033569336 46.78606033325195 0
vertex -82.69778442382812 47.50212860107422 0
endloop
endfacet
facet normal -0.6371271416461258 0.30671045654882634 0.7071051557027767
outer loop
vertex -83.55754089355469 48.02162551879883 -1
vertex -83.98480224609375 47.13407897949219 -1
vertex -83.0425033569336 46.78606033325195 0
endloop
endfacet
facet normal -0.6835410314423319 0.1810380587380074 0.7071045747434581
outer loop
vertex -83.98480224609375 47.13407897949219 -1
vertex -83.2459716796875 46.01782989501953 0
vertex -83.0425033569336 46.78606033325195 0
endloop
endfacet
facet normal -0.6835362041187989 0.18104405824614014 0.7071077051147385
outer loop
vertex -84.23700714111328 46.1818733215332 -1
vertex -83.2459716796875 46.01782989501953 0
vertex -83.98480224609375 47.13407897949219 -1
endloop
endfacet
facet normal -0.705414213662616 0.04887537494703307 0.7071081847118871
outer loop
vertex -83.2459716796875 46.01782989501953 0
vertex -84.23700714111328 46.1818733215332 -1
vertex -83.3009033203125 45.225006103515625 0
endloop
endfacet
facet normal -0.7054169482791585 0.04887022090813201 0.7071058128660161
outer loop
vertex -84.23700714111328 46.1818733215332 -1
vertex -84.26985168457031 45.70777893066406 -1
vertex -83.3009033203125 45.225006103515625 0
endloop
endfacet
facet normal -0.7054175543491911 0.04886806126451646 0.7071053574993289
outer loop
vertex -84.26985168457031 45.70777893066406 -1
vertex -84.30508422851562 45.19919204711914 -1
vertex -83.3009033203125 45.225006103515625 0
endloop
endfacet
facet normal -0.7019743136449137 -0.08505735111349315 0.7071048790697941
outer loop
vertex -83.3009033203125 45.225006103515625 0
vertex -84.30508422851562 45.19919204711914 -1
vertex -83.20530700683594 44.43605422973633 0
endloop
endfacet
facet normal -0.7019732249696923 -0.0850538074077662 0.7071063861054376
outer loop
vertex -84.30508422851562 45.19919204711914 -1
vertex -84.18659973144531 44.22130584716797 -1
vertex -83.20530700683594 44.43605422973633 0
endloop
endfacet
facet normal -0.6733334665481651 -0.21592288440330715 0.7071063221448294
outer loop
vertex -83.20530700683594 44.43605422973633 0
vertex -84.18659973144531 44.22130584716797 -1
vertex -82.96263122558594 43.67929458618164 0
endloop
endfacet
facet normal -0.6733332363484449 -0.2159207675286101 0.7071071877575458
outer loop
vertex -84.18659973144531 44.22130584716797 -1
vertex -83.88581085205078 43.28331756591797 -1
vertex -82.96263122558594 43.67929458618164 0
endloop
endfacet
facet normal -0.6205248755794708 -0.33904222166173353 0.7071062513637949
outer loop
vertex -82.96263122558594 43.67929458618164 0
vertex -83.80431365966797 43.1341667175293 -1
vertex -82.58334350585938 42.985111236572266 0
endloop
endfacet
facet normal -0.6205170381381077 -0.33905537233132643 0.7071068235235579
outer loop
vertex -83.88581085205078 43.28331756591797 -1
vertex -83.80431365966797 43.1341667175293 -1
vertex -82.96263122558594 43.67929458618164 0
endloop
endfacet
facet normal -0.6205250613663074 -0.33904104172100574 0.70710665408061
outer loop
vertex -83.80431365966797 43.1341667175293 -1
vertex -83.41350555419922 42.41889572143555 -1
vertex -82.58334350585938 42.985111236572266 0
endloop
endfacet
facet normal -0.5421463819704283 -0.4539584169359611 0.7071061138254786
outer loop
vertex -75.1575698852539 32.55913543701172 -1
vertex -70.69140625 27.22535514831543 -1
vertex -69.97664642333984 27.92938804626465 0
endloop
endfacet
facet normal -0.5421457024785828 -0.4539580436851541 0.7071068744239104
outer loop
vertex -83.41350555419922 42.41889572143555 -1
vertex -69.97664642333984 27.92938804626465 0
vertex -82.58334350585938 42.985111236572266 0
endloop
endfacet
facet normal -0.5421470769858213 -0.4539594535348525 0.707104915456022
outer loop
vertex -75.1575698852539 32.55913543701172 -1
vertex -69.97664642333984 27.92938804626465 0
vertex -83.41350555419922 42.41889572143555 -1
endloop
endfacet
facet normal -0.46210602700722625 -0.5352184616190481 0.7071062283318796
outer loop
vertex -69.97664642333984 27.92938804626465 0
vertex -70.69140625 27.22535514831543 -1
vertex -69.28187561035156 27.329524993896484 0
endloop
endfacet
facet normal -0.4620971040737627 -0.5352265004004318 0.7071059748550769
outer loop
vertex -69.28187561035156 27.329524993896484 0
vertex -69.98180389404297 26.612686157226562 -1
vertex -69.85932159423828 26.506938934326172 -1
endloop
endfacet
facet normal -0.46210613237029113 -0.5352182091823657 0.7071063505480576
outer loop
vertex -70.69140625 27.22535514831543 -1
vertex -69.98180389404297 26.612686157226562 -1
vertex -69.28187561035156 27.329524993896484 0
endloop
endfacet
facet normal -0.3463678024996571 -0.6164666204309038 0.7071055446579799
outer loop
vertex -69.28187561035156 27.329524993896484 0
vertex -69.85932159423828 26.506938934326172 -1
vertex -68.59367370605469 26.942852020263672 0
endloop
endfacet
facet normal -0.346370339626489 -0.6164632145999819 0.7071072711209294
outer loop
vertex -69.85932159423828 26.506938934326172 -1
vertex -69.00055694580078 26.02442741394043 -1
vertex -68.59367370605469 26.942852020263672 0
endloop
endfacet
facet normal -0.22388498530319617 -0.6707279836437188 0.7071064172477993
outer loop
vertex -68.06620025634766 25.712547302246094 -1
vertex -67.83876037597656 26.690866470336914 0
vertex -68.59367370605469 26.942852020263672 0
endloop
endfacet
facet normal -0.22388308829170409 -0.6707278000650317 0.7071071920132703
outer loop
vertex -68.59367370605469 26.942852020263672 0
vertex -69.00055694580078 26.02442741394043 -1
vertex -68.06620025634766 25.712547302246094 -1
endloop
endfacet
facet normal -0.09494497161493876 -0.700703307988127 0.707107012084829
outer loop
vertex -67.83876037597656 26.690866470336914 0
vertex -67.45208740234375 25.62933349609375 -1
vertex -66.85670471191406 26.557798385620117 0
endloop
endfacet
facet normal -0.0949454531298317 -0.7007031249421696 0.7071071288187167
outer loop
vertex -67.45208740234375 25.62933349609375 -1
vertex -66.99097442626953 25.566852569580078 -1
vertex -66.85670471191406 26.557798385620117 0
endloop
endfacet
facet normal -0.09494706101986936 -0.7007035649282428 0.7071064769188166
outer loop
vertex -67.83876037597656 26.690866470336914 0
vertex -68.06620025634766 25.712547302246094 -1
vertex -67.45208740234375 25.62933349609375 -1
endloop
endfacet
facet normal -0.15057263986950598 -0.6920344445038198 0.7059859826816802
outer loop
vertex -66.85670471191406 26.557798385620117 0
vertex -66.99097442626953 25.566852569580078 -1
vertex -66.76910400390625 26.538738250732422 0
endloop
endfacet
facet normal -0.1576201787330704 -0.6904445322456049 0.7060044101479133
outer loop
vertex -66.99097442626953 25.566852569580078 -1
vertex -66.35595703125 26.444421768188477 0
vertex -66.76910400390625 26.538738250732422 0
endloop
endfacet
facet normal -0.15762281147692764 -0.6904433144684106 0.7060050133023027
outer loop
vertex -66.35595703125 26.444421768188477 0
vertex -66.99097442626953 25.566852569580078 -1
vertex -66.57783508300781 25.472536087036133 -1
endloop
endfacet
facet normal -0.29938940681611426 -0.6420835132677293 0.705758276661397
outer loop
vertex -66.2358169555664 26.412229537963867 0
vertex -66.57783508300781 25.472536087036133 -1
vertex -66.1949234008789 26.39316177368164 0
endloop
endfacet
facet normal -0.1833653863130777 -0.6843120602611765 0.7057578474826616
outer loop
vertex -66.35595703125 26.444421768188477 0
vertex -66.57783508300781 25.472536087036133 -1
vertex -66.2358169555664 26.412229537963867 0
endloop
endfacet
facet normal -0.27194562591121973 -0.6538398736483862 0.7060729396990211
outer loop
vertex -66.57783508300781 25.472536087036133 -1
vertex -65.80364990234375 26.230422973632812 0
vertex -66.1949234008789 26.39316177368164 0
endloop
endfacet
facet normal -0.27194562591121973 -0.6538398736483862 0.7060729396990211
outer loop
vertex -66.57783508300781 25.472536087036133 -1
vertex -66.18656158447266 25.309797286987305 -1
vertex -65.80364990234375 26.230422973632812 0
endloop
endfacet
facet normal -0.4063062297101316 -0.5803608456057588 0.7057595458699133
outer loop
vertex -65.68656158447266 26.17582130432129 0
vertex -66.18656158447266 25.309797286987305 -1
vertex -65.6535415649414 26.1527042388916 0
endloop
endfacet
facet normal -0.29941653541759733 -0.6420715505018153 0.7057576512902409
outer loop
vertex -66.18656158447266 25.309797286987305 -1
vertex -65.68656158447266 26.17582130432129 0
vertex -65.80364990234375 26.230422973632812 0
endloop
endfacet
facet normal -0.3784334122135476 -0.5984489839104289 0.706149393667506
outer loop
vertex -66.18656158447266 25.309797286987305 -1
vertex -65.29537963867188 25.926218032836914 0
vertex -65.6535415649414 26.1527042388916 0
endloop
endfacet
facet normal -0.37843039687400776 -0.5984519234206802 0.7061485184264492
outer loop
vertex -66.18656158447266 25.309797286987305 -1
vertex -65.8283920288086 25.083309173583984 -1
vertex -65.29537963867188 25.926218032836914 0
endloop
endfacet
facet normal -0.406356876691995 -0.5803283199924985 0.7057571322911382
outer loop
vertex -65.29537963867188 25.926218032836914 0
vertex -65.8283920288086 25.083309173583984 -1
vertex -65.18560791015625 25.849353790283203 0
endloop
endfacet
facet normal -0.5008932203747443 -0.5010074317953662 0.7057602532506555
outer loop
vertex -65.16050720214844 25.82425880432129 0
vertex -65.18560791015625 25.849353790283203 0
vertex -65.8283920288086 25.083309173583984 -1
endloop
endfacet
facet normal -0.4740172462112509 -0.525872193255691 0.7062337337275467
outer loop
vertex -65.16050720214844 25.82425880432129 0
vertex -65.8283920288086 25.083309173583984 -1
vertex -64.84574127197266 25.540531158447266 0
endloop
endfacet
facet normal -0.4740172462112509 -0.525872193255691 0.7062337337275467
outer loop
vertex -65.8283920288086 25.083309173583984 -1
vertex -65.51362609863281 24.79958152770996 -1
vertex -64.84574127197266 25.540531158447266 0
endloop
endfacet
facet normal -0.5170325032353161 -0.4854368723714358 0.7050024351308732
outer loop
vertex -65.51362609863281 24.79958152770996 -1
vertex -64.72998809814453 25.41724395751953 0
vertex -64.84574127197266 25.540531158447266 0
endloop
endfacet
facet normal -0.5559476684569057 -0.43820745331474 0.7063259996607376
outer loop
vertex -65.51362609863281 24.79958152770996 -1
vertex -64.46765899658203 25.084430694580078 0
vertex -64.72998809814453 25.41724395751953 0
endloop
endfacet
facet normal -0.5559485611784096 -0.4382056456220306 0.7063264184982999
outer loop
vertex -65.51362609863281 24.79958152770996 -1
vertex -65.25129699707031 24.466766357421875 -1
vertex -64.46765899658203 25.084430694580078 0
endloop
endfacet
facet normal -0.5803480799683303 -0.40632832339102154 0.7057573235095148
outer loop
vertex -64.46765899658203 25.084430694580078 0
vertex -65.25129699707031 24.466766357421875 -1
vertex -64.3852767944336 24.966766357421875 0
endloop
endfacet
facet normal -0.6226136270656751 -0.335514081282985 0.706953020117291
outer loop
vertex -65.25129699707031 24.466766357421875 -1
vertex -64.17200469970703 24.57099723815918 0
vertex -64.3852767944336 24.966766357421875 0
endloop
endfacet
facet normal -0.6218911189079533 -0.3379523774453101 0.7064273683843771
outer loop
vertex -65.25129699707031 24.466766357421875 -1
vertex -65.04895782470703 24.09442710876465 -1
vertex -64.17200469970703 24.57099723815918 0
endloop
endfacet
facet normal -0.6488924876123654 -0.28570066813438316 0.7052046991815947
outer loop
vertex -65.04895782470703 24.09442710876465 -1
vertex -64.10382080078125 24.416135787963867 0
vertex -64.17200469970703 24.57099723815918 0
endloop
endfacet
facet normal -0.6690584722733148 -0.23058746342252162 0.7065339216142882
outer loop
vertex -64.10382080078125 24.416135787963867 0
vertex -65.04895782470703 24.09442710876465 -1
vertex -63.96574020385742 24.01548957824707 0
endloop
endfacet
facet normal -0.6693885661560339 -0.22785640615552022 0.7071070680409434
outer loop
vertex -65.04895782470703 24.09442710876465 -1
vertex -64.97157287597656 23.867088317871094 -1
vertex -63.96574020385742 24.01548957824707 0
endloop
endfacet
facet normal -0.6693922035358065 -0.22784131576633515 0.707108487203585
outer loop
vertex -64.97157287597656 23.867088317871094 -1
vertex -64.91240692138672 23.693260192871094 -1
vertex -63.96574020385742 24.01548957824707 0
endloop
endfacet
facet normal -0.6859065026181426 -0.1760838809144869 0.706064258087209
outer loop
vertex -64.91240692138672 23.693260192871094 -1
vertex -63.92759704589844 23.86690902709961 0
vertex -63.96574020385742 24.01548957824707 0
endloop
endfacet
facet normal -0.6969632170367795 -0.11936172360656574 0.7071032831456892
outer loop
vertex -64.91240692138672 23.693260192871094 -1
vertex -63.8350715637207 23.326644897460938 0
vertex -63.92759704589844 23.86690902709961 0
endloop
endfacet
facet normal -0.6969622466593276 -0.11935160384165397 0.7071059477843525
outer loop
vertex -64.91240692138672 23.693260192871094 -1
vertex -64.81140899658203 23.10347557067871 -1
vertex -63.8350715637207 23.326644897460938 0
endloop
endfacet
facet normal -0.6795980255063844 -0.19530745995586915 0.7071078558560996
outer loop
vertex -63.8350715637207 23.326644897460938 0
vertex -64.66622924804688 22.598281860351562 -1
vertex -63.604522705078125 22.5244197845459 0
endloop
endfacet
facet normal -0.6796020674464506 -0.19530024867482185 0.7071059629150802
outer loop
vertex -64.81140899658203 23.10347557067871 -1
vertex -64.66622924804688 22.598281860351562 -1
vertex -63.8350715637207 23.326644897460938 0
endloop
endfacet
facet normal -0.6795974564231124 -0.1953131488768946 0.7071068314611503
outer loop
vertex -64.66622924804688 22.598281860351562 -1
vertex -64.53933715820312 22.156757354736328 -1
vertex -63.604522705078125 22.5244197845459 0
endloop
endfacet
facet normal -0.6305655751095195 -0.3199802940460482 0.7071065456556074
outer loop
vertex -64.53933715820312 22.156757354736328 -1
vertex -63.244895935058594 21.815725326538086 0
vertex -63.604522705078125 22.5244197845459 0
endloop
endfacet
facet normal -0.6305656344448894 -0.3199791305201951 0.7071070192613378
outer loop
vertex -64.53933715820312 22.156757354736328 -1
vertex -64.09358978271484 21.27834701538086 -1
vertex -63.244895935058594 21.815725326538086 0
endloop
endfacet
facet normal -0.5588973501610729 -0.43316661730755046 0.7071070878115036
outer loop
vertex -63.244895935058594 21.815725326538086 0
vertex -64.09358978271484 21.27834701538086 -1
vertex -62.758056640625 21.187576293945312 0
endloop
endfacet
facet normal -0.5588973889655057 -0.43316645921513164 0.7071071539862724
outer loop
vertex -64.09358978271484 21.27834701538086 -1
vertex -63.49016571044922 20.499773025512695 -1
vertex -62.758056640625 21.187576293945312 0
endloop
endfacet
facet normal -0.4671666288428274 -0.5308059913962807 0.7071070218810159
outer loop
vertex -62.758056640625 21.187576293945312 0
vertex -63.49016571044922 20.499773025512695 -1
vertex -62.16425704956055 20.664968490600586 0
endloop
endfacet
facet normal -0.4671676701978135 -0.5308047041681638 0.7071073001708406
outer loop
vertex -63.19154357910156 20.236953735351562 -1
vertex -62.75072479248047 19.848983764648438 -1
vertex -62.16425704956055 20.664968490600586 0
endloop
endfacet
facet normal -0.4671663519591296 -0.5308065919758563 0.7071067539715452
outer loop
vertex -63.49016571044922 20.499773025512695 -1
vertex -63.19154357910156 20.236953735351562 -1
vertex -62.16425704956055 20.664968490600586 0
endloop
endfacet
facet normal -0.3541916939942589 -0.6120030487685058 0.7071071433690451
outer loop
vertex -62.75072479248047 19.848983764648438 -1
vertex -45.16859817504883 10.828871726989746 0
vertex -62.16425704956055 20.664968490600586 0
endloop
endfacet
facet normal -0.35419188714517413 -0.6120034770850223 0.7071066759099243
outer loop
vertex -62.75072479248047 19.848983764648438 -1
vertex -45.5994873046875 9.92284870147705 -1
vertex -45.16859817504883 10.828871726989746 0
endloop
endfacet
facet normal -0.2512142122748336 -0.6609771285674986 0.7071072443850362
outer loop
vertex -45.16859817504883 10.828871726989746 0
vertex -44.571895599365234 9.532295227050781 -1
vertex -44.3105583190918 10.502760887145996 0
endloop
endfacet
facet normal -0.25121550451274566 -0.6609772683878141 0.707106654591081
outer loop
vertex -45.16859817504883 10.828871726989746 0
vertex -45.5994873046875 9.92284870147705 -1
vertex -44.571895599365234 9.532295227050781 -1
endloop
endfacet
facet normal -0.11467373412565483 -0.6977460245654958 0.7071070781039638
outer loop
vertex -44.3105583190918 10.502760887145996 0
vertex -44.571895599365234 9.532295227050781 -1
vertex -43.5277099609375 10.374100685119629 0
endloop
endfacet
facet normal -0.1146731507889746 -0.6977464094094273 0.707106792955902
outer loop
vertex -44.571895599365234 9.532295227050781 -1
vertex -43.59989547729492 9.372549057006836 -1
vertex -43.5277099609375 10.374100685119629 0
endloop
endfacet
facet normal 0.013426186331605474 -0.7069791467530662 0.7071069392792687
outer loop
vertex -43.5277099609375 10.374100685119629 0
vertex -43.59989547729492 9.372549057006836 -1
vertex -42.60064697265625 10.391706466674805 0
endloop
endfacet
facet normal 0.013427167279564613 -0.706979623026039 0.7071064444656167
outer loop
vertex -43.59989547729492 9.372549057006836 -1
vertex -42.581661224365234 9.391887664794922 -1
vertex -42.60064697265625 10.391706466674805 0
endloop
endfacet
facet normal -0.04742411308411713 -0.7068252172253907 0.7057967595508383
outer loop
vertex -42.60064697265625 10.391706466674805 0
vertex -42.581661224365234 9.391887664794922 -1
vertex -42.51030349731445 10.385644912719727 0
endloop
endfacet
facet normal -0.050735457232096846 -0.7065913609462076 0.70580065317031
outer loop
vertex -42.51030349731445 10.385644912719727 0
vertex -42.581661224365234 9.391887664794922 -1
vertex -42.087623596191406 10.355295181274414 0
endloop
endfacet
facet normal -0.05073657055554331 -0.7065910402308149 0.705800894214365
outer loop
vertex -42.581661224365234 9.391887664794922 -1
vertex -42.15897750854492 9.361536979675293 -1
vertex -42.087623596191406 10.355295181274414 0
endloop
endfacet
facet normal -0.1833529650252702 -0.6843155271447692 0.7057577130467783
outer loop
vertex -41.98533248901367 10.346344947814941 0
vertex -42.15897750854492 9.361536979675293 -1
vertex -41.92078399658203 10.329050064086914 0
endloop
endfacet
facet normal -0.06175207079792561 -0.7057567516020778 0.7057578120858817
outer loop
vertex -42.087623596191406 10.355295181274414 0
vertex -42.15897750854492 9.361536979675293 -1
vertex -41.98533248901367 10.346344947814941 0
endloop
endfacet
facet normal -0.16934107150414723 -0.6878412923609674 0.705831394898967
outer loop
vertex -41.92078399658203 10.329050064086914 0
vertex -42.15897750854492 9.361536979675293 -1
vertex -41.50930404663086 10.227746963500977 0
endloop
endfacet
facet normal -0.16934107150414723 -0.6878412923609674 0.705831394898967
outer loop
vertex -42.15897750854492 9.361536979675293 -1
vertex -41.74749755859375 9.260233879089355 -1
vertex -41.50930404663086 10.227746963500977 0
endloop
endfacet
facet normal -0.29940244912530906 -0.6420778233625359 0.7057579203974935
outer loop
vertex -41.40547561645508 10.199926376342773 0
vertex -41.74749755859375 9.260233879089355 -1
vertex -41.34926986694336 10.173717498779297 0
endloop
endfacet
facet normal -0.1833602567562053 -0.684313652597065 0.7057576362403468
outer loop
vertex -41.74749755859375 9.260233879089355 -1
vertex -41.40547561645508 10.199926376342773 0
vertex -41.50930404663086 10.227746963500977 0
endloop
endfacet
facet normal -0.2830667990574924 -0.6493226188310526 0.7058706141678721
outer loop
vertex -41.34926986694336 10.173717498779297 0
vertex -41.74749755859375 9.260233879089355 -1
vertex -40.96080780029297 10.00437068939209 0
endloop
endfacet
facet normal -0.2830667990574924 -0.6493226188310526 0.7058706141678721
outer loop
vertex -41.74749755859375 9.260233879089355 -1
vertex -41.35903549194336 9.090887069702148 -1
vertex -40.96080780029297 10.00437068939209 0
endloop
endfacet
facet normal -0.2994127386554919 -0.6420731817852158 0.7057577779684948
outer loop
vertex -40.96080780029297 10.00437068939209 0
vertex -41.35903549194336 9.090887069702148 -1
vertex -40.85903549194336 9.95691204071045 0
endloop
endfacet
facet normal -0.4063506487644629 -0.5803322157720794 0.7057575147214294
outer loop
vertex -41.35903549194336 9.090887069702148 -1
vertex -40.812171936035156 9.924098014831543 0
vertex -40.85903549194336 9.95691204071045 0
endloop
endfacet
facet normal -0.38395013973661607 -0.5952130148577417 0.7059063373707526
outer loop
vertex -40.812171936035156 9.924098014831543 0
vertex -41.35903549194336 9.090887069702148 -1
vertex -40.4560546875 9.694379806518555 0
endloop
endfacet
facet normal -0.3879922527949442 -0.5911535442532708 0.7071064268466949
outer loop
vertex -41.35903549194336 9.090887069702148 -1
vertex -41.004756927490234 8.858363151550293 -1
vertex -40.4560546875 9.694379806518555 0
endloop
endfacet
facet normal -0.42233795426167653 -0.567883403737716 0.7064977651410712
outer loop
vertex -41.004756927490234 8.858363151550293 -1
vertex -40.361968994140625 9.624407768249512 0
vertex -40.4560546875 9.694379806518555 0
endloop
endfacet
facet normal -0.5009655960213014 -0.5009398089416688 0.7057568840758882
outer loop
vertex -41.004756927490234 8.858363151550293 -1
vertex -40.32491683959961 9.587353706359863 0
vertex -40.361968994140625 9.624407768249512 0
endloop
endfacet
facet normal -0.48303302667638087 -0.5179592381189038 0.7059726076747874
outer loop
vertex -40.32491683959961 9.587353706359863 0
vertex -41.004756927490234 8.858363151550293 -1
vertex -40.01499938964844 9.298334121704102 0
endloop
endfacet
facet normal -0.4830362623133477 -0.5179546231486964 0.7059737797179456
outer loop
vertex -41.004756927490234 8.858363151550293 -1
vertex -40.69484329223633 8.569342613220215 -1
vertex -40.01499938964844 9.298334121704102 0
endloop
endfacet
facet normal -0.5009600916113265 -0.5009434651742384 0.7057581960643448
outer loop
vertex -40.69484329223633 8.569342613220215 -1
vertex -39.92879867553711 9.212130546569824 0
vertex -40.01499938964844 9.298334121704102 0
endloop
endfacet
facet normal -0.580329454550494 -0.40635412576269825 0.705757783277492
outer loop
vertex -40.69484329223633 8.569342613220215 -1
vertex -39.9015007019043 9.173145294189453 0
vertex -39.92879867553711 9.212130546569824 0
endloop
endfacet
facet normal -0.5635257164739478 -0.428894846926975 0.7060368100545541
outer loop
vertex -40.69484329223633 8.569342613220215 -1
vertex -39.64485168457031 8.835933685302734 0
vertex -39.9015007019043 9.173145294189453 0
endloop
endfacet
facet normal -0.563526138295848 -0.4288939550093622 0.7060370151867367
outer loop
vertex -40.69484329223633 8.569342613220215 -1
vertex -40.438194274902344 8.23213005065918 -1
vertex -39.64485168457031 8.835933685302734 0
endloop
endfacet
facet normal -0.5984378567896972 -0.3809667405109636 0.7047953420571152
outer loop
vertex -39.64485168457031 8.835933685302734 0
vertex -40.438194274902344 8.23213005065918 -1
vertex -39.5540885925293 8.693359375 0
endloop
endfacet
facet normal -0.6256215239375292 -0.33169095508035873 0.70610113942973
outer loop
vertex -39.5540885925293 8.693359375 0
vertex -40.438194274902344 8.23213005065918 -1
vertex -39.35558319091797 8.318946838378906 0
endloop
endfacet
facet normal -0.626922181131415 -0.3270596678475942 0.7071071718437387
outer loop
vertex -40.438194274902344 8.23213005065918 -1
vertex -40.2421875 7.856415748596191 -1
vertex -39.35558319091797 8.318946838378906 0
endloop
endfacet
facet normal -0.6478003599936529 -0.2853776792634564 0.7063386395846524
outer loop
vertex -40.2421875 7.856415748596191 -1
vertex -39.302494049072266 8.19843578338623 0
vertex -39.35558319091797 8.318946838378906 0
endloop
endfacet
facet normal -0.6843103624233023 -0.1833701915171692 0.7057582452533199
outer loop
vertex -40.2421875 7.856415748596191 -1
vertex -39.292667388916016 8.161764144897461 0
vertex -39.302494049072266 8.19843578338623 0
endloop
endfacet
facet normal -0.6740279097150099 -0.21675610870418763 0.7061891858876294
outer loop
vertex -40.2421875 7.856415748596191 -1
vertex -39.162933349609375 7.758341312408447 0
vertex -39.292667388916016 8.161764144897461 0
endloop
endfacet
facet normal -0.6740278842441911 -0.21675635671457494 0.7061891340746635
outer loop
vertex -40.2421875 7.856415748596191 -1
vertex -40.11245346069336 7.452993392944336 -1
vertex -39.162933349609375 7.758341312408447 0
endloop
endfacet
facet normal -0.68431728599167 -0.18334683525546652 0.7057576000970871
outer loop
vertex -40.11245346069336 7.452993392944336 -1
vertex -39.127647399902344 7.626641273498535 0
vertex -39.162933349609375 7.758341312408447 0
endloop
endfacet
facet normal -0.7057515687249228 -0.06179593549560222 0.7057591555187464
outer loop
vertex -40.11245346069336 7.452993392944336 -1
vertex -39.124755859375 7.593617916107178 0
vertex -39.127647399902344 7.626641273498535 0
endloop
endfacet
facet normal -0.7008676317215471 -0.09978403111943475 0.706277360488488
outer loop
vertex -40.11245346069336 7.452993392944336 -1
vertex -39.065025329589844 7.174079895019531 0
vertex -39.124755859375 7.593617916107178 0
endloop
endfacet
facet normal -0.7008676239949224 -0.0997839166072995 0.7062773843343841
outer loop
vertex -40.11245346069336 7.452993392944336 -1
vertex -40.0527229309082 7.033454895019531 -1
vertex -39.065025329589844 7.174079895019531 0
endloop
endfacet
facet normal -0.7057566959833695 -0.06175113713643171 0.7057579493969554
outer loop
vertex -40.0527229309082 7.033454895019531 -1
vertex -39.05272674560547 7.0335187911987305 0
vertex -39.065025329589844 7.174079895019531 0
endloop
endfacet
facet normal -0.7071073374837676 -0.00004518002552713507 0.7071062234455179
outer loop
vertex -40.05169677734375 -9.011194229125977 -1
vertex -40.04872131347656 -55.579833984375 -1
vertex -39.04872512817383 -55.5447883605957 0
endloop
endfacet
facet normal -0.7071081277195485 -0.00004521656686994884 0.707105433205273
outer loop
vertex -40.0527229309082 7.033454895019531 -1
vertex -39.04872512817383 -55.5447883605957 0
vertex -39.05272674560547 7.0335187911987305 0
endloop
endfacet
facet normal -0.7071083570070046 -0.000045223909565300265 0.7071052039163993
outer loop
vertex -40.05169677734375 -9.011194229125977 -1
vertex -39.04872512817383 -55.5447883605957 0
vertex -40.0527229309082 7.033454895019531 -1
endloop
endfacet
facet normal -0.7053753962436261 -0.04946185780496575 0.7071061271100887
outer loop
vertex -40.04872131347656 -55.579833984375 -1
vertex -39.00571060180664 -56.15821838378906 0
vertex -39.04872512817383 -55.5447883605957 0
endloop
endfacet
facet normal -0.7053748815526231 -0.04945979213961811 0.7071067850304709
outer loop
vertex -40.04872131347656 -55.579833984375 -1
vertex -39.99750518798828 -56.31025695800781 -1
vertex -39.00571060180664 -56.15821838378906 0
endloop
endfacet
facet normal -0.6877990846723686 -0.16411144081181878 0.7071066780327567
outer loop
vertex -39.00571060180664 -56.15821838378906 0
vertex -39.99750518798828 -56.31025695800781 -1
vertex -38.81827926635742 -56.94375228881836 0
endloop
endfacet
facet normal -0.6877989015859499 -0.16411045929683754 0.7071070839176637
outer loop
vertex -39.99750518798828 -56.31025695800781 -1
vertex -39.768890380859375 -57.26839828491211 -1
vertex -38.81827926635742 -56.94375228881836 0
endloop
endfacet
facet normal -0.6445027790208381 -0.29088785261983646 0.7071070817299436
outer loop
vertex -38.81827926635742 -56.94375228881836 0
vertex -39.768890380859375 -57.26839828491211 -1
vertex -38.49134826660156 -57.668113708496094 0
endloop
endfacet
facet normal -0.6445027737880688 -0.29088883476880173 0.7071066824647708
outer loop
vertex -39.768890380859375 -57.26839828491211 -1
vertex -39.36366653442383 -58.16622543334961 -1
vertex -38.49134826660156 -57.668113708496094 0
endloop
endfacet
facet normal -0.5780713696699694 -0.40722679792403005 0.707106658588665
outer loop
vertex -38.49134826660156 -57.668113708496094 0
vertex -39.36366653442383 -58.16622543334961 -1
vertex -38.03366470336914 -58.31781005859375 0
endloop
endfacet
facet normal -0.578070899301607 -0.40722917847911216 0.7071056721423317
outer loop
vertex -39.36366653442383 -58.16622543334961 -1
vertex -38.7963752746582 -58.97150802612305 -1
vertex -38.03366470336914 -58.31781005859375 0
endloop
endfacet
facet normal -0.49088767854125825 -0.508947897430533 0.7071077179308779
outer loop
vertex -38.03366470336914 -58.31781005859375 0
vertex -38.08738708496094 -59.65534591674805 -1
vertex -37.46165466308594 -58.86952209472656 0
endloop
endfacet
facet normal -0.4908921585446592 -0.5089462686910631 0.7071057801098853
outer loop
vertex -38.7963752746582 -58.97150802612305 -1
vertex -38.08738708496094 -59.65534591674805 -1
vertex -38.03366470336914 -58.31781005859375 0
endloop
endfacet
facet normal -0.38608851794816695 -0.5923970177983795 0.7071077920742879
outer loop
vertex -37.46165466308594 -58.86952209472656 0
vertex -38.08738708496094 -59.65534591674805 -1
vertex -36.79585266113281 -59.30345153808594 0
endloop
endfacet
facet normal -0.3860861235567258 -0.5924007161265411 0.7071060010562079
outer loop
vertex -38.08738708496094 -59.65534591674805 -1
vertex -37.262142181396484 -60.19318389892578 -1
vertex -36.79585266113281 -59.30345153808594 0
endloop
endfacet
facet normal -0.2674259062504635 -0.6545876126633536 0.7071056795230891
outer loop
vertex -36.79585266113281 -59.30345153808594 0
vertex -37.262142181396484 -60.19318389892578 -1
vertex -36.06016159057617 -59.60401153564453 0
endloop
endfacet
facet normal -0.2674288476987541 -0.654584544456334 0.7071074073840625
outer loop
vertex -37.262142181396484 -60.19318389892578 -1
vertex -36.35026931762695 -60.56572723388672 -1
vertex -36.06016159057617 -59.60401153564453 0
endloop
endfacet
facet normal -0.13916755140271037 -0.6932756594628177 0.7071076669312597
outer loop
vertex -36.06016159057617 -59.60401153564453 0
vertex -36.35026931762695 -60.56572723388672 -1
vertex -35.283935546875 -59.759830474853516 0
endloop
endfacet
facet normal -0.1391667701474196 -0.6932762119004422 0.7071072790600508
outer loop
vertex -36.35026931762695 -60.56572723388672 -1
vertex -35.384498596191406 -60.75959396362305 -1
vertex -35.283935546875 -59.759830474853516 0
endloop
endfacet
facet normal -0.0017088588974383196 -0.7071034436578492 0.7071080538138989
outer loop
vertex -35.283935546875 -59.759830474853516 0
vertex -35.384498596191406 -60.75959396362305 -1
vertex -23.502222061157227 -59.78830337524414 0
endloop
endfacet
facet normal -0.0016965066000603733 -0.7071779105089168 0.7070336093521993
outer loop
vertex -35.384498596191406 -60.75959396362305 -1
vertex -23.504621505737305 -60.78809356689453 -1
vertex -23.502222061157227 -59.78830337524414 0
endloop
endfacet
facet normal -0.061746646319322945 -0.7057574772259899 0.7057575610703175
outer loop
vertex -23.502222061157227 -59.78830337524414 0
vertex -23.504621505737305 -60.78809356689453 -1
vertex -23.43381118774414 -59.794288635253906 0
endloop
endfacet
facet normal -0.05034277963507012 -0.7066164261194985 0.70580367729045
outer loop
vertex -23.43381118774414 -59.794288635253906 0
vertex -23.504621505737305 -60.78809356689453 -1
vertex -23.07935333251953 -59.819541931152344 0
endloop
endfacet
facet normal -0.050342513520408604 -0.7066164932114211 0.7058036291023454
outer loop
vertex -23.504621505737305 -60.78809356689453 -1
vertex -23.150161743164062 -60.81334686279297 -1
vertex -23.07935333251953 -59.819541931152344 0
endloop
endfacet
facet normal -0.1833478694378488 -0.6843171461053343 0.7057574670656006
outer loop
vertex -22.97651481628418 -59.82854080200195 0
vertex -23.150161743164062 -60.81334686279297 -1
vertex -22.92571449279785 -59.8421516418457 0
endloop
endfacet
facet normal -0.061757147512929544 -0.7057567025126372 0.7057574169568147
outer loop
vertex -23.07935333251953 -59.819541931152344 0
vertex -23.150161743164062 -60.81334686279297 -1
vertex -22.97651481628418 -59.82854080200195 0
endloop
endfacet
facet normal -0.1542521849358574 -0.6912499752705245 0.7059601512344824
outer loop
vertex -22.92571449279785 -59.8421516418457 0
vertex -23.150161743164062 -60.81334686279297 -1
vertex -22.51210594177246 -59.9344482421875 0
endloop
endfacet
facet normal -0.1592196525426793 -0.6889478232791157 0.7071067805099572
outer loop
vertex -22.992496490478516 -60.84978485107422 -1
vertex -22.737276077270508 -60.90876770019531 -1
vertex -22.51210594177246 -59.9344482421875 0
endloop
endfacet
facet normal -0.1592223731529737 -0.6889468074524241 0.7071071576420703
outer loop
vertex -23.150161743164062 -60.81334686279297 -1
vertex -22.992496490478516 -60.84978485107422 -1
vertex -22.51210594177246 -59.9344482421875 0
endloop
endfacet
facet normal -0.2994167394503118 -0.6420718803569445 0.7057572646397923
outer loop
vertex -22.39525604248047 -59.96907424926758 0
vertex -22.737276077270508 -60.90876770019531 -1
vertex -22.35194969177246 -59.9892692565918 0
endloop
endfacet
facet normal -0.2010878510446277 -0.6785967290154802 0.706448975886967
outer loop
vertex -22.737276077270508 -60.90876770019531 -1
vertex -22.39525604248047 -59.96907424926758 0
vertex -22.51210594177246 -59.9344482421875 0
endloop
endfacet
facet normal -0.2737064111627399 -0.653146944499585 0.7060339010127411
outer loop
vertex -22.35194969177246 -59.9892692565918 0
vertex -22.737276077270508 -60.90876770019531 -1
vertex -21.961111068725586 -60.153053283691406 0
endloop
endfacet
facet normal -0.2737064111627399 -0.653146944499585 0.7060339010127411
outer loop
vertex -22.737276077270508 -60.90876770019531 -1
vertex -22.346437454223633 -61.07255172729492 -1
vertex -21.961111068725586 -60.153053283691406 0
endloop
endfacet
facet normal -0.3279072953884197 -0.6290827567199534 0.7047919486122664
outer loop
vertex -21.961111068725586 -60.153053283691406 0
vertex -22.346437454223633 -61.07255172729492 -1
vertex -21.811237335205078 -60.23117446899414 0
endloop
endfacet
facet normal -0.3760640549328099 -0.6000018558396114 0.706097443400353
outer loop
vertex -21.811237335205078 -60.23117446899414 0
vertex -22.346437454223633 -61.07255172729492 -1
vertex -21.452159881591797 -60.456233978271484 0
endloop
endfacet
facet normal -0.37951849278935146 -0.5966280029288636 0.7071073042700202
outer loop
vertex -22.346437454223633 -61.07255172729492 -1
vertex -22.21936798095703 -61.15338134765625 -1
vertex -21.452159881591797 -60.456233978271484 0
endloop
endfacet
facet normal -0.37951990136161595 -0.5966268109814377 0.7071075539750576
outer loop
vertex -22.21936798095703 -61.15338134765625 -1
vertex -21.988876342773438 -61.29999923706055 -1
vertex -21.452159881591797 -60.456233978271484 0
endloop
endfacet
facet normal -0.5009706193199934 -0.5009352050248344 0.7057565861859663
outer loop
vertex -21.346088409423828 -60.53395462036133 0
vertex -21.988876342773438 -61.29999923706055 -1
vertex -21.319108963012695 -60.560935974121094 0
endloop
endfacet
facet normal -0.41838170294140964 -0.5709984113079826 0.7063409693112852
outer loop
vertex -21.452159881591797 -60.456233978271484 0
vertex -21.988876342773438 -61.29999923706055 -1
vertex -21.346088409423828 -60.53395462036133 0
endloop
endfacet
facet normal -0.4754475308362195 -0.5246449448143256 0.7061850517410542
outer loop
vertex -21.988876342773438 -61.29999923706055 -1
vertex -21.005098342895508 -60.84550094604492 0
vertex -21.319108963012695 -60.560935974121094 0
endloop
endfacet
facet normal -0.4754488120513681 -0.5246431718221161 0.7061855063504012
outer loop
vertex -21.988876342773438 -61.29999923706055 -1
vertex -21.674867630004883 -61.584564208984375 -1
vertex -21.005098342895508 -60.84550094604492 0
endloop
endfacet
facet normal -0.5009521406968299 -0.5009521406968299 0.7057576818303342
outer loop
vertex -21.005098342895508 -60.84550094604492 0
vertex -21.674867630004883 -61.584564208984375 -1
vertex -20.908823013305664 -60.941776275634766 0
endloop
endfacet
facet normal -0.5803506442079492 -0.4063265055048114 0.7057562615320296
outer loop
vertex -21.674867630004883 -61.584564208984375 -1
vertex -20.889699935913086 -60.96908950805664 0
vertex -20.908823013305664 -60.941776275634766 0
endloop
endfacet
facet normal -0.5571630534777658 -0.43674677882073987 0.7062730230081282
outer loop
vertex -21.674867630004883 -61.584564208984375 -1
vertex -20.628265380859375 -61.30260467529297 0
vertex -20.889699935913086 -60.96908950805664 0
endloop
endfacet
facet normal -0.5571630534777658 -0.43674677882073987 0.7062730230081282
outer loop
vertex -21.674867630004883 -61.584564208984375 -1
vertex -21.413433074951172 -61.9180793762207 -1
vertex -20.628265380859375 -61.30260467529297 0
endloop
endfacet
facet normal -0.5803265843819038 -0.40635897214664274 0.7057573529305644
outer loop
vertex -21.413433074951172 -61.9180793762207 -1
vertex -20.547407150268555 -61.4180793762207 0
vertex -20.628265380859375 -61.30260467529297 0
endloop
endfacet
facet normal -0.6235933908384357 -0.33375147827772483 0.7069237820656874
outer loop
vertex -21.413433074951172 -61.9180793762207 -1
vertex -20.334003448486328 -61.816810607910156 0
vertex -20.547407150268555 -61.4180793762207 0
endloop
endfacet
facet normal -0.6228387445612034 -0.33632387399027824 0.706369697861959
outer loop
vertex -21.413433074951172 -61.9180793762207 -1
vertex -21.21208381652832 -62.290958404541016 -1
vertex -20.334003448486328 -61.816810607910156 0
endloop
endfacet
facet normal -0.6497287457292175 -0.2839425576991495 0.7051447942801556
outer loop
vertex -20.334003448486328 -61.816810607910156 0
vertex -21.21208381652832 -62.290958404541016 -1
vertex -20.26625633239746 -61.971832275390625 0
endloop
endfacet
facet normal -0.6705968821506072 -0.22626011050017328 0.7064744751555672
outer loop
vertex -21.21208381652832 -62.290958404541016 -1
vertex -20.130779266357422 -62.37336349487305 0
vertex -20.26625633239746 -61.971832275390625 0
endloop
endfacet
facet normal -0.6705968821506072 -0.22626011050017328 0.7064744751555672
outer loop
vertex -21.21208381652832 -62.290958404541016 -1
vertex -21.07660675048828 -62.69248962402344 -1
vertex -20.130779266357422 -62.37336349487305 0
endloop
endfacet
facet normal -0.6843126358013425 -0.18336349457061246 0.7057577809287491
outer loop
vertex -21.07660675048828 -62.69248962402344 -1
vertex -20.093002319335938 -62.514347076416016 0
vertex -20.130779266357422 -62.37336349487305 0
endloop
endfacet
facet normal -0.6958354379255586 -0.12653115912988624 0.7069674031355291
outer loop
vertex -20.093002319335938 -62.514347076416016 0
vertex -21.07660675048828 -62.69248962402344 -1
vertex -19.99330711364746 -63.06260299682617 0
endloop
endfacet
facet normal -0.6957875744562914 -0.12601447930732812 0.7071067827684401
outer loop
vertex -21.07660675048828 -62.69248962402344 -1
vertex -20.963172912597656 -63.31881332397461 -1
vertex -19.99330711364746 -63.06260299682617 0
endloop
endfacet
facet normal -0.6672453240980036 -0.2340591238118988 0.7071067840360155
outer loop
vertex -19.99330711364746 -63.06260299682617 0
vertex -20.963172912597656 -63.31881332397461 -1
vertex -19.829071044921875 -63.530799865722656 0
endloop
endfacet
facet normal -0.6672452788362568 -0.2340599139208994 0.7071065652121094
outer loop
vertex -20.963172912597656 -63.31881332397461 -1
vertex -20.737173080444336 -63.96308135986328 -1
vertex -19.829071044921875 -63.530799865722656 0
endloop
endfacet
facet normal -0.6023807671882907 -0.3703215243764323 0.7071063427131465
outer loop
vertex -19.829071044921875 -63.530799865722656 0
vertex -20.737173080444336 -63.96308135986328 -1
vertex -19.58391761779785 -63.9295768737793 0
endloop
endfacet
facet normal -0.6023811238184026 -0.3703202410404549 0.7071067110012588
outer loop
vertex -20.737173080444336 -63.96308135986328 -1
vertex -20.472183227539062 -64.39412689208984 -1
vertex -19.58391761779785 -63.9295768737793 0
endloop
endfacet
facet normal -0.6023812708727938 -0.37031998210262096 0.7071067213350417
outer loop
vertex -20.379602432250977 -64.54472351074219 -1
vertex -19.58391761779785 -63.9295768737793 0
vertex -20.472183227539062 -64.39412689208984 -1
endloop
endfacet
facet normal -0.5100714968196794 -0.48972153589670764 0.7071067001599557
outer loop
vertex -19.58391761779785 -63.9295768737793 0
vertex -20.379602432250977 -64.54472351074219 -1
vertex -19.259723663330078 -64.26724243164062 0
endloop
endfacet
facet normal -0.5100741873777628 -0.48971759554980543 0.7071074882787144
outer loop
vertex -19.259723663330078 -64.26724243164062 0
vertex -20.16374969482422 -64.76954650878906 -1
vertex -19.906747817993164 -65.0372314453125 -1
endloop
endfacet
facet normal -0.510072018209565 -0.48972054625999617 0.7071070094479562
outer loop
vertex -20.379602432250977 -64.54472351074219 -1
vertex -20.16374969482422 -64.76954650878906 -1
vertex -19.259723663330078 -64.26724243164062 0
endloop
endfacet
facet normal -0.3945359053335844 -0.5868050279209689 0.7071076852992617
outer loop
vertex -19.259723663330078 -64.26724243164062 0
vertex -19.906747817993164 -65.0372314453125 -1
vertex -18.87125587463379 -64.52842712402344 0
endloop
endfacet
facet normal -0.3945347366244082 -0.5868064190592034 0.7071071829274708
outer loop
vertex -19.906747817993164 -65.0372314453125 -1
vertex -19.340145111083984 -65.41818237304688 -1
vertex -18.87125587463379 -64.52842712402344 0
endloop
endfacet
facet normal -0.26102236951229757 -0.6571656837089422 0.7071071960951494
outer loop
vertex -18.87125587463379 -64.52842712402344 0
vertex -19.340145111083984 -65.41818237304688 -1
vertex -18.426681518554688 -64.70500946044922 0
endloop
endfacet
facet normal -0.26102455266293034 -0.6571639789609782 0.7071079745436988
outer loop
vertex -19.340145111083984 -65.41818237304688 -1
vertex -18.705608367919922 -65.67021942138672 -1
vertex -18.426681518554688 -64.70500946044922 0
endloop
endfacet
facet normal -0.12975726016403072 -0.6950978838126473 0.7071081850423623
outer loop
vertex -18.426681518554688 -64.70500946044922 0
vertex -18.705608367919922 -65.67021942138672 -1
vertex -18.064083099365234 -64.77269744873047 0
endloop
endfacet
facet normal -0.12975709322493795 -0.6950979570521745 0.7071081436808009
outer loop
vertex -18.15668296813965 -65.77268981933594 -1
vertex -18.064083099365234 -64.77269744873047 0
vertex -18.705608367919922 -65.67021942138672 -1
endloop
endfacet
facet normal -0.00009165845192983665 -0.7071051998744189 0.707108356554557
outer loop
vertex -18.064083099365234 -64.77269744873047 0
vertex -13.315308570861816 -65.20891571044922 -0.43560075759887695
vertex -12.91421127319336 -65.178466796875 -0.4050999879837036
endloop
endfacet
facet normal -0.00009189337834626549 -0.7071064794986933 0.7071070769031881
outer loop
vertex -18.064083099365234 -64.77269744873047 0
vertex -13.315308570861816 -65.7733154296875 -1
vertex -13.315308570861816 -65.20891571044922 -0.43560075759887695
endloop
endfacet
facet normal -0.00009137330118378617 -0.707105245047635 0.7071083114184444
outer loop
vertex -18.064083099365234 -64.77269744873047 0
vertex -18.15668296813965 -65.77268981933594 -1
vertex -13.315308570861816 -65.7733154296875 -1
endloop
endfacet
facet normal -0.000091436859664399 -0.7071055001192469 0.7071080563396307
outer loop
vertex 81.23409271240234 -64.78555297851562 0
vertex 76.62816619873047 -65.2218246459961 -0.4368656873703003
vertex 81.26513671875 -65.78556060791016 -1
endloop
endfacet
facet normal -0.00008824119868098171 -0.7071274198572925 0.7070861364073397
outer loop
vertex 81.23409271240234 -64.78555297851562 0
vertex 75.50833129882812 -65.14270782470703 -0.357890248298645
vertex 76.21058654785156 -65.19000244140625 -0.4050999879837036
endloop
endfacet
facet normal -0.00009308461595481819 -0.7070886356950948 0.7071249200856264
outer loop
vertex 81.23409271240234 -64.78555297851562 0
vertex 74.75424194335938 -65.10486602783203 -0.32014966011047363
vertex 75.50833129882812 -65.14270782470703 -0.357890248298645
endloop
endfacet
facet normal -0.000090202921751792 -0.7071178370251198 0.7070957194215993
outer loop
vertex 81.23409271240234 -64.78555297851562 0
vertex 74.23707580566406 -65.08226776123047 -0.2976166605949402
vertex 74.75424194335938 -65.10486602783203 -0.32014966011047363
endloop
endfacet
facet normal -0.0000936835183709204 -0.7070936483999076 0.7071199075234031
outer loop
vertex 76.21058654785156 -65.19000244140625 -0.4050999879837036
vertex 76.62816619873047 -65.2218246459961 -0.4368656873703003
vertex 81.23409271240234 -64.78555297851562 0
endloop
endfacet
facet normal -0.00009109212019078788 -0.7071121879324397 0.7071013685318561
outer loop
vertex 72.52816772460938 -64.78443145751953 0
vertex 73.14463806152344 -65.05278778076172 -0.2682810127735138
vertex 81.23409271240234 -64.78555297851562 0
endloop
endfacet
facet normal -0.00009253807694267847 -0.707090345172685 0.7071232107633559
outer loop
vertex 81.23409271240234 -64.78555297851562 0
vertex 73.14463806152344 -65.05278778076172 -0.2682810127735138
vertex 74.23707580566406 -65.08226776123047 -0.2976166605949402
endloop
endfacet
facet normal -0.0000919111593420324 -0.7071074517901573 0.7071061046088976
outer loop
vertex 76.62816619873047 -65.2218246459961 -0.4368656873703003
vertex 76.62816619873047 -65.78495788574219 -1
vertex 81.26513671875 -65.78556060791016 -1
endloop
endfacet
facet normal -0.00009018899220687228 -0.7071111505154235 0.707102406078992
outer loop
vertex 72.52816772460938 -65.04711151123047 -0.26268330216407776
vertex 73.14463806152344 -65.05278778076172 -0.2682810127735138
vertex 72.52816772460938 -64.78443145751953 0
endloop
endfacet
facet normal -0.0000916516480169779 -0.7071069787841391 0.7071065776491847
outer loop
vertex 71.72816467285156 -64.7843246459961 0
vertex 71.11174774169922 -65.05249786376953 -0.26825326681137085
vertex 71.72816467285156 -65.0469970703125 -0.2626725733280182
endloop
endfacet
facet normal -0.00009156003920035104 -0.7071070840593084 0.7071064723858079
outer loop
vertex 71.72816467285156 -64.7843246459961 0
vertex -4.315308094024658 -65.210205078125 -0.4357273280620575
vertex 71.11174774169922 -65.05249786376953 -0.26825326681137085
endloop
endfacet
facet normal -0.00009145956652779774 -0.7071303886854258 0.7070831669844405
outer loop
vertex 70.01947784423828 -65.08165740966797 -0.2975560426712036
vertex 71.11174774169922 -65.05249786376953 -0.26825326681137085
vertex -4.315308094024658 -65.210205078125 -0.4357273280620575
endloop
endfacet
facet normal -0.00009172936614010652 -0.7070551937584916 0.7071583589019262
outer loop
vertex -4.315308094024658 -65.210205078125 -0.4357273280620575
vertex 69.5006332397461 -65.10418701171875 -0.32014966011047363
vertex 70.01947784423828 -65.08165740966797 -0.2975560426712036
endloop
endfacet
facet normal -0.00009160059189508491 -0.7070980917711509 0.7071154645621384
outer loop
vertex -4.315308094024658 -65.210205078125 -0.4357273280620575
vertex 68.74858093261719 -65.14170837402344 -0.3577675223350525
vertex 69.5006332397461 -65.10418701171875 -0.32014966011047363
endloop
endfacet
facet normal -0.00009158273667520988 -0.7071069994004451 0.7071065570417949
outer loop
vertex -4.315308094024658 -65.210205078125 -0.4357273280620575
vertex 68.04423522949219 -65.18894958496094 -0.4050999879837036
vertex 68.74858093261719 -65.14170837402344 -0.3577675223350525
endloop
endfacet
facet normal -0.00009158654328181561 -0.7071016904103116 0.7071118659948968
outer loop
vertex -4.315308094024658 -65.210205078125 -0.4357273280620575
vertex 67.62816619873047 -65.22053527832031 -0.43673911690711975
vertex 68.04423522949219 -65.18894958496094 -0.4050999879837036
endloop
endfacet
facet normal -0.00009419373836522508 -0.7071074627825288 0.7071060933161263
outer loop
vertex -8.415307998657227 -64.7739486694336 0
vertex -8.415307998657227 -65.0355453491211 -0.2615971863269806
vertex -7.80087947845459 -65.04120635986328 -0.2671763598918915
endloop
endfacet
facet normal -0.00009158789686990629 -0.707110276369001 0.707103280055334
outer loop
vertex -4.315308094024658 -65.210205078125 -0.4357273280620575
vertex 67.62816619873047 -65.7837905883789 -1
vertex 67.62816619873047 -65.22053527832031 -0.43673911690711975
endloop
endfacet
facet normal -0.0000883180024400675 -0.7071032740743044 0.7071102827659415
outer loop
vertex -9.21530818939209 -64.77384185791016 0
vertex -9.829686164855957 -65.0409164428711 -0.2671486735343933
vertex -9.21530818939209 -65.03543090820312 -0.261586457490921
endloop
endfacet
facet normal -0.00009164506359790992 -0.7070975039717798 0.7071160523408171
outer loop
vertex 71.72816467285156 -64.7843246459961 0
vertex -5.442046165466309 -65.13075256347656 -0.3564203977584839
vertex -4.717920303344727 -65.17952728271484 -0.4050999879837036
endloop
endfacet
facet normal -0.00009132616912140251 -0.7071325170429814 0.7070810384955805
outer loop
vertex 71.72816467285156 -64.7843246459961 0
vertex -6.166762828826904 -65.09439086914062 -0.32014966011047363
vertex -5.442046165466309 -65.13075256347656 -0.3564203977584839
endloop
endfacet
facet normal -0.00009154705487235366 -0.7071044201117422 0.7071091363273236
outer loop
vertex -8.415307998657227 -64.7739486694336 0
vertex -7.80087947845459 -65.04120635986328 -0.2671763598918915
vertex 71.72816467285156 -64.7843246459961 0
endloop
endfacet
facet normal -0.00009137536784591342 -0.7071264362566573 0.7070871196659587
outer loop
vertex 71.72816467285156 -64.7843246459961 0
vertex -6.710639476776123 -65.07062530517578 -0.296453058719635
vertex -6.166762828826904 -65.09439086914062 -0.32014966011047363
endloop
endfacet
facet normal -0.00009161074788905917 -0.7070947541992777 0.7071188020349438
outer loop
vertex -7.80087947845459 -65.04120635986328 -0.2671763598918915
vertex -6.710639476776123 -65.07062530517578 -0.296453058719635
vertex 71.72816467285156 -64.7843246459961 0
endloop
endfacet
facet normal -0.00009135926828681711 -0.7071248034083643 0.7070887526033534
outer loop
vertex -4.717920303344727 -65.17952728271484 -0.4050999879837036
vertex -4.315308094024658 -65.210205078125 -0.4357273280620575
vertex 71.72816467285156 -64.7843246459961 0
endloop
endfacet
facet normal -0.00009155885476328413 -0.7071084401293005 0.7071051163121954
outer loop
vertex -4.315308094024658 -65.210205078125 -0.4357273280620575
vertex -4.315308094024658 -65.77447509765625 -1
vertex 67.62816619873047 -65.7837905883789 -1
endloop
endfacet
facet normal -0.0000914489706309033 -0.7070996731104312 0.7071138832777977
outer loop
vertex -9.21530818939209 -64.77384185791016 0
vertex -18.064083099365234 -64.77269744873047 0
vertex -9.829686164855957 -65.0409164428711 -0.2671486735343933
endloop
endfacet
facet normal -0.00009321194137669895 -0.7071267886948601 0.7070867669682614
outer loop
vertex -18.064083099365234 -64.77269744873047 0
vertex -10.919756889343262 -65.07001495361328 -0.2963925302028656
vertex -9.829686164855957 -65.0409164428711 -0.2671486735343933
endloop
endfacet
facet normal -0.0000897916771953095 -0.7070856316148026 0.7071279244248174
outer loop
vertex -18.064083099365234 -64.77269744873047 0
vertex -11.465325355529785 -65.09370422363281 -0.32014966011047363
vertex -10.919756889343262 -65.07001495361328 -0.2963925302028656
endloop
endfacet
facet normal -0.0000908157984973181 -0.7070961720034823 0.7071173843786565
outer loop
vertex -18.064083099365234 -64.77269744873047 0
vertex -12.187994956970215 -65.1297607421875 -0.35629791021347046
vertex -11.465325355529785 -65.09370422363281 -0.32014966011047363
endloop
endfacet
facet normal -0.00009276481794128035 -0.7071122263691605 0.7071013298770819
outer loop
vertex -18.064083099365234 -64.77269744873047 0
vertex -12.91421127319336 -65.178466796875 -0.4050999879837036
vertex -12.187994956970215 -65.1297607421875 -0.35629791021347046
endloop
endfacet
facet normal 0.04395465983636682 -0.7057380928889222 0.7071080059822378
outer loop
vertex 81.31714630126953 -64.78038024902344 0
vertex 81.23409271240234 -64.78555297851562 0
vertex 81.26513671875 -65.78556060791016 -1
endloop
endfacet
facet normal 0.04395337015701366 -0.705738099423881 0.7071080796267347
outer loop
vertex 81.26513671875 -65.78556060791016 -1
vertex 81.42769622802734 -65.77543640136719 -1
vertex 81.31714630126953 -64.78038024902344 0
endloop
endfacet
facet normal 0.16889030643112402 -0.625030695422017 -0.7621106836765058
outer loop
vertex 82.5262680053711 -65.47654724121094 -16.393007278442383
vertex 81.14583587646484 -64.54967498779297 -17.45907974243164
vertex 82.57230377197266 -65.4482421875 -16.40601921081543
endloop
endfacet
facet normal 0.16882520827015918 -0.6250920079236926 -0.7620748196092453
outer loop
vertex 81.14583587646484 -64.54967498779297 -17.45907974243164
vertex 82.5262680053711 -65.30960845947266 -16.529932022094727
vertex 82.57230377197266 -65.4482421875 -16.40601921081543
endloop
endfacet
facet normal 0.1688398707248884 -0.6250759626056821 -0.7620847321828348
outer loop
vertex 81.88199615478516 -65.70254516601562 -16.350378036499023
vertex 81.14583587646484 -64.54967498779297 -17.45907974243164
vertex 82.5262680053711 -65.47654724121094 -16.393007278442383
endloop
endfacet
facet normal 0.14922359882968922 -0.6382282161869279 -0.7552463582270146
outer loop
vertex 81.42769622802734 -65.77543640136719 -16.39124298095703
vertex 81.26513671875 -65.78556060791016 -16.414806365966797
vertex 81.26513671875 -65.61862182617188 -16.555879592895508
endloop
endfacet
facet normal 0.16884229440396334 -0.6250748087400443 -0.7620851416337957
outer loop
vertex 81.42769622802734 -65.77543640136719 -16.39124298095703
vertex 81.14583587646484 -64.54967498779297 -17.45907974243164
vertex 81.88199615478516 -65.70254516601562 -16.350378036499023
endloop
endfacet
facet normal 0.16883721411715208 -0.6250760619736302 -0.7620852392460421
outer loop
vertex 81.26513671875 -65.61862182617188 -16.555879592895508
vertex 81.14583587646484 -64.54967498779297 -17.45907974243164
vertex 81.42769622802734 -65.77543640136719 -16.39124298095703
endloop
endfacet
facet normal 0.16884345395454484 -0.6250729922836048 -0.7620863746153188
outer loop
vertex 81.14583587646484 -64.54967498779297 -17.45907974243164
vertex 82.08584594726562 -64.31934356689453 -17.43973731994629
vertex 82.5262680053711 -65.30960845947266 -16.529932022094727
endloop
endfacet
facet normal 0.43341728928211554 -0.4975638744315003 -0.7513851503803208
outer loop
vertex 83.60041809082031 -64.6461181640625 -16.349653244018555
vertex 83.60041809082031 -64.47917938232422 -16.4601993560791
vertex 83.66361236572266 -64.55213165283203 -16.375438690185547
endloop
endfacet
facet normal 0.43343873775596015 -0.49755817897232446 -0.7513765495078113
outer loop
vertex 83.60041809082031 -64.6461181640625 -16.349653244018555
vertex 82.08584594726562 -64.31934356689453 -17.43973731994629
vertex 83.60041809082031 -64.47917938232422 -16.4601993560791
endloop
endfacet
facet normal 0.43344052573247316 -0.4975545243161713 -0.7513779381810899
outer loop
vertex 83.10791015625 -65.11897277832031 -16.320642471313477
vertex 82.08584594726562 -64.31934356689453 -17.43973731994629
vertex 83.60041809082031 -64.6461181640625 -16.349653244018555
endloop
endfacet
facet normal 0.4334404165167549 -0.4975546425306885 -0.751377922902943
outer loop
vertex 83.10791015625 -65.11897277832031 -16.320642471313477
vertex 82.5262680053711 -65.30960845947266 -16.529932022094727
vertex 82.08584594726562 -64.31934356689453 -17.43973731994629
endloop
endfacet
facet normal 0.4346805569397336 -0.5156209199482253 -0.7383683906630272
outer loop
vertex 82.57230377197266 -65.4482421875 -16.40601921081543
vertex 82.5262680053711 -65.30960845947266 -16.529932022094727
vertex 83.10791015625 -65.11897277832031 -16.320642471313477
endloop
endfacet
facet normal 0.433438302002287 -0.4975592998445691 -0.751376058638786
outer loop
vertex 82.08584594726562 -64.31934356689453 -17.43973731994629
vertex 82.82422637939453 -63.748504638671875 -17.391803741455078
vertex 83.60041809082031 -64.47917938232422 -16.4601993560791
endloop
endfacet
facet normal 0.6260334001497121 -0.2684381589905443 -0.7321360096968034
outer loop
vertex 84.23340606689453 -63.444976806640625 -16.29813003540039
vertex 84.23340606689453 -63.27804183959961 -16.359336853027344
vertex 84.26206970214844 -63.29143142700195 -16.329917907714844
endloop
endfacet
facet normal 0.6355080416114883 -0.2837770563029683 -0.7180530003858719
outer loop
vertex 83.66361236572266 -64.55213165283203 -16.375438690185547
vertex 83.60041809082031 -64.47917938232422 -16.4601993560791
vertex 83.98136901855469 -64.07951354980469 -16.280990600585938
endloop
endfacet
facet normal 0.6260346102477966 -0.2684378245639995 -0.7321350975846171
outer loop
vertex 84.23340606689453 -63.444976806640625 -16.29813003540039
vertex 82.82422637939453 -63.748504638671875 -17.391803741455078
vertex 84.23340606689453 -63.27804183959961 -16.359336853027344
endloop
endfacet
facet normal 0.626034697515973 -0.26843572550765815 -0.732135792580353
outer loop
vertex 83.98136901855469 -64.07951354980469 -16.280990600585938
vertex 82.82422637939453 -63.748504638671875 -17.391803741455078
vertex 84.23340606689453 -63.444976806640625 -16.29813003540039
endloop
endfacet
facet normal 0.6260355266455491 -0.2684333592671969 -0.7321359511799417
outer loop
vertex 83.60041809082031 -64.47917938232422 -16.4601993560791
vertex 82.82422637939453 -63.748504638671875 -17.391803741455078
vertex 83.98136901855469 -64.07951354980469 -16.280990600585938
endloop
endfacet
facet normal 0.626034257837595 -0.26842903678002755 -0.7321386209093728
outer loop
vertex 82.82422637939453 -63.748504638671875 -17.391803741455078
vertex 83.24412536621094 -62.95170593261719 -17.324893951416016
vertex 84.23340606689453 -63.27804183959961 -16.359336853027344
endloop
endfacet
facet normal 0.7070858835078486 0.0585850806315948 -0.7046966309493147
outer loop
vertex 84.30006408691406 16.384075164794922 -9.669780731201172
vertex 83.24412536621094 -62.95170593261719 -17.324893951416016
vertex 84.26078796386719 16.548673629760742 -9.69550609588623
endloop
endfacet
facet normal 0.7071106391650678 0.05858237597897152 -0.704672015340632
outer loop
vertex 84.35128021240234 15.65365219116211 -9.679110527038574
vertex 83.24412536621094 -62.95170593261719 -17.324893951416016
vertex 84.30006408691406 16.384075164794922 -9.669780731201172
endloop
endfacet
facet normal 0.7071069696417067 0.05858279869698152 -0.7046756624014706
outer loop
vertex 83.24412536621094 -62.95170593261719 -17.324893951416016
vertex 83.3104476928711 16.47186279296875 -10.655510902404785
vertex 84.26078796386719 16.548673629760742 -9.69550609588623
endloop
endfacet
facet normal 0.7071041390865266 0.05858309614059026 -0.7046784779836011
outer loop
vertex 84.33587646484375 -62.896053314208984 -16.22475814819336
vertex 83.24412536621094 -62.95170593261719 -17.324893951416016
vertex 84.35128021240234 15.65365219116211 -9.679110527038574
endloop
endfacet
facet normal 0.7260454798865403 0.04693496033152277 -0.6860430530476944
outer loop
vertex 84.26206970214844 -63.29143142700195 -16.329917907714844
vertex 84.23340606689453 -63.27804183959961 -16.359336853027344
vertex 84.33587646484375 -62.896053314208984 -16.22475814819336
endloop
endfacet
facet normal 0.7071042449582615 0.05858151597058107 -0.7046785031123027
outer loop
vertex 84.23340606689453 -63.27804183959961 -16.359336853027344
vertex 83.24412536621094 -62.95170593261719 -17.324893951416016
vertex 84.33587646484375 -62.896053314208984 -16.22475814819336
endloop
endfacet
facet normal 0.6694056475430118 0.2861783818429673 -0.6855640107263958
outer loop
vertex 84.26078796386719 16.548673629760742 -9.69550609588623
vertex 83.3104476928711 16.47186279296875 -10.655510902404785
vertex 84.07144927978516 17.342214584350586 -9.5491304397583
endloop
endfacet
facet normal 0.6694069303999448 0.2861780672720925 -0.6855628894163782
outer loop
vertex 83.66622161865234 18.240041732788086 -9.57001781463623
vertex 82.79061889648438 17.993999481201172 -10.527692794799805
vertex 83.57755279541016 18.365909576416016 -9.604055404663086
endloop
endfacet
facet normal 0.6694036337170332 0.2861811652658567 -0.6855648151805258
outer loop
vertex 84.07144927978516 17.342214584350586 -9.5491304397583
vertex 83.3104476928711 16.47186279296875 -10.655510902404785
vertex 83.66622161865234 18.240041732788086 -9.57001781463623
endloop
endfacet
facet normal 0.6694064702239462 0.28617935750335427 -0.6855628001585882
outer loop
vertex 83.3104476928711 16.47186279296875 -10.655510902404785
vertex 82.79061889648438 17.993999481201172 -10.527692794799805
vertex 83.66622161865234 18.240041732788086 -9.57001781463623
endloop
endfacet
facet normal 0.537692232120828 0.5167849646723003 -0.6661984417615904
outer loop
vertex 83.57755279541016 18.365909576416016 -9.604055404663086
vertex 82.79061889648438 17.993999481201172 -10.527692794799805
vertex 83.09893035888672 19.045324325561523 -9.463316917419434
endloop
endfacet
facet normal 0.5376944110814186 0.5167813442057392 -0.6661994915734445
outer loop
vertex 82.38994598388672 19.72916030883789 -9.505083084106445
vertex 81.76104736328125 19.195268630981445 -10.426819801330566
vertex 82.2950210571289 19.791027069091797 -9.533706665039062
endloop
endfacet
facet normal 0.5376968655511112 0.5167820829361711 -0.666196937498712
outer loop
vertex 82.79061889648438 17.993999481201172 -10.527692794799805
vertex 82.38994598388672 19.72916030883789 -9.505083084106445
vertex 83.09893035888672 19.045324325561523 -9.463316917419434
endloop
endfacet
facet normal 0.5376931751463238 0.5167827027943201 -0.6661994352246647
outer loop
vertex 82.79061889648438 17.993999481201172 -10.527692794799805
vertex 81.76104736328125 19.195268630981445 -10.426819801330566
vertex 82.38994598388672 19.72916030883789 -9.505083084106445
endloop
endfacet
facet normal 0.329137475780711 0.6828090899559336 -0.6522578238014871
outer loop
vertex 82.2950210571289 19.791027069091797 -9.533706665039062
vertex 81.76104736328125 19.195268630981445 -10.426819801330566
vertex 81.564697265625 20.26700210571289 -9.40396785736084
endloop
endfacet
facet normal 0.3291715702004798 0.682817409363695 -0.6522319087882797
outer loop
vertex 80.65282440185547 20.639541625976562 -9.474123001098633
vertex 81.76104736328125 19.195268630981445 -10.426819801330566
vertex 80.6088638305664 20.648366928100586 -9.487070083618164
endloop
endfacet
facet normal 0.329138564149241 0.6828089275030066 -0.6522574446581425
outer loop
vertex 81.76104736328125 19.195268630981445 -10.426819801330566
vertex 80.65282440185547 20.639541625976562 -9.474123001098633
vertex 81.564697265625 20.26700210571289 -9.40396785736084
endloop
endfacet
facet normal 0.3291382834916778 0.6828081490422916 -0.6522584012043016
outer loop
vertex 81.76104736328125 19.195268630981445 -10.426819801330566
vertex 80.40369415283203 19.90662384033203 -10.367085456848145
vertex 80.6088638305664 20.648366928100586 -9.487070083618164
endloop
endfacet
facet normal 0.007323861244385315 0.7637584886587541 -0.6454605580964407
outer loop
vertex 80.6088638305664 20.648366928100586 -9.487070083618164
vertex 80.40369415283203 19.90662384033203 -10.367085456848145
vertex 79.68705749511719 20.833410263061523 -9.278572082519531
endloop
endfacet
facet normal 0.007322929406559914 0.7637574572287966 -0.6454617891341898
outer loop
vertex 79.68705749511719 20.833410263061523 -9.278572082519531
vertex 73.10895538330078 20.646183013916016 -9.574743270874023
vertex 73.12806701660156 20.840232849121094 -9.3449125289917
endloop
endfacet
facet normal 0.007322915600622382 0.7637576262205353 -0.64546158932742
outer loop
vertex 79.68705749511719 20.833410263061523 -9.278572082519531
vertex 73.05204772949219 20.458589553833008 -9.79736328125
vertex 73.10895538330078 20.646183013916016 -9.574743270874023
endloop
endfacet
facet normal 0.0073224509201180055 0.7637607473981374 -0.6454579013741805
outer loop
vertex 79.68705749511719 20.833410263061523 -9.278572082519531
vertex 72.95963287353516 20.285703659057617 -10.002985000610352
vertex 73.05204772949219 20.458589553833008 -9.79736328125
endloop
endfacet
facet normal 0.0073229804562759855 0.7637582085759138 -0.6454608995052666
outer loop
vertex 80.40369415283203 19.90662384033203 -10.367085456848145
vertex 72.95963287353516 20.285703659057617 -10.002985000610352
vertex 79.68705749511719 20.833410263061523 -9.278572082519531
endloop
endfacet
facet normal 0.007322878188380302 0.7637572691312264 -0.6454620122859668
outer loop
vertex 80.40369415283203 19.90662384033203 -10.367085456848145
vertex 72.83527374267578 20.134166717529297 -10.18370532989502
vertex 72.95963287353516 20.285703659057617 -10.002985000610352
endloop
endfacet
facet normal 0.007322979445230466 0.763758992614839 -0.6454599717813732
outer loop
vertex 80.40369415283203 19.90662384033203 -10.367085456848145
vertex 72.6837387084961 20.009803771972656 -10.33258056640625
vertex 72.83527374267578 20.134166717529297 -10.18370532989502
endloop
endfacet
facet normal 0.0073229170652001204 0.7637556487410748 -0.6454639292026753
outer loop
vertex 80.40369415283203 19.90662384033203 -10.367085456848145
vertex 72.64059448242188 19.98674201965332 -10.360358238220215
vertex 72.6837387084961 20.009803771972656 -10.33258056640625
endloop
endfacet
facet normal 0.007322967986496494 0.7637573370573448 -0.6454619308920877
outer loop
vertex 71.14738464355469 20.646183013916016 -9.59699821472168
vertex 59.893192291259766 20.854001998901367 -9.478774070739746
vertex 71.12826538085938 20.842313766479492 -9.36513900756836
endloop
endfacet
facet normal 0.007322972707437777 0.7637574898398041 -0.6454617500552048
outer loop
vertex 71.20428466796875 20.458589553833008 -9.818326950073242
vertex 59.893192291259766 20.854001998901367 -9.478774070739746
vertex 71.14738464355469 20.646183013916016 -9.59699821472168
endloop
endfacet
facet normal 0.0073231790442757835 0.7637604164652595 -0.6454582847012648
outer loop
vertex 71.29669952392578 20.285703659057617 -10.021851539611816
vertex 59.893192291259766 20.854001998901367 -9.478774070739746
vertex 71.20428466796875 20.458589553833008 -9.818326950073242
endloop
endfacet
facet normal 0.007323090235113487 0.7637570366371161 -0.6454622849839481
outer loop
vertex 71.42105865478516 20.134166717529297 -10.199749946594238
vertex 59.992774963378906 20.11727523803711 -10.349396705627441
vertex 71.29669952392578 20.285703659057617 -10.021851539611816
endloop
endfacet
facet normal 0.007323037556954495 0.7637601408578463 -0.6454586124282039
outer loop
vertex 71.59556579589844 19.997528076171875 -10.359452247619629
vertex 59.992774963378906 20.11727523803711 -10.349396705627441
vertex 71.42105865478516 20.134166717529297 -10.199749946594238
endloop
endfacet
facet normal 0.0073230047232329416 0.7637587757201255 -0.645460228141377
outer loop
vertex 59.992774963378906 20.11727523803711 -10.349396705627441
vertex 59.893192291259766 20.854001998901367 -9.478774070739746
vertex 71.29669952392578 20.285703659057617 -10.021851539611816
endloop
endfacet
facet normal -0.17898897177126383 0.740848684716941 -0.6473841010848539
outer loop
vertex 59.992774963378906 20.11727523803711 -10.349396705627441
vertex 58.785316467285156 20.678443908691406 -9.373372077941895
vertex 59.893192291259766 20.854001998901367 -9.478774070739746
endloop
endfacet
facet normal -0.17898953668977877 0.740848187393717 -0.6473845140185408
outer loop
vertex 59.992774963378906 20.11727523803711 -10.349396705627441
vertex 57.933258056640625 20.357027053833008 -9.505614280700684
vertex 58.785316467285156 20.678443908691406 -9.373372077941895
endloop
endfacet
facet normal -0.178989420495201 0.7408484084176282 -0.6473842932106549
outer loop
vertex 59.992774963378906 20.11727523803711 -10.349396705627441
vertex 58.27178192138672 19.668556213378906 -10.387076377868652
vertex 57.933258056640625 20.357027053833008 -9.505614280700684
endloop
endfacet
facet normal -0.38888854124321043 0.6476607085763662 -0.6552108889938316
outer loop
vertex 57.933258056640625 20.357027053833008 -9.505614280700684
vertex 58.27178192138672 19.668556213378906 -10.387076377868652
vertex 57.863670349121094 20.330778121948242 -9.49025821685791
endloop
endfacet
facet normal -0.38890279105058817 0.6476520557167516 -0.6552109842172432
outer loop
vertex 58.27178192138672 19.668556213378906 -10.387076377868652
vertex 57.02414321899414 19.815521240234375 -9.501266479492188
vertex 57.863670349121094 20.330778121948242 -9.49025821685791
endloop
endfacet
facet normal -0.3889012657024789 0.6476547011139266 -0.6552092747054488
outer loop
vertex 58.27178192138672 19.668556213378906 -10.387076377868652
vertex 56.26732635498047 19.133028030395508 -9.726679801940918
vertex 57.02414321899414 19.815521240234375 -9.501266479492188
endloop
endfacet
facet normal -0.38241333610523004 0.652132642260821 -0.6545861725294755
outer loop
vertex 56.187599182128906 18.30313491821289 -10.501734733581543
vertex 55.81175994873047 18.81463623046875 -9.7725830078125
vertex 55.93011474609375 18.876379013061523 -9.7802152633667
endloop
endfacet
facet normal -0.3895914415211502 0.6483321888367545 -0.6541283372638853
outer loop
vertex 56.26732635498047 19.133028030395508 -9.726679801940918
vertex 56.187599182128906 18.30313491821289 -10.501734733581543
vertex 55.93011474609375 18.876379013061523 -9.7802152633667
endloop
endfacet
facet normal -0.3888592740905128 0.6485069163420761 -0.6543907429130481
outer loop
vertex 58.27178192138672 19.668556213378906 -10.387076377868652
vertex 56.187599182128906 18.30313491821289 -10.501734733581543
vertex 56.26732635498047 19.133028030395508 -9.726679801940918
endloop
endfacet
facet normal -0.01032342068169035 0.7268998905815237 -0.6866658401711837
outer loop
vertex 54.56787109375 17.81282615661621 -10.542906761169434
vertex 40.42911148071289 18.435691833496094 -9.670981407165527
vertex 41.1595344543457 18.486907958984375 -9.627745628356934
endloop
endfacet
facet normal -0.005687571555341011 0.7677760267638002 -0.6406930811680387
outer loop
vertex 54.56787109375 17.81282615661621 -10.542906761169434
vertex 40.599945068359375 17.701557159423828 -10.552249908447266
vertex 40.42911148071289 18.435691833496094 -9.670981407165527
endloop
endfacet
facet normal -0.005625892329615122 0.764012530355988 -0.6451768771387703
outer loop
vertex 54.56787109375 17.81282615661621 -10.542906761169434
vertex 41.1595344543457 18.486907958984375 -9.627745628356934
vertex 54.562049865722656 18.49085807800293 -9.739936828613281
endloop
endfacet
facet normal -0.33413217993134475 0.68194902094563 -0.6506160305169435
outer loop
vertex 55.55439758300781 18.68037223815918 -9.78114128112793
vertex 55.81175994873047 18.81463623046875 -9.7725830078125
vertex 56.187599182128906 18.30313491821289 -10.501734733581543
endloop
endfacet
facet normal -0.33412956662047916 0.6819497134693537 -0.6506166467352931
outer loop
vertex 55.55439758300781 18.68037223815918 -9.78114128112793
vertex 55.68849182128906 18.037290573120117 -10.52405834197998
vertex 55.414955139160156 18.635530471801758 -9.75653076171875
endloop
endfacet
facet normal -0.20575725705628203 0.7349370412818287 -0.6461667714457211
outer loop
vertex 55.150978088378906 18.550640106201172 -9.769025802612305
vertex 55.414955139160156 18.635530471801758 -9.75653076171875
vertex 55.68849182128906 18.037290573120117 -10.52405834197998
endloop
endfacet
facet normal -0.3341326677561674 0.6819485887986718 -0.6506162329466172
outer loop
vertex 56.187599182128906 18.30313491821289 -10.501734733581543
vertex 55.68849182128906 18.037290573120117 -10.52405834197998
vertex 55.55439758300781 18.68037223815918 -9.78114128112793
endloop
endfacet
facet normal -0.2057570217391026 0.7349372951628954 -0.6461665576178496
outer loop
vertex 55.150978088378906 18.550640106201172 -9.769025802612305
vertex 55.127685546875 17.867769241333008 -10.53829288482666
vertex 54.98380661010742 18.526838302612305 -9.742865562438965
endloop
endfacet
facet normal -0.06947204687130022 0.7619514050074726 -0.6438972675129553
outer loop
vertex 55.127685546875 17.867769241333008 -10.53829288482666
vertex 54.562049865722656 18.49085807800293 -9.739936828613281
vertex 54.73143768310547 18.490907669067383 -9.758153915405273
endloop
endfacet
facet normal -0.2057567380752621 0.7349373355255344 -0.6461666020363913
outer loop
vertex 55.68849182128906 18.037290573120117 -10.52405834197998
vertex 55.127685546875 17.867769241333008 -10.53829288482666
vertex 55.150978088378906 18.550640106201172 -9.769025802612305
endloop
endfacet
facet normal -0.06947485697047084 0.7619502367898804 -0.643898346716916
outer loop
vertex 55.127685546875 17.867769241333008 -10.53829288482666
vertex 54.56787109375 17.81282615661621 -10.542906761169434
vertex 54.562049865722656 18.49085807800293 -9.739936828613281
endloop
endfacet
facet normal -0.06947459669688821 0.7619506128054104 -0.6438979298454564
outer loop
vertex 55.127685546875 17.867769241333008 -10.53829288482666
vertex 54.73143768310547 18.490907669067383 -9.758153915405273
vertex 54.98380661010742 18.526838302612305 -9.742865562438965
endloop
endfacet
facet normal -0.23216467085999612 0.7247328017142312 -0.648738723773994
outer loop
vertex 40.42911148071289 18.435691833496094 -9.670981407165527
vertex 40.599945068359375 17.701557159423828 -10.552249908447266
vertex 39.470970153808594 18.207077026367188 -9.58348560333252
endloop
endfacet
facet normal -0.2288981325908607 0.7277570623767928 -0.6465100950929672
outer loop
vertex 40.599945068359375 17.701557159423828 -10.552249908447266
vertex 38.20471954345703 17.64067840576172 -9.772745132446289
vertex 39.470970153808594 18.207077026367188 -9.58348560333252
endloop
endfacet
facet normal -0.22907455811481042 0.7271794167932699 -0.6470973208233088
outer loop
vertex 40.599945068359375 17.701557159423828 -10.552249908447266
vertex 38.46039581298828 16.973129272460938 -10.613417625427246
vertex 38.20471954345703 17.64067840576172 -9.772745132446289
endloop
endfacet
facet normal -0.0649599184015157 0.7622113057530829 -0.6440606604842812
outer loop
vertex 37.52275848388672 17.50564193725586 -9.793598175048828
vertex 37.53339767456055 16.8016414642334 -10.62781810760498
vertex 37.48146057128906 17.501380920410156 -9.794475555419922
endloop
endfacet
facet normal -0.20575483962260888 0.7349376524764295 -0.6461668460578192
outer loop
vertex 38.20471954345703 17.64067840576172 -9.772745132446289
vertex 38.06602096557617 16.85391616821289 -10.623428344726562
vertex 37.9121208190918 17.558895111083984 -9.77259349822998
endloop
endfacet
facet normal -0.0694682380031876 0.7619512381541393 -0.6438978758965639
outer loop
vertex 37.83800506591797 17.538179397583008 -9.789111137390137
vertex 37.9121208190918 17.558895111083984 -9.77259349822998
vertex 38.06602096557617 16.85391616821289 -10.623428344726562
endloop
endfacet
facet normal -0.06947809388801195 0.7619502522828021 -0.6438979791208098
outer loop
vertex 37.83800506591797 17.538179397583008 -9.789111137390137
vertex 37.53339767456055 16.8016414642334 -10.62781810760498
vertex 37.52275848388672 17.50564193725586 -9.793598175048828
endloop
endfacet
facet normal -0.20575750922519384 0.7349374513317507 -0.6461662247652957
outer loop
vertex 38.46039581298828 16.973129272460938 -10.613417625427246
vertex 38.06602096557617 16.85391616821289 -10.623428344726562
vertex 38.20471954345703 17.64067840576172 -9.772745132446289
endloop
endfacet
facet normal -0.06947526248265715 0.7619499016580741 -0.6438986995376037
outer loop
vertex 38.06602096557617 16.85391616821289 -10.623428344726562
vertex 37.53339767456055 16.8016414642334 -10.62781810760498
vertex 37.83800506591797 17.538179397583008 -9.789111137390137
endloop
endfacet
facet normal -0.06588577224253393 0.7621362959448952 -0.6440553791557059
outer loop
vertex 37.53339767456055 16.8016414642334 -10.62781810760498
vertex 37.48146057128906 16.79680824279785 -10.62822437286377
vertex 37.48146057128906 17.501380920410156 -9.794475555419922
endloop
endfacet
facet normal 0.30316091777262877 0.6979532051149715 -0.6488102815191786
outer loop
vertex 36.39396667480469 17.70307159423828 -9.866743087768555
vertex 36.07252502441406 17.1634464263916 -10.597436904907227
vertex 36.19241714477539 17.789785385131836 -9.867636680603027
endloop
endfacet
facet normal 0.3594845598320559 0.6781158145936587 -0.6410380591199963
outer loop
vertex 36.19241714477539 17.789785385131836 -9.867636680603027
vertex 36.07252502441406 17.1634464263916 -10.597436904907227
vertex 35.878631591796875 17.99357795715332 -9.828022956848145
endloop
endfacet
facet normal 0.33521463778202 0.6813703599423969 -0.650665489486447
outer loop
vertex 36.07252502441406 17.1634464263916 -10.597436904907227
vertex 35.550472259521484 17.442672729492188 -10.573988914489746
vertex 35.878631591796875 17.99357795715332 -9.828022956848145
endloop
endfacet
facet normal 0.06532844822696329 0.7621642839977328 -0.6440790309041897
outer loop
vertex 37.41647720336914 17.494672775268555 -9.809004783630371
vertex 37.48146057128906 17.501380920410156 -9.794475555419922
vertex 37.48146057128906 16.79680824279785 -10.62822437286377
endloop
endfacet
facet normal 0.06948055212139263 0.7621125550103991 -0.6437056053604225
outer loop
vertex 37.04167175292969 17.519771575927734 -9.819745063781738
vertex 37.41647720336914 17.494672775268555 -9.809004783630371
vertex 37.48146057128906 16.79680824279785 -10.62822437286377
endloop
endfacet
facet normal 0.2057545248046397 0.7349378755049145 -0.6461666926349112
outer loop
vertex 37.04167175292969 17.519771575927734 -9.819745063781738
vertex 36.89630126953125 16.853857040405273 -10.623433113098145
vertex 36.99365234375 17.522987365722656 -9.831377983093262
endloop
endfacet
facet normal 0.06901902921162816 0.7620156272765453 -0.6438699848517695
outer loop
vertex 37.48146057128906 16.79680824279785 -10.62822437286377
vertex 36.89630126953125 16.853857040405273 -10.623433113098145
vertex 37.04167175292969 17.519771575927734 -9.819745063781738
endloop
endfacet
facet normal 0.21375473523201421 0.7331302544067709 -0.6456229110241946
outer loop
vertex 36.581687927246094 17.6223087310791 -9.854989051818848
vertex 36.99365234375 17.522987365722656 -9.831377983093262
vertex 36.89630126953125 16.853857040405273 -10.623433113098145
endloop
endfacet
facet normal 0.33413158011327915 0.6819501226841133 -0.6506151837623575
outer loop
vertex 36.581687927246094 17.6223087310791 -9.854989051818848
vertex 36.33549499511719 17.023380279541016 -10.609198570251465
vertex 36.39396667480469 17.70307159423828 -9.866743087768555
endloop
endfacet
facet normal 0.2050390065162065 0.7327792103270245 -0.6488402227970684
outer loop
vertex 36.89630126953125 16.853857040405273 -10.623433113098145
vertex 36.33549499511719 17.023380279541016 -10.609198570251465
vertex 36.581687927246094 17.6223087310791 -9.854989051818848
endloop
endfacet
facet normal 0.33412905826404526 0.6819508833832283 -0.6506156815481907
outer loop
vertex 36.33549499511719 17.023380279541016 -10.609198570251465
vertex 36.07252502441406 17.1634464263916 -10.597436904907227
vertex 36.39396667480469 17.70307159423828 -9.866743087768555
endloop
endfacet
facet normal 0.6952197039470666 0.18782506908005928 -0.6938236855778448
outer loop
vertex 33.07966232299805 29.93733024597168 -8.51821517944336
vertex 31.958681106567383 30.56209945678711 -9.472320556640625
vertex 32.90251159667969 30.647253036499023 -8.503539085388184
endloop
endfacet
facet normal 0.6952198012757038 0.18782453270947466 -0.693823733254087
outer loop
vertex 32.90251159667969 30.647253036499023 -8.503539085388184
vertex 31.958681106567383 30.56209945678711 -9.472320556640625
vertex 32.837406158447266 30.797578811645508 -8.528080940246582
endloop
endfacet
facet normal 0.6952200291514277 0.1878269121502795 -0.6938228607784406
outer loop
vertex 33.07966232299805 29.93733024597168 -8.51821517944336
vertex 34.01824188232422 19.51090431213379 -10.400315284729004
vertex 31.958681106567383 30.56209945678711 -9.472320556640625
endloop
endfacet
facet normal 0.6951522571325459 0.18783278169042633 -0.6938891738065694
outer loop
vertex 34.91110610961914 19.57365608215332 -9.488839149475098
vertex 34.01824188232422 19.51090431213379 -10.400315284729004
vertex 33.07966232299805 29.93733024597168 -8.51821517944336
endloop
endfacet
facet normal 0.6782919600547098 0.2640539585498637 -0.6857080456719805
outer loop
vertex 34.937965393066406 19.421659469604492 -9.520801544189453
vertex 34.025428771972656 19.473665237426758 -10.4034423828125
vertex 34.91110610961914 19.57365608215332 -9.488839149475098
endloop
endfacet
facet normal 0.6782917509550859 0.2640573896802966 -0.6857069312333891
outer loop
vertex 35.01711654663086 19.179527282714844 -9.535748481750488
vertex 34.1955451965332 18.914825439453125 -10.450368881225586
vertex 34.937965393066406 19.421659469604492 -9.520801544189453
endloop
endfacet
facet normal 0.547916141312271 0.5071153400226536 -0.6652983796787574
outer loop
vertex 35.415916442871094 18.45096778869629 -9.677071571350098
vertex 34.84358215332031 17.9483699798584 -10.531524658203125
vertex 35.267452239990234 18.64409828186035 -9.652130126953125
endloop
endfacet
facet normal 0.5479167914082713 0.5071147936379405 -0.6652982607570938
outer loop
vertex 34.84358215332031 17.9483699798584 -10.531524658203125
vertex 35.1839485168457 18.80229949951172 -9.600314140319824
vertex 35.267452239990234 18.64409828186035 -9.652130126953125
endloop
endfacet
facet normal 0.6251156367050326 0.39198602114876485 -0.6749647397981778
outer loop
vertex 35.069637298583984 19.01886558532715 -9.580410957336426
vertex 34.1955451965332 18.914825439453125 -10.450368881225586
vertex 35.01711654663086 19.179527282714844 -9.535748481750488
endloop
endfacet
facet normal 0.6251132964896523 0.3919885374895568 -0.6749654458034414
outer loop
vertex 35.1839485168457 18.80229949951172 -9.600314140319824
vertex 34.4718017578125 18.399797439575195 -10.493617057800293
vertex 35.069637298583984 19.01886558532715 -9.580410957336426
endloop
endfacet
facet normal 0.44966948097951254 0.6050178005543045 -0.6570774831692587
outer loop
vertex 35.525718688964844 18.30812644958496 -9.733452796936035
vertex 34.84358215332031 17.9483699798584 -10.531524658203125
vertex 35.415916442871094 18.45096778869629 -9.677071571350098
endloop
endfacet
facet normal 0.6943890635182673 0.19224346626921254 -0.6934452236067544
outer loop
vertex 34.025428771972656 19.473665237426758 -10.4034423828125
vertex 34.01824188232422 19.51090431213379 -10.400315284729004
vertex 34.91110610961914 19.57365608215332 -9.488839149475098
endloop
endfacet
facet normal 0.6782912524078468 0.26405834776691395 -0.685707055441026
outer loop
vertex 34.1955451965332 18.914825439453125 -10.450368881225586
vertex 34.025428771972656 19.473665237426758 -10.4034423828125
vertex 34.937965393066406 19.421659469604492 -9.520801544189453
endloop
endfacet
facet normal 0.6251159183784398 0.3919852445529307 -0.6749649299353698
outer loop
vertex 34.4718017578125 18.399797439575195 -10.493617057800293
vertex 34.1955451965332 18.914825439453125 -10.450368881225586
vertex 35.069637298583984 19.01886558532715 -9.580410957336426
endloop
endfacet
facet normal 0.5479182033016567 0.5071137938744313 -0.6652978600243392
outer loop
vertex 34.84358215332031 17.9483699798584 -10.531524658203125
vertex 34.4718017578125 18.399797439575195 -10.493617057800293
vertex 35.1839485168457 18.80229949951172 -9.600314140319824
endloop
endfacet
facet normal 0.3341230997138488 0.6819531919413602 -0.6506163218353809
outer loop
vertex 35.8370246887207 18.020601272583008 -9.821065902709961
vertex 35.550472259521484 17.442672729492188 -10.573988914489746
vertex 35.71254348754883 18.135570526123047 -9.764486312866211
endloop
endfacet
facet normal 0.3341310333787281 0.6819492850985764 -0.6506163424682814
outer loop
vertex 35.550472259521484 17.442672729492188 -10.573988914489746
vertex 35.8370246887207 18.020601272583008 -9.821065902709961
vertex 35.878631591796875 17.99357795715332 -9.828022956848145
endloop
endfacet
facet normal 0.4496669928163557 0.6050228592577945 -0.6570745280004533
outer loop
vertex 35.71254348754883 18.135570526123047 -9.764486312866211
vertex 35.296600341796875 17.57789421081543 -10.562634468078613
vertex 35.525718688964844 18.30812644958496 -9.733452796936035
endloop
endfacet
facet normal 0.4496631436185714 0.6050249119262161 -0.6570752721109953
outer loop
vertex 35.296600341796875 17.57789421081543 -10.562634468078613
vertex 34.84358215332031 17.9483699798584 -10.531524658203125
vertex 35.525718688964844 18.30812644958496 -9.733452796936035
endloop
endfacet
facet normal 0.334132534598419 0.6819496552327156 -0.6506151835384851
outer loop
vertex 35.296600341796875 17.57789421081543 -10.562634468078613
vertex 35.71254348754883 18.135570526123047 -9.764486312866211
vertex 35.550472259521484 17.442672729492188 -10.573988914489746
endloop
endfacet
facet normal 0.6198374397631196 0.3982799899507202 -0.6761468759616917
outer loop
vertex 31.95609474182129 32.3650016784668 -8.412703514099121
vertex 31.958681106567383 30.56209945678711 -9.472320556640625
vertex 31.858156204223633 32.46239471435547 -8.445116996765137
endloop
endfacet
facet normal 0.6198316467436873 0.3982823022735173 -0.6761508244398695
outer loop
vertex 32.51103210449219 31.551156997680664 -8.383378982543945
vertex 31.958681106567383 30.56209945678711 -9.472320556640625
vertex 31.95609474182129 32.3650016784668 -8.412703514099121
endloop
endfacet
facet normal 0.6198311823261319 0.3982827439323979 -0.6761509900176658
outer loop
vertex 32.837406158447266 30.797578811645508 -8.528080940246582
vertex 31.958681106567383 30.56209945678711 -9.472320556640625
vertex 32.51103210449219 31.551156997680664 -8.383378982543945
endloop
endfacet
facet normal 0.6198311280069354 0.3982821089964903 -0.6761514138171699
outer loop
vertex 31.958681106567383 30.56209945678711 -9.472320556640625
vertex 31.18014144897461 31.97515296936035 -9.353662490844727
vertex 31.858156204223633 32.46239471435547 -8.445116996765137
endloop
endfacet
facet normal 0.44980002882374903 0.6028569016812659 -0.6589715397233927
outer loop
vertex 31.18014144897461 31.97515296936035 -9.353662490844727
vertex 29.95816993713379 32.979026794433594 -9.269365310668945
vertex 30.4406795501709 33.60994338989258 -8.362823486328125
endloop
endfacet
facet normal 0.449803845303786 0.602854023369322 -0.6589715678671946
outer loop
vertex 30.4406795501709 33.60994338989258 -8.362823486328125
vertex 29.95816993713379 32.979026794433594 -9.269365310668945
vertex 30.36008644104004 33.64431381225586 -8.386391639709473
endloop
endfacet
facet normal 0.449799555431008 0.6028568899199682 -0.6589718736107717
outer loop
vertex 31.18014144897461 31.97515296936035 -9.353662490844727
vertex 30.4406795501709 33.60994338989258 -8.362823486328125
vertex 31.257619857788086 33.059574127197266 -8.308700561523438
endloop
endfacet
facet normal 0.4497972028250103 0.6028578016576936 -0.6589726453436817
outer loop
vertex 31.858156204223633 32.46239471435547 -8.445116996765137
vertex 31.18014144897461 31.97515296936035 -9.353662490844727
vertex 31.257619857788086 33.059574127197266 -8.308700561523438
endloop
endfacet
facet normal 0.2152063798122354 0.7303702913887403 -0.648263412159624
outer loop
vertex 29.95816993713379 32.979026794433594 -9.269365310668945
vertex 28.496503829956055 33.44439697265625 -9.230287551879883
vertex 28.571895599365234 34.204933166503906 -8.348396301269531
endloop
endfacet
facet normal 0.21520519543300562 0.730369726001136 -0.6482644423378991
outer loop
vertex 29.95816993713379 32.979026794433594 -9.269365310668945
vertex 28.571895599365234 34.204933166503906 -8.348396301269531
vertex 29.534597396850586 33.99635314941406 -8.26380443572998
endloop
endfacet
facet normal 0.21520574193996259 0.7303697488132124 -0.6482642352116885
outer loop
vertex 30.36008644104004 33.64431381225586 -8.386391639709473
vertex 29.95816993713379 32.979026794433594 -9.269365310668945
vertex 29.534597396850586 33.99635314941406 -8.26380443572998
endloop
endfacet
facet normal -0.11308113074141125 0.7556614908305856 -0.6451266303183745
outer loop
vertex 12.929642677307129 30.934993743896484 -9.441007614135742
vertex 12.800666809082031 31.65921401977539 -8.570093154907227
vertex 28.496503829956055 33.44439697265625 -9.230287551879883
endloop
endfacet
facet normal -0.11302832610065859 0.7548371873109689 -0.6461001610828994
outer loop
vertex 28.496503829956055 33.44439697265625 -9.230287551879883
vertex 12.800666809082031 31.65921401977539 -8.570093154907227
vertex 27.587133407592773 34.22819900512695 -8.155488967895508
endloop
endfacet
facet normal -0.10824477232782852 0.7573971502859286 -0.6439197356833002
outer loop
vertex 28.571895599365234 34.204933166503906 -8.348396301269531
vertex 28.496503829956055 33.44439697265625 -9.230287551879883
vertex 27.587133407592773 34.22819900512695 -8.155488967895508
endloop
endfacet
facet normal 0.16152794406101367 0.7466452578105459 -0.6453135534578873
outer loop
vertex 11.868178367614746 31.5929012298584 -8.703829765319824
vertex 11.69642448425293 30.997461318969727 -9.435761451721191
vertex 11.512886047363281 31.654211044311523 -8.72182559967041
endloop
endfacet
facet normal 0.1824879112810858 0.7465384573628617 -0.6398269249684209
outer loop
vertex 11.69642448425293 30.997461318969727 -9.435761451721191
vertex 11.113459587097168 31.79576873779297 -8.670580863952637
vertex 11.512886047363281 31.654211044311523 -8.72182559967041
endloop
endfacet
facet normal 0.23099570391341603 0.7275074234314892 -0.6460448387113865
outer loop
vertex 11.113459587097168 31.79576873779297 -8.670580863952637
vertex 10.818965911865234 31.226882934570312 -9.416497230529785
vertex 11.001187324523926 31.858613967895508 -8.639954566955566
endloop
endfacet
facet normal 0.18104534376638245 0.7462263541319905 -0.6406003527156301
outer loop
vertex 11.69642448425293 30.997461318969727 -9.435761451721191
vertex 10.818965911865234 31.226882934570312 -9.416497230529785
vertex 11.113459587097168 31.79576873779297 -8.670580863952637
endloop
endfacet
facet normal -0.06947935043748218 0.7619509341165946 -0.6438970366926955
outer loop
vertex 12.800666809082031 31.65921401977539 -8.570093154907227
vertex 12.452014923095703 30.88811683654785 -9.444944381713867
vertex 12.452014923095703 31.5986385345459 -8.604153633117676
endloop
endfacet
facet normal 0.06948037713656778 0.7619508794992307 -0.6438969905375466
outer loop
vertex 12.354251861572266 31.581653594970703 -8.634801864624023
vertex 12.452014923095703 31.5986385345459 -8.604153633117676
vertex 12.452014923095703 30.88811683654785 -9.444944381713867
endloop
endfacet
facet normal 0.06947414853390346 0.7619508404896908 -0.6438977087725526
outer loop
vertex 12.007790565490723 31.58205795288086 -8.67170524597168
vertex 12.354251861572266 31.581653594970703 -8.634801864624023
vertex 12.452014923095703 30.88811683654785 -9.444944381713867
endloop
endfacet
facet normal 0.20575076940585368 0.7349378339684821 -0.6461679356720008
outer loop
vertex 11.9304838180542 31.582149505615234 -8.696219444274902
vertex 11.868796348571777 30.945356369018555 -9.440136909484863
vertex 11.868178367614746 31.5929012298584 -8.703829765319824
endloop
endfacet
facet normal 0.2057715411386501 0.7349336516907233 -0.6461660780867124
outer loop
vertex 12.007790565490723 31.58205795288086 -8.67170524597168
vertex 11.868796348571777 30.945356369018555 -9.440136909484863
vertex 11.9304838180542 31.582149505615234 -8.696219444274902
endloop
endfacet
facet normal -0.06947459300989837 0.7619502644773776 -0.6438983424337752
outer loop
vertex 12.929642677307129 30.934993743896484 -9.441007614135742
vertex 12.452014923095703 30.88811683654785 -9.444944381713867
vertex 12.800666809082031 31.65921401977539 -8.570093154907227
endloop
endfacet
facet normal 0.06947340220843015 0.7619506731313446 -0.6438979873398243
outer loop
vertex 12.452014923095703 30.88811683654785 -9.444944381713867
vertex 11.868796348571777 30.945356369018555 -9.440136909484863
vertex 12.007790565490723 31.58205795288086 -8.67170524597168
endloop
endfacet
facet normal 0.20575618616408825 0.7349369810130967 -0.6461671809946434
outer loop
vertex 11.868796348571777 30.945356369018555 -9.440136909484863
vertex 11.69642448425293 30.997461318969727 -9.435761451721191
vertex 11.868178367614746 31.5929012298584 -8.703829765319824
endloop
endfacet
facet normal 0.3920971181328965 0.6455423316716844 -0.6553891576550243
outer loop
vertex 9.91685676574707 31.617483139038086 -9.383697509765625
vertex 8.392446517944336 32.62969207763672 -9.298699378967285
vertex 8.77466106414795 33.31018829345703 -8.399761199951172
endloop
endfacet
facet normal 0.39209860345436626 0.6455429538239967 -0.6553876562289869
outer loop
vertex 10.402790069580078 32.27085494995117 -8.449420928955078
vertex 9.91685676574707 31.617483139038086 -9.383697509765625
vertex 9.65163516998291 32.86161804199219 -8.316925048828125
endloop
endfacet
facet normal 0.3920928223247358 0.6455448555464739 -0.6553892417173975
outer loop
vertex 8.77466106414795 33.31018829345703 -8.399761199951172
vertex 8.392446517944336 32.62969207763672 -9.298699378967285
vertex 8.70782470703125 33.329627990722656 -8.420598983764648
endloop
endfacet
facet normal 0.3920994490413943 0.6455428163872128 -0.6553872857115098
outer loop
vertex 9.65163516998291 32.86161804199219 -8.316925048828125
vertex 9.91685676574707 31.617483139038086 -9.383697509765625
vertex 8.77466106414795 33.31018829345703 -8.399761199951172
endloop
endfacet
facet normal 0.20575392207734472 0.7349380865894519 -0.6461666444734092
outer loop
vertex 11.001187324523926 31.858613967895508 -8.639954566955566
vertex 10.818965911865234 31.226882934570312 -9.416497230529785
vertex 10.743680000305176 32.00275421142578 -8.558008193969727
endloop
endfacet
facet normal 0.20575601223924073 0.7349378503204516 -0.6461662476435603
outer loop
vertex 10.818965911865234 31.226882934570312 -9.416497230529785
vertex 10.430532455444336 31.34429931640625 -9.406637191772461
vertex 10.743680000305176 32.00275421142578 -8.558008193969727
endloop
endfacet
facet normal 0.3296632306491047 0.6831110498430288 -0.6516758764449934
outer loop
vertex 10.402790069580078 32.27085494995117 -8.449420928955078
vertex 10.743680000305176 32.00275421142578 -8.558008193969727
vertex 10.430532455444336 31.34429931640625 -9.406637191772461
endloop
endfacet
facet normal 0.33372332515924985 0.6821436753023645 -0.6506218167950072
outer loop
vertex 10.430532455444336 31.34429931640625 -9.406637191772461
vertex 9.91685676574707 31.617483139038086 -9.383697509765625
vertex 10.402790069580078 32.27085494995117 -8.449420928955078
endloop
endfacet
facet normal 0.13273409747893497 0.7512718646060773 -0.6465077298979189
outer loop
vertex 8.392446517944336 32.62969207763672 -9.298699378967285
vertex 6.805196285247803 32.931968688964844 -9.273317337036133
vertex 6.84807014465332 33.67708206176758 -8.398658752441406
endloop
endfacet
facet normal 0.13273081078337798 0.7512697298810138 -0.6465108853169416
outer loop
vertex 8.392446517944336 32.62969207763672 -9.298699378967285
vertex 6.84807014465332 33.67708206176758 -8.398658752441406
vertex 7.828822135925293 33.58530044555664 -8.303960800170898
endloop
endfacet
facet normal 0.13273131403797067 0.7512698155392672 -0.6465106824588044
outer loop
vertex 8.392446517944336 32.62969207763672 -9.298699378967285
vertex 7.828822135925293 33.58530044555664 -8.303960800170898
vertex 8.70782470703125 33.329627990722656 -8.420598983764648
endloop
endfacet
facet normal -0.07227029879802363 0.7616661905740815 -0.6439267179175061
outer loop
vertex -6.7327189445495605 31.55098533630371 -9.389281272888184
vertex -6.814144134521484 32.26890563964844 -8.530953407287598
vertex 6.84807014465332 33.67708206176758 -8.398658752441406
endloop
endfacet
facet normal -0.072104625188176 0.7609892504767085 -0.6447451307961698
outer loop
vertex 6.805196285247803 32.931968688964844 -9.273317337036133
vertex -6.7327189445495605 31.55098533630371 -9.389281272888184
vertex 6.84807014465332 33.67708206176758 -8.398658752441406
endloop
endfacet
facet normal 0.1158112291319919 0.7570796840232183 -0.6429759803027181
outer loop
vertex -7.62393045425415 32.23053741455078 -8.64562702178955
vertex -7.797585487365723 31.63125228881836 -9.382540702819824
vertex -7.729928016662598 32.23078155517578 -8.66443157196045
endloop
endfacet
facet normal 0.17927252772371882 0.7468287757295318 -0.6403968617551755
outer loop
vertex -7.8914289474487305 32.24226760864258 -8.696247100830078
vertex -7.729928016662598 32.23078155517578 -8.66443157196045
vertex -7.797585487365723 31.63125228881836 -9.382540702819824
endloop
endfacet
facet normal 0.1586491713887581 0.748096827943358 -0.6443458515725436
outer loop
vertex -7.797585487365723 31.63125228881836 -9.382540702819824
vertex -7.9838385581970215 32.06938171386719 -8.919723510742188
vertex -7.8914289474487305 32.24226760864258 -8.696247100830078
endloop
endfacet
facet normal 0.16303751761464585 0.7484141638982333 -0.6428802432230769
outer loop
vertex -7.797585487365723 31.63125228881836 -9.382540702819824
vertex -8.108201026916504 31.9178466796875 -9.127673149108887
vertex -7.9838385581970215 32.06938171386719 -8.919723510742188
endloop
endfacet
facet normal 0.16534302399693362 0.7493832733025326 -0.6411601937970972
outer loop
vertex -7.797585487365723 31.63125228881836 -9.382540702819824
vertex -8.259737968444824 31.79348373413086 -9.312106132507324
vertex -8.108201026916504 31.9178466796875 -9.127673149108887
endloop
endfacet
facet normal 0.16646167807194107 0.7514113826598 -0.638491537722123
outer loop
vertex -7.797585487365723 31.63125228881836 -9.382540702819824
vertex -8.326981544494629 31.75754165649414 -9.371935844421387
vertex -8.259737968444824 31.79348373413086 -9.312106132507324
endloop
endfacet
facet normal -0.06948415954524303 0.7619489250780405 -0.6438988951261758
outer loop
vertex -6.7327189445495605 31.55098533630371 -9.389281272888184
vertex -7.038813591003418 32.24574661254883 -8.534113883972168
vertex -6.814144134521484 32.26890563964844 -8.530953407287598
endloop
endfacet
facet normal 0.06947886746321492 0.7619511802843971 -0.6438967975065905
outer loop
vertex -7.038813591003418 32.24574661254883 -8.534113883972168
vertex -7.038813591003418 31.520944595336914 -9.391803741455078
vertex -7.195853233337402 32.22956085205078 -8.570212364196777
endloop
endfacet
facet normal 0.06947792165534387 0.7619511418028186 -0.6438969450990081
outer loop
vertex -7.4796929359436035 32.23020935058594 -8.600071907043457
vertex -7.195853233337402 32.22956085205078 -8.570212364196777
vertex -7.038813591003418 31.520944595336914 -9.391803741455078
endloop
endfacet
facet normal 0.20575301874704602 0.7349382930782774 -0.6461666972567263
outer loop
vertex -7.4796929359436035 32.23020935058594 -8.600071907043457
vertex -7.6220316886901855 31.578184127807617 -9.38699722290039
vertex -7.62393045425415 32.23053741455078 -8.64562702178955
endloop
endfacet
facet normal -0.06947320788782546 0.7619514813405472 -0.6438970519180225
outer loop
vertex -6.7327189445495605 31.55098533630371 -9.389281272888184
vertex -7.038813591003418 31.520944595336914 -9.391803741455078
vertex -7.038813591003418 32.24574661254883 -8.534113883972168
endloop
endfacet
facet normal 0.0694744833307069 0.7619503993698071 -0.6438981946442486
outer loop
vertex -7.6220316886901855 31.578184127807617 -9.38699722290039
vertex -7.4796929359436035 32.23020935058594 -8.600071907043457
vertex -7.038813591003418 31.520944595336914 -9.391803741455078
endloop
endfacet
facet normal 0.20576090347012224 0.7349370585055236 -0.6461655907260981
outer loop
vertex -7.6220316886901855 31.578184127807617 -9.38699722290039
vertex -7.797585487365723 31.63125228881836 -9.382540702819824
vertex -7.62393045425415 32.23053741455078 -8.64562702178955
endloop
endfacet
facet normal 0.49550075438051755 0.5618606051489594 -0.6624135134415535
outer loop
vertex -10.235057830810547 33.97916030883789 -8.320637702941895
vertex -9.54085636138916 33.30958938598633 -8.369290351867676
vertex -9.646778106689453 33.18052291870117 -8.55799674987793
endloop
endfacet
facet normal 0.4955004373887655 0.5618604749465688 -0.6624138609965514
outer loop
vertex -9.739188194274902 33.00763702392578 -8.773763656616211
vertex -10.235057830810547 33.97916030883789 -8.320637702941895
vertex -9.646778106689453 33.18052291870117 -8.55799674987793
endloop
endfacet
facet normal 0.49580966088872697 0.5625972965488618 -0.6615565448888836
outer loop
vertex -10.235057830810547 33.97916030883789 -8.320637702941895
vertex -9.976821899414062 32.598388671875 -9.301328659057617
vertex -10.32443618774414 34.037410736083984 -8.338086128234863
endloop
endfacet
facet normal 0.49549401748751093 0.561859731920529 -0.662419293408848
outer loop
vertex -9.796093940734863 32.82004165649414 -8.975446701049805
vertex -10.235057830810547 33.97916030883789 -8.320637702941895
vertex -9.739188194274902 33.00763702392578 -8.773763656616211
endloop
endfacet
facet normal 0.49435255557416774 0.5628378584358105 -0.6624417679378919
outer loop
vertex -9.976821899414062 32.598388671875 -9.301328659057617
vertex -10.824529647827148 33.42460632324219 -9.231948852539062
vertex -10.32443618774414 34.037410736083984 -8.338086128234863
endloop
endfacet
facet normal 0.4998385119508176 0.5617225963655248 -0.6592641251449726
outer loop
vertex -9.796093940734863 32.82004165649414 -8.975446701049805
vertex -9.976821899414062 32.598388671875 -9.301328659057617
vertex -10.235057830810547 33.97916030883789 -8.320637702941895
endloop
endfacet
facet normal 0.4700340339051429 0.5865143353501089 -0.6595975601832368
outer loop
vertex -9.802563667297363 32.75434875488281 -9.038471221923828
vertex -9.976821899414062 32.598388671875 -9.301328659057617
vertex -9.796093940734863 32.82004165649414 -8.975446701049805
endloop
endfacet
facet normal 0.4496656962912185 0.6050223442533191 -0.6570758894778835
outer loop
vertex -9.815308570861816 32.62495422363281 -9.166337013244629
vertex -9.976821899414062 32.598388671875 -9.301328659057617
vertex -9.802563667297363 32.75434875488281 -9.038471221923828
endloop
endfacet
facet normal 0.4496665111703738 0.6050209728566154 -0.6570765945728845
outer loop
vertex -9.798314094543457 32.4524040222168 -9.313587188720703
vertex -9.976821899414062 32.598388671875 -9.301328659057617
vertex -9.815308570861816 32.62495422363281 -9.166337013244629
endloop
endfacet
facet normal 0.32914978590019983 0.6828110551987159 -0.6522495544960294
outer loop
vertex -11.972172737121582 34.88954162597656 -8.277517318725586
vertex -10.824529647827148 33.42460632324219 -9.231948852539062
vertex -12.016371726989746 34.898414611816406 -8.290533065795898
endloop
endfacet
facet normal 0.3291410240864137 0.6828075774288602 -0.6522576166432078
outer loop
vertex -10.32443618774414 34.037410736083984 -8.338086128234863
vertex -10.824529647827148 33.42460632324219 -9.231948852539062
vertex -11.06029987335205 34.51700210571289 -8.207362174987793
endloop
endfacet
facet normal 0.3291382515923377 0.6828079376046733 -0.6522586386417518
outer loop
vertex -10.824529647827148 33.42460632324219 -9.231948852539062
vertex -11.972172737121582 34.88954162597656 -8.277517318725586
vertex -11.06029987335205 34.51700210571289 -8.207362174987793
endloop
endfacet
facet normal 0.32913968415253414 0.6828081110127494 -0.6522577342210447
outer loop
vertex -10.824529647827148 33.42460632324219 -9.231948852539062
vertex -12.222527503967285 34.157264709472656 -9.170426368713379
vertex -12.016371726989746 34.898414611816406 -8.290533065795898
endloop
endfacet
facet normal 0.009185108231412916 0.7637373845036937 -0.6454617272141194
outer loop
vertex -12.016371726989746 34.898414611816406 -8.290533065795898
vertex -12.222527503967285 34.157264709472656 -9.170426368713379
vertex -12.937943458557129 35.08340835571289 -8.084754943847656
endloop
endfacet
facet normal 0.009295716505500084 0.7637723993256479 -0.6454187103601756
outer loop
vertex -29.7633056640625 35.11188507080078 -8.29338550567627
vertex -12.937943458557129 35.08340835571289 -8.084754943847656
vertex -12.222527503967285 34.157264709472656 -9.170426368713379
endloop
endfacet
facet normal 0.00933513203678382 0.7641190430769971 -0.6450077079515797
outer loop
vertex -29.773609161376953 34.38804244995117 -9.151046752929688
vertex -29.7633056640625 35.11188507080078 -8.29338550567627
vertex -12.222527503967285 34.157264709472656 -9.170426368713379
endloop
endfacet
facet normal 0.1299911327092383 0.7543131160871435 -0.6435169215458697
outer loop
vertex -30.313304901123047 35.17738342285156 -8.308048248291016
vertex -30.51540184020996 34.501136779785156 -9.141550064086914
vertex -30.431453704833984 35.19883346557617 -8.306771278381348
endloop
endfacet
facet normal 0.22022557573964216 0.7374458590201886 -0.638493775070767
outer loop
vertex -30.51540184020996 34.501136779785156 -9.141550064086914
vertex -30.628963470458984 35.270782470703125 -8.29179573059082
vertex -30.431453704833984 35.19883346557617 -8.306771278381348
endloop
endfacet
facet normal 0.18585340826647817 0.7404967956586685 -0.6458506067621039
outer loop
vertex -30.833248138427734 34.587215423583984 -9.134322166442871
vertex -30.628963470458984 35.270782470703125 -8.29179573059082
vertex -30.51540184020996 34.501136779785156 -9.141550064086914
endloop
endfacet
facet normal 0.0694750491802163 0.7619491334389501 -0.6438996316143064
outer loop
vertex -29.7633056640625 35.11188507080078 -8.29338550567627
vertex -30.318038940429688 34.44147491455078 -9.146559715270996
vertex -30.014503479003906 35.12312698364258 -8.307186126708984
endloop
endfacet
facet normal 0.06947017499523718 0.7619502803093252 -0.643898800373686
outer loop
vertex -30.318038940429688 34.44147491455078 -9.146559715270996
vertex -30.163331985473633 35.150150299072266 -8.291265487670898
vertex -30.014503479003906 35.12312698364258 -8.307186126708984
endloop
endfacet
facet normal 0.20576407018169546 0.7349346213952586 -0.6461673542487817
outer loop
vertex -30.313304901123047 35.17738342285156 -8.308048248291016
vertex -30.163331985473633 35.150150299072266 -8.291265487670898
vertex -30.318038940429688 34.44147491455078 -9.146559715270996
endloop
endfacet
facet normal 0.06947387107007941 0.7619495870022446 -0.6438992220104376
outer loop
vertex -29.773609161376953 34.38804244995117 -9.151046752929688
vertex -30.318038940429688 34.44147491455078 -9.146559715270996
vertex -29.7633056640625 35.11188507080078 -8.29338550567627
endloop
endfacet
facet normal 0.20576554257416885 0.7349343845828209 -0.6461671547262582
outer loop
vertex -30.318038940429688 34.44147491455078 -9.146559715270996
vertex -30.51540184020996 34.501136779785156 -9.141550064086914
vertex -30.313304901123047 35.17738342285156 -8.308048248291016
endloop
endfacet
facet normal 0.3554561432738584 0.6698914969028307 -0.6518407110530601
outer loop
vertex -46.48872756958008 44.37641906738281 -7.501740455627441
vertex -31.545955657958984 34.88311004638672 -9.109475135803223
vertex -46.89219284057617 43.75065612792969 -8.364846229553223
endloop
endfacet
facet normal 0.3554561458960638 0.669891500212137 -0.651840706222194
outer loop
vertex -31.135229110717773 35.52013397216797 -8.230836868286133
vertex -31.545955657958984 34.88311004638672 -9.109475135803223
vertex -46.48872756958008 44.37641906738281 -7.501740455627441
endloop
endfacet
facet normal 0.20575988048251356 0.734936414327992 -0.6461666491537117
outer loop
vertex -30.628963470458984 35.270782470703125 -8.29179573059082
vertex -31.19668960571289 34.697078704833984 -9.125096321105957
vertex -30.829627990722656 35.34387969970703 -8.272554397583008
endloop
endfacet
facet normal 0.3341335449889786 0.6819496808689995 -0.6506146377662956
outer loop
vertex -30.886070251464844 35.37643051147461 -8.253501892089844
vertex -31.19668960571289 34.697078704833984 -9.125096321105957
vertex -31.135229110717773 35.52013397216797 -8.230836868286133
endloop
endfacet
facet normal 0.20573383948934826 0.7349467007513504 -0.646163241250751
outer loop
vertex -31.19668960571289 34.697078704833984 -9.125096321105957
vertex -30.886070251464844 35.37643051147461 -8.253501892089844
vertex -30.829627990722656 35.34387969970703 -8.272554397583008
endloop
endfacet
facet normal 0.2057585192148566 0.7349371596779856 -0.646166234876881
outer loop
vertex -30.833248138427734 34.587215423583984 -9.134322166442871
vertex -31.19668960571289 34.697078704833984 -9.125096321105957
vertex -30.628963470458984 35.270782470703125 -8.29179573059082
endloop
endfacet
facet normal 0.3341313959904939 0.6819503165408026 -0.6506150751276385
outer loop
vertex -31.19668960571289 34.697078704833984 -9.125096321105957
vertex -31.545955657958984 34.88311004638672 -9.109475135803223
vertex -31.135229110717773 35.52013397216797 -8.230836868286133
endloop
endfacet
facet normal 0.5393743565851666 0.5148126277097049 -0.666365711759666
outer loop
vertex -60.564208984375 60.88212966918945 -5.999649524688721
vertex -61.72364807128906 60.89934539794922 -6.924830436706543
vertex -61.07297134399414 61.40872573852539 -6.004624366760254
endloop
endfacet
facet normal 0.5393774458865324 0.5148090948249967 -0.6663659405719867
outer loop
vertex -61.72364807128906 60.89934539794922 -6.924830436706543
vertex -61.16707992553711 61.47856140136719 -6.026846408843994
vertex -61.07297134399414 61.40872573852539 -6.004624366760254
endloop
endfacet
facet normal 0.5393749658322925 0.5148131147169462 -0.6663648423715417
outer loop
vertex -48.36859130859375 46.34843063354492 -7.3564558029174805
vertex -47.67924880981445 44.3905029296875 -8.311117172241211
vertex -60.564208984375 60.88212966918945 -5.999649524688721
endloop
endfacet
facet normal 0.5393743206768816 0.5148127259450267 -0.6663656649313524
outer loop
vertex -47.67924880981445 44.3905029296875 -8.311117172241211
vertex -61.72364807128906 60.89934539794922 -6.924830436706543
vertex -60.564208984375 60.88212966918945 -5.999649524688721
endloop
endfacet
facet normal 0.533584841147602 0.5149778967333996 -0.6708837329772814
outer loop
vertex -47.06400680541992 44.84360885620117 -7.473977565765381
vertex -47.67924880981445 44.3905029296875 -8.311117172241211
vertex -48.36859130859375 46.34843063354492 -7.3564558029174805
endloop
endfacet
facet normal 0.4496657755430213 0.6050224254879114 -0.6570757604432064
outer loop
vertex -46.7010612487793 44.51490020751953 -7.490355968475342
vertex -47.51278305053711 44.21038818359375 -8.326241493225098
vertex -46.93437194824219 44.71832275390625 -7.462713241577148
endloop
endfacet
facet normal 0.5479028019025404 0.5071289767064913 -0.6652989708784861
outer loop
vertex -47.020469665527344 44.793392181396484 -7.476400852203369
vertex -47.51278305053711 44.21038818359375 -8.326241493225098
vertex -47.06400680541992 44.84360885620117 -7.473977565765381
endloop
endfacet
facet normal 0.5479218959580349 0.507110481211412 -0.665297343881127
outer loop
vertex -47.020469665527344 44.793392181396484 -7.476400852203369
vertex -46.93437194824219 44.71832275390625 -7.462713241577148
vertex -47.51278305053711 44.21038818359375 -8.326241493225098
endloop
endfacet
facet normal 0.33413580400167014 0.6819478640987214 -0.6506153818773034
outer loop
vertex -46.48872756958008 44.37641906738281 -7.501740455627441
vertex -46.89219284057617 43.75065612792969 -8.364846229553223
vertex -46.60369110107422 44.45139694213867 -7.482193470001221
endloop
endfacet
facet normal 0.44966773237872965 0.6050214415454737 -0.657075327285699
outer loop
vertex -46.60369110107422 44.45139694213867 -7.482193470001221
vertex -47.05976867675781 43.83991241455078 -8.357351303100586
vertex -46.7010612487793 44.51490020751953 -7.490355968475342
endloop
endfacet
facet normal 0.33412971280128156 0.6819506431436634 -0.6506155972148816
outer loop
vertex -46.89219284057617 43.75065612792969 -8.364846229553223
vertex -47.05976867675781 43.83991241455078 -8.357351303100586
vertex -46.60369110107422 44.45139694213867 -7.482193470001221
endloop
endfacet
facet normal 0.44966533856183266 0.6050229884057765 -0.6570755411644966
outer loop
vertex -47.05976867675781 43.83991241455078 -8.357351303100586
vertex -47.51278305053711 44.21038818359375 -8.326241493225098
vertex -46.7010612487793 44.51490020751953 -7.490355968475342
endloop
endfacet
facet normal 0.517002837343057 0.5340003392810468 -0.6689930521514819
outer loop
vertex -47.51278305053711 44.21038818359375 -8.326241493225098
vertex -47.67924880981445 44.3905029296875 -8.311117172241211
vertex -47.06400680541992 44.84360885620117 -7.473977565765381
endloop
endfacet
facet normal 0.36663151804905886 0.6616825019281303 -0.654031800920393
outer loop
vertex -61.86400604248047 61.995723724365234 -5.894307613372803
vertex -61.72364807128906 60.89934539794922 -6.924830436706543
vertex -62.75155258178711 62.42299270629883 -5.959573745727539
endloop
endfacet
facet normal 0.3666283325586716 0.6616831532182776 -0.6540329276973489
outer loop
vertex -61.72364807128906 60.89934539794922 -6.924830436706543
vertex -61.86400604248047 61.995723724365234 -5.894307613372803
vertex -61.16707992553711 61.47856140136719 -6.026846408843994
endloop
endfacet
facet normal 0.3666197641268458 0.6616802132741292 -0.6540407050888185
outer loop
vertex -61.72364807128906 60.89934539794922 -6.924830436706543
vertex -62.81328582763672 62.4393424987793 -5.97763729095459
vertex -62.75155258178711 62.42299270629883 -5.959573745727539
endloop
endfacet
facet normal 0.36663099253617354 0.6616827242587312 -0.6540318705762618
outer loop
vertex -61.72364807128906 60.89934539794922 -6.924830436706543
vertex -63.101661682128906 61.731998443603516 -6.854910850524902
vertex -62.81328582763672 62.4393424987793 -5.97763729095459
endloop
endfacet
facet normal 0.11586967014709085 0.7542721461987592 -0.6462567206681273
outer loop
vertex -63.101661682128906 61.731998443603516 -6.854910850524902
vertex -63.703758239746094 62.67518997192383 -5.862026214599609
vertex -62.81328582763672 62.4393424987793 -5.97763729095459
endloop
endfacet
facet normal 0.11587243891517668 0.7542727047874499 -0.6462555722873677
outer loop
vertex -63.101661682128906 61.731998443603516 -6.854910850524902
vertex -64.68169403076172 62.742942810058594 -5.958291053771973
vertex -63.703758239746094 62.67518997192383 -5.862026214599609
endloop
endfacet
facet normal 0.11587140605881018 0.7542719922939995 -0.6462565890563864
outer loop
vertex -63.101661682128906 61.731998443603516 -6.854910850524902
vertex -64.66045379638672 61.99002456665039 -6.8332438468933105
vertex -64.68169403076172 62.742942810058594 -5.958291053771973
endloop
endfacet
facet normal -0.15167453970513206 0.7473896096659004 -0.6468412520616548
outer loop
vertex -66.52525329589844 62.34870529174805 -5.9815239906311035
vertex -65.66432189941406 62.62479019165039 -5.86439847946167
vertex -64.68169403076172 62.742942810058594 -5.958291053771973
endloop
endfacet
facet normal -0.15167588782280284 0.7473954944807037 -0.6468341363001099
outer loop
vertex -64.68169403076172 62.742942810058594 -5.958291053771973
vertex -64.66045379638672 61.99002456665039 -6.8332438468933105
vertex -66.52525329589844 62.34870529174805 -5.9815239906311035
endloop
endfacet
facet normal -0.15167565354093773 0.7473958546786302 -0.6468337750397154
outer loop
vertex -64.66045379638672 61.99002456665039 -6.8332438468933105
vertex -66.15580749511719 61.662776947021484 -6.860723495483398
vertex -66.52525329589844 62.34870529174805 -5.9815239906311035
endloop
endfacet
facet normal -0.45106227610530225 0.601815778555827 -0.6590603855155823
outer loop
vertex -66.52525329589844 62.34870529174805 -5.9815239906311035
vertex -66.15580749511719 61.662776947021484 -6.860723495483398
vertex -66.60231018066406 62.323997497558594 -5.951347827911377
endloop
endfacet
facet normal -0.45108022174013473 0.6018029185640436 -0.6590598461161703
outer loop
vertex -67.46673583984375 61.851688385009766 -5.790985584259033
vertex -66.60231018066406 62.323997497558594 -5.951347827911377
vertex -66.15580749511719 61.662776947021484 -6.860723495483398
endloop
endfacet
facet normal -0.4510807959901043 0.601801912103653 -0.6590603721035888
outer loop
vertex -66.15580749511719 61.662776947021484 -6.860723495483398
vertex -82.4439468383789 49.32141876220703 -6.981783866882324
vertex -67.46673583984375 61.851688385009766 -5.790985584259033
endloop
endfacet
facet normal -0.45108611337678406 0.6018088323108308 -0.6590504136037707
outer loop
vertex -66.15580749511719 61.662776947021484 -6.860723495483398
vertex -82.86829376220703 48.91144561767578 -7.065705299377441
vertex -82.4439468383789 49.32141876220703 -6.981783866882324
endloop
endfacet
facet normal -0.45107927635497985 0.6018000751625433 -0.6590630895274178
outer loop
vertex -82.86829376220703 48.91144561767578 -7.065705299377441
vertex -66.15580749511719 61.662776947021484 -6.860723495483398
vertex -82.1722412109375 48.44182586669922 -7.970917701721191
endloop
endfacet
facet normal -0.6375480813389535 0.3639242021957133 -0.6790372736729796
outer loop
vertex -82.1722412109375 48.44182586669922 -7.970917701721191
vertex -82.97054290771484 48.81265640258789 -7.022648811340332
vertex -82.86829376220703 48.91144561767578 -7.065705299377441
endloop
endfacet
facet normal -0.6375425560737215 0.3639348160020963 -0.679036772860282
outer loop
vertex -82.1722412109375 48.44182586669922 -7.970917701721191
vertex -83.55754089355469 48.02162551879883 -6.895479679107666
vertex -82.97054290771484 48.81265640258789 -7.022648811340332
endloop
endfacet
facet normal -0.6375427906518586 0.363931218865217 -0.6790384805172074
outer loop
vertex -82.1722412109375 48.44182586669922 -7.970917701721191
vertex -83.98480224609375 47.13407897949219 -6.9700093269348145
vertex -83.55754089355469 48.02162551879883 -6.895479679107666
endloop
endfacet
facet normal -0.6375437031534604 0.36393447501135934 -0.6790358786305616
outer loop
vertex -82.1722412109375 48.44182586669922 -7.970917701721191
vertex -84.19404602050781 46.344058990478516 -7.1969685554504395
vertex -83.98480224609375 47.13407897949219 -6.9700093269348145
endloop
endfacet
facet normal -0.6375444718185012 0.3639357303266733 -0.6790344841355697
outer loop
vertex -82.1722412109375 48.44182586669922 -7.970917701721191
vertex -83.24174499511719 46.220184326171875 -8.157474517822266
vertex -84.19404602050781 46.344058990478516 -7.1969685554504395
endloop
endfacet
facet normal -0.7068735103186495 0.041129137272365064 -0.7061432110252289
outer loop
vertex -84.23700714111328 46.1818733215332 -7.163414478302002
vertex -83.24174499511719 46.220184326171875 -8.157474517822266
vertex -84.30508422851562 45.19919204711914 -7.15250301361084
endloop
endfacet
facet normal -0.7068732938791763 0.04115111269167919 -0.7061421473928888
outer loop
vertex -83.24174499511719 46.220184326171875 -8.157474517822266
vertex -84.23700714111328 46.1818733215332 -7.163414478302002
vertex -84.19404602050781 46.344058990478516 -7.1969685554504395
endloop
endfacet
facet normal -0.7068742223278934 0.04113066814325627 -0.7061424091119476
outer loop
vertex -83.24174499511719 46.220184326171875 -8.157474517822266
vertex -84.18659973144531 44.38824462890625 -7.318345546722412
vertex -84.30508422851562 45.19919204711914 -7.15250301361084
endloop
endfacet
facet normal -0.7068777608821994 0.04113421026367171 -0.7061386605449047
outer loop
vertex -83.24174499511719 46.220184326171875 -8.157474517822266
vertex -83.20230102539062 44.68498992919922 -8.286388397216797
vertex -84.18659973144531 44.38824462890625 -7.318345546722412
endloop
endfacet
facet normal -0.6502070112218179 -0.21776557743836744 -0.7278797949118558
outer loop
vertex -83.20230102539062 44.68498992919922 -8.286388397216797
vertex -84.18659973144531 44.22130584716797 -7.268401145935059
vertex -84.18659973144531 44.38824462890625 -7.318345546722412
endloop
endfacet
facet normal -0.650207200425914 -0.21776511106592225 -0.7278797654260916
outer loop
vertex -83.88581085205078 43.28331756591797 -7.256467819213867
vertex -84.18659973144531 44.22130584716797 -7.268401145935059
vertex -83.20230102539062 44.68498992919922 -8.286388397216797
endloop
endfacet
facet normal -0.6502016988359497 -0.21777027067089574 -0.72788313625387
outer loop
vertex -83.20230102539062 44.68498992919922 -8.286388397216797
vertex -83.48194885253906 42.54417419433594 -7.396089553833008
vertex -83.88581085205078 43.28331756591797 -7.256467819213867
endloop
endfacet
facet normal -0.6502393907629803 -0.217753438598004 -0.7278545010363907
outer loop
vertex -83.20230102539062 44.68498992919922 -8.286388397216797
vertex -83.41350555419922 42.58583450317383 -7.469697952270508
vertex -83.48194885253906 42.54417419433594 -7.396089553833008
endloop
endfacet
facet normal -0.6502012338042125 -0.21776875632916834 -0.7278840047193832
outer loop
vertex -83.20230102539062 44.68498992919922 -8.286388397216797
vertex -82.56072235107422 43.18922424316406 -8.411991119384766
vertex -83.41350555419922 42.58583450317383 -7.469697952270508
endloop
endfacet
facet normal -0.5429306550486123 -0.39226270524006474 -0.7425336853545642
outer loop
vertex -70.69140625 27.392292022705078 -8.745535850524902
vertex -82.56072235107422 43.18922424316406 -8.411991119384766
vertex -70.01332092285156 28.20430564880371 -9.670310020446777
endloop
endfacet
facet normal -0.5546715490659799 -0.3886584215029756 -0.7357201261699734
outer loop
vertex -83.41350555419922 42.58583450317383 -7.469697952270508
vertex -83.41350555419922 42.41889572143555 -7.381509304046631
vertex -83.48194885253906 42.54417419433594 -7.396089553833008
endloop
endfacet
facet normal -0.5429299870896382 -0.39225908465531817 -0.7425360864121132
outer loop
vertex -83.41350555419922 42.58583450317383 -7.469697952270508
vertex -82.56072235107422 43.18922424316406 -8.411991119384766
vertex -83.41350555419922 42.41889572143555 -7.381509304046631
endloop
endfacet
facet normal -0.5429283636115353 -0.3922610681595983 -0.7425362256431612
outer loop
vertex -82.56072235107422 43.18922424316406 -8.411991119384766
vertex -70.76541900634766 27.313749313354492 -8.649924278259277
vertex -83.41350555419922 42.41889572143555 -7.381509304046631
endloop
endfacet
facet normal -0.5429373894606622 -0.39226792748729544 -0.7425260023665591
outer loop
vertex -70.69140625 27.392292022705078 -8.745535850524902
vertex -70.76541900634766 27.313749313354492 -8.649924278259277
vertex -82.56072235107422 43.18922424316406 -8.411991119384766
endloop
endfacet
facet normal -0.42355405584056266 -0.5112241829004174 -0.7478313958365281
outer loop
vertex -70.69140625 27.392292022705078 -8.745535850524902
vertex -70.69140625 27.22535514831543 -8.631416320800781
vertex -70.76541900634766 27.313749313354492 -8.649924278259277
endloop
endfacet
facet normal -0.4064343421231716 -0.5153288627745534 -0.7544847836334343
outer loop
vertex -69.85932159423828 26.506938934326172 -8.593931198120117
vertex -70.01332092285156 28.20430564880371 -9.670310020446777
vertex -69.04451751708984 26.04912757873535 -8.72016429901123
endloop
endfacet
facet normal -0.41041165839531213 -0.5146269980419258 -0.7528089555388972
outer loop
vertex -70.69140625 27.22535514831543 -8.631416320800781
vertex -70.01332092285156 28.20430564880371 -9.670310020446777
vertex -69.85932159423828 26.506938934326172 -8.593931198120117
endloop
endfacet
facet normal -0.43343202503138745 -0.5194873712817024 -0.736389537375442
outer loop
vertex -69.00055694580078 26.191364288330078 -8.846380233764648
vertex -69.04451751708984 26.04912757873535 -8.72016429901123
vertex -70.01332092285156 28.20430564880371 -9.670310020446777
endloop
endfacet
facet normal -0.41041181527913345 -0.5146268824592999 -0.7528089490232621
outer loop
vertex -70.69140625 27.392292022705078 -8.745535850524902
vertex -70.01332092285156 28.20430564880371 -9.670310020446777
vertex -70.69140625 27.22535514831543 -8.631416320800781
endloop
endfacet
facet normal -0.4104110760516324 -0.5146260539184219 -0.7528099184272845
outer loop
vertex -70.01332092285156 28.20430564880371 -9.670310020446777
vertex -68.5872802734375 27.19146156311035 -9.75536060333252
vertex -69.00055694580078 26.191364288330078 -8.846380233764648
endloop
endfacet
facet normal -0.1572743170941878 -0.626294521156343 -0.763557438541531
outer loop
vertex -67.03366088867188 25.5726375579834 -8.747556686401367
vertex -68.5872802734375 27.19146156311035 -9.75536060333252
vertex -66.7786865234375 26.779468536376953 -9.789957046508789
endloop
endfacet
facet normal -0.16056122918418222 -0.6280986498192783 -0.7613883225910837
outer loop
vertex -68.06620025634766 25.712547302246094 -8.645232200622559
vertex -68.5872802734375 27.19146156311035 -9.75536060333252
vertex -67.03366088867188 25.5726375579834 -8.747556686401367
endloop
endfacet
facet normal -0.15757961927567593 -0.6277383359510988 -0.7623078414697559
outer loop
vertex -69.00055694580078 26.02442741394043 -8.708911895751953
vertex -68.5872802734375 27.19146156311035 -9.75536060333252
vertex -68.06620025634766 25.712547302246094 -8.645232200622559
endloop
endfacet
facet normal -0.15757079691793213 -0.6277410738029618 -0.7623074105761746
outer loop
vertex -69.00055694580078 26.191364288330078 -8.846380233764648
vertex -68.5872802734375 27.19146156311035 -9.75536060333252
vertex -69.00055694580078 26.02442741394043 -8.708911895751953
endloop
endfacet
facet normal -0.15758444663661145 -0.6277396892222034 -0.762305729188391
outer loop
vertex -69.04451751708984 26.04912757873535 -8.72016429901123
vertex -69.00055694580078 26.191364288330078 -8.846380233764648
vertex -69.00055694580078 26.02442741394043 -8.708911895751953
endloop
endfacet
facet normal -0.4808679251371569 -0.46177390888919617 -0.7453394499444385
outer loop
vertex -65.8283920288086 25.083309173583984 -8.94848346710205
vertex -65.1716079711914 25.879545211791992 -9.865525245666504
vertex -65.76239013671875 25.02381706237793 -8.954207420349121
endloop
endfacet
facet normal -0.36909561633915006 -0.5460773249701321 -0.7520425394568366
outer loop
vertex -66.2606201171875 25.340600967407227 -8.881625175476074
vertex -65.64220428466797 26.23634910583496 -9.835563659667969
vertex -66.18656158447266 25.309797286987305 -8.895605087280273
endloop
endfacet
facet normal -0.4302222320426178 -0.5057840059021712 -0.7477241272219457
outer loop
vertex -65.64220428466797 26.23634910583496 -9.835563659667969
vertex -65.8283920288086 25.083309173583984 -8.94848346710205
vertex -66.18656158447266 25.309797286987305 -8.895605087280273
endloop
endfacet
facet normal -0.4308780590484237 -0.5055232299435889 -0.7475228171889233
outer loop
vertex -65.1716079711914 25.879545211791992 -9.865525245666504
vertex -65.8283920288086 25.083309173583984 -8.94848346710205
vertex -65.64220428466797 26.23634910583496 -9.835563659667969
endloop
endfacet
facet normal -0.21486289986131385 -0.612207597917663 -0.7609440132592358
outer loop
vertex -66.30086517333984 26.62761878967285 -9.80270767211914
vertex -66.99097442626953 25.566852569580078 -8.754420280456543
vertex -66.7786865234375 26.779468536376953 -9.789957046508789
endloop
endfacet
facet normal -0.20575483066164224 -0.6168859114641778 -0.7596819873449742
outer loop
vertex -66.30086517333984 26.62761878967285 -9.80270767211914
vertex -66.72794342041016 25.506805419921875 -8.776900291442871
vertex -66.99097442626953 25.566852569580078 -8.754420280456543
endloop
endfacet
facet normal -0.3341358434425773 -0.563894763327093 -0.7552323708761426
outer loop
vertex -66.30086517333984 26.62761878967285 -9.80270767211914
vertex -66.57783508300781 25.472536087036133 -8.81772518157959
vertex -66.72794342041016 25.506805419921875 -8.776900291442871
endloop
endfacet
facet normal -0.20573947134043777 -0.6144288476826323 -0.7616747738161938
outer loop
vertex -67.03366088867188 25.5726375579834 -8.747556686401367
vertex -66.7786865234375 26.779468536376953 -9.789957046508789
vertex -66.99097442626953 25.566852569580078 -8.754420280456543
endloop
endfacet
facet normal -0.44965748862385 -0.4869760923498934 -0.7487739501372362
outer loop
vertex -66.37198638916016 25.386919021606445 -8.844870567321777
vertex -65.78402709960938 26.352331161499023 -9.825824737548828
vertex -66.2606201171875 25.340600967407227 -8.881625175476074
endloop
endfacet
facet normal -0.3341303255711139 -0.5638968436322247 -0.755233258851433
outer loop
vertex -66.30086517333984 26.62761878967285 -9.80270767211914
vertex -66.37198638916016 25.386919021606445 -8.844870567321777
vertex -66.57783508300781 25.472536087036133 -8.81772518157959
endloop
endfacet
facet normal -0.33413256652111983 -0.563896276610336 -0.7552326907748425
outer loop
vertex -65.78402709960938 26.352331161499023 -9.825824737548828
vertex -66.37198638916016 25.386919021606445 -8.844870567321777
vertex -66.30086517333984 26.62761878967285 -9.80270767211914
endloop
endfacet
facet normal -0.4496622976788842 -0.48697300539041 -0.7487730698063186
outer loop
vertex -65.78402709960938 26.352331161499023 -9.825824737548828
vertex -65.64220428466797 26.23634910583496 -9.835563659667969
vertex -66.2606201171875 25.340600967407227 -8.881625175476074
endloop
endfacet
facet normal -0.6808734685308767 -0.14944035947982984 -0.7169929558993398
outer loop
vertex -64.81140899658203 23.10347557067871 -9.07596206665039
vertex -64.13030242919922 24.38898468017578 -9.990691184997559
vertex -64.58161163330078 22.303857803344727 -9.127521514892578
endloop
endfacet
facet normal -0.6740100982697206 -0.1532667462753302 -0.7226476955727564
outer loop
vertex -64.13030242919922 24.38898468017578 -9.990691184997559
vertex -64.53933715820312 22.323694229125977 -9.171157836914062
vertex -64.58161163330078 22.303857803344727 -9.127521514892578
endloop
endfacet
facet normal -0.6717956657295103 -0.16665447734049266 -0.7217457091589885
outer loop
vertex -64.13030242919922 24.38898468017578 -9.990691184997559
vertex -64.91240692138672 23.693260192871094 -9.102067947387695
vertex -65.02872467041016 24.034997940063477 -9.072709083557129
endloop
endfacet
facet normal -0.6818041954580113 -0.14846224396751648 -0.7163113856221911
outer loop
vertex -64.13030242919922 24.38898468017578 -9.990691184997559
vertex -64.81140899658203 23.10347557067871 -9.07596206665039
vertex -64.91240692138672 23.693260192871094 -9.102067947387695
endloop
endfacet
facet normal -0.6737324449412402 -0.15341221323138507 -0.7228757054051181
outer loop
vertex -64.13030242919922 24.38898468017578 -9.990691184997559
vertex -63.63216781616211 22.821550369262695 -10.122312545776367
vertex -64.53933715820312 22.323694229125977 -9.171157836914062
endloop
endfacet
facet normal -0.5479135125541398 -0.38906671443618884 -0.7405524117025166
outer loop
vertex -65.56185913085938 24.84305763244629 -8.957077980041504
vertex -64.86041259765625 25.625049591064453 -9.886896133422852
vertex -65.51362609863281 24.79958152770996 -8.96992301940918
endloop
endfacet
facet normal -0.44967078687087536 -0.4869651190457676 -0.7487731006571143
outer loop
vertex -65.76239013671875 25.02381706237793 -8.954207420349121
vertex -64.86041259765625 25.625049591064453 -9.886896133422852
vertex -65.56185913085938 24.84305763244629 -8.957077980041504
endloop
endfacet
facet normal -0.6251172138006077 -0.27393151820894474 -0.7308830223379853
outer loop
vertex -65.31138610839844 24.54300308227539 -8.984755516052246
vertex -64.48863220214844 25.17362403869629 -9.924802780151367
vertex -65.25129699707031 24.466766357421875 -9.007575988769531
endloop
endfacet
facet normal -0.6251205698977836 -0.2739265759908005 -0.73088200419536
outer loop
vertex -64.48863220214844 25.17362403869629 -9.924802780151367
vertex -65.11001586914062 24.206783294677734 -9.030974388122559
vertex -65.25129699707031 24.466766357421875 -9.007575988769531
endloop
endfacet
facet normal -0.6782913112694002 -0.14599943422599382 -0.7201423902688462
outer loop
vertex -65.11001586914062 24.206783294677734 -9.030974388122559
vertex -64.21237182617188 24.65859603881836 -9.968050956726074
vertex -65.04895782470703 24.09442710876465 -9.065705299377441
endloop
endfacet
facet normal -0.678276506397906 -0.14605509216474297 -0.7201450485293917
outer loop
vertex -65.04895782470703 24.09442710876465 -9.065705299377441
vertex -64.13030242919922 24.38898468017578 -9.990691184997559
vertex -65.02872467041016 24.034997940063477 -9.072709083557129
endloop
endfacet
facet normal -0.5479142636362125 -0.38906594931462885 -0.7405522579723146
outer loop
vertex -64.86041259765625 25.625049591064453 -9.886896133422852
vertex -65.31138610839844 24.54300308227539 -8.984755516052246
vertex -65.51362609863281 24.79958152770996 -8.96992301940918
endloop
endfacet
facet normal -0.6782917887750132 -0.14599835632218933 -0.7201421590433459
outer loop
vertex -64.21237182617188 24.65859603881836 -9.968050956726074
vertex -64.13030242919922 24.38898468017578 -9.990691184997559
vertex -65.04895782470703 24.09442710876465 -9.065705299377441
endloop
endfacet
facet normal -0.44966585845559365 -0.48697108505256725 -0.7487721803473466
outer loop
vertex -65.1716079711914 25.879545211791992 -9.865525245666504
vertex -64.86041259765625 25.625049591064453 -9.886896133422852
vertex -65.76239013671875 25.02381706237793 -8.954207420349121
endloop
endfacet
facet normal -0.5479176189714867 -0.3890635375246394 -0.7405510425280827
outer loop
vertex -64.86041259765625 25.625049591064453 -9.886896133422852
vertex -64.48863220214844 25.17362403869629 -9.924802780151367
vertex -65.31138610839844 24.54300308227539 -8.984755516052246
endloop
endfacet
facet normal -0.6251124288919442 -0.2739352424268081 -0.7308857189748476
outer loop
vertex -64.21237182617188 24.65859603881836 -9.968050956726074
vertex -65.11001586914062 24.206783294677734 -9.030974388122559
vertex -64.48863220214844 25.17362403869629 -9.924802780151367
endloop
endfacet
facet normal -0.6064156712682681 -0.3143315785263405 -0.7303805120492979
outer loop
vertex -64.58161163330078 22.303857803344727 -9.127521514892578
vertex -64.53933715820312 22.323694229125977 -9.171157836914062
vertex -64.53933715820312 22.156757354736328 -9.099313735961914
endloop
endfacet
facet normal -0.5980160535550826 -0.3168364015440285 -0.7362007160734332
outer loop
vertex -63.63216781616211 22.821550369262695 -10.122312545776367
vertex -64.53933715820312 22.156757354736328 -9.099313735961914
vertex -64.53933715820312 22.323694229125977 -9.171157836914062
endloop
endfacet
facet normal -0.5943491993751832 -0.3192313657267622 -0.7381330261804473
outer loop
vertex -63.63216781616211 22.821550369262695 -10.122312545776367
vertex -63.55135726928711 20.57872772216797 -9.217394828796387
vertex -64.09358978271484 21.27834701538086 -9.08336067199707
endloop
endfacet
facet normal -0.5980180409638454 -0.3168332755290848 -0.736200447024637
outer loop
vertex -64.09358978271484 21.27834701538086 -9.08336067199707
vertex -64.53933715820312 22.156757354736328 -9.099313735961914
vertex -63.63216781616211 22.821550369262695 -10.122312545776367
endloop
endfacet
facet normal -0.6330125224897496 -0.30916355585388117 -0.7097274421233468
outer loop
vertex -63.63216781616211 22.821550369262695 -10.122312545776367
vertex -63.49016571044922 20.666709899902344 -9.310297966003418
vertex -63.55135726928711 20.57872772216797 -9.217394828796387
endloop
endfacet
facet normal -0.5980169848755688 -0.31683355511636613 -0.7362011845634714
outer loop
vertex -63.49016571044922 20.666709899902344 -9.310297966003418
vertex -63.63216781616211 22.821550369262695 -10.122312545776367
vertex -62.78044128417969 21.476398468017578 -10.235267639160156
endloop
endfacet
facet normal -0.3607935363508747 -0.5468334091091365 -0.7555138958414398
outer loop
vertex -45.208473205566406 11.08789348602295 -11.10761547088623
vertex -45.5994873046875 10.0897855758667 -10.198467254638672
vertex -62.78044128417969 21.476398468017578 -10.235267639160156
endloop
endfacet
facet normal -0.36079323205097713 -0.5468328560443675 -0.7555144414612932
outer loop
vertex -62.75072479248047 19.848983764648438 -9.071554183959961
vertex -62.78044128417969 21.476398468017578 -10.235267639160156
vertex -45.6606330871582 9.958234786987305 -10.074053764343262
endloop
endfacet
facet normal -0.36079279049324775 -0.5468329500898679 -0.7555145842563911
outer loop
vertex -63.49016571044922 20.499773025512695 -9.189471244812012
vertex -62.78044128417969 21.476398468017578 -10.235267639160156
vertex -62.75072479248047 19.848983764648438 -9.071554183959961
endloop
endfacet
facet normal -0.3607907847223519 -0.5468292711771023 -0.7555182048391347
outer loop
vertex -62.78044128417969 21.476398468017578 -10.235267639160156
vertex -45.5994873046875 10.0897855758667 -10.198467254638672
vertex -45.6606330871582 9.958234786987305 -10.074053764343262
endloop
endfacet
facet normal -0.3608040268372836 -0.5468294836577845 -0.7555117272554819
outer loop
vertex -63.49016571044922 20.666709899902344 -9.310297966003418
vertex -63.49016571044922 20.499773025512695 -9.189471244812012
vertex -63.55135726928711 20.57872772216797 -9.217394828796387
endloop
endfacet
facet normal -0.3607947404268549 -0.5468315900300661 -0.7555146374660838
outer loop
vertex -63.49016571044922 20.666709899902344 -9.310297966003418
vertex -62.78044128417969 21.476398468017578 -10.235267639160156
vertex -63.49016571044922 20.499773025512695 -9.189471244812012
endloop
endfacet
facet normal -0.21460387799979785 -0.6166095754239859 -0.7574548217833852
outer loop
vertex -45.5994873046875 10.0897855758667 -10.198467254638672
vertex -45.5994873046875 9.92284870147705 -10.06257152557373
vertex -45.6606330871582 9.958234786987305 -10.074053764343262
endloop
endfacet
facet normal -0.188238065276925 -0.6200314123099194 -0.7616609997431709
outer loop
vertex -44.571895599365234 9.532295227050781 -9.998602867126465
vertex -45.208473205566406 11.08789348602295 -11.10761547088623
vertex -43.63085174560547 9.377635955810547 -10.105273246765137
endloop
endfacet
facet normal -0.1882333485789441 -0.6200289292414404 -0.7616641867558634
outer loop
vertex -45.208473205566406 11.08789348602295 -11.10761547088623
vertex -43.59989547729492 9.5394868850708 -10.244677543640137
vertex -43.63085174560547 9.377635955810547 -10.105273246765137
endloop
endfacet
facet normal -0.18823802871290135 -0.6200318304406731 -0.7616606683994319
outer loop
vertex -43.46205139160156 10.607267379760742 -11.147974014282227
vertex -43.59989547729492 9.5394868850708 -10.244677543640137
vertex -45.208473205566406 11.08789348602295 -11.10761547088623
endloop
endfacet
facet normal -0.18823924378957227 -0.6200315860833671 -0.761660567022131
outer loop
vertex -45.5994873046875 9.92284870147705 -10.06257152557373
vertex -45.208473205566406 11.08789348602295 -11.10761547088623
vertex -44.571895599365234 9.532295227050781 -9.998602867126465
endloop
endfacet
facet normal -0.18823417289675448 -0.6200332194375299 -0.7616604906044468
outer loop
vertex -45.5994873046875 10.0897855758667 -10.198467254638672
vertex -45.208473205566406 11.08789348602295 -11.10761547088623
vertex -45.5994873046875 9.92284870147705 -10.06257152557373
endloop
endfacet
facet normal -0.007315716525630521 -0.6456982121353647 -0.7635576593400855
outer loop
vertex -42.65976333618164 9.390403747558594 -10.126626968383789
vertex -43.46205139160156 10.607267379760742 -11.147974014282227
vertex -42.65118408203125 10.598910331726074 -11.148675918579102
endloop
endfacet
facet normal -0.008109097775652415 -0.6516986110580172 -0.7584346793747739
outer loop
vertex -43.59989547729492 9.5394868850708 -10.244677543640137
vertex -42.65976333618164 9.390403747558594 -10.126626968383789
vertex -43.63085174560547 9.377635955810547 -10.105273246765137
endloop
endfacet
facet normal -0.006423204314377467 -0.6453579254947713 -0.763853317363629
outer loop
vertex -43.59989547729492 9.5394868850708 -10.244677543640137
vertex -43.46205139160156 10.607267379760742 -11.147974014282227
vertex -42.65976333618164 9.390403747558594 -10.126626968383789
endloop
endfacet
facet normal -0.3219643580582543 -0.5643405129500326 -0.7601702030357611
outer loop
vertex -41.737525939941406 9.255887985229492 -10.240607261657715
vertex -41.24760818481445 10.24013900756836 -11.178803443908691
vertex -41.35903549194336 9.090887069702148 -10.278419494628906
endloop
endfacet
facet normal -0.4561369424353168 -0.48430445962152535 -0.7465844092508649
outer loop
vertex -41.35903549194336 9.090887069702148 -10.278419494628906
vertex -40.84306716918945 10.021256446838379 -11.197182655334473
vertex -41.31919860839844 9.064740180969238 -10.285797119140625
endloop
endfacet
facet normal -0.3374068809999077 -0.5600662710917086 -0.7566256463002975
outer loop
vertex -41.24760818481445 10.24013900756836 -11.178803443908691
vertex -40.84306716918945 10.021256446838379 -11.197182655334473
vertex -41.35903549194336 9.090887069702148 -10.278419494628906
endloop
endfacet
facet normal -0.20575799731982675 -0.6168848457167793 -0.759681995089998
outer loop
vertex -42.09087371826172 10.543917655944824 -11.15329360961914
vertex -41.53007125854492 10.374396324157715 -11.167529106140137
vertex -42.15897750854492 9.361536979675293 -10.174718856811523
endloop
endfacet
facet normal -0.3032202019348951 -0.5740718635733033 -0.7605912204279223
outer loop
vertex -41.737525939941406 9.255887985229492 -10.240607261657715
vertex -41.53007125854492 10.374396324157715 -11.167529106140137
vertex -41.24760818481445 10.24013900756836 -11.178803443908691
endloop
endfacet
facet normal -0.33413304069191613 -0.5638970128935712 -0.7552319312421064
outer loop
vertex -41.93684387207031 9.30685043334961 -10.190475463867188
vertex -41.53007125854492 10.374396324157715 -11.167529106140137
vertex -41.737525939941406 9.255887985229492 -10.240607261657715
endloop
endfacet
facet normal -0.20575613635642723 -0.6168857642076481 -0.7596817532820052
outer loop
vertex -42.15897750854492 9.361536979675293 -10.174718856811523
vertex -41.53007125854492 10.374396324157715 -11.167529106140137
vertex -41.93684387207031 9.30685043334961 -10.190475463867188
endloop
endfacet
facet normal -0.06947598774810623 -0.6438978113138731 -0.7619505861351041
outer loop
vertex -42.65976333618164 9.390403747558594 -10.126626968383789
vertex -42.65118408203125 10.598910331726074 -11.148675918579102
vertex -42.09087371826172 10.543917655944824 -11.15329360961914
endloop
endfacet
facet normal -0.2057542119779033 -0.6168854835834553 -0.7596825023635587
outer loop
vertex -42.15897750854492 9.361536979675293 -10.174718856811523
vertex -42.30633544921875 9.37211799621582 -10.143400192260742
vertex -42.09087371826172 10.543917655944824 -11.15329360961914
endloop
endfacet
facet normal -0.06947272221381992 -0.6438988817223976 -0.7619499793194087
outer loop
vertex -42.09087371826172 10.543917655944824 -11.15329360961914
vertex -42.581661224365234 9.391887664794922 -10.135002136230469
vertex -42.65976333618164 9.390403747558594 -10.126626968383789
endloop
endfacet
facet normal -0.06947606433448512 -0.6438979125166351 -0.7619504936288908
outer loop
vertex -42.581661224365234 9.391887664794922 -10.135002136230469
vertex -42.09087371826172 10.543917655944824 -11.15329360961914
vertex -42.30633544921875 9.37211799621582 -10.143400192260742
endloop
endfacet
facet normal -0.6524046032420134 -0.2127719863091254 -0.7273900710833908
outer loop
vertex -40.37517547607422 8.111337661743164 -10.417397499084473
vertex -39.51053237915039 8.548690795898438 -11.32083797454834
vertex -40.2421875 7.856415748596191 -10.46210765838623
endloop
endfacet
facet normal -0.6535343706092636 -0.21097058240742156 -0.7269004332032187
outer loop
vertex -39.51053237915039 8.548690795898438 -11.32083797454834
vertex -40.1572380065918 7.592251300811768 -10.461813926696777
vertex -40.2421875 7.856415748596191 -10.46210765838623
endloop
endfacet
facet normal -0.6523051795609808 -0.21241519835961656 -0.7275834908955545
outer loop
vertex -39.29045486450195 8.023821830749512 -11.364912033081055
vertex -40.1572380065918 7.592251300811768 -10.461813926696777
vertex -39.51053237915039 8.548690795898438 -11.32083797454834
endloop
endfacet
facet normal -0.5479242822007628 -0.3890566546649754 -0.7405497285366303
outer loop
vertex -40.860572814941406 8.723901748657227 -10.305734634399414
vertex -40.15567398071289 9.509748458862305 -11.240135192871094
vertex -40.69484329223633 8.569342613220215 -10.347156524658203
endloop
endfacet
facet normal -0.44966455784490655 -0.4869715741257873 -0.7487726433381481
outer loop
vertex -41.16640853881836 8.964460372924805 -10.278519630432129
vertex -40.60868835449219 9.880224227905273 -11.209026336669922
vertex -41.004756927490234 8.858363151550293 -10.306595802307129
endloop
endfacet
facet normal -0.33412846724547746 -0.5638992276177663 -0.7552323009963718
outer loop
vertex -41.31919860839844 9.064740180969238 -10.285797119140625
vertex -40.60868835449219 9.880224227905273 -11.209026336669922
vertex -41.16640853881836 8.964460372924805 -10.278519630432129
endloop
endfacet
facet normal -0.44966265507507946 -0.48697268355678874 -0.7487730644863835
outer loop
vertex -40.60868835449219 9.880224227905273 -11.209026336669922
vertex -40.860572814941406 8.723901748657227 -10.305734634399414
vertex -41.004756927490234 8.858363151550293 -10.306595802307129
endloop
endfacet
facet normal -0.6251111901383181 -0.2739457923936958 -0.7308828242568338
outer loop
vertex -40.438194274902344 8.23213005065918 -10.408773422241211
vertex -39.51053237915039 8.548690795898438 -11.32083797454834
vertex -40.37517547607422 8.111337661743164 -10.417397499084473
endloop
endfacet
facet normal -0.547916279866744 -0.3890650842219284 -0.7405512207108781
outer loop
vertex -40.69484329223633 8.569342613220215 -10.347156524658203
vertex -39.78389358520508 9.058321952819824 -11.278042793273926
vertex -40.59426498413086 8.437192916870117 -10.352144241333008
endloop
endfacet
facet normal -0.6251170693720464 -0.27393134527613094 -0.7308832106806897
outer loop
vertex -40.438194274902344 8.23213005065918 -10.408773422241211
vertex -40.59426498413086 8.437192916870117 -10.352144241333008
vertex -39.78389358520508 9.058321952819824 -11.278042793273926
endloop
endfacet
facet normal -0.36393810462913395 -0.5411588901801186 -0.7580871398315471
outer loop
vertex -40.84306716918945 10.021256446838379 -11.197182655334473
vertex -40.60868835449219 9.880224227905273 -11.209026336669922
vertex -41.31919860839844 9.064740180969238 -10.285797119140625
endloop
endfacet
facet normal -0.5479183421749872 -0.3890617110873749 -0.7405514669987345
outer loop
vertex -39.78389358520508 9.058321952819824 -11.278042793273926
vertex -40.69484329223633 8.569342613220215 -10.347156524658203
vertex -40.15567398071289 9.509748458862305 -11.240135192871094
endloop
endfacet
facet normal -0.4496648839092688 -0.4869716682628739 -0.7487723863018303
outer loop
vertex -40.15567398071289 9.509748458862305 -11.240135192871094
vertex -40.860572814941406 8.723901748657227 -10.305734634399414
vertex -40.60868835449219 9.880224227905273 -11.209026336669922
endloop
endfacet
facet normal -0.6251164883111979 -0.2739320503115875 -0.730883443411852
outer loop
vertex -39.78389358520508 9.058321952819824 -11.278042793273926
vertex -39.51053237915039 8.548690795898438 -11.32083797454834
vertex -40.438194274902344 8.23213005065918 -10.408773422241211
endloop
endfacet
facet normal -0.7071366367632049 0.058552668830791396 -0.7046483959536238
outer loop
vertex -39.06315231323242 6.886397361755371 -11.460424423217773
vertex -40.04872131347656 -55.579833984375 -15.661998748779297
vertex -40.05270767211914 6.802730083465576 -10.474327087402344
endloop
endfacet
facet normal -0.7071054799945045 0.05855430842377371 -0.704679525122417
outer loop
vertex -39.0081672668457 -55.89692687988281 -16.732486724853516
vertex -39.99750518798828 -56.1433219909668 -15.76021671295166
vertex -39.06315231323242 6.886397361755371 -11.460424423217773
endloop
endfacet
facet normal -0.7071250527445021 0.05855326462983462 -0.7046599711792019
outer loop
vertex -40.04872131347656 -55.579833984375 -15.661998748779297
vertex -39.06315231323242 6.886397361755371 -11.460424423217773
vertex -39.99750518798828 -56.1433219909668 -15.76021671295166
endloop
endfacet
facet normal -0.676656737072985 -0.14960417074633986 -0.7209398395629423
outer loop
vertex -39.29045486450195 8.023821830749512 -11.364912033081055
vertex -40.11245346069336 7.452993392944336 -10.474949836730957
vertex -40.1572380065918 7.592251300811768 -10.461813926696777
endloop
endfacet
facet normal -0.6782907192210587 -0.1460073002865241 -0.7201413531256344
outer loop
vertex -40.11245346069336 7.452993392944336 -10.474949836730957
vertex -39.120338439941406 7.464982986450195 -11.411839485168457
vertex -40.075599670410156 7.194136142730713 -10.457179069519043
endloop
endfacet
facet normal -0.7053984050327065 -0.010204881033487875 -0.70873757525646
outer loop
vertex -40.0527229309082 7.033454895019531 -10.47763442993164
vertex -40.075599670410156 7.194136142730713 -10.457179069519043
vertex -39.120338439941406 7.464982986450195 -11.411839485168457
endloop
endfacet
facet normal -0.7053981657000017 -0.010206107267524875 -0.7087377958042853
outer loop
vertex -40.0527229309082 7.033454895019531 -10.47763442993164
vertex -39.06315231323242 6.886397361755371 -11.460424423217773
vertex -40.05270767211914 6.802730083465576 -10.474327087402344
endloop
endfacet
facet normal -0.7053981538700445 -0.010205932118794845 -0.7087378101006886
outer loop
vertex -39.120338439941406 7.464982986450195 -11.411839485168457
vertex -39.06315231323242 6.886397361755371 -11.460424423217773
vertex -40.0527229309082 7.033454895019531 -10.47763442993164
endloop
endfacet
facet normal -0.6782908242042315 -0.1460063257618459 -0.7201414518258689
outer loop
vertex -39.120338439941406 7.464982986450195 -11.411839485168457
vertex -40.11245346069336 7.452993392944336 -10.474949836730957
vertex -39.29045486450195 8.023821830749512 -11.364912033081055
endloop
endfacet
facet normal -0.6694069563196575 -0.16784218982462729 -0.723687312411739
outer loop
vertex -39.99750518798828 -56.31025695800781 -15.721500396728516
vertex -39.42425537109375 -58.031982421875 -15.852439880371094
vertex -39.768890380859375 -57.26839828491211 -15.710749626159668
endloop
endfacet
facet normal -0.6694042978567974 -0.1678409284506435 -0.7236900640106054
outer loop
vertex -39.99750518798828 -56.31025695800781 -15.721500396728516
vertex -39.0081672668457 -55.89692687988281 -16.732486724853516
vertex -39.36366653442383 -57.99928665161133 -15.916067123413086
endloop
endfacet
facet normal -0.6694041057694993 -0.16784149910259666 -0.7236901093409595
outer loop
vertex -39.0081672668457 -55.89692687988281 -16.732486724853516
vertex -39.99750518798828 -56.31025695800781 -15.721500396728516
vertex -39.99750518798828 -56.1433219909668 -15.76021671295166
endloop
endfacet
facet normal -0.6694063091493775 -0.16784192413600624 -0.7236879726604079
outer loop
vertex -39.36366653442383 -57.99928665161133 -15.916067123413086
vertex -39.42425537109375 -58.031982421875 -15.852439880371094
vertex -39.99750518798828 -56.31025695800781 -15.721500396728516
endloop
endfacet
facet normal -0.6694049333448395 -0.16784062046076195 -0.7236895476217254
outer loop
vertex -39.0081672668457 -55.89692687988281 -16.732486724853516
vertex -38.488059997558594 -57.41987609863281 -16.86037254333496
vertex -39.36366653442383 -57.99928665161133 -15.916067123413086
endloop
endfacet
facet normal -0.5568869089345315 -0.3925116680551855 -0.7319915034328462
outer loop
vertex -39.36366653442383 -57.99928665161133 -15.916067123413086
vertex -39.36366653442383 -58.16622543334961 -15.826550483703613
vertex -39.42425537109375 -58.031982421875 -15.852439880371094
endloop
endfacet
facet normal -0.5376928729780954 -0.39844358831831445 -0.7430538885414617
outer loop
vertex -38.488059997558594 -57.41987609863281 -16.86037254333496
vertex -39.36366653442383 -58.16622543334961 -15.826550483703613
vertex -39.36366653442383 -57.99928665161133 -15.916067123413086
endloop
endfacet
facet normal -0.5376930243146297 -0.39844466481868634 -0.7430532017836352
outer loop
vertex -38.488059997558594 -57.41987609863281 -16.86037254333496
vertex -38.166351318359375 -59.57917785644531 -15.935295104980469
vertex -38.7963752746582 -58.97150802612305 -15.805241584777832
endloop
endfacet
facet normal -0.5376913191843128 -0.3984455279522932 -0.7430539728234093
outer loop
vertex -38.488059997558594 -57.41987609863281 -16.86037254333496
vertex -38.7963752746582 -58.97150802612305 -15.805241584777832
vertex -39.36366653442383 -58.16622543334961 -15.826550483703613
endloop
endfacet
facet normal -0.5377018836800909 -0.39844350471328654 -0.7430474129143276
outer loop
vertex -38.08738708496094 -59.488407135009766 -16.04111099243164
vertex -38.166351318359375 -59.57917785644531 -15.935295104980469
vertex -38.488059997558594 -57.41987609863281 -16.86037254333496
endloop
endfacet
facet normal -0.537693670809358 -0.3984441340597694 -0.7430530185692795
outer loop
vertex -38.488059997558594 -57.41987609863281 -16.86037254333496
vertex -37.45848846435547 -58.62114715576172 -16.961246490478516
vertex -38.08738708496094 -59.488407135009766 -16.04111099243164
endloop
endfacet
facet normal -0.32913876377453466 -0.5644703943537888 -0.7569946156209101
outer loop
vertex -37.45848846435547 -58.62114715576172 -16.961246490478516
vertex -36.09721755981445 -59.334556579589844 -17.02115249633789
vertex -36.35026931762695 -60.39878845214844 -16.117557525634766
endloop
endfacet
facet normal -0.36101815522644165 -0.5574557662579221 -0.7476021403545405
outer loop
vertex -38.08738708496094 -59.488407135009766 -16.04111099243164
vertex -38.08738708496094 -59.65534591674805 -15.916631698608398
vertex -38.166351318359375 -59.57917785644531 -15.935295104980469
endloop
endfacet
facet normal -0.3291545759852878 -0.5644599977533284 -0.7569954927502922
outer loop
vertex -38.08738708496094 -59.488407135009766 -16.04111099243164
vertex -37.45848846435547 -58.62114715576172 -16.961246490478516
vertex -38.08738708496094 -59.65534591674805 -15.916631698608398
endloop
endfacet
facet normal -0.3291412627896854 -0.5644702330701427 -0.7569936493174497
outer loop
vertex -37.45848846435547 -58.62114715576172 -16.961246490478516
vertex -36.40202713012695 -60.54458236694336 -15.98634147644043
vertex -37.262142181396484 -60.19318389892578 -15.874391555786133
endloop
endfacet
facet normal -0.32912784095794917 -0.5644670296086168 -0.7570018737038791
outer loop
vertex -36.35026931762695 -60.39878845214844 -16.117557525634766
vertex -36.40202713012695 -60.54458236694336 -15.98634147644043
vertex -37.45848846435547 -58.62114715576172 -16.961246490478516
endloop
endfacet
facet normal -0.32913652175706415 -0.5644707827270358 -0.7569953008395687
outer loop
vertex -38.08738708496094 -59.65534591674805 -15.916631698608398
vertex -37.45848846435547 -58.62114715576172 -16.961246490478516
vertex -37.262142181396484 -60.19318389892578 -15.874391555786133
endloop
endfacet
facet normal -0.11775540409791971 -0.6408936110247775 -0.7585440291462039
outer loop
vertex -36.40202713012695 -60.54458236694336 -15.98634147644043
vertex -36.35026931762695 -60.39878845214844 -16.117557525634766
vertex -36.35026931762695 -60.56572723388672 -15.976511001586914
endloop
endfacet
facet normal -0.013305713522330743 -0.6453266523195466 -0.7637908547460546
outer loop
vertex -36.35026931762695 -60.39878845214844 -16.117557525634766
vertex -35.384498596191406 -60.75959396362305 -15.829537391662598
vertex -36.35026931762695 -60.56572723388672 -15.976511001586914
endloop
endfacet
facet normal -0.05292605322275326 -0.6447212607766089 -0.7625833258030772
outer loop
vertex -23.504621505737305 -60.78809356689453 -16.012466430664062
vertex -23.427900314331055 -59.577205657958984 -17.041528701782227
vertex -23.449068069458008 -60.792049407958984 -16.012977600097656
endloop
endfacet
facet normal -0.013309081894691826 -0.6453331001016428 -0.7637853482833534
outer loop
vertex -35.384498596191406 -60.75959396362305 -15.829537391662598
vertex -36.09721755981445 -59.334556579589844 -17.02115249633789
vertex -23.504621505737305 -60.78809356689453 -16.012466430664062
endloop
endfacet
facet normal -0.013618093062127292 -0.6470169191552763 -0.7623540213497702
outer loop
vertex -23.504621505737305 -60.78809356689453 -16.012466430664062
vertex -36.09721755981445 -59.334556579589844 -17.02115249633789
vertex -23.427900314331055 -59.577205657958984 -17.041528701782227
endloop
endfacet
facet normal -0.013309917662659402 -0.645333337909532 -0.7637851327921714
outer loop
vertex -36.35026931762695 -60.39878845214844 -16.117557525634766
vertex -36.09721755981445 -59.334556579589844 -17.02115249633789
vertex -35.384498596191406 -60.75959396362305 -15.829537391662598
endloop
endfacet
facet normal -0.06947418563317663 -0.6438975423863001 -0.761950977714111
outer loop
vertex -23.449068069458008 -60.792049407958984 -16.012977600097656
vertex -23.427900314331055 -59.577205657958984 -17.041528701782227
vertex -23.150161743164062 -60.81334686279297 -16.022233963012695
endloop
endfacet
facet normal -0.06947725077796518 -0.643897812435977 -0.7619504700205251
outer loop
vertex -23.427900314331055 -59.577205657958984 -17.041528701782227
vertex -22.900854110717773 -59.62893295288086 -17.045873641967773
vertex -23.150161743164062 -60.81334686279297 -16.022233963012695
endloop
endfacet
facet normal -0.20576024499264003 -0.6168852115460319 -0.7596810892449384
outer loop
vertex -22.900854110717773 -59.62893295288086 -17.045873641967773
vertex -22.54175567626953 -59.737483978271484 -17.054988861083984
vertex -22.881254196166992 -60.875492095947266 -16.038936614990234
endloop
endfacet
facet normal -0.20732936862568951 -0.6163347098766884 -0.7597012954487385
outer loop
vertex -22.337772369384766 -59.79966735839844 -17.060209274291992
vertex -22.737276077270508 -60.90876770019531 -16.05138397216797
vertex -22.54175567626953 -59.737483978271484 -17.054988861083984
endloop
endfacet
facet normal -0.1903268798809834 -0.6186981534114473 -0.7622258679420654
outer loop
vertex -23.150161743164062 -60.81334686279297 -16.022233963012695
vertex -22.900854110717773 -59.62893295288086 -17.045873641967773
vertex -22.881254196166992 -60.875492095947266 -16.038936614990234
endloop
endfacet
facet normal -0.2080770153857723 -0.6161577525666971 -0.7596404278473505
outer loop
vertex -22.54175567626953 -59.737483978271484 -17.054988861083984
vertex -22.737276077270508 -60.90876770019531 -16.05138397216797
vertex -22.881254196166992 -60.875492095947266 -16.038936614990234
endloop
endfacet
facet normal -0.5207798923319187 -0.4225657110832462 -0.7417725551403649
outer loop
vertex -20.8204402923584 -61.02519226074219 -17.16312026977539
vertex -21.674867630004883 -61.584564208984375 -16.244590759277344
vertex -21.273103713989258 -60.53899002075195 -17.122291564941406
endloop
endfacet
facet normal -0.5203477692750289 -0.4228502141518333 -0.7419136711250508
outer loop
vertex -21.273103713989258 -60.53899002075195 -17.122291564941406
vertex -21.674867630004883 -61.584564208984375 -16.244590759277344
vertex -21.988876342773438 -61.29999923706055 -16.18654441833496
endloop
endfacet
facet normal -0.5317663300422577 -0.4071455074871574 -0.7426015795609473
outer loop
vertex -20.8204402923584 -61.02519226074219 -17.16312026977539
vertex -21.533008575439453 -61.76553726196289 -16.246952056884766
vertex -21.674867630004883 -61.584564208984375 -16.244590759277344
endloop
endfacet
facet normal -0.44966361123470366 -0.48697240303489464 -0.7487726727210239
outer loop
vertex -21.344263076782227 -60.45258331298828 -17.115036010742188
vertex -22.06242561340332 -61.253211975097656 -16.163057327270508
vertex -21.797279357910156 -60.08210754394531 -17.083927154541016
endloop
endfacet
facet normal -0.5479254459602849 -0.3890545780754658 -0.7405499584415247
outer loop
vertex -21.344263076782227 -60.45258331298828 -17.115036010742188
vertex -21.273103713989258 -60.53899002075195 -17.122291564941406
vertex -22.06242561340332 -61.253211975097656 -16.163057327270508
endloop
endfacet
facet normal -0.3335470327097897 -0.5657675332237181 -0.7540911584950746
outer loop
vertex -22.737276077270508 -60.90876770019531 -16.05138397216797
vertex -22.337772369384766 -59.79966735839844 -17.060209274291992
vertex -22.389495849609375 -61.054508209228516 -16.095869064331055
endloop
endfacet
facet normal -0.4496633437678813 -0.4869725266678702 -0.748772752937898
outer loop
vertex -22.06242561340332 -61.253211975097656 -16.163057327270508
vertex -22.346437454223633 -61.07255172729492 -16.10999298095703
vertex -21.797279357910156 -60.08210754394531 -17.083927154541016
endloop
endfacet
facet normal -0.511843292239978 -0.4317909692045306 -0.7426796099950185
outer loop
vertex -22.06242561340332 -61.253211975097656 -16.163057327270508
vertex -21.273103713989258 -60.53899002075195 -17.122291564941406
vertex -21.988876342773438 -61.29999923706055 -16.18654441833496
endloop
endfacet
facet normal -0.44967234259681765 -0.48696624217139955 -0.7487714359462145
outer loop
vertex -22.389495849609375 -61.054508209228516 -16.095869064331055
vertex -21.797279357910156 -60.08210754394531 -17.083927154541016
vertex -22.346437454223633 -61.07255172729492 -16.10999298095703
endloop
endfacet
facet normal -0.32931758978460807 -0.5667835001847107 -0.7551863273238101
outer loop
vertex -21.797279357910156 -60.08210754394531 -17.083927154541016
vertex -22.389495849609375 -61.054508209228516 -16.095869064331055
vertex -22.337772369384766 -59.79966735839844 -17.060209274291992
endloop
endfacet
facet normal -0.6634144249256441 -0.19355412265083052 -0.722784962769318
outer loop
vertex -20.142335891723633 -62.237770080566406 -17.264942169189453
vertex -21.07660675048828 -62.69248962402344 -16.28564453125
vertex -21.109487533569336 -62.59503173828125 -16.28156280517578
endloop
endfacet
facet normal -0.6992078687401416 -0.12273438978781313 -0.7043043559820443
outer loop
vertex -20.142335891723633 -62.237770080566406 -17.264942169189453
vertex -20.737173080444336 -63.796146392822266 -16.402841567993164
vertex -20.78386116027832 -63.82999038696289 -16.35059356689453
endloop
endfacet
facet normal -0.6853554792772558 -0.13355363924561045 -0.7158570335401451
outer loop
vertex -21.07660675048828 -62.69248962402344 -16.28564453125
vertex -20.142335891723633 -62.237770080566406 -17.264942169189453
vertex -20.963172912597656 -63.31881332397461 -16.277395248413086
endloop
endfacet
facet normal -0.6829936796702817 -0.13684026695301837 -0.7174917246008314
outer loop
vertex -20.142335891723633 -62.237770080566406 -17.264942169189453
vertex -20.78386116027832 -63.82999038696289 -16.35059356689453
vertex -20.963172912597656 -63.31881332397461 -16.277395248413086
endloop
endfacet
facet normal -0.6770187229300421 -0.14116015689107256 -0.7223015013889025
outer loop
vertex -19.836999893188477 -63.26206970214844 -17.350955963134766
vertex -20.737173080444336 -63.796146392822266 -16.402841567993164
vertex -20.142335891723633 -62.237770080566406 -17.264942169189453
endloop
endfacet
facet normal -0.6251173035585134 -0.27393107828699204 -0.7308831104494475
outer loop
vertex -20.519819259643555 -61.39021301269531 -17.193771362304688
vertex -20.243562698364258 -61.905242919921875 -17.23702049255371
vertex -21.21208381652832 -62.290958404541016 -16.264089584350586
endloop
endfacet
facet normal -0.6251149432366641 -0.2739338887294288 -0.7308840758614156
outer loop
vertex -20.519819259643555 -61.39021301269531 -17.193771362304688
vertex -21.21208381652832 -62.290958404541016 -16.264089584350586
vertex -21.35344696044922 -62.02916717529297 -16.241302490234375
endloop
endfacet
facet normal -0.6251185565697975 -0.27392807141101816 -0.7308831657146941
outer loop
vertex -20.243562698364258 -61.905242919921875 -17.23702049255371
vertex -21.182729721069336 -62.37795639038086 -16.256589889526367
vertex -21.21208381652832 -62.290958404541016 -16.264089584350586
endloop
endfacet
facet normal -0.678289768129719 -0.14601102286951495 -0.7201414941878646
outer loop
vertex -20.243562698364258 -61.905242919921875 -17.23702049255371
vertex -21.109487533569336 -62.59503173828125 -16.28156280517578
vertex -21.182729721069336 -62.37795639038086 -16.256589889526367
endloop
endfacet
facet normal -0.5479166832548903 -0.3890643812470387 -0.7405512915766329
outer loop
vertex -20.519819259643555 -61.39021301269531 -17.193771362304688
vertex -21.413433074951172 -61.9180793762207 -16.255281448364258
vertex -20.8204402923584 -61.02519226074219 -17.16312026977539
endloop
endfacet
facet normal -0.5479200075544581 -0.38905921048235725 -0.7405515485503812
outer loop
vertex -21.413433074951172 -61.9180793762207 -16.255281448364258
vertex -20.519819259643555 -61.39021301269531 -17.193771362304688
vertex -21.35344696044922 -62.02916717529297 -16.241302490234375
endloop
endfacet
facet normal -0.5479152864233388 -0.38906567084689186 -0.7405516475385688
outer loop
vertex -21.413433074951172 -61.9180793762207 -16.255281448364258
vertex -21.533008575439453 -61.76553726196289 -16.246952056884766
vertex -20.8204402923584 -61.02519226074219 -17.16312026977539
endloop
endfacet
facet normal -0.6782885919183955 -0.1460133737333776 -0.7201421253921738
outer loop
vertex -20.243562698364258 -61.905242919921875 -17.23702049255371
vertex -20.142335891723633 -62.237770080566406 -17.264942169189453
vertex -21.109487533569336 -62.59503173828125 -16.28156280517578
endloop
endfacet
facet normal -0.5601562766258306 -0.37085572599501954 -0.740736779330818
outer loop
vertex -19.836999893188477 -63.26206970214844 -17.350955963134766
vertex -19.254112243652344 -64.01602935791016 -17.414268493652344
vertex -19.906747817993164 -64.87029266357422 -16.4930419921875
endloop
endfacet
facet normal -0.5601266751435027 -0.37086751964638903 -0.7407532589628075
outer loop
vertex -20.737173080444336 -63.796146392822266 -16.402841567993164
vertex -20.737173080444336 -63.96308135986328 -16.319263458251953
vertex -20.78386116027832 -63.82999038696289 -16.35059356689453
endloop
endfacet
facet normal -0.6008905534078521 -0.3557796540576092 -0.7157872453347106
outer loop
vertex -19.836999893188477 -63.26206970214844 -17.350955963134766
vertex -19.906747817993164 -64.87029266357422 -16.4930419921875
vertex -19.96932601928711 -64.97205352783203 -16.389928817749023
endloop
endfacet
facet normal -0.5554345696510288 -0.37433311239820477 -0.7425410155667157
outer loop
vertex -19.836999893188477 -63.26206970214844 -17.350955963134766
vertex -19.96932601928711 -64.97205352783203 -16.389928817749023
vertex -20.379602432250977 -64.54472351074219 -16.2984619140625
endloop
endfacet
facet normal -0.5601542077447422 -0.370859185130758 -0.7407366119951209
outer loop
vertex -20.737173080444336 -63.796146392822266 -16.402841567993164
vertex -19.836999893188477 -63.26206970214844 -17.350955963134766
vertex -20.737173080444336 -63.96308135986328 -16.319263458251953
endloop
endfacet
facet normal -0.5601578020208049 -0.3708542245819118 -0.7407363774953746
outer loop
vertex -20.737173080444336 -63.96308135986328 -16.319263458251953
vertex -19.836999893188477 -63.26206970214844 -17.350955963134766
vertex -20.379602432250977 -64.54472351074219 -16.2984619140625
endloop
endfacet
facet normal -0.3305691503607139 -0.5637186782532565 -0.7569314953271511
outer loop
vertex -19.254112243652344 -64.01602935791016 -17.414268493652344
vertex -18.45954132080078 -64.43476104736328 -17.44942855834961
vertex -18.705608367919922 -65.50328063964844 -16.546194076538086
endloop
endfacet
facet normal -0.33056175326277365 -0.5637157804192828 -0.7569368838853873
outer loop
vertex -19.906747817993164 -65.0372314453125 -16.368717193603516
vertex -19.96932601928711 -64.97205352783203 -16.389928817749023
vertex -19.906747817993164 -64.87029266357422 -16.4930419921875
endloop
endfacet
facet normal -0.33057847436830207 -0.5637122822199037 -0.7569321866315063
outer loop
vertex -19.906747817993164 -64.87029266357422 -16.4930419921875
vertex -19.254112243652344 -64.01602935791016 -17.414268493652344
vertex -19.906747817993164 -65.0372314453125 -16.368717193603516
endloop
endfacet
facet normal -0.3305682471241087 -0.5637185852787445 -0.7569319590323988
outer loop
vertex -19.254112243652344 -64.01602935791016 -17.414268493652344
vertex -19.340145111083984 -65.41818237304688 -16.332454681396484
vertex -19.906747817993164 -65.0372314453125 -16.368717193603516
endloop
endfacet
facet normal -0.33057262952957495 -0.5637174767131314 -0.7569308707233988
outer loop
vertex -19.254112243652344 -64.01602935791016 -17.414268493652344
vertex -18.757186889648438 -65.64973449707031 -16.414602279663086
vertex -19.340145111083984 -65.41818237304688 -16.332454681396484
endloop
endfacet
facet normal -0.3305452706019011 -0.5637167822668694 -0.7569433357084286
outer loop
vertex -19.254112243652344 -64.01602935791016 -17.414268493652344
vertex -18.705608367919922 -65.50328063964844 -16.546194076538086
vertex -18.757186889648438 -65.64973449707031 -16.414602279663086
endloop
endfacet
facet normal -0.1705773034256833 -0.6246445664313287 -0.7620515397162058
outer loop
vertex -18.705608367919922 -65.50328063964844 -16.546194076538086
vertex -18.72380828857422 -65.6629867553711 -16.411211013793945
vertex -18.757186889648438 -65.64973449707031 -16.414602279663086
endloop
endfacet
facet normal -0.0008186656594632277 -0.6454565982808131 -0.7637965105460348
outer loop
vertex -18.45954132080078 -64.43476104736328 -17.44942855834961
vertex 81.14583587646484 -64.54967498779297 -17.45907974243164
vertex 81.26513671875 -65.61862182617188 -16.555879592895508
endloop
endfacet
facet normal -0.000824180128879704 -0.6454578998497981 -0.7637954047050841
outer loop
vertex -18.45954132080078 -64.43476104736328 -17.44942855834961
vertex -18.15668296813965 -65.77268981933594 -16.319116592407227
vertex -18.72380828857422 -65.6629867553711 -16.411211013793945
endloop
endfacet
facet normal -0.0007704100838793142 -0.6454646760393217 -0.7637897344516724
outer loop
vertex -18.72380828857422 -65.6629867553711 -16.411211013793945
vertex -18.705608367919922 -65.50328063964844 -16.546194076538086
vertex -18.45954132080078 -64.43476104736328 -17.44942855834961
endloop
endfacet
facet normal -0.0008186835793982313 -0.6454571768188474 -0.763796021625041
outer loop
vertex -18.15668296813965 -65.77268981933594 -16.319116592407227
vertex -18.45954132080078 -64.43476104736328 -17.44942855834961
vertex 81.26513671875 -65.78556060791016 -16.414806365966797
endloop
endfacet
facet normal -0.0008186317051178585 -0.645454851960395 -0.7637979863307547
outer loop
vertex 81.26513671875 -65.78556060791016 -16.414806365966797
vertex -18.45954132080078 -64.43476104736328 -17.44942855834961
vertex 81.26513671875 -65.61862182617188 -16.555879592895508
endloop
endfacet
facet normal -0.8314697525217963 0 0.5555700231666056
outer loop
vertex 20.311939239501953 -64.78809356689453 -11.010660171508789
vertex 20.311939239501953 -65.77766418457031 -11.010660171508789
vertex 20.63709831237793 -64.78809356689453 -10.524024963378906
endloop
endfacet
facet normal 0 -1 0
outer loop
vertex 7.251277923583984 -64.78809356689453 -3.450000047683716
vertex 8.501277923583984 -64.78809356689453 -6.699999809265137
vertex 8.577398300170898 -64.78809356689453 -6.31731653213501
endloop
endfacet
facet normal 0 0 1
outer loop
vertex 7.251277923583984 -64.78809356689453 -11.449999809265137
vertex 7.251277923583984 -65.7759780883789 -11.449999809265137
vertex 19.251277923583984 -64.78809356689453 -11.449999809265137
endloop
endfacet
facet normal 0 0 1
outer loop
vertex 19.251277923583984 -64.78809356689453 -11.449999809265137
vertex 7.251277923583984 -65.7759780883789 -11.449999809265137
vertex 19.251277923583984 -65.77752685546875 -11.449999809265137
endloop
endfacet
facet normal -0.1950897843073725 0 0.9807853873599988
outer loop
vertex 19.251277923583984 -65.77752685546875 -11.449999809265137
vertex 19.82530403137207 -65.77760314941406 -11.335819244384766
vertex 19.82530403137207 -64.78809356689453 -11.335819244384766
endloop
endfacet
facet normal -0.5555700231666056 0 0.8314697525217963
outer loop
vertex 19.82530403137207 -65.77760314941406 -11.335819244384766
vertex 20.311939239501953 -65.77766418457031 -11.010660171508789
vertex 20.311939239501953 -64.78809356689453 -11.010660171508789
endloop
endfacet
facet normal -0.1950897843073725 0 0.9807853873599988
outer loop
vertex 19.251277923583984 -64.78809356689453 -11.449999809265137
vertex 19.251277923583984 -65.77752685546875 -11.449999809265137
vertex 19.82530403137207 -64.78809356689453 -11.335819244384766
endloop
endfacet
facet normal -0.5555700231666058 0 0.8314697525217964
outer loop
vertex 19.82530403137207 -64.78809356689453 -11.335819244384766
vertex 19.82530403137207 -65.77760314941406 -11.335819244384766
vertex 20.311939239501953 -64.78809356689453 -11.010660171508789
endloop
endfacet
facet normal 0.8314697525217963 0 0.5555700231666056
outer loop
vertex 5.865458965301514 -65.77579498291016 -10.524024963378906
vertex 6.19061803817749 -65.77584075927734 -11.010660171508789
vertex 6.19061803817749 -64.78809356689453 -11.010660171508789
endloop
endfacet
facet normal 0.8314697525217962 0 0.5555700231666056
outer loop
vertex 5.865458965301514 -65.77579498291016 -10.524024963378906
vertex 6.19061803817749 -64.78809356689453 -11.010660171508789
vertex 5.865458965301514 -64.78809356689453 -10.524024963378906
endloop
endfacet
facet normal 0.9807851694510031 0 0.1950908798098134
outer loop
vertex 5.751277923583984 -65.7757797241211 -9.949999809265137
vertex 5.865458965301514 -65.77579498291016 -10.524024963378906
vertex 5.865458965301514 -64.78809356689453 -10.524024963378906
endloop
endfacet
facet normal 0.9807851694510031 0 0.1950908798098134
outer loop
vertex 5.751277923583984 -65.7757797241211 -9.949999809265137
vertex 5.865458965301514 -64.78809356689453 -10.524024963378906
vertex 5.751277923583984 -64.78809356689453 -9.949999809265137
endloop
endfacet
facet normal 0 -1 0
outer loop
vertex 7.251277923583984 -64.78809356689453 -11.449999809265137
vertex 9.118595123291016 -64.78809356689453 -9.123879432678223
vertex 8.794171333312988 -64.78809356689453 -8.907106399536133
endloop
endfacet
facet normal 0 -1 0
outer loop
vertex 9.118595123291016 -64.78809356689453 -9.123879432678223
vertex 7.251277923583984 -64.78809356689453 -11.449999809265137
vertex 9.501277923583984 -64.78809356689453 -9.199999809265137
endloop
endfacet
facet normal 0 -1 0
outer loop
vertex 7.251277923583984 -64.78809356689453 -11.449999809265137
vertex 8.794171333312988 -64.78809356689453 -8.907106399536133
vertex 8.577398300170898 -64.78809356689453 -8.582683563232422
endloop
endfacet
facet normal 0 -1 0
outer loop
vertex 7.251277923583984 -64.78809356689453 -11.449999809265137
vertex 8.577398300170898 -64.78809356689453 -8.582683563232422
vertex 8.501277923583984 -64.78809356689453 -8.199999809265137
endloop
endfacet
facet normal 0 -1 0
outer loop
vertex 6.19061803817749 -64.78809356689453 -11.010660171508789
vertex 6.677252769470215 -64.78809356689453 -11.335819244384766
vertex 6.19061803817749 -64.78809356689453 -3.8893399238586426
endloop
endfacet
facet normal 0 -1 0
outer loop
vertex 6.677252769470215 -64.78809356689453 -11.335819244384766
vertex 7.251277923583984 -64.78809356689453 -11.449999809265137
vertex 6.677252769470215 -64.78809356689453 -3.564180612564087
endloop
endfacet
facet normal 0 -1 0
outer loop
vertex 20.63709831237793 -64.78809356689453 -4.375974655151367
vertex 20.751277923583984 -64.78809356689453 -9.949999809265137
vertex 20.751277923583984 -64.78809356689453 -4.949999809265137
endloop
endfacet
facet normal 0 -1 0
outer loop
vertex 19.251277923583984 -64.78809356689453 -3.450000047683716
vertex 19.82530403137207 -64.78809356689453 -11.335819244384766
vertex 19.82530403137207 -64.78809356689453 -3.564180612564087
endloop
endfacet
facet normal 0 -1 0
outer loop
vertex 19.82530403137207 -64.78809356689453 -3.564180612564087
vertex 20.311939239501953 -64.78809356689453 -11.010660171508789
vertex 20.311939239501953 -64.78809356689453 -3.8893399238586426
endloop
endfacet
facet normal 0 -1 0
outer loop
vertex 20.311939239501953 -64.78809356689453 -3.8893399238586426
vertex 20.63709831237793 -64.78809356689453 -10.524024963378906
vertex 20.63709831237793 -64.78809356689453 -4.375974655151367
endloop
endfacet
facet normal 0 -1 0
outer loop
vertex 18.001277923583984 -64.78809356689453 -6.699999809265137
vertex 19.251277923583984 -64.78809356689453 -3.450000047683716
vertex 17.92515754699707 -64.78809356689453 -6.31731653213501
endloop
endfacet
facet normal 0 -1 0
outer loop
vertex 7.251277923583984 -64.78809356689453 -11.449999809265137
vertex 19.251277923583984 -64.78809356689453 -11.449999809265137
vertex 17.001277923583984 -64.78809356689453 -9.199999809265137
endloop
endfacet
facet normal 0 -1 0
outer loop
vertex 9.501277923583984 -64.78809356689453 -9.199999809265137
vertex 7.251277923583984 -64.78809356689453 -11.449999809265137
vertex 17.001277923583984 -64.78809356689453 -9.199999809265137
endloop
endfacet
facet normal -0.8314697525217963 0 0.5555700231666056
outer loop
vertex 20.311939239501953 -65.77766418457031 -11.010660171508789
vertex 20.63709831237793 -65.7777099609375 -10.524024963378906
vertex 20.63709831237793 -64.78809356689453 -10.524024963378906
endloop
endfacet
facet normal 0.9807851694510031 0 -0.1950908798098134
outer loop
vertex 5.865458965301514 -65.77579498291016 -4.375974655151367
vertex 5.751277923583984 -64.78809356689453 -4.949999809265137
vertex 5.865458965301514 -64.78809356689453 -4.375974655151367
endloop
endfacet
facet normal 0 -1 0
outer loop
vertex 17.001277923583984 -64.78809356689453 -9.199999809265137
vertex 19.251277923583984 -64.78809356689453 -11.449999809265137
vertex 17.383960723876953 -64.78809356689453 -9.123879432678223
endloop
endfacet
facet normal -0.9807856371245007 0 0.19508852864862955
outer loop
vertex 20.63709831237793 -65.7777099609375 -10.524024963378906
vertex 20.751277923583984 -65.77772521972656 -9.949999809265137
vertex 20.751277923583984 -64.78809356689453 -9.949999809265137
endloop
endfacet
facet normal -0.9807856371245007 0 0.19508852864862958
outer loop
vertex 20.63709831237793 -64.78809356689453 -10.524024963378906
vertex 20.63709831237793 -65.7777099609375 -10.524024963378906
vertex 20.751277923583984 -64.78809356689453 -9.949999809265137
endloop
endfacet
facet normal 0 -1 0
outer loop
vertex 9.501277923583984 -64.78809356689453 -5.699999809265137
vertex 17.001277923583984 -64.78809356689453 -5.699999809265137
vertex 19.251277923583984 -64.78809356689453 -3.450000047683716
endloop
endfacet
facet normal 0 -1 0
outer loop
vertex 17.708385467529297 -64.78809356689453 -5.992893218994141
vertex 17.92515754699707 -64.78809356689453 -6.31731653213501
vertex 19.251277923583984 -64.78809356689453 -3.450000047683716
endloop
endfacet
facet normal 0 -1 0
outer loop
vertex 17.708385467529297 -64.78809356689453 -8.907106399536133
vertex 19.251277923583984 -64.78809356689453 -11.449999809265137
vertex 17.92515754699707 -64.78809356689453 -8.582683563232422
endloop
endfacet
facet normal 0 -1 0
outer loop
vertex 17.92515754699707 -64.78809356689453 -8.582683563232422
vertex 19.251277923583984 -64.78809356689453 -11.449999809265137
vertex 18.001277923583984 -64.78809356689453 -8.199999809265137
endloop
endfacet
facet normal 0 -1 0
outer loop
vertex 17.383960723876953 -64.78809356689453 -5.776120662689209
vertex 17.708385467529297 -64.78809356689453 -5.992893218994141
vertex 19.251277923583984 -64.78809356689453 -3.450000047683716
endloop
endfacet
facet normal 0 -1 0
outer loop
vertex 17.001277923583984 -64.78809356689453 -5.699999809265137
vertex 17.383960723876953 -64.78809356689453 -5.776120662689209
vertex 19.251277923583984 -64.78809356689453 -3.450000047683716
endloop
endfacet
facet normal -0.9807856371245007 0 -0.19508852864862958
outer loop
vertex 20.751277923583984 -65.77772521972656 -4.949999809265137
vertex 20.63709831237793 -65.7777099609375 -4.375974655151367
vertex 20.63709831237793 -64.78809356689453 -4.375974655151367
endloop
endfacet
facet normal -0.9807856371245007 0 -0.19508852864862955
outer loop
vertex 20.751277923583984 -64.78809356689453 -4.949999809265137
vertex 20.751277923583984 -65.77772521972656 -4.949999809265137
vertex 20.63709831237793 -64.78809356689453 -4.375974655151367
endloop
endfacet
facet normal 0 -1 0
outer loop
vertex 18.001277923583984 -64.78809356689453 -8.199999809265137
vertex 19.251277923583984 -64.78809356689453 -11.449999809265137
vertex 18.001277923583984 -64.78809356689453 -6.699999809265137
endloop
endfacet
facet normal 0.8314695010489664 0 -0.5555703995223136
outer loop
vertex 6.19061803817749 -65.77584075927734 -3.8893399238586426
vertex 5.865458965301514 -65.77579498291016 -4.375974655151367
vertex 5.865458965301514 -64.78809356689453 -4.375974655151367
endloop
endfacet
facet normal 0 -1 0
outer loop
vertex 19.251277923583984 -64.78809356689453 -11.449999809265137
vertex 19.82530403137207 -64.78809356689453 -11.335819244384766
vertex 19.251277923583984 -64.78809356689453 -3.450000047683716
endloop
endfacet
facet normal 0.1950900960897925 0 0.9807853253427458
outer loop
vertex 6.677252769470215 -64.78809356689453 -11.335819244384766
vertex 6.677252769470215 -65.7759017944336 -11.335819244384766
vertex 7.251277923583984 -64.78809356689453 -11.449999809265137
endloop
endfacet
facet normal 0.1950900960897925 0 0.9807853253427457
outer loop
vertex 6.677252769470215 -65.7759017944336 -11.335819244384766
vertex 7.251277923583984 -65.7759780883789 -11.449999809265137
vertex 7.251277923583984 -64.78809356689453 -11.449999809265137
endloop
endfacet
facet normal 0.5555703995223135 0 0.8314695010489662
outer loop
vertex 6.19061803817749 -65.77584075927734 -11.010660171508789
vertex 6.677252769470215 -65.7759017944336 -11.335819244384766
vertex 6.677252769470215 -64.78809356689453 -11.335819244384766
endloop
endfacet
facet normal 0 -1 0
outer loop
vertex 17.383960723876953 -64.78809356689453 -9.123879432678223
vertex 19.251277923583984 -64.78809356689453 -11.449999809265137
vertex 17.708385467529297 -64.78809356689453 -8.907106399536133
endloop
endfacet
facet normal 1 0 0
outer loop
vertex 5.751277923583984 -65.7757797241211 -4.949999809265137
vertex 5.751277923583984 -65.7757797241211 -9.949999809265137
vertex 5.751277923583984 -64.78809356689453 -9.949999809265137
endloop
endfacet
facet normal 0 -1 0
outer loop
vertex 5.865458965301514 -64.78809356689453 -10.524024963378906
vertex 6.19061803817749 -64.78809356689453 -11.010660171508789
vertex 5.865458965301514 -64.78809356689453 -4.375974655151367
endloop
endfacet
facet normal 0 -1 0
outer loop
vertex 5.751277923583984 -64.78809356689453 -9.949999809265137
vertex 5.865458965301514 -64.78809356689453 -10.524024963378906
vertex 5.751277923583984 -64.78809356689453 -4.949999809265137
endloop
endfacet
facet normal 0.8314695010489662 0 -0.5555703995223135
outer loop
vertex 6.19061803817749 -65.77584075927734 -3.8893399238586426
vertex 5.865458965301514 -64.78809356689453 -4.375974655151367
vertex 6.19061803817749 -64.78809356689453 -3.8893399238586426
endloop
endfacet
facet normal 0.5555706811503046 0 -0.8314693128710083
outer loop
vertex 6.19061803817749 -65.77584075927734 -3.8893399238586426
vertex 6.19061803817749 -64.78809356689453 -3.8893399238586426
vertex 6.677252769470215 -65.7759017944336 -3.564180612564087
endloop
endfacet
facet normal 0.1950900960897925 0 -0.9807853253427458
outer loop
vertex 6.677252769470215 -65.7759017944336 -3.564180612564087
vertex 6.677252769470215 -64.78809356689453 -3.564180612564087
vertex 7.251277923583984 -65.7759780883789 -3.450000047683716
endloop
endfacet
facet normal 0 -1 0
outer loop
vertex 7.251277923583984 -64.78809356689453 -11.449999809265137
vertex 8.501277923583984 -64.78809356689453 -8.199999809265137
vertex 7.251277923583984 -64.78809356689453 -3.450000047683716
endloop
endfacet
facet normal 0.5555706811503046 0 -0.8314693128710082
outer loop
vertex 6.677252769470215 -65.7759017944336 -3.564180612564087
vertex 6.19061803817749 -64.78809356689453 -3.8893399238586426
vertex 6.677252769470215 -64.78809356689453 -3.564180612564087
endloop
endfacet
facet normal 0.1950900960897925 0 -0.9807853253427457
outer loop
vertex 7.251277923583984 -65.7759780883789 -3.450000047683716
vertex 6.677252769470215 -64.78809356689453 -3.564180612564087
vertex 7.251277923583984 -64.78809356689453 -3.450000047683716
endloop
endfacet
facet normal 1 0 0
outer loop
vertex 5.751277923583984 -65.7757797241211 -4.949999809265137
vertex 5.751277923583984 -64.78809356689453 -9.949999809265137
vertex 5.751277923583984 -64.78809356689453 -4.949999809265137
endloop
endfacet
facet normal 0 -1 0
outer loop
vertex 5.751277923583984 -64.78809356689453 -4.949999809265137
vertex 5.865458965301514 -64.78809356689453 -10.524024963378906
vertex 5.865458965301514 -64.78809356689453 -4.375974655151367
endloop
endfacet
facet normal 0 -1 0
outer loop
vertex 7.251277923583984 -64.78809356689453 -3.450000047683716
vertex 9.501277923583984 -64.78809356689453 -5.699999809265137
vertex 19.251277923583984 -64.78809356689453 -3.450000047683716
endloop
endfacet
facet normal 0 0 -1
outer loop
vertex 7.251277923583984 -65.7759780883789 -3.450000047683716
vertex 7.251277923583984 -64.78809356689453 -3.450000047683716
vertex 19.251277923583984 -65.77752685546875 -3.450000047683716
endloop
endfacet
facet normal 0 0 -1
outer loop
vertex 19.251277923583984 -65.77752685546875 -3.450000047683716
vertex 7.251277923583984 -64.78809356689453 -3.450000047683716
vertex 19.251277923583984 -64.78809356689453 -3.450000047683716
endloop
endfacet
facet normal -0.8314695010489663 0 -0.5555703995223136
outer loop
vertex 20.63709831237793 -65.7777099609375 -4.375974655151367
vertex 20.311939239501953 -65.77766418457031 -3.8893399238586426
vertex 20.311939239501953 -64.78809356689453 -3.8893399238586426
endloop
endfacet
facet normal 0 -1 0
outer loop
vertex 19.82530403137207 -64.78809356689453 -11.335819244384766
vertex 20.311939239501953 -64.78809356689453 -11.010660171508789
vertex 19.82530403137207 -64.78809356689453 -3.564180612564087
endloop
endfacet
facet normal 0 -1 0
outer loop
vertex 20.311939239501953 -64.78809356689453 -11.010660171508789
vertex 20.63709831237793 -64.78809356689453 -10.524024963378906
vertex 20.311939239501953 -64.78809356689453 -3.8893399238586426
endloop
endfacet
facet normal -1 0 0
outer loop
vertex 20.751277923583984 -64.78809356689453 -9.949999809265137
vertex 20.751277923583984 -65.77772521972656 -9.949999809265137
vertex 20.751277923583984 -64.78809356689453 -4.949999809265137
endloop
endfacet
facet normal 0 -1 0
outer loop
vertex 20.63709831237793 -64.78809356689453 -10.524024963378906
vertex 20.751277923583984 -64.78809356689453 -9.949999809265137
vertex 20.63709831237793 -64.78809356689453 -4.375974655151367
endloop
endfacet
facet normal -0.8314695010489663 0 -0.5555703995223136
outer loop
vertex 20.311939239501953 -64.78809356689453 -3.8893399238586426
vertex 20.63709831237793 -64.78809356689453 -4.375974655151367
vertex 20.63709831237793 -65.7777099609375 -4.375974655151367
endloop
endfacet
facet normal -0.5555703047945764 0 -0.8314695643440364
outer loop
vertex 20.311939239501953 -65.77766418457031 -3.8893399238586426
vertex 19.82530403137207 -65.77760314941406 -3.564180612564087
vertex 19.82530403137207 -64.78809356689453 -3.564180612564087
endloop
endfacet
facet normal 0 -1 0
outer loop
vertex 18.001277923583984 -64.78809356689453 -6.699999809265137
vertex 19.251277923583984 -64.78809356689453 -11.449999809265137
vertex 19.251277923583984 -64.78809356689453 -3.450000047683716
endloop
endfacet
facet normal -0.1950897843073725 0 -0.9807853873599988
outer loop
vertex 19.82530403137207 -65.77760314941406 -3.564180612564087
vertex 19.251277923583984 -65.77752685546875 -3.450000047683716
vertex 19.251277923583984 -64.78809356689453 -3.450000047683716
endloop
endfacet
facet normal -1 0 0
outer loop
vertex 20.751277923583984 -64.78809356689453 -4.949999809265137
vertex 20.751277923583984 -65.77772521972656 -9.949999809265137
vertex 20.751277923583984 -65.77772521972656 -4.949999809265137
endloop
endfacet
facet normal 0 -1 0
outer loop
vertex 5.865458965301514 -64.78809356689453 -4.375974655151367
vertex 6.19061803817749 -64.78809356689453 -11.010660171508789
vertex 6.19061803817749 -64.78809356689453 -3.8893399238586426
endloop
endfacet
facet normal 0 -1 0
outer loop
vertex 6.19061803817749 -64.78809356689453 -3.8893399238586426
vertex 6.677252769470215 -64.78809356689453 -11.335819244384766
vertex 6.677252769470215 -64.78809356689453 -3.564180612564087
endloop
endfacet
facet normal 0 -1 0
outer loop
vertex 6.677252769470215 -64.78809356689453 -3.564180612564087
vertex 7.251277923583984 -64.78809356689453 -11.449999809265137
vertex 7.251277923583984 -64.78809356689453 -3.450000047683716
endloop
endfacet
facet normal -0.5555703047945764 0 -0.8314695643440364
outer loop
vertex 19.82530403137207 -64.78809356689453 -3.564180612564087
vertex 20.311939239501953 -64.78809356689453 -3.8893399238586426
vertex 20.311939239501953 -65.77766418457031 -3.8893399238586426
endloop
endfacet
facet normal -0.1950897843073725 0 -0.9807853873599988
outer loop
vertex 19.251277923583984 -64.78809356689453 -3.450000047683716
vertex 19.82530403137207 -64.78809356689453 -3.564180612564087
vertex 19.82530403137207 -65.77760314941406 -3.564180612564087
endloop
endfacet
facet normal 0 -1 0
outer loop
vertex 7.251277923583984 -64.78809356689453 -3.450000047683716
vertex 8.501277923583984 -64.78809356689453 -8.199999809265137
vertex 8.501277923583984 -64.78809356689453 -6.699999809265137
endloop
endfacet
facet normal 0.9807851694510031 0 -0.1950908798098134
outer loop
vertex 5.751277923583984 -65.7757797241211 -4.949999809265137
vertex 5.751277923583984 -64.78809356689453 -4.949999809265137
vertex 5.865458965301514 -65.77579498291016 -4.375974655151367
endloop
endfacet
facet normal 0 -1 0
outer loop
vertex 7.251277923583984 -64.78809356689453 -3.450000047683716
vertex 9.118595123291016 -64.78809356689453 -5.776120662689209
vertex 9.501277923583984 -64.78809356689453 -5.699999809265137
endloop
endfacet
facet normal 0 -1 0
outer loop
vertex 7.251277923583984 -64.78809356689453 -3.450000047683716
vertex 8.794171333312988 -64.78809356689453 -5.992893218994141
vertex 9.118595123291016 -64.78809356689453 -5.776120662689209
endloop
endfacet
facet normal 0 -1 0
outer loop
vertex 7.251277923583984 -64.78809356689453 -3.450000047683716
vertex 8.577398300170898 -64.78809356689453 -6.31731653213501
vertex 8.794171333312988 -64.78809356689453 -5.992893218994141
endloop
endfacet
facet normal 0.5555703995223135 0 0.8314695010489662
outer loop
vertex 6.19061803817749 -65.77584075927734 -11.010660171508789
vertex 6.677252769470215 -64.78809356689453 -11.335819244384766
vertex 6.19061803817749 -64.78809356689453 -11.010660171508789
endloop
endfacet
facet normal 0.19509158345481065 0 -0.9807850294866326
outer loop
vertex 9.501277923583984 -64.78809356689453 -5.699999809265137
vertex 9.118595123291016 -63.58809280395508 -5.776120662689209
vertex 9.501277923583984 -63.58809280395508 -5.699999809265137
endloop
endfacet
facet normal 0.5555693651831525 0 -0.8314701921716671
outer loop
vertex 9.118595123291016 -63.58809280395508 -5.776120662689209
vertex 9.118595123291016 -64.78809356689453 -5.776120662689209
vertex 8.794171333312988 -63.58809280395508 -5.992893218994141
endloop
endfacet
facet normal 0.19509158345481065 0 -0.9807850294866326
outer loop
vertex 9.118595123291016 -64.78809356689453 -5.776120662689209
vertex 9.118595123291016 -63.58809280395508 -5.776120662689209
vertex 9.501277923583984 -64.78809356689453 -5.699999809265137
endloop
endfacet
facet normal 0.5555693651831525 0 -0.8314701921716671
outer loop
vertex 8.794171333312988 -64.78809356689453 -5.992893218994141
vertex 8.794171333312988 -63.58809280395508 -5.992893218994141
vertex 9.118595123291016 -64.78809356689453 -5.776120662689209
endloop
endfacet
facet normal 0.8314692504297169 0 -0.5555707746001806
outer loop
vertex 8.794171333312988 -64.78809356689453 -5.992893218994141
vertex 8.577398300170898 -63.58809280395508 -6.31731653213501
vertex 8.794171333312988 -63.58809280395508 -5.992893218994141
endloop
endfacet
facet normal 0.8314692504297169 0 -0.5555707746001806
outer loop
vertex 8.577398300170898 -64.78809356689453 -6.31731653213501
vertex 8.577398300170898 -63.58809280395508 -6.31731653213501
vertex 8.794171333312988 -64.78809356689453 -5.992893218994141
endloop
endfacet
facet normal 0.9807853098383859 0 -0.19509017403555012
outer loop
vertex 8.577398300170898 -64.78809356689453 -6.31731653213501
vertex 8.501277923583984 -63.58809280395508 -6.699999809265137
vertex 8.577398300170898 -63.58809280395508 -6.31731653213501
endloop
endfacet
facet normal -0.9807853098383859 0 -0.19509017403555012
outer loop
vertex 18.001277923583984 -63.58809280395508 -6.699999809265137
vertex 18.001277923583984 -64.78809356689453 -6.699999809265137
vertex 17.92515754699707 -63.58809280395508 -6.31731653213501
endloop
endfacet
facet normal -1 0 0
outer loop
vertex 18.001277923583984 -63.58809280395508 -6.699999809265137
vertex 18.001277923583984 -64.78809356689453 -8.199999809265137
vertex 18.001277923583984 -64.78809356689453 -6.699999809265137
endloop
endfacet
facet normal -1 0 0
outer loop
vertex 18.001277923583984 -63.58809280395508 -8.199999809265137
vertex 18.001277923583984 -64.78809356689453 -8.199999809265137
vertex 18.001277923583984 -63.58809280395508 -6.699999809265137
endloop
endfacet
facet normal -0.9807853563514094 0 0.1950899401984604
outer loop
vertex 18.001277923583984 -63.58809280395508 -8.199999809265137
vertex 17.92515754699707 -63.58809280395508 -8.582683563232422
vertex 17.92515754699707 -64.78809356689453 -8.582683563232422
endloop
endfacet
facet normal -0.9807853563514094 0 0.1950899401984604
outer loop
vertex 18.001277923583984 -64.78809356689453 -8.199999809265137
vertex 18.001277923583984 -63.58809280395508 -8.199999809265137
vertex 17.92515754699707 -64.78809356689453 -8.582683563232422
endloop
endfacet
facet normal -0.8314700022881474 0 0.5555696493644593
outer loop
vertex 17.92515754699707 -63.58809280395508 -8.582683563232422
vertex 17.708385467529297 -64.78809356689453 -8.907106399536133
vertex 17.92515754699707 -64.78809356689453 -8.582683563232422
endloop
endfacet
facet normal 0.9807853098383859 0 -0.19509017403555012
outer loop
vertex 8.501277923583984 -64.78809356689453 -6.699999809265137
vertex 8.501277923583984 -63.58809280395508 -6.699999809265137
vertex 8.577398300170898 -64.78809356689453 -6.31731653213501
endloop
endfacet
facet normal 1 0 0
outer loop
vertex 8.501277923583984 -64.78809356689453 -6.699999809265137
vertex 8.501277923583984 -63.58809280395508 -8.199999809265137
vertex 8.501277923583984 -63.58809280395508 -6.699999809265137
endloop
endfacet
facet normal 1 0 0
outer loop
vertex 8.501277923583984 -64.78809356689453 -8.199999809265137
vertex 8.501277923583984 -63.58809280395508 -8.199999809265137
vertex 8.501277923583984 -64.78809356689453 -6.699999809265137
endloop
endfacet
facet normal 0.9807853563514094 0 0.1950899401984604
outer loop
vertex 8.501277923583984 -64.78809356689453 -8.199999809265137
vertex 8.577398300170898 -63.58809280395508 -8.582683563232422
vertex 8.501277923583984 -63.58809280395508 -8.199999809265137
endloop
endfacet
facet normal 0.9807853563514094 0 0.1950899401984604
outer loop
vertex 8.577398300170898 -64.78809356689453 -8.582683563232422
vertex 8.577398300170898 -63.58809280395508 -8.582683563232422
vertex 8.501277923583984 -64.78809356689453 -8.199999809265137
endloop
endfacet
facet normal 0.8314688732193027 0 0.5555713391342493
outer loop
vertex 8.577398300170898 -64.78809356689453 -8.582683563232422
vertex 8.794171333312988 -63.58809280395508 -8.907106399536133
vertex 8.577398300170898 -63.58809280395508 -8.582683563232422
endloop
endfacet
facet normal -0.8314700022881474 0 0.5555696493644593
outer loop
vertex 17.708385467529297 -63.58809280395508 -8.907106399536133
vertex 17.708385467529297 -64.78809356689453 -8.907106399536133
vertex 17.92515754699707 -63.58809280395508 -8.582683563232422
endloop
endfacet
facet normal -0.5555690810033217 0 0.83147038205406
outer loop
vertex 17.708385467529297 -63.58809280395508 -8.907106399536133
vertex 17.383960723876953 -64.78809356689453 -9.123879432678223
vertex 17.708385467529297 -64.78809356689453 -8.907106399536133
endloop
endfacet
facet normal -0.5555690810033217 0 0.83147038205406
outer loop
vertex 17.383960723876953 -63.58809280395508 -9.123879432678223
vertex 17.383960723876953 -64.78809356689453 -9.123879432678223
vertex 17.708385467529297 -63.58809280395508 -8.907106399536133
endloop
endfacet
facet normal -0.19509040787318935 0 0.9807852633251952
outer loop
vertex 17.383960723876953 -63.58809280395508 -9.123879432678223
vertex 17.001277923583984 -64.78809356689453 -9.199999809265137
vertex 17.383960723876953 -64.78809356689453 -9.123879432678223
endloop
endfacet
facet normal -0.19509040787318935 0 0.9807852633251952
outer loop
vertex 17.001277923583984 -63.58809280395508 -9.199999809265137
vertex 17.001277923583984 -64.78809356689453 -9.199999809265137
vertex 17.383960723876953 -63.58809280395508 -9.123879432678223
endloop
endfacet
facet normal 0 0 1
outer loop
vertex 17.001277923583984 -63.58809280395508 -9.199999809265137
vertex 9.501277923583984 -64.78809356689453 -9.199999809265137
vertex 17.001277923583984 -64.78809356689453 -9.199999809265137
endloop
endfacet
facet normal 0 0 1
outer loop
vertex 9.501277923583984 -63.58809280395508 -9.199999809265137
vertex 9.501277923583984 -64.78809356689453 -9.199999809265137
vertex 17.001277923583984 -63.58809280395508 -9.199999809265137
endloop
endfacet
facet normal 0.5555702100670031 0 0.8314696276389812
outer loop
vertex 8.794171333312988 -64.78809356689453 -8.907106399536133
vertex 9.118595123291016 -63.58809280395508 -9.123879432678223
vertex 8.794171333312988 -63.58809280395508 -8.907106399536133
endloop
endfacet
facet normal -0.19509158345481065 0 -0.9807850294866326
outer loop
vertex 17.001277923583984 -63.58809280395508 -5.699999809265137
vertex 17.383960723876953 -64.78809356689453 -5.776120662689209
vertex 17.001277923583984 -64.78809356689453 -5.699999809265137
endloop
endfacet
facet normal -0.19509158345481065 0 -0.9807850294866326
outer loop
vertex 17.383960723876953 -63.58809280395508 -5.776120662689209
vertex 17.383960723876953 -64.78809356689453 -5.776120662689209
vertex 17.001277923583984 -63.58809280395508 -5.699999809265137
endloop
endfacet
facet normal -0.5555682361196549 0 -0.8314709465849636
outer loop
vertex 17.708385467529297 -63.58809280395508 -5.992893218994141
vertex 17.708385467529297 -64.78809356689453 -5.992893218994141
vertex 17.383960723876953 -63.58809280395508 -5.776120662689209
endloop
endfacet
facet normal -0.5555682361196549 0 -0.8314709465849636
outer loop
vertex 17.708385467529297 -64.78809356689453 -5.992893218994141
vertex 17.383960723876953 -64.78809356689453 -5.776120662689209
vertex 17.383960723876953 -63.58809280395508 -5.776120662689209
endloop
endfacet
facet normal 0.8314688732193027 0 0.5555713391342493
outer loop
vertex 8.577398300170898 -64.78809356689453 -8.582683563232422
vertex 8.794171333312988 -64.78809356689453 -8.907106399536133
vertex 8.794171333312988 -63.58809280395508 -8.907106399536133
endloop
endfacet
facet normal 0.19509040787318935 0 0.9807852633251952
outer loop
vertex 9.501277923583984 -63.58809280395508 -9.199999809265137
vertex 9.118595123291016 -64.78809356689453 -9.123879432678223
vertex 9.501277923583984 -64.78809356689453 -9.199999809265137
endloop
endfacet
facet normal 0.19509040787318935 0 0.9807852633251952
outer loop
vertex 9.118595123291016 -63.58809280395508 -9.123879432678223
vertex 9.118595123291016 -64.78809356689453 -9.123879432678223
vertex 9.501277923583984 -63.58809280395508 -9.199999809265137
endloop
endfacet
facet normal 0.5555702100670031 0 0.8314696276389812
outer loop
vertex 8.794171333312988 -64.78809356689453 -8.907106399536133
vertex 9.118595123291016 -64.78809356689453 -9.123879432678223
vertex 9.118595123291016 -63.58809280395508 -9.123879432678223
endloop
endfacet
facet normal -0.831470379496779 0 -0.5555690848305744
outer loop
vertex 17.92515754699707 -63.58809280395508 -6.31731653213501
vertex 17.92515754699707 -64.78809356689453 -6.31731653213501
vertex 17.708385467529297 -63.58809280395508 -5.992893218994141
endloop
endfacet
facet normal -0.831470379496779 0 -0.5555690848305744
outer loop
vertex 17.92515754699707 -64.78809356689453 -6.31731653213501
vertex 17.708385467529297 -64.78809356689453 -5.992893218994141
vertex 17.708385467529297 -63.58809280395508 -5.992893218994141
endloop
endfacet
facet normal -0.9807853098383859 0 -0.19509017403555012
outer loop
vertex 17.92515754699707 -63.58809280395508 -6.31731653213501
vertex 18.001277923583984 -64.78809356689453 -6.699999809265137
vertex 17.92515754699707 -64.78809356689453 -6.31731653213501
endloop
endfacet
facet normal 0 0 -1
outer loop
vertex 17.001277923583984 -64.78809356689453 -5.699999809265137
vertex 9.501277923583984 -63.58809280395508 -5.699999809265137
vertex 17.001277923583984 -63.58809280395508 -5.699999809265137
endloop
endfacet
facet normal 0 0 -1
outer loop
vertex 9.501277923583984 -64.78809356689453 -5.699999809265137
vertex 9.501277923583984 -63.58809280395508 -5.699999809265137
vertex 17.001277923583984 -64.78809356689453 -5.699999809265137
endloop
endfacet
facet normal 0.039661293743405907 -0.08505410900961514 0.9955866513363765
outer loop
vertex 74.23707580566406 -65.08226776123047 -0.2976166605949402
vertex 74.31914520263672 -65.30775451660156 -0.32014966011047363
vertex 74.75424194335938 -65.10486602783203 -0.32014966011047363
endloop
endfacet
facet normal -0.04492965978741411 -0.09635249677536142 0.9943327018843046
outer loop
vertex 68.5263900756836 -65.52655792236328 -0.4050999879837036
vertex 69.6644058227539 -66.05722045898438 -0.4050999879837036
vertex 69.93718719482422 -65.30775451660156 -0.32014966011047363
endloop
endfacet
facet normal 0.06097987073531612 -0.08708704636851224 0.9943325910981258
outer loop
vertex 75.50833129882812 -65.14270782470703 -0.357890248298645
vertex 75.72994232177734 -65.52655792236328 -0.4050999879837036
vertex 76.21058654785156 -65.19000244140625 -0.4050999879837036
endloop
endfacet
facet normal 0.024288653796395703 -0.09064921941078978 0.9955866513352685
outer loop
vertex 74.31914520263672 -65.30775451660156 -0.32014966011047363
vertex 74.23707580566406 -65.08226776123047 -0.2976166605949402
vertex 73.14463806152344 -65.05278778076172 -0.2682810127735138
endloop
endfacet
facet normal 0.04492902067687986 -0.09635380423731402 0.9943326040666743
outer loop
vertex 74.75424194335938 -65.10486602783203 -0.32014966011047363
vertex 75.72994232177734 -65.52655792236328 -0.4050999879837036
vertex 75.50833129882812 -65.14270782470703 -0.357890248298645
endloop
endfacet
facet normal 0.06812078517931551 -0.09728518453770313 0.9929225304604677
outer loop
vertex 75.72994232177734 -65.52655792236328 -0.4050999879837036
vertex 76.12816619873047 -66.21629333496094 -0.5
vertex 76.21058654785156 -65.19000244140625 -0.4050999879837036
endloop
endfacet
facet normal 0.06812007836510037 -0.09728513272756473 0.9929225840284391
outer loop
vertex 76.12816619873047 -66.21629333496094 -0.5
vertex 76.62816619873047 -65.8661880493164 -0.5
vertex 76.21058654785156 -65.19000244140625 -0.4050999879837036
endloop
endfacet
facet normal 0.05019192220417751 -0.10763654662779717 0.9929225270762527
outer loop
vertex 75.72994232177734 -65.52655792236328 -0.4050999879837036
vertex 74.86432647705078 -66.80563354492188 -0.5
vertex 76.12816619873047 -66.21629333496094 -0.5
endloop
endfacet
facet normal 0.044929626169731035 -0.09635242468161054 0.9943327103893459
outer loop
vertex 74.75424194335938 -65.10486602783203 -0.32014966011047363
vertex 74.59192657470703 -66.05722045898438 -0.4050999879837036
vertex 75.72994232177734 -65.52655792236328 -0.4050999879837036
endloop
endfacet
facet normal 0.044929785334869875 -0.09635245094055932 0.9943327006528095
outer loop
vertex 74.59192657470703 -66.05722045898438 -0.4050999879837036
vertex 74.75424194335938 -65.10486602783203 -0.32014966011047363
vertex 74.31914520263672 -65.30775451660156 -0.32014966011047363
endloop
endfacet
facet normal 0.027515879126116617 -0.10269055023112574 0.9943327045255755
outer loop
vertex 74.31914520263672 -65.30775451660156 -0.32014966011047363
vertex 73.3790512084961 -66.38220977783203 -0.4050999879837036
vertex 74.59192657470703 -66.05722045898438 -0.4050999879837036
endloop
endfacet
facet normal 0.05019126511808305 -0.10763610793679108 0.9929226078471907
outer loop
vertex 74.59192657470703 -66.05722045898438 -0.4050999879837036
vertex 74.86432647705078 -66.80563354492188 -0.5
vertex 75.72994232177734 -65.52655792236328 -0.4050999879837036
endloop
endfacet
facet normal 0.030738358281302572 -0.11471638220394974 0.9929226077515849
outer loop
vertex 74.59192657470703 -66.05722045898438 -0.4050999879837036
vertex 73.51734924316406 -67.16655731201172 -0.5
vertex 74.86432647705078 -66.80563354492188 -0.5
endloop
endfacet
facet normal 0.030738138055674796 -0.11471617154407224 0.9929226389075542
outer loop
vertex 73.3790512084961 -66.38220977783203 -0.4050999879837036
vertex 73.51734924316406 -67.16655731201172 -0.5
vertex 74.59192657470703 -66.05722045898438 -0.4050999879837036
endloop
endfacet
facet normal 1 0 0
outer loop
vertex 76.62816619873047 -65.8661880493164 -0.5
vertex 76.62816619873047 -65.78495788574219 -1
vertex 76.62816619873047 -65.2218246459961 -0.4368656873703003
endloop
endfacet
facet normal 1 0 0
outer loop
vertex 76.62816619873047 -65.8661880493164 -0.5
vertex 76.62816619873047 -65.8661880493164 -1.5
vertex 76.62816619873047 -65.78495788574219 -1
endloop
endfacet
facet normal 0.5735781035076711 -0.8191508769308272 0
outer loop
vertex 76.12816619873047 -66.21629333496094 -0.5
vertex 76.12816619873047 -66.21629333496094 -1.5
vertex 76.62816619873047 -65.8661880493164 -0.5
endloop
endfacet
facet normal 0.42261948047228126 -0.9063072187317825 0
outer loop
vertex 74.86432647705078 -66.80563354492188 -0.5
vertex 74.86432647705078 -66.80563354492188 -1.5
vertex 76.12816619873047 -66.21629333496094 -0.5
endloop
endfacet
facet normal 0.25882058733748775 -0.9659254130471346 0
outer loop
vertex 73.51734924316406 -67.16655731201172 -0.5
vertex 73.51734924316406 -67.16655731201172 -1.5
vertex 74.86432647705078 -66.80563354492188 -0.5
endloop
endfacet
facet normal 0.06811880842765268 -0.09728591840346106 0.9929225941727744
outer loop
vertex 76.62816619873047 -65.8661880493164 -0.5
vertex 76.62816619873047 -65.2218246459961 -0.4368656873703003
vertex 76.21058654785156 -65.19000244140625 -0.4050999879837036
endloop
endfacet
facet normal 0.5735781035076711 -0.8191508769308272 0
outer loop
vertex 76.12816619873047 -66.21629333496094 -1.5
vertex 76.62816619873047 -65.8661880493164 -1.5
vertex 76.62816619873047 -65.8661880493164 -0.5
endloop
endfacet
facet normal 1 0 0
outer loop
vertex 76.62816619873047 -65.8661880493164 -1.5
vertex 76.62816619873047 -65.78495788574219 -1.507959008216858
vertex 76.62816619873047 -65.78495788574219 -1
endloop
endfacet
facet normal 0.06812170803758663 -0.09728746013099605 -0.992922244183955
outer loop
vertex 76.62816619873047 -65.78495788574219 -1.507959008216858
vertex 76.62816619873047 -65.8661880493164 -1.5
vertex 76.12816619873047 -66.21629333496094 -1.5
endloop
endfacet
facet normal 0.42261948047228126 -0.9063072187317825 0
outer loop
vertex 74.86432647705078 -66.80563354492188 -1.5
vertex 76.12816619873047 -66.21629333496094 -1.5
vertex 76.12816619873047 -66.21629333496094 -0.5
endloop
endfacet
facet normal 0.25882058733748775 -0.9659254130471346 0
outer loop
vertex 73.51734924316406 -67.16655731201172 -1.5
vertex 74.86432647705078 -66.80563354492188 -1.5
vertex 74.86432647705078 -66.80563354492188 -0.5
endloop
endfacet
facet normal 0.06812008741335411 -0.09728558695677017 -0.9929225389028459
outer loop
vertex 76.12816619873047 -66.21629333496094 -1.5
vertex 75.87908172607422 -65.78485870361328 -1.559360146522522
vertex 76.62816619873047 -65.78495788574219 -1.507959008216858
endloop
endfacet
facet normal 0.050191265101517224 -0.10763661525740688 -0.9929225528526574
outer loop
vertex 76.12816619873047 -66.21629333496094 -1.5
vertex 75.17620086669922 -65.7847671508789 -1.5949000120162964
vertex 75.87908172607422 -65.78485870361328 -1.559360146522522
endloop
endfacet
facet normal 0.050191678987725294 -0.1076357189728089 -0.9929226290913102
outer loop
vertex 76.12816619873047 -66.21629333496094 -1.5
vertex 74.59192657470703 -66.05722045898438 -1.5949000120162964
vertex 75.17620086669922 -65.7847671508789 -1.5949000120162964
endloop
endfacet
facet normal 0.05019165176549849 -0.10763596667221456 -0.9929226036160064
outer loop
vertex 74.86432647705078 -66.80563354492188 -1.5
vertex 74.59192657470703 -66.05722045898438 -1.5949000120162964
vertex 76.12816619873047 -66.21629333496094 -1.5
endloop
endfacet
facet normal 0.0449303401249764 -0.09635281306742861 -0.9943326404932341
outer loop
vertex 74.59192657470703 -66.05722045898438 -1.5949000120162964
vertex 74.49272918701172 -65.78468322753906 -1.6257917881011963
vertex 75.17620086669922 -65.7847671508789 -1.5949000120162964
endloop
endfacet
facet normal 0.027516057746716005 -0.10269121685157241 -0.9943326307366277
outer loop
vertex 74.59192657470703 -66.05722045898438 -1.5949000120162964
vertex 73.3790512084961 -66.38220977783203 -1.5949000120162964
vertex 74.49272918701172 -65.78468322753906 -1.6257917881011963
endloop
endfacet
facet normal 0.030738209004710124 -0.11471643632919659 -0.9929226061194862
outer loop
vertex 74.86432647705078 -66.80563354492188 -1.5
vertex 73.3790512084961 -66.38220977783203 -1.5949000120162964
vertex 74.59192657470703 -66.05722045898438 -1.5949000120162964
endloop
endfacet
facet normal -0.06812029051590231 -0.09728543570899723 -0.9929225397879432
outer loop
vertex 67.62816619873047 -65.7837905883789 -1.5080732107162476
vertex 68.12816619873047 -66.21629333496094 -1.5
vertex 67.62816619873047 -65.8661880493164 -1.5
endloop
endfacet
facet normal -0.06812026473772195 -0.0972854059951774 -0.9929225444678029
outer loop
vertex 68.12816619873047 -66.21629333496094 -1.5
vertex 67.62816619873047 -65.7837905883789 -1.5080732107162476
vertex 68.37781524658203 -65.78388977050781 -1.5594937801361084
endloop
endfacet
facet normal -0.05019178990825375 -0.10763644620253927 -0.9929225446502328
outer loop
vertex 68.12816619873047 -66.21629333496094 -1.5
vertex 68.37781524658203 -65.78388977050781 -1.5594937801361084
vertex 69.07843780517578 -65.78398132324219 -1.5949000120162964
endloop
endfacet
facet normal -1 0 0
outer loop
vertex 67.62816619873047 -65.7837905883789 -1
vertex 67.62816619873047 -65.7837905883789 -1.5080732107162476
vertex 67.62816619873047 -65.8661880493164 -1.5
endloop
endfacet
facet normal -0.5735781035076711 -0.8191508769308272 0
outer loop
vertex 68.12816619873047 -66.21629333496094 -1.5
vertex 68.12816619873047 -66.21629333496094 -0.5
vertex 67.62816619873047 -65.8661880493164 -1.5
endloop
endfacet
facet normal 0.03073829439549061 -0.11471614378037633 -0.9929226372753399
outer loop
vertex 73.51734924316406 -67.16655731201172 -1.5
vertex 73.3790512084961 -66.38220977783203 -1.5949000120162964
vertex 74.86432647705078 -66.80563354492188 -1.5
endloop
endfacet
facet normal 0.02428904764064285 -0.09064743623717962 0.9955868040850768
outer loop
vertex 73.14463806152344 -65.05278778076172 -0.2682810127735138
vertex 73.24055480957031 -65.59676361083984 -0.32014966011047363
vertex 74.31914520263672 -65.30775451660156 -0.32014966011047363
endloop
endfacet
facet normal 0.027516048159649344 -0.10269069656223719 0.9943326847354654
outer loop
vertex 73.24055480957031 -65.59676361083984 -0.32014966011047363
vertex 73.3790512084961 -66.38220977783203 -0.4050999879837036
vertex 74.31914520263672 -65.30775451660156 -0.32014966011047363
endloop
endfacet
facet normal 0.00817897793940295 -0.0934880506933298 0.9955868062089955
outer loop
vertex 73.14463806152344 -65.05278778076172 -0.2682810127735138
vertex 72.52816772460938 -65.65908813476562 -0.32014966011047363
vertex 73.24055480957031 -65.59676361083984 -0.32014966011047363
endloop
endfacet
facet normal 0.008179373220232922 -0.0934884491259857 0.9955867655477055
outer loop
vertex 72.52816772460938 -65.04711151123047 -0.26268330216407776
vertex 72.52816772460938 -65.65908813476562 -0.32014966011047363
vertex 73.14463806152344 -65.05278778076172 -0.2682810127735138
endloop
endfacet
facet normal 0.009266422844980474 -0.10590862273336107 0.9943326893139843
outer loop
vertex 73.24055480957031 -65.59676361083984 -0.32014966011047363
vertex 72.52816772460938 -66.45665740966797 -0.4050999879837036
vertex 73.3790512084961 -66.38220977783203 -0.4050999879837036
endloop
endfacet
facet normal -0.009266123133952014 -0.10590819577977008 -0.994332737582717
outer loop
vertex 70.98271942138672 -65.78422546386719 -1.6595749855041504
vertex 71.72816467285156 -65.7843246459961 -1.6665111780166626
vertex 70.87728118896484 -66.38220977783203 -1.5949000120162964
endloop
endfacet
facet normal 0.009266505533437611 -0.10590833037214828 -0.9943327196833979
outer loop
vertex 72.52816772460938 -65.78443145751953 -1.666500210762024
vertex 73.27366638183594 -65.7845230102539 -1.6595429182052612
vertex 73.3790512084961 -66.38220977783203 -1.5949000120162964
endloop
endfacet
facet normal 0.00926555270263327 -0.10590791015493684 0.9943327733207472
outer loop
vertex 72.52816772460938 -65.65908813476562 -0.32014966011047363
vertex 72.52816772460938 -66.45665740966797 -0.4050999879837036
vertex 73.24055480957031 -65.59676361083984 -0.32014966011047363
endloop
endfacet
facet normal -0.050191832508873595 -0.10763635427627251 -0.9929225524619298
outer loop
vertex 68.12816619873047 -66.21629333496094 -1.5
vertex 69.07843780517578 -65.78398132324219 -1.5949000120162964
vertex 69.39200592041016 -66.80563354492188 -1.5
endloop
endfacet
facet normal -0.04493012300214612 -0.09635374901035434 -0.9943325596090382
outer loop
vertex 69.07843780517578 -65.78398132324219 -1.5949000120162964
vertex 69.76382446289062 -65.78407287597656 -1.6258611679077148
vertex 69.6644058227539 -66.05722045898438 -1.5949000120162964
endloop
endfacet
facet normal -0.05019114990386702 -0.10763615003117782 -0.9929226091079775
outer loop
vertex 69.07843780517578 -65.78398132324219 -1.5949000120162964
vertex 69.6644058227539 -66.05722045898438 -1.5949000120162964
vertex 69.39200592041016 -66.80563354492188 -1.5
endloop
endfacet
facet normal -0.030738358281302572 -0.11471638220394974 -0.9929226077515849
outer loop
vertex 69.39200592041016 -66.80563354492188 -1.5
vertex 69.6644058227539 -66.05722045898438 -1.5949000120162964
vertex 70.73898315429688 -67.16655731201172 -1.5
endloop
endfacet
facet normal -0.030738138055674796 -0.11471617154407224 -0.9929226389075542
outer loop
vertex 70.73898315429688 -67.16655731201172 -1.5
vertex 69.6644058227539 -66.05722045898438 -1.5949000120162964
vertex 70.87728118896484 -66.38220977783203 -1.5949000120162964
endloop
endfacet
facet normal -0.010350633706011374 -0.11831094617995228 -0.9929226477404413
outer loop
vertex 70.73898315429688 -67.16655731201172 -1.5
vertex 70.87728118896484 -66.38220977783203 -1.5949000120162964
vertex 71.72816467285156 -67.25309753417969 -1.5
endloop
endfacet
facet normal -0.02751542724077709 -0.10269224487813852 -0.9943325420128045
outer loop
vertex 69.76382446289062 -65.78407287597656 -1.6258611679077148
vertex 70.98271942138672 -65.78422546386719 -1.6595749855041504
vertex 69.6644058227539 -66.05722045898438 -1.5949000120162964
endloop
endfacet
facet normal -0.027515827267771246 -0.10269035669335085 -0.9943327259483933
outer loop
vertex 70.87728118896484 -66.38220977783203 -1.5949000120162964
vertex 69.6644058227539 -66.05722045898438 -1.5949000120162964
vertex 70.98271942138672 -65.78422546386719 -1.6595749855041504
endloop
endfacet
facet normal -0.42261948047228126 -0.9063072187317825 0
outer loop
vertex 69.39200592041016 -66.80563354492188 -1.5
vertex 69.39200592041016 -66.80563354492188 -0.5
vertex 68.12816619873047 -66.21629333496094 -1.5
endloop
endfacet
facet normal -0.25882058733748775 -0.9659254130471346 0
outer loop
vertex 69.39200592041016 -66.80563354492188 -1.5
vertex 70.73898315429688 -67.16655731201172 -1.5
vertex 70.73898315429688 -67.16655731201172 -0.5
endloop
endfacet
facet normal -0.010351643117954003 -0.1183119186325124 -0.9929225213450708
outer loop
vertex 71.72816467285156 -67.25309753417969 -1.5
vertex 70.87728118896484 -66.38220977783203 -1.5949000120162964
vertex 71.72816467285156 -66.45665740966797 -1.5949000120162964
endloop
endfacet
facet normal -0.009266356744050378 -0.10590786724674181 -0.99433277039829
outer loop
vertex 70.87728118896484 -66.38220977783203 -1.5949000120162964
vertex 71.72816467285156 -65.7843246459961 -1.6665111780166626
vertex 71.72816467285156 -66.45665740966797 -1.5949000120162964
endloop
endfacet
facet normal 0.010351643117954003 -0.1183119186325124 0.9929225213450708
outer loop
vertex 72.52816772460938 -66.45665740966797 -0.4050999879837036
vertex 72.52816772460938 -67.25309753417969 -0.5
vertex 73.3790512084961 -66.38220977783203 -0.4050999879837036
endloop
endfacet
facet normal 0.010350718881707533 -0.11831191976451631 -0.9929225308453155
outer loop
vertex 72.52816772460938 -66.45665740966797 -1.5949000120162964
vertex 73.51734924316406 -67.16655731201172 -1.5
vertex 72.52816772460938 -67.25309753417969 -1.5
endloop
endfacet
facet normal 0.010351544089549069 -0.11831078680827413 -0.9929226572396106
outer loop
vertex 73.51734924316406 -67.16655731201172 -1.5
vertex 72.52816772460938 -66.45665740966797 -1.5949000120162964
vertex 73.3790512084961 -66.38220977783203 -1.5949000120162964
endloop
endfacet
facet normal 0.009266409129261815 -0.10590846597245157 -0.9943327061387507
outer loop
vertex 73.3790512084961 -66.38220977783203 -1.5949000120162964
vertex 72.52816772460938 -66.45665740966797 -1.5949000120162964
vertex 72.52816772460938 -65.78443145751953 -1.666500210762024
endloop
endfacet
facet normal 0.010350633706011374 -0.11831094617995228 0.9929226477404413
outer loop
vertex 72.52816772460938 -67.25309753417969 -0.5
vertex 73.51734924316406 -67.16655731201172 -0.5
vertex 73.3790512084961 -66.38220977783203 -0.4050999879837036
endloop
endfacet
facet normal 0.02751572722697708 -0.10269060456650973 -0.9943327031174906
outer loop
vertex 73.3790512084961 -66.38220977783203 -1.5949000120162964
vertex 73.27366638183594 -65.7845230102539 -1.6595429182052612
vertex 74.49272918701172 -65.78468322753906 -1.6257917881011963
endloop
endfacet
facet normal -0.08715379696267496 -0.9961948683239583 0
outer loop
vertex 70.73898315429688 -67.16655731201172 -1.5
vertex 71.72816467285156 -67.25309753417969 -1.5
vertex 71.72816467285156 -67.25309753417969 -0.5
endloop
endfacet
facet normal -0.008179010353673062 -0.09348842119768251 0.9955867711513644
outer loop
vertex 71.72816467285156 -65.0469970703125 -0.2626725733280182
vertex 71.01577758789062 -65.59676361083984 -0.32014966011047363
vertex 71.72816467285156 -65.65908813476562 -0.32014966011047363
endloop
endfacet
facet normal -0.008179213479632694 -0.09348816037335124 0.9955867939747198
outer loop
vertex 71.11174774169922 -65.05249786376953 -0.26825326681137085
vertex 71.01577758789062 -65.59676361083984 -0.32014966011047363
vertex 71.72816467285156 -65.0469970703125 -0.2626725733280182
endloop
endfacet
facet normal -0.009265627246703552 -0.10590876221492196 0.9943326818715296
outer loop
vertex 71.01577758789062 -65.59676361083984 -0.32014966011047363
vertex 70.87728118896484 -66.38220977783203 -0.4050999879837036
vertex 71.72816467285156 -65.65908813476562 -0.32014966011047363
endloop
endfacet
facet normal 0.08715379696267496 -0.9961948683239583 0
outer loop
vertex 73.51734924316406 -67.16655731201172 -1.5
vertex 73.51734924316406 -67.16655731201172 -0.5
vertex 72.52816772460938 -67.25309753417969 -1.5
endloop
endfacet
facet normal -0.009266360428923093 -0.10590790936221621 0.9943327658781671
outer loop
vertex 70.87728118896484 -66.38220977783203 -0.4050999879837036
vertex 71.72816467285156 -66.45665740966797 -0.4050999879837036
vertex 71.72816467285156 -65.65908813476562 -0.32014966011047363
endloop
endfacet
facet normal -0.010350718881707533 -0.11831191976451631 0.9929225308453155
outer loop
vertex 71.72816467285156 -66.45665740966797 -0.4050999879837036
vertex 70.73898315429688 -67.16655731201172 -0.5
vertex 71.72816467285156 -67.25309753417969 -0.5
endloop
endfacet
facet normal -0.039660621598276505 -0.08505287339230123 0.9955867836718965
outer loop
vertex 70.01947784423828 -65.08165740966797 -0.2975560426712036
vertex 69.5006332397461 -65.10418701171875 -0.32014966011047363
vertex 69.93718719482422 -65.30775451660156 -0.32014966011047363
endloop
endfacet
facet normal -1 0 0
outer loop
vertex 67.62816619873047 -65.7837905883789 -1
vertex 67.62816619873047 -65.8661880493164 -1.5
vertex 67.62816619873047 -65.8661880493164 -0.5
endloop
endfacet
facet normal -0.5735781035076711 -0.8191508769308272 0
outer loop
vertex 67.62816619873047 -65.8661880493164 -0.5
vertex 67.62816619873047 -65.8661880493164 -1.5
vertex 68.12816619873047 -66.21629333496094 -0.5
endloop
endfacet
facet normal -1 0 0
outer loop
vertex 67.62816619873047 -65.22053527832031 -0.43673911690711975
vertex 67.62816619873047 -65.7837905883789 -1
vertex 67.62816619873047 -65.8661880493164 -0.5
endloop
endfacet
facet normal -0.06811934323024153 -0.09728627896606783 0.9929225221550858
outer loop
vertex 68.04423522949219 -65.18894958496094 -0.4050999879837036
vertex 67.62816619873047 -65.22053527832031 -0.43673911690711975
vertex 67.62816619873047 -65.8661880493164 -0.5
endloop
endfacet
facet normal -0.06812030807062844 -0.09728546077963576 0.9929225361271928
outer loop
vertex 67.62816619873047 -65.8661880493164 -0.5
vertex 68.12816619873047 -66.21629333496094 -0.5
vertex 68.5263900756836 -65.52655792236328 -0.4050999879837036
endloop
endfacet
facet normal -0.06812019463506351 -0.09728575490615148 0.9929225150912941
outer loop
vertex 68.04423522949219 -65.18894958496094 -0.4050999879837036
vertex 67.62816619873047 -65.8661880493164 -0.5
vertex 68.5263900756836 -65.52655792236328 -0.4050999879837036
endloop
endfacet
facet normal -0.06097876999470316 -0.08708673990091198 0.9943326854445468
outer loop
vertex 68.74858093261719 -65.14170837402344 -0.3577675223350525
vertex 68.04423522949219 -65.18894958496094 -0.4050999879837036
vertex 68.5263900756836 -65.52655792236328 -0.4050999879837036
endloop
endfacet
facet normal -0.42261948047228126 -0.9063072187317825 0
outer loop
vertex 68.12816619873047 -66.21629333496094 -0.5
vertex 68.12816619873047 -66.21629333496094 -1.5
vertex 69.39200592041016 -66.80563354492188 -0.5
endloop
endfacet
facet normal -0.25882058733748775 -0.9659254130471346 0
outer loop
vertex 69.39200592041016 -66.80563354492188 -0.5
vertex 69.39200592041016 -66.80563354492188 -1.5
vertex 70.73898315429688 -67.16655731201172 -0.5
endloop
endfacet
facet normal -0.08715379696267496 -0.9961948683239583 0
outer loop
vertex 70.73898315429688 -67.16655731201172 -0.5
vertex 70.73898315429688 -67.16655731201172 -1.5
vertex 71.72816467285156 -67.25309753417969 -0.5
endloop
endfacet
facet normal 0.08715379696267496 -0.9961948683239583 0
outer loop
vertex 72.52816772460938 -67.25309753417969 -1.5
vertex 73.51734924316406 -67.16655731201172 -0.5
vertex 72.52816772460938 -67.25309753417969 -0.5
endloop
endfacet
facet normal -0.024289066625092948 -0.09064751685900249 0.9955867962813583
outer loop
vertex 71.11174774169922 -65.05249786376953 -0.26825326681137085
vertex 70.01947784423828 -65.08165740966797 -0.2975560426712036
vertex 71.01577758789062 -65.59676361083984 -0.32014966011047363
endloop
endfacet
facet normal -0.02751592422463865 -0.10269071854092318 0.9943326858952254
outer loop
vertex 71.01577758789062 -65.59676361083984 -0.32014966011047363
vertex 69.6644058227539 -66.05722045898438 -0.4050999879837036
vertex 70.87728118896484 -66.38220977783203 -0.4050999879837036
endloop
endfacet
facet normal -0.024289072033686503 -0.09064752727273202 0.995586795201243
outer loop
vertex 69.93718719482422 -65.30775451660156 -0.32014966011047363
vertex 71.01577758789062 -65.59676361083984 -0.32014966011047363
vertex 70.01947784423828 -65.08165740966797 -0.2975560426712036
endloop
endfacet
facet normal -0.027515997446134484 -0.10269050729791639 0.9943327056852957
outer loop
vertex 69.93718719482422 -65.30775451660156 -0.32014966011047363
vertex 69.6644058227539 -66.05722045898438 -0.4050999879837036
vertex 71.01577758789062 -65.59676361083984 -0.32014966011047363
endloop
endfacet
facet normal -0.010351544089549069 -0.11831078680827413 0.9929226572396106
outer loop
vertex 70.87728118896484 -66.38220977783203 -0.4050999879837036
vertex 70.73898315429688 -67.16655731201172 -0.5
vertex 71.72816467285156 -66.45665740966797 -0.4050999879837036
endloop
endfacet
facet normal -0.030738209004710124 -0.11471643632919659 0.9929226061194862
outer loop
vertex 69.6644058227539 -66.05722045898438 -0.4050999879837036
vertex 69.39200592041016 -66.80563354492188 -0.5
vertex 70.87728118896484 -66.38220977783203 -0.4050999879837036
endloop
endfacet
facet normal -0.03073829439549061 -0.11471614378037633 0.9929226372753399
outer loop
vertex 69.39200592041016 -66.80563354492188 -0.5
vertex 70.73898315429688 -67.16655731201172 -0.5
vertex 70.87728118896484 -66.38220977783203 -0.4050999879837036
endloop
endfacet
facet normal -0.05019165176549849 -0.10763596667221456 0.9929226036160064
outer loop
vertex 68.12816619873047 -66.21629333496094 -0.5
vertex 69.39200592041016 -66.80563354492188 -0.5
vertex 69.6644058227539 -66.05722045898438 -0.4050999879837036
endloop
endfacet
facet normal -0.050191565455899055 -0.1076367520168617 0.9929225228447318
outer loop
vertex 68.5263900756836 -65.52655792236328 -0.4050999879837036
vertex 68.12816619873047 -66.21629333496094 -0.5
vertex 69.6644058227539 -66.05722045898438 -0.4050999879837036
endloop
endfacet
facet normal -0.04492957033149316 -0.09635266123766656 0.9943326899897473
outer loop
vertex 69.5006332397461 -65.10418701171875 -0.32014966011047363
vertex 68.74858093261719 -65.14170837402344 -0.3577675223350525
vertex 68.5263900756836 -65.52655792236328 -0.4050999879837036
endloop
endfacet
facet normal -0.04492966956901403 -0.09635243582711125 0.9943327073483008
outer loop
vertex 69.5006332397461 -65.10418701171875 -0.32014966011047363
vertex 68.5263900756836 -65.52655792236328 -0.4050999879837036
vertex 69.93718719482422 -65.30775451660156 -0.32014966011047363
endloop
endfacet
facet normal -0.04492957866761399 -0.09635277558226958 0.9943326785328658
outer loop
vertex -11.465325355529785 -65.09370422363281 -0.32014966011047363
vertex -12.187994956970215 -65.1297607421875 -0.35629791021347046
vertex -12.417086601257324 -65.52655792236328 -0.4050999879837036
endloop
endfacet
facet normal -0.06812009051717496 -0.0972909916043453 -0.9929220091329304
outer loop
vertex -13.315308570861816 -65.8661880493164 -1.5
vertex -13.315308570861816 -65.7733154296875 -1.509100079536438
vertex -12.559609413146973 -65.7734146118164 -1.560935616493225
endloop
endfacet
facet normal -0.5735781035076711 -0.8191508769308272 0
outer loop
vertex -12.815308570861816 -66.21629333496094 -1.5
vertex -12.815308570861816 -66.21629333496094 -0.5
vertex -13.315308570861816 -65.8661880493164 -1.5
endloop
endfacet
facet normal -0.04492958254568452 -0.0963524118737289 0.9943327136016323
outer loop
vertex -12.417086601257324 -65.52655792236328 -0.4050999879837036
vertex -11.279069900512695 -66.05722045898438 -0.4050999879837036
vertex -11.00628662109375 -65.30775451660156 -0.32014966011047363
endloop
endfacet
facet normal -0.04492949512745514 -0.09635295656973496 0.9943326647696247
outer loop
vertex -11.465325355529785 -65.09370422363281 -0.32014966011047363
vertex -12.417086601257324 -65.52655792236328 -0.4050999879837036
vertex -11.00628662109375 -65.30775451660156 -0.32014966011047363
endloop
endfacet
facet normal -0.02751600271638668 -0.10269043616914535 0.9943327128853312
outer loop
vertex -11.00628662109375 -65.30775451660156 -0.32014966011047363
vertex -11.279069900512695 -66.05722045898438 -0.4050999879837036
vertex -9.92769718170166 -65.59676361083984 -0.32014966011047363
endloop
endfacet
facet normal -0.02428914699924931 -0.09064772689690076 0.9955867751966544
outer loop
vertex -11.00628662109375 -65.30775451660156 -0.32014966011047363
vertex -9.92769718170166 -65.59676361083984 -0.32014966011047363
vertex -10.919756889343262 -65.07001495361328 -0.2963925302028656
endloop
endfacet
facet normal -0.03966035444449189 -0.08505309036947709 0.9955867757779523
outer loop
vertex -10.919756889343262 -65.07001495361328 -0.2963925302028656
vertex -11.465325355529785 -65.09370422363281 -0.32014966011047363
vertex -11.00628662109375 -65.30775451660156 -0.32014966011047363
endloop
endfacet
facet normal -0.009265124297726659 -0.10590913411358013 -0.9943326469462115
outer loop
vertex -9.21530818939209 -65.77384185791016 -1.6676274538040161
vertex -10.066192626953125 -66.38220977783203 -1.5949000120162964
vertex -9.958904266357422 -65.77375030517578 -1.6607084274291992
endloop
endfacet
facet normal 0.009265365699204822 -0.10590946146133519 -0.9943326098300458
outer loop
vertex -8.415307998657227 -65.7739486694336 -1.6676164865493774
vertex -7.67165994644165 -65.7740478515625 -1.6606764793395996
vertex -7.564423561096191 -66.38220977783203 -1.5949000120162964
endloop
endfacet
facet normal -0.03073806363018679 -0.1147160741850652 -0.9929226524598144
outer loop
vertex -10.204493522644043 -67.16655731201172 -1.5
vertex -11.279069900512695 -66.05722045898438 -1.5949000120162964
vertex -10.066192626953125 -66.38220977783203 -1.5949000120162964
endloop
endfacet
facet normal -0.010350591184891421 -0.11831091640496383 -0.9929226517315137
outer loop
vertex -10.204493522644043 -67.16655731201172 -1.5
vertex -10.066192626953125 -66.38220977783203 -1.5949000120162964
vertex -9.21530818939209 -67.25309753417969 -1.5
endloop
endfacet
facet normal -0.01035163151703867 -0.11831191864672182 -0.9929225214643219
outer loop
vertex -9.21530818939209 -67.25309753417969 -1.5
vertex -10.066192626953125 -66.38220977783203 -1.5949000120162964
vertex -9.21530818939209 -66.45665740966797 -1.5949000120162964
endloop
endfacet
facet normal -0.027515957586296286 -0.10269100453818959 -0.9943326554353159
outer loop
vertex -10.066192626953125 -66.38220977783203 -1.5949000120162964
vertex -11.279069900512695 -66.05722045898438 -1.5949000120162964
vertex -9.958904266357422 -65.77375030517578 -1.6607084274291992
endloop
endfacet
facet normal -0.009266313403094554 -0.105907490591935 -0.9943328109201843
outer loop
vertex -10.066192626953125 -66.38220977783203 -1.5949000120162964
vertex -9.21530818939209 -65.77384185791016 -1.6676274538040161
vertex -9.21530818939209 -66.45665740966797 -1.5949000120162964
endloop
endfacet
facet normal -0.06097887250975261 -0.08708668441034595 0.9943326840177045
outer loop
vertex -12.187994956970215 -65.1297607421875 -0.35629791021347046
vertex -12.91421127319336 -65.178466796875 -0.4050999879837036
vertex -12.417086601257324 -65.52655792236328 -0.4050999879837036
endloop
endfacet
facet normal 0.010350678969440938 -0.11831191981339857 -0.9929225312555555
outer loop
vertex -8.415307998657227 -66.45665740966797 -1.5949000120162964
vertex -7.426122665405273 -67.16655731201172 -1.5
vertex -8.415307998657227 -67.25309753417969 -1.5
endloop
endfacet
facet normal 0.009266364978739278 -0.10590808006553369 -0.9943327476538794
outer loop
vertex -8.415307998657227 -65.7739486694336 -1.6676164865493774
vertex -7.564423561096191 -66.38220977783203 -1.5949000120162964
vertex -8.415307998657227 -66.45665740966797 -1.5949000120162964
endloop
endfacet
facet normal -0.08715346341544244 -0.9961948975048472 0
outer loop
vertex -10.204493522644043 -67.16655731201172 -1.5
vertex -9.21530818939209 -67.25309753417969 -1.5
vertex -9.21530818939209 -67.25309753417969 -0.5
endloop
endfacet
facet normal 0.010351529454930475 -0.11831075214810546 -0.9929226615220811
outer loop
vertex -7.426122665405273 -67.16655731201172 -1.5
vertex -8.415307998657227 -66.45665740966797 -1.5949000120162964
vertex -7.564423561096191 -66.38220977783203 -1.5949000120162964
endloop
endfacet
facet normal 0.0307383076612069 -0.11471603084779894 -0.9929226499121933
outer loop
vertex -7.426122665405273 -67.16655731201172 -1.5
vertex -7.564423561096191 -66.38220977783203 -1.5949000120162964
vertex -6.0791473388671875 -66.80563354492188 -1.5
endloop
endfacet
facet normal 0.030738174374455404 -0.11471648748851485 -0.9929226012808969
outer loop
vertex -6.0791473388671875 -66.80563354492188 -1.5
vertex -7.564423561096191 -66.38220977783203 -1.5949000120162964
vertex -6.351546287536621 -66.05722045898438 -1.5949000120162964
endloop
endfacet
facet normal 0.02751627567279172 -0.10269130336964924 -0.9943326157706696
outer loop
vertex -7.564423561096191 -66.38220977783203 -1.5949000120162964
vertex -7.67165994644165 -65.7740478515625 -1.6606764793395996
vertex -6.454557418823242 -65.77420043945312 -1.6269797086715698
endloop
endfacet
facet normal 0.027515812539495223 -0.1026904632158802 -0.9943327153547747
outer loop
vertex -6.351546287536621 -66.05722045898438 -1.5949000120162964
vertex -7.564423561096191 -66.38220977783203 -1.5949000120162964
vertex -6.454557418823242 -65.77420043945312 -1.6269797086715698
endloop
endfacet
facet normal 0.05019169308275816 -0.10763601466678406 -0.9929225963246773
outer loop
vertex -6.0791473388671875 -66.80563354492188 -1.5
vertex -6.351546287536621 -66.05722045898438 -1.5949000120162964
vertex -4.815308094024658 -66.21629333496094 -1.5
endloop
endfacet
facet normal 0.04492984235223021 -0.09635225834323079 -0.9943327167394036
outer loop
vertex -6.351546287536621 -66.05722045898438 -1.5949000120162964
vertex -6.454557418823242 -65.77420043945312 -1.6269797086715698
vertex -5.744804859161377 -65.7742919921875 -1.5949000120162964
endloop
endfacet
facet normal 0.050191665749308556 -0.10763626337795097 -0.9929225707452429
outer loop
vertex -4.815308094024658 -66.21629333496094 -1.5
vertex -6.351546287536621 -66.05722045898438 -1.5949000120162964
vertex -5.744804859161377 -65.7742919921875 -1.5949000120162964
endloop
endfacet
facet normal 0.08715346341544244 -0.9961948975048472 0
outer loop
vertex -7.426122665405273 -67.16655731201172 -1.5
vertex -7.426122665405273 -67.16655731201172 -0.5
vertex -8.415307998657227 -67.25309753417969 -1.5
endloop
endfacet
facet normal 0.25882092928258643 -0.9659253214225717 0
outer loop
vertex -7.426122665405273 -67.16655731201172 -1.5
vertex -6.0791473388671875 -66.80563354492188 -1.5
vertex -6.0791473388671875 -66.80563354492188 -0.5
endloop
endfacet
facet normal 0.050190902106611805 -0.10763784083579685 -0.9929224383434652
outer loop
vertex -4.815308094024658 -66.21629333496094 -1.5
vertex -5.744804859161377 -65.7742919921875 -1.5949000120162964
vertex -5.0704474449157715 -65.77438354492188 -1.5608022212982178
endloop
endfacet
facet normal 0.06812081119713741 -0.09728589969742203 -0.9929224586048536
outer loop
vertex -4.815308094024658 -66.21629333496094 -1.5
vertex -5.0704474449157715 -65.77438354492188 -1.5608022212982178
vertex -4.315308094024658 -65.77447509765625 -1.5089858770370483
endloop
endfacet
facet normal 0.06811987944059662 -0.09728484863516182 -0.9929226255106851
outer loop
vertex -4.815308094024658 -66.21629333496094 -1.5
vertex -4.315308094024658 -65.77447509765625 -1.5089858770370483
vertex -4.315308094024658 -65.8661880493164 -1.5
endloop
endfacet
facet normal 0.4226196114443237 -0.9063071576582902 0
outer loop
vertex -6.0791473388671875 -66.80563354492188 -1.5
vertex -4.815308094024658 -66.21629333496094 -1.5
vertex -4.815308094024658 -66.21629333496094 -0.5
endloop
endfacet
facet normal 1 0 0
outer loop
vertex -4.315308094024658 -65.8661880493164 -1.5
vertex -4.315308094024658 -65.77447509765625 -1.5089858770370483
vertex -4.315308094024658 -65.77447509765625 -1
endloop
endfacet
facet normal 0.5735781035076711 -0.8191508769308272 0
outer loop
vertex -4.815308094024658 -66.21629333496094 -1.5
vertex -4.315308094024658 -65.8661880493164 -1.5
vertex -4.315308094024658 -65.8661880493164 -0.5
endloop
endfacet
facet normal -0.08715346341544244 -0.9961948975048472 0
outer loop
vertex -10.204493522644043 -67.16655731201172 -0.5
vertex -10.204493522644043 -67.16655731201172 -1.5
vertex -9.21530818939209 -67.25309753417969 -0.5
endloop
endfacet
facet normal 0.08715346341544244 -0.9961948975048472 0
outer loop
vertex -8.415307998657227 -67.25309753417969 -1.5
vertex -7.426122665405273 -67.16655731201172 -0.5
vertex -8.415307998657227 -67.25309753417969 -0.5
endloop
endfacet
facet normal 0.25882092928258643 -0.9659253214225717 0
outer loop
vertex -7.426122665405273 -67.16655731201172 -0.5
vertex -7.426122665405273 -67.16655731201172 -1.5
vertex -6.0791473388671875 -66.80563354492188 -0.5
endloop
endfacet
facet normal 0.4226196114443237 -0.9063071576582902 0
outer loop
vertex -6.0791473388671875 -66.80563354492188 -0.5
vertex -6.0791473388671875 -66.80563354492188 -1.5
vertex -4.815308094024658 -66.21629333496094 -0.5
endloop
endfacet
facet normal -0.010350678969440938 -0.11831191981339857 0.9929225312555555
outer loop
vertex -10.204493522644043 -67.16655731201172 -0.5
vertex -9.21530818939209 -67.25309753417969 -0.5
vertex -9.21530818939209 -66.45665740966797 -0.4050999879837036
endloop
endfacet
facet normal -0.010351529454930475 -0.11831075214810546 0.9929226615220811
outer loop
vertex -10.066192626953125 -66.38220977783203 -0.4050999879837036
vertex -10.204493522644043 -67.16655731201172 -0.5
vertex -9.21530818939209 -66.45665740966797 -0.4050999879837036
endloop
endfacet
facet normal -0.02751589136798755 -0.10269075740796993 0.9943326827904244
outer loop
vertex -9.92769718170166 -65.59676361083984 -0.32014966011047363
vertex -11.279069900512695 -66.05722045898438 -0.4050999879837036
vertex -10.066192626953125 -66.38220977783203 -0.4050999879837036
endloop
endfacet
facet normal -0.02428931654592002 -0.09064804472337255 0.9955867421222329
outer loop
vertex -9.829686164855957 -65.0409164428711 -0.2671486735343933
vertex -10.919756889343262 -65.07001495361328 -0.2963925302028656
vertex -9.92769718170166 -65.59676361083984 -0.32014966011047363
endloop
endfacet
facet normal -0.009265603772012713 -0.10590877745242479 0.9943326804672936
outer loop
vertex -9.92769718170166 -65.59676361083984 -0.32014966011047363
vertex -10.066192626953125 -66.38220977783203 -0.4050999879837036
vertex -9.21530818939209 -65.65908813476562 -0.32014966011047363
endloop
endfacet
facet normal -0.009266350044045007 -0.1059079093724086 0.99433276597386
outer loop
vertex -9.21530818939209 -65.65908813476562 -0.32014966011047363
vertex -10.066192626953125 -66.38220977783203 -0.4050999879837036
vertex -9.21530818939209 -66.45665740966797 -0.4050999879837036
endloop
endfacet
facet normal -0.008178731649186416 -0.09348878004177201 0.995586739744414
outer loop
vertex -9.829686164855957 -65.0409164428711 -0.2671486735343933
vertex -9.92769718170166 -65.59676361083984 -0.32014966011047363
vertex -9.21530818939209 -65.03543090820312 -0.261586457490921
endloop
endfacet
facet normal -0.008178991282676356 -0.0934884535165189 0.9955867682732066
outer loop
vertex -9.21530818939209 -65.03543090820312 -0.261586457490921
vertex -9.92769718170166 -65.59676361083984 -0.32014966011047363
vertex -9.21530818939209 -65.65908813476562 -0.32014966011047363
endloop
endfacet
facet normal 0.01035163151703867 -0.11831191864672182 0.9929225214643219
outer loop
vertex -8.415307998657227 -66.45665740966797 -0.4050999879837036
vertex -8.415307998657227 -67.25309753417969 -0.5
vertex -7.564423561096191 -66.38220977783203 -0.4050999879837036
endloop
endfacet
facet normal 0.009266413095292296 -0.10590863000413002 0.994332688630418
outer loop
vertex -8.415307998657227 -66.45665740966797 -0.4050999879837036
vertex -7.564423561096191 -66.38220977783203 -0.4050999879837036
vertex -7.7029194831848145 -65.59676361083984 -0.32014966011047363
endloop
endfacet
facet normal 0.00926553409854116 -0.1059079101731945 0.9943327734921621
outer loop
vertex -8.415307998657227 -65.65908813476562 -0.32014966011047363
vertex -8.415307998657227 -66.45665740966797 -0.4050999879837036
vertex -7.7029194831848145 -65.59676361083984 -0.32014966011047363
endloop
endfacet
facet normal 0.008178839212801745 -0.09348848132133222 0.9955867669115345
outer loop
vertex -8.415307998657227 -65.0355453491211 -0.2615971863269806
vertex -8.415307998657227 -65.65908813476562 -0.32014966011047363
vertex -7.80087947845459 -65.04120635986328 -0.2671763598918915
endloop
endfacet
facet normal 0.008179014288700995 -0.0934886539060284 0.9955867492670362
outer loop
vertex -7.80087947845459 -65.04120635986328 -0.2671763598918915
vertex -8.415307998657227 -65.65908813476562 -0.32014966011047363
vertex -7.7029194831848145 -65.59676361083984 -0.32014966011047363
endloop
endfacet
facet normal 0.010350591184891421 -0.11831091640496383 0.9929226517315137
outer loop
vertex -7.564423561096191 -66.38220977783203 -0.4050999879837036
vertex -8.415307998657227 -67.25309753417969 -0.5
vertex -7.426122665405273 -67.16655731201172 -0.5
endloop
endfacet
facet normal 0.03073806363018679 -0.1147160741850652 0.9929226524598144
outer loop
vertex -7.564423561096191 -66.38220977783203 -0.4050999879837036
vertex -7.426122665405273 -67.16655731201172 -0.5
vertex -6.351546287536621 -66.05722045898438 -0.4050999879837036
endloop
endfacet
facet normal 0.03073840738105431 -0.1147164030044322 0.9929226038284158
outer loop
vertex -6.351546287536621 -66.05722045898438 -0.4050999879837036
vertex -7.426122665405273 -67.16655731201172 -0.5
vertex -6.0791473388671875 -66.80563354492188 -0.5
endloop
endfacet
facet normal 0.027516075611127237 -0.10269070821420868 0.9943326827724346
outer loop
vertex -7.7029194831848145 -65.59676361083984 -0.32014966011047363
vertex -7.564423561096191 -66.38220977783203 -0.4050999879837036
vertex -6.624330043792725 -65.30775451660156 -0.32014966011047363
endloop
endfacet
facet normal -0.030738286886699676 -0.11471603453712673 0.9929226501290761
outer loop
vertex -11.551469802856445 -66.80563354492188 -0.5
vertex -10.204493522644043 -67.16655731201172 -0.5
vertex -10.066192626953125 -66.38220977783203 -0.4050999879837036
endloop
endfacet
facet normal -0.03073816494676693 -0.11471645230388437 0.9929226056377788
outer loop
vertex -11.279069900512695 -66.05722045898438 -0.4050999879837036
vertex -11.551469802856445 -66.80563354492188 -0.5
vertex -10.066192626953125 -66.38220977783203 -0.4050999879837036
endloop
endfacet
facet normal 0.02428921567833623 -0.09064798320903535 0.9955867501839635
outer loop
vertex -7.80087947845459 -65.04120635986328 -0.2671763598918915
vertex -7.7029194831848145 -65.59676361083984 -0.32014966011047363
vertex -6.624330043792725 -65.30775451660156 -0.32014966011047363
endloop
endfacet
facet normal 0.02751581856079917 -0.102690485687704 0.9943327128673545
outer loop
vertex -6.624330043792725 -65.30775451660156 -0.32014966011047363
vertex -7.564423561096191 -66.38220977783203 -0.4050999879837036
vertex -6.351546287536621 -66.05722045898438 -0.4050999879837036
endloop
endfacet
facet normal 0.05019125431632963 -0.10763617497288691 0.9929226011262707
outer loop
vertex -6.351546287536621 -66.05722045898438 -0.4050999879837036
vertex -6.0791473388671875 -66.80563354492188 -0.5
vertex -5.213529586791992 -65.52655792236328 -0.4050999879837036
endloop
endfacet
facet normal 0.05019199997636838 -0.10763667279969616 0.9929225094673719
outer loop
vertex -5.213529586791992 -65.52655792236328 -0.4050999879837036
vertex -6.0791473388671875 -66.80563354492188 -0.5
vertex -4.815308094024658 -66.21629333496094 -0.5
endloop
endfacet
facet normal 0.044929194191969175 -0.09635252537966486 0.9943327201506652
outer loop
vertex -6.351546287536621 -66.05722045898438 -0.4050999879837036
vertex -6.166762828826904 -65.09439086914062 -0.32014966011047363
vertex -6.624330043792725 -65.30775451660156 -0.32014966011047363
endloop
endfacet
facet normal 0.04492967746566024 -0.09635261543156488 0.9943326895875088
outer loop
vertex -6.166762828826904 -65.09439086914062 -0.32014966011047363
vertex -6.351546287536621 -66.05722045898438 -0.4050999879837036
vertex -5.213529586791992 -65.52655792236328 -0.4050999879837036
endloop
endfacet
facet normal 0.04493022433324638 -0.09635142698259032 0.9943327800388472
outer loop
vertex -6.166762828826904 -65.09439086914062 -0.32014966011047363
vertex -5.213529586791992 -65.52655792236328 -0.4050999879837036
vertex -5.442046165466309 -65.13075256347656 -0.3564203977584839
endloop
endfacet
facet normal 0.024288848796006554 -0.09064957559988236 0.995586614146517
outer loop
vertex -7.80087947845459 -65.04120635986328 -0.2671763598918915
vertex -6.624330043792725 -65.30775451660156 -0.32014966011047363
vertex -6.710639476776123 -65.07062530517578 -0.296453058719635
endloop
endfacet
facet normal 0.03966092566964605 -0.08505450444621215 0.9955866322166225
outer loop
vertex -6.710639476776123 -65.07062530517578 -0.296453058719635
vertex -6.624330043792725 -65.30775451660156 -0.32014966011047363
vertex -6.166762828826904 -65.09439086914062 -0.32014966011047363
endloop
endfacet
facet normal 1 0 0
outer loop
vertex -4.315308094024658 -65.8661880493164 -0.5
vertex -4.315308094024658 -65.8661880493164 -1.5
vertex -4.315308094024658 -65.77447509765625 -1
endloop
endfacet
facet normal 0.5735781035076711 -0.8191508769308272 0
outer loop
vertex -4.815308094024658 -66.21629333496094 -0.5
vertex -4.815308094024658 -66.21629333496094 -1.5
vertex -4.315308094024658 -65.8661880493164 -0.5
endloop
endfacet
facet normal 1 0 0
outer loop
vertex -4.315308094024658 -65.8661880493164 -0.5
vertex -4.315308094024658 -65.77447509765625 -1
vertex -4.315308094024658 -65.210205078125 -0.4357273280620575
endloop
endfacet
facet normal 0.06812043907064755 -0.09728564786624153 0.9929225088092564
outer loop
vertex -4.815308094024658 -66.21629333496094 -0.5
vertex -4.315308094024658 -65.8661880493164 -0.5
vertex -4.717920303344727 -65.17952728271484 -0.4050999879837036
endloop
endfacet
facet normal 0.0681203931198885 -0.09728564387425838 0.9929225123528839
outer loop
vertex -5.213529586791992 -65.52655792236328 -0.4050999879837036
vertex -4.815308094024658 -66.21629333496094 -0.5
vertex -4.717920303344727 -65.17952728271484 -0.4050999879837036
endloop
endfacet
facet normal 0.0681202979307092 -0.09728573083604819 0.9929225103629826
outer loop
vertex -4.717920303344727 -65.17952728271484 -0.4050999879837036
vertex -4.315308094024658 -65.8661880493164 -0.5
vertex -4.315308094024658 -65.210205078125 -0.4357273280620575
endloop
endfacet
facet normal 0.06097850932981617 -0.08708601449499896 0.9943327649631638
outer loop
vertex -5.442046165466309 -65.13075256347656 -0.3564203977584839
vertex -5.213529586791992 -65.52655792236328 -0.4050999879837036
vertex -4.717920303344727 -65.17952728271484 -0.4050999879837036
endloop
endfacet
facet normal -0.05019158257034661 -0.1076368789203632 0.9929225082227551
outer loop
vertex -12.417086601257324 -65.52655792236328 -0.4050999879837036
vertex -12.815308570861816 -66.21629333496094 -0.5
vertex -11.279069900512695 -66.05722045898438 -0.4050999879837036
endloop
endfacet
facet normal -0.06812034332999649 -0.09728574172234865 0.992922506181694
outer loop
vertex -12.91421127319336 -65.178466796875 -0.4050999879837036
vertex -13.315308570861816 -65.8661880493164 -0.5
vertex -12.417086601257324 -65.52655792236328 -0.4050999879837036
endloop
endfacet
facet normal -0.06812040067531706 -0.09728559303226435 0.9929225168159874
outer loop
vertex -13.315308570861816 -65.8661880493164 -0.5
vertex -12.815308570861816 -66.21629333496094 -0.5
vertex -12.417086601257324 -65.52655792236328 -0.4050999879837036
endloop
endfacet
facet normal -0.050191684126115785 -0.10763595484901572 0.992922603261868
outer loop
vertex -12.815308570861816 -66.21629333496094 -0.5
vertex -11.551469802856445 -66.80563354492188 -0.5
vertex -11.279069900512695 -66.05722045898438 -0.4050999879837036
endloop
endfacet
facet normal -0.06811974338422408 -0.09728609256286304 0.992922512966202
outer loop
vertex -13.315308570861816 -65.20891571044922 -0.43560075759887695
vertex -13.315308570861816 -65.8661880493164 -0.5
vertex -12.91421127319336 -65.178466796875 -0.4050999879837036
endloop
endfacet
facet normal -0.2588207583099282 -0.9659253672348985 0
outer loop
vertex -11.551469802856445 -66.80563354492188 -0.5
vertex -11.551469802856445 -66.80563354492188 -1.5
vertex -10.204493522644043 -67.16655731201172 -0.5
endloop
endfacet
facet normal -0.5735781035076711 -0.8191508769308272 0
outer loop
vertex -13.315308570861816 -65.8661880493164 -0.5
vertex -13.315308570861816 -65.8661880493164 -1.5
vertex -12.815308570861816 -66.21629333496094 -0.5
endloop
endfacet
facet normal -0.42261974241643857 -0.9063070965847411 0
outer loop
vertex -12.815308570861816 -66.21629333496094 -0.5
vertex -12.815308570861816 -66.21629333496094 -1.5
vertex -11.551469802856445 -66.80563354492188 -0.5
endloop
endfacet
facet normal -1 0 0
outer loop
vertex -13.315308570861816 -65.7733154296875 -1
vertex -13.315308570861816 -65.8661880493164 -0.5
vertex -13.315308570861816 -65.20891571044922 -0.43560075759887695
endloop
endfacet
facet normal -1 0 0
outer loop
vertex -13.315308570861816 -65.7733154296875 -1
vertex -13.315308570861816 -65.8661880493164 -1.5
vertex -13.315308570861816 -65.8661880493164 -0.5
endloop
endfacet
facet normal -0.2588207583099282 -0.9659253672348985 0
outer loop
vertex -11.551469802856445 -66.80563354492188 -1.5
vertex -10.204493522644043 -67.16655731201172 -1.5
vertex -10.204493522644043 -67.16655731201172 -0.5
endloop
endfacet
facet normal -0.42261974241643857 -0.9063070965847411 0
outer loop
vertex -11.551469802856445 -66.80563354492188 -1.5
vertex -11.551469802856445 -66.80563354492188 -0.5
vertex -12.815308570861816 -66.21629333496094 -1.5
endloop
endfacet
facet normal -0.027516035593667287 -0.10269064926234028 -0.994332689968145
outer loop
vertex -11.279069900512695 -66.05722045898438 -1.5949000120162964
vertex -11.175836563110352 -65.77359008789062 -1.6270489692687988
vertex -9.958904266357422 -65.77375030517578 -1.6607084274291992
endloop
endfacet
facet normal -0.05019117469697974 -0.10763614097282641 -0.9929226088366682
outer loop
vertex -11.551469802856445 -66.80563354492188 -1.5
vertex -12.559609413146973 -65.7734146118164 -1.560935616493225
vertex -11.279069900512695 -66.05722045898438 -1.5949000120162964
endloop
endfacet
facet normal -0.044929690379290156 -0.09635257761595897 -0.9943326926683953
outer loop
vertex -11.279069900512695 -66.05722045898438 -1.5949000120162964
vertex -11.887516975402832 -65.77349853515625 -1.5949000120162964
vertex -11.175836563110352 -65.77359008789062 -1.6270489692687988
endloop
endfacet
facet normal -1 0 0
outer loop
vertex -13.315308570861816 -65.7733154296875 -1
vertex -13.315308570861816 -65.7733154296875 -1.509100079536438
vertex -13.315308570861816 -65.8661880493164 -1.5
endloop
endfacet
facet normal -0.030738378117249932 -0.11471637501175995 -0.992922607968457
outer loop
vertex -11.551469802856445 -66.80563354492188 -1.5
vertex -11.279069900512695 -66.05722045898438 -1.5949000120162964
vertex -10.204493522644043 -67.16655731201172 -1.5
endloop
endfacet
facet normal -0.05019108841216116 -0.1076357460075295 -0.9929226560137527
outer loop
vertex -12.559609413146973 -65.7734146118164 -1.560935616493225
vertex -11.887516975402832 -65.77349853515625 -1.5949000120162964
vertex -11.279069900512695 -66.05722045898438 -1.5949000120162964
endloop
endfacet
facet normal -0.068120730782806 -0.09728606447257457 -0.9929224479772096
outer loop
vertex -13.315308570861816 -65.8661880493164 -1.5
vertex -12.559609413146973 -65.7734146118164 -1.560935616493225
vertex -12.815308570861816 -66.21629333496094 -1.5
endloop
endfacet
facet normal -0.05019226101157155 -0.10763719197859109 -0.9929224399909139
outer loop
vertex -12.559609413146973 -65.7734146118164 -1.560935616493225
vertex -11.551469802856445 -66.80563354492188 -1.5
vertex -12.815308570861816 -66.21629333496094 -1.5
endloop
endfacet
facet normal 1 0 0
outer loop
vertex 71.72816467285156 -64.7843246459961 0
vertex 71.72816467285156 -65.7843246459961 -1.6665111780166626
vertex 71.72816467285156 -64.58808898925781 0
endloop
endfacet
facet normal -0.5555933212507748 0.8314541847760064 0
outer loop
vertex 77.98171997070312 -64.44164276123047 0
vertex 77.98171997070312 -64.44164276123047 -4
vertex 77.81951141357422 -64.55003356933594 0
endloop
endfacet
facet normal 0 0 1
outer loop
vertex 78.12816619873047 -63.58809280395508 -5
vertex 66.12816619873047 -63.58809280395508 -5
vertex 66.12816619873047 -65.78359985351562 -5
endloop
endfacet
facet normal -1 0 0
outer loop
vertex 72.52816772460938 -65.65908813476562 -0.32014966011047363
vertex 72.52816772460938 -65.78443145751953 -1.666500210762024
vertex 72.52816772460938 -66.45665740966797 -0.4050999879837036
endloop
endfacet
facet normal -1 0 0
outer loop
vertex 72.52816772460938 -66.45665740966797 -0.4050999879837036
vertex 72.52816772460938 -67.25309753417969 -1.5
vertex 72.52816772460938 -67.25309753417969 -0.5
endloop
endfacet
facet normal 1 0 0
outer loop
vertex 71.72816467285156 -65.65908813476562 -0.32014966011047363
vertex 71.72816467285156 -65.7843246459961 -1.6665111780166626
vertex 71.72816467285156 -65.0469970703125 -0.2626725733280182
endloop
endfacet
facet normal 1 0 0
outer loop
vertex 71.72816467285156 -66.45665740966797 -0.4050999879837036
vertex 71.72816467285156 -66.45665740966797 -1.5949000120162964
vertex 71.72816467285156 -65.65908813476562 -0.32014966011047363
endloop
endfacet
facet normal 1 0 0
outer loop
vertex 71.72816467285156 -67.25309753417969 -0.5
vertex 71.72816467285156 -67.25309753417969 -1.5
vertex 71.72816467285156 -66.45665740966797 -0.4050999879837036
endloop
endfacet
facet normal -1 0 0
outer loop
vertex 72.52816772460938 -64.78443145751953 0
vertex 72.52816772460938 -64.58808898925781 0
vertex 72.52816772460938 -64.58808898925781 -4
endloop
endfacet
facet normal 1 0 0
outer loop
vertex 71.72816467285156 -65.0469970703125 -0.2626725733280182
vertex 71.72816467285156 -65.7843246459961 -1.6665111780166626
vertex 71.72816467285156 -64.7843246459961 0
endloop
endfacet
facet normal -1 0 0
outer loop
vertex 72.52816772460938 -64.78443145751953 0
vertex 72.52816772460938 -65.78443145751953 -4
vertex 72.52816772460938 -65.04711151123047 -0.26268330216407776
endloop
endfacet
facet normal -1 0 0
outer loop
vertex 72.52816772460938 -65.78443145751953 -1.666500210762024
vertex 72.52816772460938 -66.45665740966797 -1.5949000120162964
vertex 72.52816772460938 -66.45665740966797 -0.4050999879837036
endloop
endfacet
facet normal -1 0 0
outer loop
vertex 72.52816772460938 -67.25309753417969 -1.5
vertex 72.52816772460938 -66.45665740966797 -0.4050999879837036
vertex 72.52816772460938 -66.45665740966797 -1.5949000120162964
endloop
endfacet
facet normal 1 0 0
outer loop
vertex 71.72816467285156 -66.45665740966797 -1.5949000120162964
vertex 71.72816467285156 -65.7843246459961 -1.6665111780166626
vertex 71.72816467285156 -65.65908813476562 -0.32014966011047363
endloop
endfacet
facet normal 1 0 0
outer loop
vertex 71.72816467285156 -67.25309753417969 -1.5
vertex 71.72816467285156 -66.45665740966797 -1.5949000120162964
vertex 71.72816467285156 -66.45665740966797 -0.4050999879837036
endloop
endfacet
facet normal -1 0 0
outer loop
vertex 72.52816772460938 -65.65908813476562 -0.32014966011047363
vertex 72.52816772460938 -65.04711151123047 -0.26268330216407776
vertex 72.52816772460938 -65.78443145751953 -4
endloop
endfacet
facet normal 1 0 0
outer loop
vertex 71.72816467285156 -65.7843246459961 -1.6665111780166626
vertex 71.72816467285156 -64.58808898925781 -4
vertex 71.72816467285156 -64.58808898925781 0
endloop
endfacet
facet normal -1 0 0
outer loop
vertex 72.52816772460938 -65.78443145751953 -4
vertex 72.52816772460938 -65.78443145751953 -1.666500210762024
vertex 72.52816772460938 -65.65908813476562 -0.32014966011047363
endloop
endfacet
facet normal 0 1 0
outer loop
vertex 71.72816467285156 -64.58808898925781 0
vertex 66.62816619873047 -64.58808898925781 -4
vertex 66.62816619873047 -64.58808898925781 0
endloop
endfacet
facet normal 0.19506315514312336 0.9807906838391206 0
outer loop
vertex 66.62816619873047 -64.58808898925781 -4
vertex 66.43682098388672 -64.55003356933594 0
vertex 66.62816619873047 -64.58808898925781 0
endloop
endfacet
facet normal 0.8314722502285505 0.555566285064051 0
outer loop
vertex 66.27461242675781 -64.44164276123047 0
vertex 66.27461242675781 -64.44164276123047 -4
vertex 66.16622924804688 -64.27943420410156 0
endloop
endfacet
facet normal 0.5555933212507748 0.8314541847760064 0
outer loop
vertex 66.27461242675781 -64.44164276123047 0
vertex 66.43682098388672 -64.55003356933594 0
vertex 66.43682098388672 -64.55003356933594 -4
endloop
endfacet
facet normal 0.9807832014732841 0.19510077321173103 0
outer loop
vertex 66.12816619873047 -64.08808898925781 0
vertex 66.16622924804688 -64.27943420410156 0
vertex 66.16622924804688 -64.27943420410156 -4
endloop
endfacet
facet normal 1 0 0
outer loop
vertex 66.12816619873047 -63.58809280395508 0
vertex 66.12816619873047 -64.08808898925781 0
vertex 66.12816619873047 -63.58809280395508 -5
endloop
endfacet
facet normal -0.9807832014732841 0.19510077321173103 0
outer loop
vertex 78.12816619873047 -64.08808898925781 -4
vertex 78.09010314941406 -64.27943420410156 -4
vertex 78.09010314941406 -64.27943420410156 0
endloop
endfacet
facet normal -0.8314722502285505 0.555566285064051 0
outer loop
vertex 78.09010314941406 -64.27943420410156 -4
vertex 77.98171997070312 -64.44164276123047 -4
vertex 77.98171997070312 -64.44164276123047 0
endloop
endfacet
facet normal -0.5555933212507748 0.8314541847760064 0
outer loop
vertex 77.98171997070312 -64.44164276123047 -4
vertex 77.81951141357422 -64.55003356933594 -4
vertex 77.81951141357422 -64.55003356933594 0
endloop
endfacet
facet normal -0.007191828387517285 0.9999741384678128 0
outer loop
vertex 77.81951141357422 -64.55003356933594 -4
vertex 72.52816772460938 -64.58808898925781 -4
vertex 77.81951141357422 -64.55003356933594 0
endloop
endfacet
facet normal -1 0 0
outer loop
vertex 78.12816619873047 -64.08808898925781 -4
vertex 78.12816619873047 -63.58809280395508 0
vertex 78.12816619873047 -63.58809280395508 -5
endloop
endfacet
facet normal 0 0 -1
outer loop
vertex 78.12816619873047 -64.08808898925781 -4
vertex 78.12816619873047 -65.78515625 -4
vertex 78.09010314941406 -64.27943420410156 -4
endloop
endfacet
facet normal 0 0 -1
outer loop
vertex 78.12816619873047 -65.78515625 -4
vertex 77.98171997070312 -64.44164276123047 -4
vertex 78.09010314941406 -64.27943420410156 -4
endloop
endfacet
facet normal 0 0 -1
outer loop
vertex 78.12816619873047 -65.78515625 -4
vertex 77.81951141357422 -64.55003356933594 -4
vertex 77.98171997070312 -64.44164276123047 -4
endloop
endfacet
facet normal -0.007191828387517285 0.9999741384678128 0
outer loop
vertex 77.81951141357422 -64.55003356933594 0
vertex 72.52816772460938 -64.58808898925781 -4
vertex 72.52816772460938 -64.58808898925781 0
endloop
endfacet
facet normal -1 0 0
outer loop
vertex 78.12816619873047 -64.08808898925781 -4
vertex 78.12816619873047 -65.78515625 -5
vertex 78.12816619873047 -65.78515625 -4
endloop
endfacet
facet normal 0 0 -1
outer loop
vertex 78.12816619873047 -65.78515625 -4
vertex 72.52816772460938 -64.58808898925781 -4
vertex 77.81951141357422 -64.55003356933594 -4
endloop
endfacet
facet normal 0 0 -1
outer loop
vertex 72.52816772460938 -64.58808898925781 -4
vertex 78.12816619873047 -65.78515625 -4
vertex 72.52816772460938 -65.78443145751953 -4
endloop
endfacet
facet normal -1 0 0
outer loop
vertex 72.52816772460938 -65.78443145751953 -4
vertex 72.52816772460938 -64.78443145751953 0
vertex 72.52816772460938 -64.58808898925781 -4
endloop
endfacet
facet normal 0 0 1
outer loop
vertex 78.12816619873047 -63.58809280395508 -5
vertex 66.12816619873047 -65.78359985351562 -5
vertex 78.12816619873047 -65.78515625 -5
endloop
endfacet
facet normal -1 0 0
outer loop
vertex 78.12816619873047 -63.58809280395508 -5
vertex 78.12816619873047 -65.78515625 -5
vertex 78.12816619873047 -64.08808898925781 -4
endloop
endfacet
facet normal 0 0 -1
outer loop
vertex 66.12816619873047 -65.78359985351562 -4
vertex 66.62816619873047 -64.58808898925781 -4
vertex 71.72816467285156 -65.7843246459961 -4
endloop
endfacet
facet normal 1 0 0
outer loop
vertex 66.12816619873047 -65.78359985351562 -4
vertex 66.12816619873047 -63.58809280395508 -5
vertex 66.12816619873047 -64.08808898925781 -4
endloop
endfacet
facet normal 0 0 -1
outer loop
vertex 66.12816619873047 -65.78359985351562 -4
vertex 66.16622924804688 -64.27943420410156 -4
vertex 66.27461242675781 -64.44164276123047 -4
endloop
endfacet
facet normal 0 0 -1
outer loop
vertex 66.16622924804688 -64.27943420410156 -4
vertex 66.12816619873047 -65.78359985351562 -4
vertex 66.12816619873047 -64.08808898925781 -4
endloop
endfacet
facet normal 0 0 -1
outer loop
vertex 66.12816619873047 -65.78359985351562 -4
vertex 66.43682098388672 -64.55003356933594 -4
vertex 66.62816619873047 -64.58808898925781 -4
endloop
endfacet
facet normal 0 0 -1
outer loop
vertex 66.43682098388672 -64.55003356933594 -4
vertex 66.12816619873047 -65.78359985351562 -4
vertex 66.27461242675781 -64.44164276123047 -4
endloop
endfacet
facet normal 0 0 -1
outer loop
vertex 71.72816467285156 -65.7843246459961 -4
vertex 66.62816619873047 -64.58808898925781 -4
vertex 71.72816467285156 -64.58808898925781 -4
endloop
endfacet
facet normal 1 0 0
outer loop
vertex 66.12816619873047 -64.08808898925781 -4
vertex 66.12816619873047 -63.58809280395508 -5
vertex 66.12816619873047 -64.08808898925781 0
endloop
endfacet
facet normal 0.8314722502285505 0.555566285064051 0
outer loop
vertex 66.27461242675781 -64.44164276123047 -4
vertex 66.16622924804688 -64.27943420410156 -4
vertex 66.16622924804688 -64.27943420410156 0
endloop
endfacet
facet normal 0.5555933212507748 0.8314541847760064 0
outer loop
vertex 66.43682098388672 -64.55003356933594 -4
vertex 66.27461242675781 -64.44164276123047 -4
vertex 66.27461242675781 -64.44164276123047 0
endloop
endfacet
facet normal 0.19506315514312336 0.9807906838391206 0
outer loop
vertex 66.62816619873047 -64.58808898925781 -4
vertex 66.43682098388672 -64.55003356933594 -4
vertex 66.43682098388672 -64.55003356933594 0
endloop
endfacet
facet normal 0.9807832014732841 0.19510077321173103 0
outer loop
vertex 66.16622924804688 -64.27943420410156 -4
vertex 66.12816619873047 -64.08808898925781 -4
vertex 66.12816619873047 -64.08808898925781 0
endloop
endfacet
facet normal 1 0 0
outer loop
vertex 71.72816467285156 -65.7843246459961 -1.6665111780166626
vertex 71.72816467285156 -65.7843246459961 -4
vertex 71.72816467285156 -64.58808898925781 -4
endloop
endfacet
facet normal 0 1 0
outer loop
vertex 71.72816467285156 -64.58808898925781 -4
vertex 66.62816619873047 -64.58808898925781 -4
vertex 71.72816467285156 -64.58808898925781 0
endloop
endfacet
facet normal -1 0 0
outer loop
vertex 78.12816619873047 -63.58809280395508 0
vertex 78.12816619873047 -64.08808898925781 -4
vertex 78.12816619873047 -64.08808898925781 0
endloop
endfacet
facet normal -0.9807832014732841 0.19510077321173103 0
outer loop
vertex 78.12816619873047 -64.08808898925781 -4
vertex 78.09010314941406 -64.27943420410156 0
vertex 78.12816619873047 -64.08808898925781 0
endloop
endfacet
facet normal -0.8314722502285505 0.555566285064051 0
outer loop
vertex 78.09010314941406 -64.27943420410156 0
vertex 78.09010314941406 -64.27943420410156 -4
vertex 77.98171997070312 -64.44164276123047 0
endloop
endfacet
facet normal 1 0 0
outer loop
vertex 66.12816619873047 -65.78359985351562 -4
vertex 66.12816619873047 -65.78359985351562 -5
vertex 66.12816619873047 -63.58809280395508 -5
endloop
endfacet
facet normal 1 0 0
outer loop
vertex -9.21530818939209 -64.58808898925781 0
vertex -9.21530818939209 -64.77384185791016 0
vertex -9.21530818939209 -65.77384185791016 -1.6676274538040161
endloop
endfacet
facet normal 0.19506689606419184 0.9807899398239573 0
outer loop
vertex -14.315308570861816 -64.58808898925781 -4
vertex -14.5066499710083 -64.55003356933594 0
vertex -14.315308570861816 -64.58808898925781 0
endloop
endfacet
facet normal -1 0 0
outer loop
vertex -8.415307998657227 -65.0355453491211 -0.2615971863269806
vertex -8.415307998657227 -65.7739486694336 -1.6676164865493774
vertex -8.415307998657227 -65.65908813476562 -0.32014966011047363
endloop
endfacet
facet normal -1 0 0
outer loop
vertex -8.415307998657227 -65.7739486694336 -1.6676164865493774
vertex -8.415307998657227 -66.45665740966797 -0.4050999879837036
vertex -8.415307998657227 -65.65908813476562 -0.32014966011047363
endloop
endfacet
facet normal -1 0 0
outer loop
vertex -8.415307998657227 -66.45665740966797 -0.4050999879837036
vertex -8.415307998657227 -67.25309753417969 -1.5
vertex -8.415307998657227 -67.25309753417969 -0.5
endloop
endfacet
facet normal 1 0 0
outer loop
vertex -9.21530818939209 -65.65908813476562 -0.32014966011047363
vertex -9.21530818939209 -65.77384185791016 -1.6676274538040161
vertex -9.21530818939209 -65.03543090820312 -0.261586457490921
endloop
endfacet
facet normal 1 0 0
outer loop
vertex -9.21530818939209 -66.45665740966797 -0.4050999879837036
vertex -9.21530818939209 -66.45665740966797 -1.5949000120162964
vertex -9.21530818939209 -65.65908813476562 -0.32014966011047363
endloop
endfacet
facet normal 1 0 0
outer loop
vertex -9.21530818939209 -67.25309753417969 -0.5
vertex -9.21530818939209 -67.25309753417969 -1.5
vertex -9.21530818939209 -66.45665740966797 -0.4050999879837036
endloop
endfacet
facet normal 1 0 0
outer loop
vertex -14.815308570861816 -65.77311706542969 -4
vertex -14.815308570861816 -65.77311706542969 -5
vertex -14.815308570861816 -63.58809280395508 -5
endloop
endfacet
facet normal 0 0 1
outer loop
vertex -2.8153083324432373 -63.58809280395508 -5
vertex -14.815308570861816 -65.77311706542969 -5
vertex -2.8153083324432373 -65.77467346191406 -5
endloop
endfacet
facet normal -1 0 0
outer loop
vertex -2.8153083324432373 -63.58809280395508 0
vertex -2.8153083324432373 -64.08808898925781 -4
vertex -2.8153083324432373 -64.08808898925781 0
endloop
endfacet
facet normal -0.9807860075161765 0.19508666653689738 0
outer loop
vertex -2.8153083324432373 -64.08808898925781 -4
vertex -2.8533685207366943 -64.27943420410156 0
vertex -2.8153083324432373 -64.08808898925781 0
endloop
endfacet
facet normal -0.831464911149803 0.5555772687274473 0
outer loop
vertex -2.8533685207366943 -64.27943420410156 0
vertex -2.8533685207366943 -64.27943420410156 -4
vertex -2.96175479888916 -64.44164276123047 0
endloop
endfacet
facet normal -0.5555859822168718 0.831459088809614 0
outer loop
vertex -2.96175479888916 -64.44164276123047 0
vertex -2.96175479888916 -64.44164276123047 -4
vertex -3.1239664554595947 -64.55003356933594 0
endloop
endfacet
facet normal -1 0 0
outer loop
vertex -2.8153083324432373 -63.58809280395508 -5
vertex -2.8153083324432373 -65.77467346191406 -5
vertex -2.8153083324432373 -64.08808898925781 -4
endloop
endfacet
facet normal 1 0 0
outer loop
vertex -14.815308570861816 -65.77311706542969 -4
vertex -14.815308570861816 -63.58809280395508 -5
vertex -14.815308570861816 -64.08808898925781 -4
endloop
endfacet
facet normal 0 0 -1
outer loop
vertex -14.815308570861816 -65.77311706542969 -4
vertex -14.5066499710083 -64.55003356933594 -4
vertex -14.315308570861816 -64.58808898925781 -4
endloop
endfacet
facet normal 0 0 -1
outer loop
vertex -14.815308570861816 -65.77311706542969 -4
vertex -14.668861389160156 -64.44164276123047 -4
vertex -14.5066499710083 -64.55003356933594 -4
endloop
endfacet
facet normal 0 0 -1
outer loop
vertex -14.668861389160156 -64.44164276123047 -4
vertex -14.815308570861816 -65.77311706542969 -4
vertex -14.77724838256836 -64.27943420410156 -4
endloop
endfacet
facet normal 0 0 -1
outer loop
vertex -14.77724838256836 -64.27943420410156 -4
vertex -14.815308570861816 -65.77311706542969 -4
vertex -14.815308570861816 -64.08808898925781 -4
endloop
endfacet
facet normal -0.007191831303827117 0.9999741384468387 0
outer loop
vertex -3.1239664554595947 -64.55003356933594 0
vertex -8.415307998657227 -64.58808898925781 -4
vertex -8.415307998657227 -64.58808898925781 0
endloop
endfacet
facet normal 0 0 -1
outer loop
vertex -14.315308570861816 -64.58808898925781 -4
vertex -9.21530818939209 -65.77384185791016 -4
vertex -14.815308570861816 -65.77311706542969 -4
endloop
endfacet
facet normal 0 0 -1
outer loop
vertex -9.21530818939209 -65.77384185791016 -4
vertex -14.315308570861816 -64.58808898925781 -4
vertex -9.21530818939209 -64.58808898925781 -4
endloop
endfacet
facet normal 1 0 0
outer loop
vertex -14.815308570861816 -64.08808898925781 -4
vertex -14.815308570861816 -63.58809280395508 -5
vertex -14.815308570861816 -64.08808898925781 0
endloop
endfacet
facet normal 0.5555865467525944 0.8314587115831592 0
outer loop
vertex -14.5066499710083 -64.55003356933594 -4
vertex -14.668861389160156 -64.44164276123047 -4
vertex -14.668861389160156 -64.44164276123047 0
endloop
endfacet
facet normal 0.83146321751404 0.5555798033776966 0
outer loop
vertex -14.668861389160156 -64.44164276123047 -4
vertex -14.77724838256836 -64.27943420410156 -4
vertex -14.77724838256836 -64.27943420410156 0
endloop
endfacet
facet normal 0.9807860075161765 0.19508666653689738 0
outer loop
vertex -14.77724838256836 -64.27943420410156 -4
vertex -14.815308570861816 -64.08808898925781 -4
vertex -14.815308570861816 -64.08808898925781 0
endloop
endfacet
facet normal 0.19506689606419184 0.9807899398239573 0
outer loop
vertex -14.315308570861816 -64.58808898925781 -4
vertex -14.5066499710083 -64.55003356933594 -4
vertex -14.5066499710083 -64.55003356933594 0
endloop
endfacet
facet normal 0 1 0
outer loop
vertex -9.21530818939209 -64.58808898925781 -4
vertex -14.315308570861816 -64.58808898925781 -4
vertex -9.21530818939209 -64.58808898925781 0
endloop
endfacet
facet normal 0 0 -1
outer loop
vertex -8.415307998657227 -64.58808898925781 -4
vertex -2.8153083324432373 -65.77467346191406 -4
vertex -8.415307998657227 -65.7739486694336 -4
endloop
endfacet
facet normal -1 0 0
outer loop
vertex -2.8153083324432373 -64.08808898925781 -4
vertex -2.8153083324432373 -65.77467346191406 -5
vertex -2.8153083324432373 -65.77467346191406 -4
endloop
endfacet
facet normal -1 0 0
outer loop
vertex -8.415307998657227 -64.7739486694336 0
vertex -8.415307998657227 -64.58808898925781 0
vertex -8.415307998657227 -64.58808898925781 -4
endloop
endfacet
facet normal -1 0 0
outer loop
vertex -8.415307998657227 -65.0355453491211 -0.2615971863269806
vertex -8.415307998657227 -64.7739486694336 0
vertex -8.415307998657227 -64.58808898925781 -4
endloop
endfacet
facet normal -1 0 0
outer loop
vertex -8.415307998657227 -65.7739486694336 -1.6676164865493774
vertex -8.415307998657227 -66.45665740966797 -1.5949000120162964
vertex -8.415307998657227 -66.45665740966797 -0.4050999879837036
endloop
endfacet
facet normal -1 0 0
outer loop
vertex -8.415307998657227 -66.45665740966797 -1.5949000120162964
vertex -8.415307998657227 -67.25309753417969 -1.5
vertex -8.415307998657227 -66.45665740966797 -0.4050999879837036
endloop
endfacet
facet normal 1 0 0
outer loop
vertex -9.21530818939209 -66.45665740966797 -1.5949000120162964
vertex -9.21530818939209 -65.77384185791016 -1.6676274538040161
vertex -9.21530818939209 -65.65908813476562 -0.32014966011047363
endloop
endfacet
facet normal 1 0 0
outer loop
vertex -9.21530818939209 -67.25309753417969 -1.5
vertex -9.21530818939209 -66.45665740966797 -1.5949000120162964
vertex -9.21530818939209 -66.45665740966797 -0.4050999879837036
endloop
endfacet
facet normal 0 0 -1
outer loop
vertex -2.8153083324432373 -65.77467346191406 -4
vertex -8.415307998657227 -64.58808898925781 -4
vertex -3.1239664554595947 -64.55003356933594 -4
endloop
endfacet
facet normal 0 0 -1
outer loop
vertex -2.8153083324432373 -65.77467346191406 -4
vertex -3.1239664554595947 -64.55003356933594 -4
vertex -2.96175479888916 -64.44164276123047 -4
endloop
endfacet
facet normal 0 0 -1
outer loop
vertex -2.8153083324432373 -65.77467346191406 -4
vertex -2.96175479888916 -64.44164276123047 -4
vertex -2.8533685207366943 -64.27943420410156 -4
endloop
endfacet
facet normal 0 0 -1
outer loop
vertex -2.8153083324432373 -64.08808898925781 -4
vertex -2.8153083324432373 -65.77467346191406 -4
vertex -2.8533685207366943 -64.27943420410156 -4
endloop
endfacet
facet normal -1 0 0
outer loop
vertex -8.415307998657227 -64.58808898925781 -4
vertex -8.415307998657227 -65.7739486694336 -4
vertex -8.415307998657227 -65.7739486694336 -1.6676164865493774
endloop
endfacet
facet normal 1 0 0
outer loop
vertex -9.21530818939209 -65.77384185791016 -4
vertex -9.21530818939209 -64.58808898925781 -4
vertex -9.21530818939209 -64.58808898925781 0
endloop
endfacet
facet normal -1 0 0
outer loop
vertex -2.8153083324432373 -64.08808898925781 -4
vertex -2.8153083324432373 -63.58809280395508 0
vertex -2.8153083324432373 -63.58809280395508 -5
endloop
endfacet
facet normal 0 1 0
outer loop
vertex -9.21530818939209 -64.58808898925781 0
vertex -14.315308570861816 -64.58808898925781 -4
vertex -14.315308570861816 -64.58808898925781 0
endloop
endfacet
facet normal -1 0 0
outer loop
vertex -8.415307998657227 -65.7739486694336 -1.6676164865493774
vertex -8.415307998657227 -65.0355453491211 -0.2615971863269806
vertex -8.415307998657227 -64.58808898925781 -4
endloop
endfacet
facet normal -0.007191831303827117 0.9999741384468387 0
outer loop
vertex -3.1239664554595947 -64.55003356933594 -4
vertex -8.415307998657227 -64.58808898925781 -4
vertex -3.1239664554595947 -64.55003356933594 0
endloop
endfacet
facet normal -0.5555859822168718 0.831459088809614 0
outer loop
vertex -2.96175479888916 -64.44164276123047 -4
vertex -3.1239664554595947 -64.55003356933594 -4
vertex -3.1239664554595947 -64.55003356933594 0
endloop
endfacet
facet normal 1 0 0
outer loop
vertex -9.21530818939209 -65.77384185791016 -1.6676274538040161
vertex -9.21530818939209 -65.77384185791016 -4
vertex -9.21530818939209 -64.58808898925781 0
endloop
endfacet
facet normal -0.831464911149803 0.5555772687274473 0
outer loop
vertex -2.8533685207366943 -64.27943420410156 -4
vertex -2.96175479888916 -64.44164276123047 -4
vertex -2.96175479888916 -64.44164276123047 0
endloop
endfacet
facet normal -0.9807860075161765 0.19508666653689738 0
outer loop
vertex -2.8153083324432373 -64.08808898925781 -4
vertex -2.8533685207366943 -64.27943420410156 -4
vertex -2.8533685207366943 -64.27943420410156 0
endloop
endfacet
facet normal 1 0 0
outer loop
vertex -14.815308570861816 -64.08808898925781 0
vertex -14.815308570861816 -63.58809280395508 -5
vertex -14.815308570861816 -63.58809280395508 0
endloop
endfacet
facet normal 0.5555865467525944 0.8314587115831592 0
outer loop
vertex -14.5066499710083 -64.55003356933594 0
vertex -14.5066499710083 -64.55003356933594 -4
vertex -14.668861389160156 -64.44164276123047 0
endloop
endfacet
facet normal 0.83146321751404 0.5555798033776966 0
outer loop
vertex -14.668861389160156 -64.44164276123047 0
vertex -14.668861389160156 -64.44164276123047 -4
vertex -14.77724838256836 -64.27943420410156 0
endloop
endfacet
facet normal 0 0 1
outer loop
vertex -2.8153083324432373 -63.58809280395508 -5
vertex -14.815308570861816 -63.58809280395508 -5
vertex -14.815308570861816 -65.77311706542969 -5
endloop
endfacet
facet normal 0.9807860075161765 0.19508666653689738 0
outer loop
vertex -14.77724838256836 -64.27943420410156 0
vertex -14.77724838256836 -64.27943420410156 -4
vertex -14.815308570861816 -64.08808898925781 0
endloop
endfacet
facet normal 1 0 0
outer loop
vertex -9.21530818939209 -65.03543090820312 -0.261586457490921
vertex -9.21530818939209 -65.77384185791016 -1.6676274538040161
vertex -9.21530818939209 -64.77384185791016 0
endloop
endfacet
facet normal 0 0 -1
outer loop
vertex -8.620218276977539 31.644166946411133 -3.5
vertex -8.906620979309082 32.67889404296875 -3.5
vertex -8.54175853729248 32.463356018066406 -3.5
endloop
endfacet
facet normal -0.47140108332636205 0.8819189410817291 1.1845275266579173e-7
outer loop
vertex -8.259737968444824 31.79348373413086 -3.5
vertex -8.326981544494629 31.75754165649414 -9.371935844421387
vertex -8.432624816894531 31.701072692871094 -3.5
endloop
endfacet
facet normal 0.773007058863365 0.6343974203505327 0
outer loop
vertex -9.522415161132812 31.9178466796875 -9.358474731445312
vertex -9.646778106689453 32.06938171386719 -9.345749855041504
vertex -9.646778106689453 32.06938171386719 -3.5
endloop
endfacet
facet normal 0.8819198825192002 0.47139932203739976 0
outer loop
vertex -9.646778106689453 32.06938171386719 -9.345749855041504
vertex -9.739188194274902 32.24226760864258 -9.331232070922852
vertex -9.739188194274902 32.24226760864258 -3.5
endloop
endfacet
facet normal 0.6343926489794667 0.7730109746444841 0
outer loop
vertex -9.370878219604492 31.79348373413086 -9.368918418884277
vertex -9.522415161132812 31.9178466796875 -9.358474731445312
vertex -9.522415161132812 31.9178466796875 -3.5
endloop
endfacet
facet normal 0.2902855263649851 0.9569400781569364 0
outer loop
vertex -9.010398864746094 31.644166946411133 -9.38145637512207
vertex -9.197991371154785 31.701072692871094 -9.376678466796875
vertex -9.197991371154785 31.701072692871094 -3.5
endloop
endfacet
facet normal 0.09801670231362045 0.9951847698129042 0
outer loop
vertex -9.010398864746094 31.644166946411133 -9.38145637512207
vertex -9.010398864746094 31.644166946411133 -3.5
vertex -8.815308570861816 31.62495231628418 -9.38306999206543
endloop
endfacet
facet normal -0.09801670231362045 0.9951847698129042 0
outer loop
vertex -8.815308570861816 31.62495231628418 -9.38306999206543
vertex -8.815308570861816 31.62495231628418 -3.5
vertex -8.620218276977539 31.644166946411133 -9.38145637512207
endloop
endfacet
facet normal -0.29028417498481407 0.9569404880938971 0
outer loop
vertex -8.620218276977539 31.644166946411133 -9.38145637512207
vertex -8.620218276977539 31.644166946411133 -3.5
vertex -8.432624816894531 31.701072692871094 -9.376678466796875
endloop
endfacet
facet normal -0.47140620415134105 0.8819162038921976 0
outer loop
vertex -8.326981544494629 31.75754165649414 -9.371935844421387
vertex -8.432624816894531 31.701072692871094 -9.376678466796875
vertex -8.432624816894531 31.701072692871094 -3.5
endloop
endfacet
facet normal -0.4713930381387813 0.8819232413278887 0
outer loop
vertex -8.259737968444824 31.79348373413086 -9.312106132507324
vertex -8.326981544494629 31.75754165649414 -9.371935844421387
vertex -8.259737968444824 31.79348373413086 -3.5
endloop
endfacet
facet normal -0.6343926489794667 0.773010974644484 0
outer loop
vertex -8.108201026916504 31.9178466796875 -9.127673149108887
vertex -8.259737968444824 31.79348373413086 -9.312106132507324
vertex -8.259737968444824 31.79348373413086 -3.5
endloop
endfacet
facet normal -0.7730082517125559 0.6343959668726606 0
outer loop
vertex -7.9838385581970215 32.06938171386719 -8.919723510742188
vertex -8.108201026916504 31.9178466796875 -9.127673149108887
vertex -8.108201026916504 31.9178466796875 -3.5
endloop
endfacet
facet normal 0.9626357581806558 0.27079869178767974 0.0006823474445896271
outer loop
vertex -9.739188194274902 32.24226760864258 -9.331232070922852
vertex -9.798314094543457 32.4524040222168 -9.313587188720703
vertex -9.796093940734863 32.42986297607422 -3.5
endloop
endfacet
facet normal 0.9951848589754424 0.0980157970228726 0
outer loop
vertex -9.798314094543457 32.4524040222168 -9.313587188720703
vertex -9.815308570861816 32.62495422363281 -9.166337013244629
vertex -9.815308570861816 32.62495422363281 -3.5
endloop
endfacet
facet normal 0.9951842216858564 -0.09802226740641745 1.439702031937382e-7
outer loop
vertex -9.802563667297363 32.75434875488281 -9.038471221923828
vertex -9.796093940734863 32.82004165649414 -3.5
vertex -9.815308570861816 32.62495422363281 -9.166337013244629
endloop
endfacet
facet normal 0.9951854056708319 -0.09801024609591376 0
outer loop
vertex -9.796093940734863 32.82004165649414 -3.5
vertex -9.802563667297363 32.75434875488281 -9.038471221923828
vertex -9.796093940734863 32.82004165649414 -8.975446701049805
endloop
endfacet
facet normal 0 0 -1
outer loop
vertex -8.906620979309082 32.67889404296875 -3.5
vertex -9.010398864746094 31.644166946411133 -3.5
vertex -9.229837417602539 32.95295715332031 -3.5
endloop
endfacet
facet normal -0.8819208937665036 0.47139743013522184 0
outer loop
vertex -7.8914289474487305 32.24226760864258 -8.696247100830078
vertex -7.9838385581970215 32.06938171386719 -8.919723510742188
vertex -7.9838385581970215 32.06938171386719 -3.5
endloop
endfacet
facet normal 0 0 -1
outer loop
vertex -9.54085636138916 33.30958938598633 -3.5
vertex -9.646778106689453 32.06938171386719 -3.5
vertex -9.646778106689453 33.18052291870117 -3.5
endloop
endfacet
facet normal 0 0 -1
outer loop
vertex -9.646778106689453 33.18052291870117 -3.5
vertex -9.739188194274902 32.24226760864258 -3.5
vertex -9.739188194274902 33.00763702392578 -3.5
endloop
endfacet
facet normal 0 0 -1
outer loop
vertex -9.739188194274902 33.00763702392578 -3.5
vertex -9.815308570861816 32.62495422363281 -3.5
vertex -9.796093940734863 32.82004165649414 -3.5
endloop
endfacet
facet normal 0 0 -1
outer loop
vertex -9.229837417602539 32.95295715332031 -3.5
vertex -9.370878219604492 31.79348373413086 -3.5
vertex -9.54085636138916 33.30958938598633 -3.5
endloop
endfacet
facet normal 0 0 -1
outer loop
vertex -9.370878219604492 31.79348373413086 -3.5
vertex -9.522415161132812 31.9178466796875 -3.5
vertex -9.54085636138916 33.30958938598633 -3.5
endloop
endfacet
facet normal 0 0 -1
outer loop
vertex -9.796093940734863 32.42986297607422 -3.5
vertex -9.815308570861816 32.62495422363281 -3.5
vertex -9.739188194274902 33.00763702392578 -3.5
endloop
endfacet
facet normal 0 0 -1
outer loop
vertex -9.739188194274902 32.24226760864258 -3.5
vertex -9.796093940734863 32.42986297607422 -3.5
vertex -9.739188194274902 33.00763702392578 -3.5
endloop
endfacet
facet normal 0 0 -1
outer loop
vertex -9.646778106689453 32.06938171386719 -3.5
vertex -9.739188194274902 32.24226760864258 -3.5
vertex -9.646778106689453 33.18052291870117 -3.5
endloop
endfacet
facet normal 0 0 -1
outer loop
vertex -9.522415161132812 31.9178466796875 -3.5
vertex -9.646778106689453 32.06938171386719 -3.5
vertex -9.54085636138916 33.30958938598633 -3.5
endloop
endfacet
facet normal 0 0 -1
outer loop
vertex -7.8914289474487305 32.24226760864258 -3.5
vertex -7.9838385581970215 32.06938171386719 -3.5
vertex -8.145734786987305 32.31254196166992 -3.5
endloop
endfacet
facet normal 0 0 -1
outer loop
vertex -7.9838385581970215 32.06938171386719 -3.5
vertex -8.108201026916504 31.9178466796875 -3.5
vertex -8.145734786987305 32.31254196166992 -3.5
endloop
endfacet
facet normal 0 0 -1
outer loop
vertex -8.108201026916504 31.9178466796875 -3.5
vertex -8.259737968444824 31.79348373413086 -3.5
vertex -8.145734786987305 32.31254196166992 -3.5
endloop
endfacet
facet normal 0 0 -1
outer loop
vertex -8.259737968444824 31.79348373413086 -3.5
vertex -8.54175853729248 32.463356018066406 -3.5
vertex -8.145734786987305 32.31254196166992 -3.5
endloop
endfacet
facet normal 0 0 -1
outer loop
vertex -8.259737968444824 31.79348373413086 -3.5
vertex -8.432624816894531 31.701072692871094 -3.5
vertex -8.54175853729248 32.463356018066406 -3.5
endloop
endfacet
facet normal 0.9569413079506429 -0.29028147226048184 0
outer loop
vertex -9.796093940734863 32.82004165649414 -8.975446701049805
vertex -9.739188194274902 33.00763702392578 -8.773763656616211
vertex -9.739188194274902 33.00763702392578 -3.5
endloop
endfacet
facet normal 0.8819198825192002 -0.47139932203739976 0
outer loop
vertex -9.739188194274902 33.00763702392578 -8.773763656616211
vertex -9.646778106689453 33.18052291870117 -8.55799674987793
vertex -9.646778106689453 33.18052291870117 -3.5
endloop
endfacet
facet normal 0.7730115312947171 -0.6343919706974519 0
outer loop
vertex -9.646778106689453 33.18052291870117 -8.55799674987793
vertex -9.54085636138916 33.30958938598633 -8.369290351867676
vertex -9.54085636138916 33.30958938598633 -3.5
endloop
endfacet
facet normal 0.4714010833263653 0.8819189410817352 0
outer loop
vertex -9.197991371154785 31.701072692871094 -3.5
vertex -9.197991371154785 31.701072692871094 -9.376678466796875
vertex -9.370878219604492 31.79348373413086 -3.5
endloop
endfacet
facet normal 0.6343926489794667 0.773010974644484 0
outer loop
vertex -9.370878219604492 31.79348373413086 -3.5
vertex -9.370878219604492 31.79348373413086 -9.368918418884277
vertex -9.522415161132812 31.9178466796875 -3.5
endloop
endfacet
facet normal 0.2902855263649851 0.9569400781569364 0
outer loop
vertex -9.010398864746094 31.644166946411133 -3.5
vertex -9.010398864746094 31.644166946411133 -9.38145637512207
vertex -9.197991371154785 31.701072692871094 -3.5
endloop
endfacet
facet normal 0.09801670231362045 0.9951847698129042 0
outer loop
vertex -8.815308570861816 31.62495231628418 -3.5
vertex -8.815308570861816 31.62495231628418 -9.38306999206543
vertex -9.010398864746094 31.644166946411133 -3.5
endloop
endfacet
facet normal -0.09801670231362045 0.9951847698129042 0
outer loop
vertex -8.620218276977539 31.644166946411133 -3.5
vertex -8.620218276977539 31.644166946411133 -9.38145637512207
vertex -8.815308570861816 31.62495231628418 -3.5
endloop
endfacet
facet normal -0.29028417498481407 0.956940488093897 0
outer loop
vertex -8.432624816894531 31.701072692871094 -3.5
vertex -8.432624816894531 31.701072692871094 -9.376678466796875
vertex -8.620218276977539 31.644166946411133 -3.5
endloop
endfacet
facet normal 0 0 -1
outer loop
vertex -9.010398864746094 31.644166946411133 -3.5
vertex -9.197991371154785 31.701072692871094 -3.5
vertex -9.229837417602539 32.95295715332031 -3.5
endloop
endfacet
facet normal 0 0 -1
outer loop
vertex -8.815308570861816 31.62495231628418 -3.5
vertex -9.010398864746094 31.644166946411133 -3.5
vertex -8.906620979309082 32.67889404296875 -3.5
endloop
endfacet
facet normal 0 0 -1
outer loop
vertex -9.197991371154785 31.701072692871094 -3.5
vertex -9.370878219604492 31.79348373413086 -3.5
vertex -9.229837417602539 32.95295715332031 -3.5
endloop
endfacet
facet normal 0.7730115312947171 -0.6343919706974519 0
outer loop
vertex -9.646778106689453 33.18052291870117 -3.5
vertex -9.646778106689453 33.18052291870117 -8.55799674987793
vertex -9.54085636138916 33.30958938598633 -3.5
endloop
endfacet
facet normal 0.8819198825192001 -0.4713993220373997 0
outer loop
vertex -9.739188194274902 33.00763702392578 -3.5
vertex -9.739188194274902 33.00763702392578 -8.773763656616211
vertex -9.646778106689453 33.18052291870117 -3.5
endloop
endfacet
facet normal 0.9569413079506429 -0.29028147226048184 0
outer loop
vertex -9.796093940734863 32.82004165649414 -3.5
vertex -9.796093940734863 32.82004165649414 -8.975446701049805
vertex -9.739188194274902 33.00763702392578 -3.5
endloop
endfacet
facet normal 0.9951846295964323 -0.09801812595133512 0
outer loop
vertex -9.815308570861816 32.62495422363281 -3.5
vertex -9.815308570861816 32.62495422363281 -9.166337013244629
vertex -9.796093940734863 32.82004165649414 -3.5
endloop
endfacet
facet normal 0.9951848165503705 0.09801622777686082 -1.2909014154901912e-8
outer loop
vertex -9.796093940734863 32.42986297607422 -3.5
vertex -9.798314094543457 32.4524040222168 -9.313587188720703
vertex -9.815308570861816 32.62495422363281 -3.5
endloop
endfacet
facet normal 0.9569413079506429 0.29028147226048184 0
outer loop
vertex -9.739188194274902 32.24226760864258 -3.5
vertex -9.739188194274902 32.24226760864258 -9.331232070922852
vertex -9.796093940734863 32.42986297607422 -3.5
endloop
endfacet
facet normal -0.8819208937665036 0.4713974301352218 0
outer loop
vertex -7.8914289474487305 32.24226760864258 -3.5
vertex -7.8914289474487305 32.24226760864258 -8.696247100830078
vertex -7.9838385581970215 32.06938171386719 -3.5
endloop
endfacet
facet normal -0.7730082517125558 0.6343959668726605 0
outer loop
vertex -7.9838385581970215 32.06938171386719 -3.5
vertex -7.9838385581970215 32.06938171386719 -8.919723510742188
vertex -8.108201026916504 31.9178466796875 -3.5
endloop
endfacet
facet normal -0.6343926489794667 0.773010974644484 0
outer loop
vertex -8.108201026916504 31.9178466796875 -3.5
vertex -8.108201026916504 31.9178466796875 -9.127673149108887
vertex -8.259737968444824 31.79348373413086 -3.5
endloop
endfacet
facet normal 0.8819198825192001 0.4713993220373997 0
outer loop
vertex -9.646778106689453 32.06938171386719 -3.5
vertex -9.646778106689453 32.06938171386719 -9.345749855041504
vertex -9.739188194274902 32.24226760864258 -3.5
endloop
endfacet
facet normal 0.7730070588633648 0.6343974203505326 0
outer loop
vertex -9.522415161132812 31.9178466796875 -3.5
vertex -9.522415161132812 31.9178466796875 -9.358474731445312
vertex -9.646778106689453 32.06938171386719 -3.5
endloop
endfacet
facet normal 0.4714010833263653 0.8819189410817352 0
outer loop
vertex -9.370878219604492 31.79348373413086 -9.368918418884277
vertex -9.370878219604492 31.79348373413086 -3.5
vertex -9.197991371154785 31.701072692871094 -9.376678466796875
endloop
endfacet
facet normal 0 0 -1
outer loop
vertex -8.620218276977539 31.644166946411133 -3.5
vertex -8.815308570861816 31.62495231628418 -3.5
vertex -8.906620979309082 32.67889404296875 -3.5
endloop
endfacet
facet normal 0 0 -1
outer loop
vertex -8.432624816894531 31.701072692871094 -3.5
vertex -8.620218276977539 31.644166946411133 -3.5
vertex -8.54175853729248 32.463356018066406 -3.5
endloop
endfacet
facet normal 0.8819097699505025 0.47141824070123944 0
outer loop
vertex 71.29669952392578 20.285703659057617 -3.5
vertex 71.29669952392578 20.285703659057617 -10.021851539611816
vertex 71.20428466796875 20.458589553833008 -3.5
endloop
endfacet
facet normal -0.9569377853117141 0.29029308473112464 0
outer loop
vertex 73.10895538330078 20.646183013916016 -9.574743270874023
vertex 73.05204772949219 20.458589553833008 -9.79736328125
vertex 73.05204772949219 20.458589553833008 -3.5
endloop
endfacet
facet normal -0.8819097699505025 0.4714182407012395 0
outer loop
vertex 73.05204772949219 20.458589553833008 -9.79736328125
vertex 72.95963287353516 20.285703659057617 -10.002985000610352
vertex 72.95963287353516 20.285703659057617 -3.5
endloop
endfacet
facet normal -0.7730205173693605 0.6343810209377374 0
outer loop
vertex 72.95963287353516 20.285703659057617 -10.002985000610352
vertex 72.83527374267578 20.134166717529297 -10.18370532989502
vertex 72.83527374267578 20.134166717529297 -3.5
endloop
endfacet
facet normal 0.8819097699505024 0.47141824070123944 0
outer loop
vertex 71.29669952392578 20.285703659057617 -10.021851539611816
vertex 71.20428466796875 20.458589553833008 -9.818326950073242
vertex 71.20428466796875 20.458589553833008 -3.5
endloop
endfacet
facet normal 0.7730205173693605 0.6343810209377375 0
outer loop
vertex 71.42105865478516 20.134166717529297 -10.199749946594238
vertex 71.29669952392578 20.285703659057617 -10.021851539611816
vertex 71.29669952392578 20.285703659057617 -3.5
endloop
endfacet
facet normal -0.9951850304705636 0.09801405576397264 0
outer loop
vertex 73.12806701660156 20.840232849121094 -9.3449125289917
vertex 73.10895538330078 20.646183013916016 -9.574743270874023
vertex 73.10895538330078 20.646183013916016 -3.5
endloop
endfacet
facet normal 0 0 -1
outer loop
vertex 73.12806701660156 20.840232849121094 -3.5
vertex 73.10895538330078 20.646183013916016 -3.5
vertex 71.12816619873047 20.84127426147461 -3.5
endloop
endfacet
facet normal -0.6343974203505327 0.773007058863365 0
outer loop
vertex 72.83527374267578 20.134166717529297 -10.18370532989502
vertex 72.6837387084961 20.009803771972656 -10.33258056640625
vertex 72.6837387084961 20.009803771972656 -3.5
endloop
endfacet
facet normal 0.6164980543141981 0.7873564307394765 0
outer loop
vertex 71.59556579589844 19.997528076171875 -10.359452247619629
vertex 71.42105865478516 20.134166717529297 -10.199749946594238
vertex 71.42105865478516 20.134166717529297 -3.5
endloop
endfacet
facet normal -0.4713807484961501 0.8819298101023739 0
outer loop
vertex 72.64059448242188 19.98674201965332 -10.360358238220215
vertex 72.51084899902344 19.917394638061523 -10.366181373596191
vertex 72.51084899902344 19.917394638061523 -3.5
endloop
endfacet
facet normal -0.29028687775715967 0.9569396682142506 0
outer loop
vertex 72.51084899902344 19.917394638061523 -10.366181373596191
vertex 72.32325744628906 19.860488891601562 -10.370959281921387
vertex 72.32325744628906 19.860488891601562 -3.5
endloop
endfacet
facet normal -0.09801622777686082 0.9951848165503705 0
outer loop
vertex 72.32325744628906 19.860488891601562 -10.370959281921387
vertex 72.12816619873047 19.84127426147461 -10.372572898864746
vertex 72.12816619873047 19.84127426147461 -3.5
endloop
endfacet
facet normal 0.09801622777686082 0.9951848165503705 0
outer loop
vertex 72.12816619873047 19.84127426147461 -10.372572898864746
vertex 71.93307495117188 19.860488891601562 -10.370959281921387
vertex 71.93307495117188 19.860488891601562 -3.5
endloop
endfacet
facet normal 0.29028687775715967 0.9569396682142506 0
outer loop
vertex 71.93307495117188 19.860488891601562 -10.370959281921387
vertex 71.7454833984375 19.917394638061523 -10.366181373596191
vertex 71.7454833984375 19.917394638061523 -3.5
endloop
endfacet
facet normal 0.4714004580147342 0.8819192753213424 4.2116852264711543e-7
outer loop
vertex 71.7454833984375 19.917394638061523 -10.366181373596191
vertex 71.59556579589844 19.997528076171875 -10.359452247619629
vertex 71.57259368896484 20.009803771972656 -3.5
endloop
endfacet
facet normal 0.9569485960343027 0.2902574452929277 0
outer loop
vertex 71.20428466796875 20.458589553833008 -9.818326950073242
vertex 71.14738464355469 20.646183013916016 -9.59699821472168
vertex 71.14738464355469 20.646183013916016 -3.5
endloop
endfacet
facet normal 0 0 -1
outer loop
vertex 73.10895538330078 20.646183013916016 -3.5
vertex 73.05204772949219 20.458589553833008 -3.5
vertex 71.12816619873047 20.84127426147461 -3.5
endloop
endfacet
facet normal 0 0 -1
outer loop
vertex 73.05204772949219 20.458589553833008 -3.5
vertex 72.95963287353516 20.285703659057617 -3.5
vertex 71.12816619873047 20.84127426147461 -3.5
endloop
endfacet
facet normal 0 0 -1
outer loop
vertex 72.95963287353516 20.285703659057617 -3.5
vertex 72.83527374267578 20.134166717529297 -3.5
vertex 71.12816619873047 20.84127426147461 -3.5
endloop
endfacet
facet normal 0 0 -1
outer loop
vertex 72.83527374267578 20.134166717529297 -3.5
vertex 72.6837387084961 20.009803771972656 -3.5
vertex 71.12816619873047 20.84127426147461 -3.5
endloop
endfacet
facet normal 0 0 -1
outer loop
vertex 72.6837387084961 20.009803771972656 -3.5
vertex 72.51084899902344 19.917394638061523 -3.5
vertex 71.12816619873047 20.84127426147461 -3.5
endloop
endfacet
facet normal -0.4714075961474296 0.8819154598341624 0
outer loop
vertex 72.6837387084961 20.009803771972656 -10.33258056640625
vertex 72.64059448242188 19.98674201965332 -10.360358238220215
vertex 72.6837387084961 20.009803771972656 -3.5
endloop
endfacet
facet normal -0.9951850304705638 0.09801405576397265 0
outer loop
vertex 73.12806701660156 20.840232849121094 -3.5
vertex 73.12806701660156 20.840232849121094 -9.3449125289917
vertex 73.10895538330078 20.646183013916016 -3.5
endloop
endfacet
facet normal -0.956937785311714 0.29029308473112464 0
outer loop
vertex 73.10895538330078 20.646183013916016 -3.5
vertex 73.10895538330078 20.646183013916016 -9.574743270874023
vertex 73.05204772949219 20.458589553833008 -3.5
endloop
endfacet
facet normal -0.8819097699505024 0.47141824070123944 0
outer loop
vertex 73.05204772949219 20.458589553833008 -3.5
vertex 73.05204772949219 20.458589553833008 -9.79736328125
vertex 72.95963287353516 20.285703659057617 -3.5
endloop
endfacet
facet normal -0.7730205173693605 0.6343810209377375 0
outer loop
vertex 72.95963287353516 20.285703659057617 -3.5
vertex 72.95963287353516 20.285703659057617 -10.002985000610352
vertex 72.83527374267578 20.134166717529297 -3.5
endloop
endfacet
facet normal -0.6343974203505326 0.7730070588633648 0
outer loop
vertex 72.83527374267578 20.134166717529297 -3.5
vertex 72.83527374267578 20.134166717529297 -10.18370532989502
vertex 72.6837387084961 20.009803771972656 -3.5
endloop
endfacet
facet normal 0.9569485960343027 0.2902574452929277 0
outer loop
vertex 71.20428466796875 20.458589553833008 -3.5
vertex 71.20428466796875 20.458589553833008 -9.818326950073242
vertex 71.14738464355469 20.646183013916016 -3.5
endloop
endfacet
facet normal 0 0 -1
outer loop
vertex 72.51084899902344 19.917394638061523 -3.5
vertex 72.32325744628906 19.860488891601562 -3.5
vertex 71.12816619873047 20.84127426147461 -3.5
endloop
endfacet
facet normal 0 0 -1
outer loop
vertex 72.32325744628906 19.860488891601562 -3.5
vertex 72.12816619873047 19.84127426147461 -3.5
vertex 71.12816619873047 20.84127426147461 -3.5
endloop
endfacet
facet normal 0 0 -1
outer loop
vertex 72.12816619873047 19.84127426147461 -3.5
vertex 71.93307495117188 19.860488891601562 -3.5
vertex 71.12816619873047 20.84127426147461 -3.5
endloop
endfacet
facet normal 0 0 -1
outer loop
vertex 71.93307495117188 19.860488891601562 -3.5
vertex 71.7454833984375 19.917394638061523 -3.5
vertex 71.12816619873047 20.84127426147461 -3.5
endloop
endfacet
facet normal 0 0 -1
outer loop
vertex 71.14738464355469 20.646183013916016 -3.5
vertex 71.12816619873047 20.84127426147461 -3.5
vertex 71.29669952392578 20.285703659057617 -3.5
endloop
endfacet
facet normal 0 0 -1
outer loop
vertex 71.42105865478516 20.134166717529297 -3.5
vertex 71.29669952392578 20.285703659057617 -3.5
vertex 71.12816619873047 20.84127426147461 -3.5
endloop
endfacet
facet normal 0 0 -1
outer loop
vertex 71.20428466796875 20.458589553833008 -3.5
vertex 71.14738464355469 20.646183013916016 -3.5
vertex 71.29669952392578 20.285703659057617 -3.5
endloop
endfacet
facet normal 0 0 -1
outer loop
vertex 71.12816619873047 20.84127426147461 -3.5
vertex 71.57259368896484 20.009803771972656 -3.5
vertex 71.42105865478516 20.134166717529297 -3.5
endloop
endfacet
facet normal 0 0 -1
outer loop
vertex 71.7454833984375 19.917394638061523 -3.5
vertex 71.57259368896484 20.009803771972656 -3.5
vertex 71.12816619873047 20.84127426147461 -3.5
endloop
endfacet
facet normal 0.9951829182294892 0.0980355000203388 0
outer loop
vertex 71.14738464355469 20.646183013916016 -3.5
vertex 71.14738464355469 20.646183013916016 -9.59699821472168
vertex 71.12816619873047 20.84127426147461 -3.5
endloop
endfacet
facet normal 0.6343972460874272 0.7730068465254735 0.0007412026925902422
outer loop
vertex 71.57259368896484 20.009803771972656 -3.5
vertex 71.59556579589844 19.997528076171875 -10.359452247619629
vertex 71.42105865478516 20.134166717529297 -3.5
endloop
endfacet
facet normal 0.47138744838798496 0.881926229059021 0
outer loop
vertex 71.7454833984375 19.917394638061523 -3.5
vertex 71.7454833984375 19.917394638061523 -10.366181373596191
vertex 71.57259368896484 20.009803771972656 -3.5
endloop
endfacet
facet normal 0.29028687775715967 0.9569396682142506 0
outer loop
vertex 71.93307495117188 19.860488891601562 -3.5
vertex 71.93307495117188 19.860488891601562 -10.370959281921387
vertex 71.7454833984375 19.917394638061523 -3.5
endloop
endfacet
facet normal 0.09801622777686082 0.9951848165503705 0
outer loop
vertex 72.12816619873047 19.84127426147461 -3.5
vertex 72.12816619873047 19.84127426147461 -10.372572898864746
vertex 71.93307495117188 19.860488891601562 -3.5
endloop
endfacet
facet normal -0.09801622777686082 0.9951848165503705 0
outer loop
vertex 72.32325744628906 19.860488891601562 -3.5
vertex 72.32325744628906 19.860488891601562 -10.370959281921387
vertex 72.12816619873047 19.84127426147461 -3.5
endloop
endfacet
facet normal -0.29028687775715967 0.9569396682142506 0
outer loop
vertex 72.51084899902344 19.917394638061523 -3.5
vertex 72.51084899902344 19.917394638061523 -10.366181373596191
vertex 72.32325744628906 19.860488891601562 -3.5
endloop
endfacet
facet normal -0.47138744838797875 0.8819262290590094 -1.6290937672941523e-7
outer loop
vertex 72.6837387084961 20.009803771972656 -3.5
vertex 72.64059448242188 19.98674201965332 -10.360358238220215
vertex 72.51084899902344 19.917394638061523 -3.5
endloop
endfacet
facet normal 0.7730205173693605 0.6343810209377375 0
outer loop
vertex 71.42105865478516 20.134166717529297 -3.5
vertex 71.42105865478516 20.134166717529297 -10.199749946594238
vertex 71.29669952392578 20.285703659057617 -3.5
endloop
endfacet
facet normal 0.995286087396925 0.0969824885059288 0.000034019377025716014
outer loop
vertex 71.14738464355469 20.646183013916016 -9.59699821472168
vertex 71.12826538085938 20.842313766479492 -9.36513900756836
vertex 71.12816619873047 20.84127426147461 -3.5
endloop
endfacet
facet normal 0.06308668985175894 0.10679305300531418 0.9922778408255181
outer loop
vertex -8.906620979309082 32.67889404296875 -1.100000023841858
vertex -8.54175853729248 32.463356018066406 -1.100000023841858
vertex -9.26940631866455 33.822364807128906 -1.2000000476837158
endloop
endfacet
facet normal 0.06308618700206468 0.1067929599482569 0.9922778828105717
outer loop
vertex -7.547421455383301 32.80513000488281 -1.2000000476837158
vertex -8.145734786987305 32.31254196166992 -1.108946681022644
vertex -7.729928016662598 32.23078155517578 -1.1265830993652344
endloop
endfacet
facet normal 0.9530410979214742 -0.30284099074040655 0
outer loop
vertex -7.729928016662598 32.23078155517578 -2.473417043685913
vertex -7.547421455383301 32.80513000488281 -1.2000000476837158
vertex -7.729928016662598 32.23078155517578 -1.1265830993652344
endloop
endfacet
facet normal 0.06308608728527633 0.10679273570764494 0.9922779132839304
outer loop
vertex -7.547421455383301 32.80513000488281 -1.2000000476837158
vertex -9.26940631866455 33.822364807128906 -1.2000000476837158
vertex -8.54175853729248 32.463356018066406 -1.100000023841858
endloop
endfacet
facet normal 0.0630858769390887 0.1067933327873519 0.9922778623969176
outer loop
vertex -7.547421455383301 32.80513000488281 -1.2000000476837158
vertex -8.54175853729248 32.463356018066406 -1.100000023841858
vertex -8.145734786987305 32.31254196166992 -1.108946681022644
endloop
endfacet
facet normal 0.0630858964924396 0.10679280801567385 0.9922779176318864
outer loop
vertex -9.229837417602539 32.95295715332031 -1.108946681022644
vertex -8.906620979309082 32.67889404296875 -1.100000023841858
vertex -9.26940631866455 33.822364807128906 -1.2000000476837158
endloop
endfacet
facet normal 0.0630860824402218 0.1067930261609247 -0.9922778823322314
outer loop
vertex -8.906620979309082 32.67889404296875 -2.5
vertex -9.229837417602539 32.95295715332031 -2.491053342819214
vertex -7.547421455383301 32.80513000488281 -2.4000000953674316
endloop
endfacet
facet normal 0.06308616831832722 0.10679217015431108 -0.9922779689989314
outer loop
vertex -8.906620979309082 32.67889404296875 -2.5
vertex -7.547421455383301 32.80513000488281 -2.4000000953674316
vertex -8.54175853729248 32.463356018066406 -2.5
endloop
endfacet
facet normal 0.06308581576715087 0.10679317089116204 -0.992277883710004
outer loop
vertex -7.547421455383301 32.80513000488281 -2.4000000953674316
vertex -8.145734786987305 32.31254196166992 -2.491053342819214
vertex -8.54175853729248 32.463356018066406 -2.5
endloop
endfacet
facet normal 0.06308667140511691 0.10679274060260763 -0.992277875620336
outer loop
vertex -9.526066780090332 33.295326232910156 -2.4730398654937744
vertex -9.6609525680542 33.4254264831543 -2.467613697052002
vertex -9.26940631866455 33.822364807128906 -2.4000000953674316
endloop
endfacet
facet normal 0.06308674229529132 0.10679270597198796 -0.9922778748403837
outer loop
vertex -9.526066780090332 33.295326232910156 -2.4730398654937744
vertex -9.26940631866455 33.822364807128906 -2.4000000953674316
vertex -9.229837417602539 32.95295715332031 -2.491053342819214
endloop
endfacet
facet normal 0.06308605409974545 0.10679267953085889 -0.9922779214397263
outer loop
vertex -9.26940631866455 33.822364807128906 -2.4000000953674316
vertex -7.547421455383301 32.80513000488281 -2.4000000953674316
vertex -9.229837417602539 32.95295715332031 -2.491053342819214
endloop
endfacet
facet normal 0.0630859197439619 0.10679304586294865 -0.9922778905555503
outer loop
vertex -7.547421455383301 32.80513000488281 -2.4000000953674316
vertex -7.729928016662598 32.23078155517578 -2.473417043685913
vertex -8.145734786987305 32.31254196166992 -2.491053342819214
endloop
endfacet
facet normal -0.7119257048050492 0.7022547905410356 0
outer loop
vertex -9.26940631866455 33.822364807128906 -2.4000000953674316
vertex -9.6609525680542 33.4254264831543 -2.467613697052002
vertex -9.6609525680542 33.4254264831543 -1.132386326789856
endloop
endfacet
facet normal 0.508617495708719 0.860992591756161 0
outer loop
vertex -7.547421455383301 32.80513000488281 -1.2000000476837158
vertex -7.547421455383301 32.80513000488281 -2.4000000953674316
vertex -9.26940631866455 33.822364807128906 -2.4000000953674316
endloop
endfacet
facet normal 0.9530410979214743 -0.30284099074040655 0
outer loop
vertex -7.547421455383301 32.80513000488281 -1.2000000476837158
vertex -7.729928016662598 32.23078155517578 -2.473417043685913
vertex -7.547421455383301 32.80513000488281 -2.4000000953674316
endloop
endfacet
facet normal -0.7119257048050494 0.7022547905410357 0
outer loop
vertex -9.26940631866455 33.822364807128906 -2.4000000953674316
vertex -9.6609525680542 33.4254264831543 -1.132386326789856
vertex -9.26940631866455 33.822364807128906 -1.2000000476837158
endloop
endfacet
facet normal 0.508617495708719 0.860992591756161 0
outer loop
vertex -7.547421455383301 32.80513000488281 -1.2000000476837158
vertex -9.26940631866455 33.822364807128906 -2.4000000953674316
vertex -9.26940631866455 33.822364807128906 -1.2000000476837158
endloop
endfacet
facet normal 0.06308636649163567 0.10679333184017131 0.9922778313745391
outer loop
vertex -9.26940631866455 33.822364807128906 -1.2000000476837158
vertex -9.6609525680542 33.4254264831543 -1.132386326789856
vertex -9.526066780090332 33.295326232910156 -1.126960039138794
endloop
endfacet
facet normal 0.06308732632499466 0.10679286295115795 0.992277820814241
outer loop
vertex -9.26940631866455 33.822364807128906 -1.2000000476837158
vertex -9.526066780090332 33.295326232910156 -1.126960039138794
vertex -9.229837417602539 32.95295715332031 -1.108946681022644
endloop
endfacet
facet normal 0.00012905305888667913 0.12403477568758796 0.992277863184218
outer loop
vertex 71.12899780273438 21.64231300354004 -1.2000000476837158
vertex 73.32816314697266 20.840024948120117 -1.100000023841858
vertex 73.12899780273438 21.64023208618164 -1.2000000476837158
endloop
endfacet
facet normal 0.0010404581160231867 0.999999458723308 0
outer loop
vertex 73.12899780273438 21.64023208618164 -2.4000000953674316
vertex 71.12899780273438 21.64231300354004 -2.4000000953674316
vertex 73.12899780273438 21.64023208618164 -1.2000000476837158
endloop
endfacet
facet normal 0.9703949062557298 0.2415237584854407 0
outer loop
vertex 73.12899780273438 21.64023208618164 -1.2000000476837158
vertex 73.32816314697266 20.840024948120117 -2.5
vertex 73.12899780273438 21.64023208618164 -2.4000000953674316
endloop
endfacet
facet normal -0.9698906784196535 0.2435406986823034 0
outer loop
vertex 71.12899780273438 21.64231300354004 -2.4000000953674316
vertex 70.92816925048828 20.84252166748047 -1.100000023841858
vertex 71.12899780273438 21.64231300354004 -1.2000000476837158
endloop
endfacet
facet normal 0.0010404581160231867 0.999999458723308 0
outer loop
vertex 73.12899780273438 21.64023208618164 -1.2000000476837158
vertex 71.12899780273438 21.64231300354004 -2.4000000953674316
vertex 71.12899780273438 21.64231300354004 -1.2000000476837158
endloop
endfacet
facet normal 0.9703949062557298 0.2415237584854407 0
outer loop
vertex 73.32816314697266 20.840024948120117 -2.5
vertex 73.12899780273438 21.64023208618164 -1.2000000476837158
vertex 73.32816314697266 20.840024948120117 -1.100000023841858
endloop
endfacet
facet normal 0.00012903361765201292 0.12403472321475632 0.9922778697458511
outer loop
vertex 71.12899780273438 21.64231300354004 -1.2000000476837158
vertex 70.92816925048828 20.84252166748047 -1.100000023841858
vertex 73.32816314697266 20.840024948120117 -1.100000023841858
endloop
endfacet
facet normal -0.9698906784196534 0.2435406986823034 0
outer loop
vertex 71.12899780273438 21.64231300354004 -2.4000000953674316
vertex 70.92816925048828 20.84252166748047 -2.5
vertex 70.92816925048828 20.84252166748047 -1.100000023841858
endloop
endfacet
facet normal 0.0001290528478284953 0.12403457283649158 -0.9922778885406202
outer loop
vertex 70.92816925048828 20.84252166748047 -2.5
vertex 71.12899780273438 21.64231300354004 -2.4000000953674316
vertex 73.12899780273438 21.64023208618164 -2.4000000953674316
endloop
endfacet
facet normal 0.0001290335158426216 0.12403462534956504 -0.9922778819790073
outer loop
vertex 73.32816314697266 20.840024948120117 -2.5
vertex 70.92816925048828 20.84252166748047 -2.5
vertex 73.12899780273438 21.64023208618164 -2.4000000953674316
endloop
endfacet
endsolid auto-kdk-case
