solid auto-kdk-case
facet normal 0 0 1
outer loop
vertex -26.845359802246094 12.205070495605469 0
vertex -27.24922752380371 11.891200065612793 0
vertex -21.959781646728516 8.868385314941406 0
endloop
endfacet
facet normal 0 0 1
outer loop
vertex -26.507938385009766 12.589481353759766 0
vertex -26.845359802246094 12.205070495605469 0
vertex -21.959781646728516 8.868385314941406 0
endloop
endfacet
facet normal 0 0 1
outer loop
vertex -26.249074935913086 13.030632972717285 0
vertex -26.507938385009766 12.589481353759766 0
vertex -21.959781646728516 8.868385314941406 0
endloop
endfacet
facet normal -2.74392927705347e-13 -2.89970882969276e-14 1
outer loop
vertex 66.78704833984375 61.11025619506836 -4.075427929156605e-12
vertex 83.30083465576172 45.39011764526367 0
vertex 83.21731567382812 46.18043899536133 0
endloop
endfacet
facet normal 0 0 1
outer loop
vertex -26.078062057495117 13.512691497802734 0
vertex -26.249074935913086 13.030632972717285 0
vertex -21.959781646728516 8.868385314941406 0
endloop
endfacet
facet normal -4.664979034058771e-13 -2.4570183670464e-13 1
outer loop
vertex 66.78704833984375 61.11025619506836 -4.075427929156605e-12
vertex 82.9862289428711 46.94082260131836 0
vertex 82.61588287353516 47.64397430419922 0
endloop
endfacet
facet normal 1.512234927935438e-12 1.8478305580144485e-12 1
outer loop
vertex 83.30083465576172 45.39011764526367 0
vertex 66.78704833984375 61.11025619506836 -4.075427929156605e-12
vertex 80.98503875732422 47.28532791137695 0
endloop
endfacet
facet normal 0.5224959671876745 0.8526417561160234 0
outer loop
vertex 17.435949325561523 47.729591369628906 -7.174307823181152
vertex 17.345355987548828 47.78510665893555 -7.186920166015625
vertex 17.435949325561523 47.729591369628906 -1
endloop
endfacet
facet normal -5.33594884238851e-12 -2.0752617950846196e-11 1
outer loop
vertex 66.78704833984375 61.11025619506836 -4.075427929156605e-12
vertex 66.06483459472656 61.47163391113281 -4.295898489367622e-13
vertex 65.29979705810547 61.68682861328125 -4.5937568121179675e-14
endloop
endfacet
facet normal 3.13191488187877e-12 1.0899828737591907e-12 1
outer loop
vertex 65.29979705810547 61.68682861328125 -4.5937568121179675e-14
vertex 65.90948486328125 59.89282989501953 0
vertex 66.78704833984375 61.11025619506836 -4.075427929156605e-12
endloop
endfacet
facet normal 5.3386523434743676e-14 1.8656261704226768e-14 1
outer loop
vertex 65.29979705810547 61.68682861328125 -4.5937568121179675e-14
vertex 64.5079116821289 61.753868103027344 -4.912267204197065e-15
vertex 64.94847869873047 60.22984313964844 0
endloop
endfacet
facet normal 1.725554402116077e-16 3.273102186351303e-15 1
outer loop
vertex 64.5079116821289 61.753868103027344 -4.912267204197065e-15
vertex 64.43769836425781 60.256771087646484 0
vertex 64.94847869873047 60.22984313964844 0
endloop
endfacet
facet normal 5.230056314340586e-15 3.0359071930674412e-15 1
outer loop
vertex 63.71759033203125 61.67034912109375 -5.252861587507743e-16
vertex 64.43769836425781 60.256771087646484 0
vertex 64.5079116821289 61.753868103027344 -4.912267204197065e-15
endloop
endfacet
facet normal 4.880030695834492e-16 4.2429588982891886e-16 1
outer loop
vertex 63.71759033203125 61.67034912109375 -5.252861587507743e-16
vertex 62.95720672607422 61.43927001953125 -5.617071196448311e-17
vertex 63.930999755859375 60.1868782043457 0
endloop
endfacet
facet normal 1.4005909790147935e-14 3.036613123860525e-14 1
outer loop
vertex 65.29979705810547 61.68682861328125 -4.5937568121179675e-14
vertex 65.44501495361328 60.107059478759766 0
vertex 65.90948486328125 59.89282989501953 0
endloop
endfacet
facet normal 7.357831044694494e-15 2.9755016624774415e-14 1
outer loop
vertex 65.44501495361328 60.107059478759766 0
vertex 65.29979705810547 61.68682861328125 -4.5937568121179675e-14
vertex 64.94847869873047 60.22984313964844 0
endloop
endfacet
facet normal -4.7892404637181963e-17 3.472029430819564e-16 1
outer loop
vertex 64.43769836425781 60.256771087646484 0
vertex 63.71759033203125 61.67034912109375 -5.252861587507743e-16
vertex 63.930999755859375 60.1868782043457 0
endloop
endfacet
facet normal -1.203214632556023e-17 3.549519503424051e-17 1
outer loop
vertex 62.95720672607422 61.43927001953125 -5.617071196448311e-17
vertex 63.44658279418945 60.02267074584961 0
vertex 63.930999755859375 60.1868782043457 0
endloop
endfacet
facet normal -0.7213541554278271 -0.6925663738242357 -0.00001717426900743738
outer loop
vertex -83.68338775634766 -64.53109741210938 -16.296192169189453
vertex -83.27310943603516 -64.95842742919922 -16.387659072875977
vertex -83.21053314208984 -65.02360534667969 -16.36644744873047
endloop
endfacet
facet normal -0.36914573599833245 -0.929371521833034 0
outer loop
vertex -82.64392852783203 -65.40455627441406 -16.330184936523438
vertex -82.06096649169922 -65.6361083984375 -16.41233253479004
vertex -82.64392852783203 -65.40455627441406 -1
endloop
endfacet
facet normal -0.3690091846336731 -0.9294257483092639 0.000005979660581538926
outer loop
vertex -82.64392852783203 -65.40455627441406 -1
vertex -82.06096649169922 -65.6361083984375 -16.41233253479004
vertex -82.027587890625 -65.64936065673828 -16.4089412689209
endloop
endfacet
facet normal -0.1898801390824898 -0.9818072503270681 -0.00023661617886803268
outer loop
vertex -81.46046447753906 -65.75906372070312 -16.31684684753418
vertex -82.00939178466797 -65.6565933227539 -1
vertex -82.027587890625 -65.64936065673828 -16.4089412689209
endloop
endfacet
facet normal -0.7213529316126143 -0.6925676487202437 0
outer loop
vertex -83.68338775634766 -64.53109741210938 -16.296192169189453
vertex -83.21053314208984 -65.02360534667969 -16.36644744873047
vertex -83.68338775634766 -64.53109741210938 -1
endloop
endfacet
facet normal -0.9436152159369535 -0.33104429348509745 0.0000017914072560729632
outer loop
vertex -84.08769989013672 -63.81621551513672 -16.348358154296875
vertex -84.04095458984375 -63.949459075927734 -16.316993713378906
vertex -84.26695251464844 -63.3051872253418 -1
endloop
endfacet
facet normal -0.8518964878248185 -0.52371020042743 0
outer loop
vertex -84.04095458984375 -63.949459075927734 -16.316993713378906
vertex -83.68338775634766 -64.53109741210938 -16.296192169189453
vertex -84.04095458984375 -63.949459075927734 -1
endloop
endfacet
facet normal -0.9436320221049393 -0.33099638496234857 0
outer loop
vertex -84.26695251464844 -63.3051872253418 -16.269386291503906
vertex -84.08769989013672 -63.81621551513672 -16.348358154296875
vertex -84.26695251464844 -63.3051872253418 -1
endloop
endfacet
facet normal -0.5579553988487487 -0.8298709374930139 0
outer loop
vertex -82.64392852783203 -65.40455627441406 -16.330184936523438
vertex -83.21053314208984 -65.02360534667969 -1
vertex -83.21053314208984 -65.02360534667969 -16.36644744873047
endloop
endfacet
facet normal -0.999109944740635 -0.04218196676676615 -2.2982766997838095e-7
outer loop
vertex -84.34685516357422 -62.68499755859375 -16.301376342773438
vertex -84.33985137939453 -62.850887298583984 -16.279296875
vertex -84.35250091552734 -62.55135726928711 -1
endloop
endfacet
facet normal -0.999108835386466 -0.04220823441817628 0
outer loop
vertex -84.35250091552734 -62.55135726928711 -16.284461975097656
vertex -84.34685516357422 -62.68499755859375 -16.301376342773438
vertex -84.35250091552734 -62.55135726928711 -1
endloop
endfacet
facet normal -0.9873690306535324 -0.1584373608285108 0
outer loop
vertex -84.33985137939453 -62.850887298583984 -16.279296875
vertex -84.26695251464844 -63.3051872253418 -16.269386291503906
vertex -84.33985137939453 -62.850887298583984 -1
endloop
endfacet
facet normal -0.00012945111711251163 -0.9999999916210944 4.682336593064964e-7
outer loop
vertex -81.46046447753906 -65.75906372070312 -16.31684684753418
vertex -19.438323974609375 -65.76708984375 -10.524024963378906
vertex -78.11908721923828 -65.75949096679688 -5
endloop
endfacet
facet normal -0.9999999345528895 0.00036179305770464446 0
outer loop
vertex -84.32400512695312 16.21131134033203 -9.683337211608887
vertex -84.35250091552734 -62.55135726928711 -16.284461975097656
vertex -84.32400512695312 16.21131134033203 -1
endloop
endfacet
facet normal -0.00012945650800851225 -0.9999999916204971 -1.3463539078614168e-7
outer loop
vertex -81.46046447753906 -65.75906372070312 -16.31684684753418
vertex 17.961353302001953 -65.77193450927734 -16.41253662109375
vertex -18.05250358581543 -65.76727294921875 -11.449999809265137
endloop
endfacet
facet normal 0.7810055607988893 0.624524069993473 0
outer loop
vertex 83.4563217163086 48.19417953491211 -1
vertex 82.84114074707031 48.9635009765625 -6.870238304138184
vertex 82.84114074707031 48.9635009765625 -1
endloop
endfacet
facet normal -0.00012906393333530917 -0.9999999916675668 0.0000027143365874642137
outer loop
vertex -18.05250358581543 -65.76727294921875 -11.449999809265137
vertex 17.961353302001953 -65.77193450927734 -16.41253662109375
vertex -6.052504539489746 -65.7688217163086 -11.449999809265137
endloop
endfacet
facet normal -0.00012900982042929145 -0.9999999916638236 -0.000005368341897298625
outer loop
vertex -81.46046447753906 -65.75906372070312 -16.31684684753418
vertex -18.626529693603516 -65.76719665527344 -11.335819244384766
vertex -19.1131649017334 -65.76713562011719 -11.010660171508789
endloop
endfacet
facet normal -0.00013007551378091563 -0.9999999915145943 0.0000071534761070370425
outer loop
vertex -19.438323974609375 -65.76708984375 -10.524024963378906
vertex -81.46046447753906 -65.75906372070312 -16.31684684753418
vertex -19.1131649017334 -65.76713562011719 -11.010660171508789
endloop
endfacet
facet normal -0.00013042559495355104 -0.9999999914165676 0.000012491162852435097
outer loop
vertex -18.626529693603516 -65.76719665527344 -11.335819244384766
vertex -81.46046447753906 -65.75906372070312 -16.31684684753418
vertex -18.05250358581543 -65.76727294921875 -11.449999809265137
endloop
endfacet
facet normal 0.9567942859220687 0.2907657036634115 0
outer loop
vertex 84.20177459716797 46.38016128540039 -1
vertex 83.91535949707031 47.32263946533203 -6.929760456085205
vertex 83.91535949707031 47.32263946533203 -1
endloop
endfacet
facet normal 0.8847790701483342 0.46601072630085333 0
outer loop
vertex 83.91535949707031 47.32263946533203 -1
vertex 83.4563217163086 48.19417953491211 -7.04780387878418
vertex 83.4563217163086 48.19417953491211 -1
endloop
endfacet
facet normal 0 0 1
outer loop
vertex 37.5474967956543 6.26497745513916 0
vertex 37.540348052978516 -55.767189025878906 0
vertex 39.04753875732422 3.8847947120666504 0
endloop
endfacet
facet normal 0.9999998871702179 -0.00047503636833788767 0
outer loop
vertex 40.01899719238281 -56.11024475097656 -1
vertex 40.0474967956543 3.88431978225708 -10.747331619262695
vertex 40.0474967956543 3.88431978225708 -1
endloop
endfacet
facet normal 0 0 1
outer loop
vertex 39.04753875732422 3.8847947120666504 0
vertex 38.86341857910156 -56.78590774536133 0
vertex 39.01904296875 -56.0106315612793 0
endloop
endfacet
facet normal 0 0 1
outer loop
vertex 37.540348052978516 -55.767189025878906 0
vertex 38.86341857910156 -56.78590774536133 0
vertex 39.04753875732422 3.8847947120666504 0
endloop
endfacet
facet normal 0 0 1
outer loop
vertex 37.540348052978516 -55.767189025878906 0
vertex 38.5628547668457 -57.52159881591797 0
vertex 38.86341857910156 -56.78590774536133 0
endloop
endfacet
facet normal 0 0 1
outer loop
vertex 37.540348052978516 -55.767189025878906 0
vertex 37.45566940307617 -56.27162551879883 0
vertex 38.12892532348633 -58.187400817871094 0
endloop
endfacet
facet normal 0 0 1
outer loop
vertex 37.45566940307617 -56.27162551879883 0
vertex 37.27737045288086 -56.751033782958984 0
vertex 38.12892532348633 -58.187400817871094 0
endloop
endfacet
facet normal 0 0 1
outer loop
vertex 38.12892532348633 -58.187400817871094 0
vertex 38.5628547668457 -57.52159881591797 0
vertex 37.540348052978516 -55.767189025878906 0
endloop
endfacet
facet normal 0 0 1
outer loop
vertex 37.01184844970703 -57.18821334838867 0
vertex 37.577213287353516 -58.75940704345703 0
vertex 38.12892532348633 -58.187400817871094 0
endloop
endfacet
facet normal 0 0 1
outer loop
vertex 37.27737045288086 -56.751033782958984 0
vertex 37.01184844970703 -57.18821334838867 0
vertex 38.12892532348633 -58.187400817871094 0
endloop
endfacet
facet normal 0 0 1
outer loop
vertex 37.01184844970703 -57.18821334838867 0
vertex 36.66864013671875 -57.56746292114258 0
vertex 37.577213287353516 -58.75940704345703 0
endloop
endfacet
facet normal 0 0 1
outer loop
vertex 36.66864013671875 -57.56746292114258 0
vertex 36.92751693725586 -59.21709442138672 0
vertex 37.577213287353516 -58.75940704345703 0
endloop
endfacet
facet normal 0 0 1
outer loop
vertex 36.66864013671875 -57.56746292114258 0
vertex 36.26005935668945 -57.87517547607422 0
vertex 36.92751693725586 -59.21709442138672 0
endloop
endfacet
facet normal 0 0 1
outer loop
vertex 36.26005935668945 -57.87517547607422 0
vertex 36.203155517578125 -59.54402542114258 0
vertex 36.92751693725586 -59.21709442138672 0
endloop
endfacet
facet normal 0 0 1
outer loop
vertex 36.26005935668945 -57.87517547607422 0
vertex 35.80077362060547 -58.10030746459961 0
vertex 36.203155517578125 -59.54402542114258 0
endloop
endfacet
facet normal 0 0 1
outer loop
vertex 35.30727005004883 -58.23476791381836 0
vertex 36.203155517578125 -59.54402542114258 0
vertex 35.80077362060547 -58.10030746459961 0
endloop
endfacet
facet normal 0 0 1
outer loop
vertex 35.41762161254883 -59.7314567565918 0
vertex 36.203155517578125 -59.54402542114258 0
vertex 35.30727005004883 -58.23476791381836 0
endloop
endfacet
facet normal 0 0 1
outer loop
vertex 35.30727005004883 -58.23476791381836 0
vertex 34.804046630859375 -59.774478912353516 0
vertex 35.41762161254883 -59.7314567565918 0
endloop
endfacet
facet normal 0 0 1
outer loop
vertex 35.30727005004883 -58.23476791381836 0
vertex 19.14749526977539 -58.27446746826172 0
vertex 34.804046630859375 -59.774478912353516 0
endloop
endfacet
facet normal 0 0 1
outer loop
vertex 19.14749526977539 -58.27446746826172 0
vertex 23.361896514892578 -59.77849578857422 0
vertex 34.804046630859375 -59.774478912353516 0
endloop
endfacet
facet normal 0 0 1
outer loop
vertex 19.14749526977539 -58.27446746826172 0
vertex 23.221290588378906 -59.7884521484375 0
vertex 23.361896514892578 -59.77849578857422 0
endloop
endfacet
facet normal 0 0 1
outer loop
vertex 22.802082061767578 -59.850502014160156 0
vertex 23.221290588378906 -59.7884521484375 0
vertex 19.14749526977539 -58.27446746826172 0
endloop
endfacet
facet normal 0 0 1
outer loop
vertex 19.14749526977539 -58.27446746826172 0
vertex 22.769058227539062 -59.853389739990234 0
vertex 22.802082061767578 -59.850502014160156 0
endloop
endfacet
facet normal 0 0 1
outer loop
vertex 19.14749526977539 -58.27446746826172 0
vertex 22.637357711791992 -59.88867950439453 0
vertex 22.769058227539062 -59.853389739990234 0
endloop
endfacet
facet normal 0 0 1
outer loop
vertex 22.233936309814453 -60.01841354370117 0
vertex 22.637357711791992 -59.88867950439453 0
vertex 19.14749526977539 -58.27446746826172 0
endloop
endfacet
facet normal 0 0 1
outer loop
vertex 19.14749526977539 -58.27446746826172 0
vertex 22.197263717651367 -60.02824020385742 0
vertex 22.233936309814453 -60.01841354370117 0
endloop
endfacet
facet normal 0 0 1
outer loop
vertex 19.14749526977539 -58.27446746826172 0
vertex 22.07805633544922 -60.08382797241211 0
vertex 22.197263717651367 -60.02824020385742 0
endloop
endfacet
facet normal 0 0 1
outer loop
vertex 21.702341079711914 -60.27983474731445 0
vertex 22.07805633544922 -60.08382797241211 0
vertex 19.14749526977539 -58.27446746826172 0
endloop
endfacet
facet normal 0 0 1
outer loop
vertex 19.14749526977539 -58.27446746826172 0
vertex 21.663570404052734 -60.29791259765625 0
vertex 21.702341079711914 -60.27983474731445 0
endloop
endfacet
facet normal 0 0 1
outer loop
vertex 19.14749526977539 -58.27446746826172 0
vertex 21.55976676940918 -60.37059783935547 0
vertex 21.663570404052734 -60.29791259765625 0
endloop
endfacet
facet normal 0 0 1
outer loop
vertex 21.22255516052246 -60.62724685668945 0
vertex 21.55976676940918 -60.37059783935547 0
vertex 19.14749526977539 -58.27446746826172 0
endloop
endfacet
facet normal 0 0 1
outer loop
vertex 19.14749526977539 -58.27446746826172 0
vertex 21.183568954467773 -60.654541015625 0
vertex 21.22255516052246 -60.62724685668945 0
endloop
endfacet
facet normal 0.6439077728939248 0.765103117237661 0
outer loop
vertex 82.84114074707031 48.9635009765625 -1
vertex 67.90056610107422 61.53742980957031 -5.95295524597168
vertex 67.90056610107422 61.53742980957031 -1
endloop
endfacet
facet normal 0.5876626239110955 0.8091060749110256 0
outer loop
vertex 67.90056610107422 61.53742980957031 -1
vertex 67.3081283569336 61.96772384643555 -5.978133678436279
vertex 67.3081283569336 61.96772384643555 -1
endloop
endfacet
facet normal 0.4474841625860822 0.8942918562944833 0
outer loop
vertex 66.84074401855469 62.20158767700195 -1
vertex 66.42721557617188 62.40850830078125 -5.872995853424072
vertex 66.42721557617188 62.40850830078125 -1
endloop
endfacet
facet normal 0.44747634246071616 0.8942957692717167 8.297811189394457e-7
outer loop
vertex 67.3081283569336 61.96772384643555 -1
vertex 66.42721557617188 62.40850830078125 -5.872995853424072
vertex 66.84074401855469 62.20158767700195 -1
endloop
endfacet
facet normal 0.2707778755172843 0.9626418555882277 0
outer loop
vertex 65.47897338867188 62.675235748291016 -5.952502727508545
vertex 65.47897338867188 62.675235748291016 -1
vertex 66.42721557617188 62.40850830078125 -1
endloop
endfacet
facet normal 0.08435815952083772 0.9964354976225289 0
outer loop
vertex 65.47897338867188 62.675235748291016 -1
vertex 64.49745178222656 62.758331298828125 -5.856490612030029
vertex 64.49745178222656 62.758331298828125 -1
endloop
endfacet
facet normal -0.10509178472829395 0.9944625265854022 0
outer loop
vertex 64.49745178222656 62.758331298828125 -1
vertex 63.51786804199219 62.65481185913086 -5.952675819396973
vertex 63.51786804199219 62.65481185913086 -1
endloop
endfacet
facet normal 0 0 1
outer loop
vertex 19.14749526977539 -58.27446746826172 0
vertex 21.09502601623535 -60.738563537597656 0
vertex 21.183568954467773 -60.654541015625 0
endloop
endfacet
facet normal 0 0 1
outer loop
vertex 19.14749526977539 -58.27446746826172 0
vertex 20.808345794677734 -61.050662994384766 0
vertex 21.09502601623535 -60.738563537597656 0
endloop
endfacet
facet normal 0 0 1
outer loop
vertex 19.14749526977539 -58.27446746826172 0
vertex 20.771291732788086 -61.08771514892578 0
vertex 20.808345794677734 -61.050662994384766 0
endloop
endfacet
facet normal 0 0 1
outer loop
vertex 19.14749526977539 -58.27446746826172 0
vertex 20.704126358032227 -61.18363952636719 0
vertex 20.771291732788086 -61.08771514892578 0
endloop
endfacet
facet normal 0 0 1
outer loop
vertex 19.14749526977539 -58.27446746826172 0
vertex 20.471601486206055 -61.53791809082031 0
vertex 20.704126358032227 -61.18363952636719 0
endloop
endfacet
facet normal 0 0 1
outer loop
vertex 19.14749526977539 -58.27446746826172 0
vertex 20.43878746032715 -61.584781646728516 0
vertex 20.471601486206055 -61.53791809082031 0
endloop
endfacet
facet normal 0 0 1
outer loop
vertex 19.14749526977539 -58.27446746826172 0
vertex 20.391328811645508 -61.686553955078125 0
vertex 20.43878746032715 -61.584781646728516 0
endloop
endfacet
facet normal 0 0 1
outer loop
vertex 19.14749526977539 -58.27446746826172 0
vertex 20.221982955932617 -62.075016021728516 0
vertex 20.391328811645508 -61.686553955078125 0
endloop
endfacet
facet normal 0 0 1
outer loop
vertex 19.14749526977539 -58.27446746826172 0
vertex 20.19577407836914 -62.131221771240234 0
vertex 20.221982955932617 -62.075016021728516 0
endloop
endfacet
facet normal 0 0 1
outer loop
vertex 19.14749526977539 -58.27446746826172 0
vertex 19.143497467041016 -62.649166107177734 0
vertex 20.19577407836914 -62.131221771240234 0
endloop
endfacet
facet normal 0 0 1
outer loop
vertex 19.143497467041016 -62.649166107177734 0
vertex 20.162479400634766 -62.25547790527344 0
vertex 20.19577407836914 -62.131221771240234 0
endloop
endfacet
facet normal 0 0 1
outer loop
vertex 19.143497467041016 -62.649166107177734 0
vertex 19.9378604888916 -63.245628356933594 0
vertex 20.162479400634766 -62.25547790527344 0
endloop
endfacet
facet normal 0.5876626239110956 0.8091060749110257 0
outer loop
vertex 67.3081283569336 61.96772384643555 -5.978133678436279
vertex 67.90056610107422 61.53742980957031 -1
vertex 67.90056610107422 61.53742980957031 -5.95295524597168
endloop
endfacet
facet normal 0 0 1
outer loop
vertex 19.143497467041016 -62.649166107177734 0
vertex 19.084449768066406 -62.86479187011719 0
vertex 19.9378604888916 -63.245628356933594 0
endloop
endfacet
facet normal 0 0 1
outer loop
vertex 19.084449768066406 -62.86479187011719 0
vertex 18.960430145263672 -63.050804138183594 0
vertex 19.9378604888916 -63.245628356933594 0
endloop
endfacet
facet normal 0 0 1
outer loop
vertex 18.960430145263672 -63.050804138183594 0
vertex 18.784090042114258 -63.188228607177734 0
vertex 19.9378604888916 -63.245628356933594 0
endloop
endfacet
facet normal 0 0 1
outer loop
vertex 18.784090042114258 -63.188228607177734 0
vertex 18.57341766357422 -63.2630500793457 0
vertex 19.9378604888916 -63.245628356933594 0
endloop
endfacet
facet normal 0.4474800134888423 0.8942939324003185 0
outer loop
vertex 67.3081283569336 61.96772384643555 -5.978133678436279
vertex 66.42721557617188 62.40850830078125 -5.872995853424072
vertex 67.3081283569336 61.96772384643555 -1
endloop
endfacet
facet normal 0.27077787551728427 0.9626418555882276 0
outer loop
vertex 66.42721557617188 62.40850830078125 -5.872995853424072
vertex 65.47897338867188 62.675235748291016 -5.952502727508545
vertex 66.42721557617188 62.40850830078125 -1
endloop
endfacet
facet normal 0.08442361495168069 0.9964299540050422 0
outer loop
vertex 65.44610595703125 62.67802047729492 -5.96238374710083
vertex 65.47897338867188 62.675235748291016 -1
vertex 65.47897338867188 62.675235748291016 -5.952502727508545
endloop
endfacet
facet normal 0.08435594174053555 0.9964356853770663 4.514372675089043e-7
outer loop
vertex 65.44610595703125 62.67802047729492 -5.96238374710083
vertex 64.49745178222656 62.758331298828125 -5.856490612030029
vertex 65.47897338867188 62.675235748291016 -1
endloop
endfacet
facet normal -0.10509060071922272 0.9944626517071784 0
outer loop
vertex 63.55442428588867 62.65867614746094 -5.9636149406433105
vertex 64.49745178222656 62.758331298828125 -1
vertex 64.49745178222656 62.758331298828125 -5.856490612030029
endloop
endfacet
facet normal -0.10512062127726819 0.9944594787868535 0.000005767250258104465
outer loop
vertex 63.55442428588867 62.65867614746094 -5.9636149406433105
vertex 63.51786804199219 62.65481185913086 -5.952675819396973
vertex 64.49745178222656 62.758331298828125 -1
endloop
endfacet
facet normal 0 0 1
outer loop
vertex 19.9378604888916 -63.245628356933594 0
vertex 18.44749641418457 -63.574466705322266 0
vertex 19.79355239868164 -63.58849334716797 0
endloop
endfacet
facet normal 0 0 1
outer loop
vertex 83.30083465576172 45.39011764526367 0
vertex 81.31700897216797 46.896202087402344 0
vertex 81.56963348388672 46.451446533203125 0
endloop
endfacet
facet normal 0 0 1
outer loop
vertex 18.44749641418457 -63.574466705322266 0
vertex 19.526649475097656 -63.985469818115234 0
vertex 19.79355239868164 -63.58849334716797 0
endloop
endfacet
facet normal 0 0 1
outer loop
vertex 81.56963348388672 46.451446533203125 0
vertex 81.73384094238281 45.9670295715332 0
vertex 83.30083465576172 45.39011764526367 0
endloop
endfacet
facet normal 0 0 1
outer loop
vertex 81.73384094238281 45.9670295715332 0
vertex 83.23379516601562 44.598228454589844 0
vertex 83.30083465576172 45.39011764526367 0
endloop
endfacet
facet normal 0 0 1
outer loop
vertex 18.44749641418457 -63.574466705322266 0
vertex 19.9378604888916 -63.245628356933594 0
vertex 18.57341766357422 -63.2630500793457 0
endloop
endfacet
facet normal 0 0 1
outer loop
vertex 81.73384094238281 45.9670295715332 0
vertex 81.8037338256836 45.460330963134766 0
vertex 83.23379516601562 44.598228454589844 0
endloop
endfacet
facet normal 0 0 1
outer loop
vertex 81.8037338256836 45.460330963134766 0
vertex 81.77680206298828 44.94955062866211 0
vertex 83.23379516601562 44.598228454589844 0
endloop
endfacet
facet normal 0 0 1
outer loop
vertex 18.44749641418457 -63.27446746826172 0
vertex 18.44749641418457 -63.574466705322266 0
vertex 18.57341766357422 -63.2630500793457 0
endloop
endfacet
facet normal 0 0 1
outer loop
vertex 18.44749641418457 -63.574466705322266 0
vertex 19.18897819519043 -64.30966186523438 0
vertex 19.526649475097656 -63.985469818115234 0
endloop
endfacet
facet normal 0 0 1
outer loop
vertex 18.44749641418457 -63.574466705322266 0
vertex 18.79020118713379 -64.55481719970703 0
vertex 19.18897819519043 -64.30966186523438 0
endloop
endfacet
facet normal 0 0 1
outer loop
vertex 18.44749641418457 -63.574466705322266 0
vertex 18.331544876098633 -64.71570587158203 0
vertex 18.79020118713379 -64.55481719970703 0
endloop
endfacet
facet normal 0 0 1
outer loop
vertex 18.44749641418457 -63.574466705322266 0
vertex 14.824383735656738 -64.07447052001953 0
vertex 18.331544876098633 -64.71570587158203 0
endloop
endfacet
facet normal 0 0 1
outer loop
vertex 14.824383735656738 -63.574466705322266 0
vertex 14.824383735656738 -64.07447052001953 0
vertex 18.44749641418457 -63.574466705322266 0
endloop
endfacet
facet normal 0 0 1
outer loop
vertex 14.824383735656738 -64.07447052001953 0
vertex 14.786323547363281 -64.26580810546875 0
vertex 18.331544876098633 -64.71570587158203 0
endloop
endfacet
facet normal 0 0 1
outer loop
vertex 14.786323547363281 -64.26580810546875 0
vertex 14.677937507629395 -64.42802429199219 0
vertex 18.331544876098633 -64.71570587158203 0
endloop
endfacet
facet normal 0 0 1
outer loop
vertex 14.677937507629395 -64.42802429199219 0
vertex 14.515725135803223 -64.53640747070312 0
vertex 18.331544876098633 -64.71570587158203 0
endloop
endfacet
facet normal 0 0 1
outer loop
vertex 18.331544876098633 -64.71570587158203 0
vertex 9.224384307861328 -64.57447052001953 0
vertex 18.013364791870117 -64.76676177978516 0
endloop
endfacet
facet normal 0 0 1
outer loop
vertex 18.013364791870117 -64.76676177978516 0
vertex 9.224384307861328 -64.77080535888672 0
vertex 17.930309295654297 -64.77192687988281 0
endloop
endfacet
facet normal 0 0 1
outer loop
vertex 14.515725135803223 -64.53640747070312 0
vertex 9.224384307861328 -64.57447052001953 0
vertex 18.331544876098633 -64.71570587158203 0
endloop
endfacet
facet normal 0 0 1
outer loop
vertex 9.224384307861328 -64.57447052001953 0
vertex 9.224384307861328 -64.77080535888672 0
vertex 18.013364791870117 -64.76676177978516 0
endloop
endfacet
facet normal 0.997066681560744 -0.07653778492643917 0
outer loop
vertex 40.0474967956543 3.88431978225708 -10.747331619262695
vertex 40.05150604248047 3.9365487098693848 -10.739160537719727
vertex 40.0474967956543 3.88431978225708 -1
endloop
endfacet
facet normal 0.9970625255590073 -0.07659190639884078 -2.919521544074277e-7
outer loop
vertex 40.0474967956543 3.88431978225708 -1
vertex 40.05150604248047 3.9365487098693848 -10.739160537719727
vertex 40.07682418823242 4.266136646270752 -10.718708992004395
endloop
endfacet
facet normal 0.9717683624761637 -0.23593696126379893 0
outer loop
vertex 40.07682418823242 4.266136646270752 -10.718708992004395
vertex 40.0918083190918 4.327852725982666 -10.704684257507324
vertex 40.07682418823242 4.266136646270752 -1
endloop
endfacet
facet normal 0.9717681290212963 -0.2359379228069308 -6.4753050371035095e-9
outer loop
vertex 40.07682418823242 4.266136646270752 -1
vertex 40.0918083190918 4.327852725982666 -10.704684257507324
vertex 40.17680740356445 4.677942276000977 -10.695606231689453
endloop
endfacet
facet normal 0.9179461382500396 -0.396705038122582 0
outer loop
vertex 40.17680740356445 4.677942276000977 -10.695606231689453
vertex 40.19218826293945 4.713532447814941 -10.688336372375488
vertex 40.17680740356445 4.677942276000977 -1
endloop
endfacet
facet normal 0.917963133756164 -0.3966657094639436 1.7145556719076372e-7
outer loop
vertex 40.17680740356445 4.677942276000977 -1
vertex 40.19218826293945 4.713532447814941 -10.688336372375488
vertex 40.27234649658203 4.89903450012207 -10.689301490783691
endloop
endfacet
facet normal 0.9179574210952545 -0.3966789294330049 -1.865284224601212e-7
outer loop
vertex 40.17680740356445 4.677942276000977 -1
vertex 40.27234649658203 4.89903450012207 -10.689301490783691
vertex 40.344905853271484 5.066944599151611 -10.680622100830078
endloop
endfacet
facet normal 0.8377706592185238 -0.5460222729454908 0
outer loop
vertex 40.5762939453125 5.421967029571533 -10.616113662719727
vertex 40.344905853271484 5.066944599151611 -1
vertex 40.344905853271484 5.066944599151611 -10.680622100830078
endloop
endfacet
facet normal 0.7335229084828431 -0.679664728179174 0
outer loop
vertex 40.5762939453125 5.421967029571533 -10.616113662719727
vertex 40.68581771850586 5.540169715881348 -10.57626724243164
vertex 40.5762939453125 5.421967029571533 -1
endloop
endfacet
facet normal 0.7335152511979691 -0.6796729921513318 -1.8958101256906154e-7
outer loop
vertex 40.5762939453125 5.421967029571533 -1
vertex 40.68581771850586 5.540169715881348 -10.57626724243164
vertex 40.81678009033203 5.681506633758545 -10.517229080200195
endloop
endfacet
facet normal 0.7335213096229919 -0.6796664537322338 1.4181229074892164e-7
outer loop
vertex 40.5762939453125 5.421967029571533 -1
vertex 40.81678009033203 5.681506633758545 -10.517229080200195
vertex 40.864315032958984 5.7328081130981445 -10.509011268615723
endloop
endfacet
facet normal 0.6307820078138411 -0.7759600882895585 0
outer loop
vertex 41.10319137573242 5.926991939544678 -10.43429183959961
vertex 40.864315032958984 5.7328081130981445 -1
vertex 40.864315032958984 5.7328081130981445 -10.509011268615723
endloop
endfacet
facet normal 0.6307894652356169 -0.7759540260528753 3.1359957976768937e-7
outer loop
vertex 40.864315032958984 5.7328081130981445 -1
vertex 41.10319137573242 5.926991939544678 -10.43429183959961
vertex 41.25318908691406 6.048928260803223 -10.423514366149902
endloop
endfacet
facet normal -0.00012998191043816164 -0.9999999915523513 0
outer loop
vertex 13.324383735656738 -65.77133178710938 -1
vertex 13.324383735656738 -65.77133178710938 -1.507959008216858
vertex 17.961353302001953 -65.77193450927734 -1
endloop
endfacet
facet normal 0 0 1
outer loop
vertex 0.06572556495666504 15.041511535644531 0
vertex -3.1525044441223145 6.500532627105713 0
vertex 3.1581573486328125 14.212897300720215 0
endloop
endfacet
facet normal 0 0 1
outer loop
vertex 3.1581573486328125 14.212897300720215 0
vertex -3.1525044441223145 6.500532627105713 0
vertex 6.3474955558776855 13.933865547180176 0
endloop
endfacet
facet normal 0 0 1
outer loop
vertex 6.3474955558776855 13.933865547180176 0
vertex -3.1525044441223145 6.500532627105713 0
vertex 13.14749526977539 6.500532627105713 0
endloop
endfacet
facet normal 0 0 1
outer loop
vertex 6.3474955558776855 13.933865547180176 0
vertex 13.14749526977539 6.500532627105713 0
vertex 9.536833763122559 14.212897300720215 0
endloop
endfacet
facet normal -0.00013033032419636383 -0.9999999915019454 0.0000031805401568360256
outer loop
vertex 13.324383735656738 -65.77133178710938 -1.507959008216858
vertex 9.224384307861328 -65.77080535888672 -4
vertex 17.961353302001953 -65.77193450927734 -1
endloop
endfacet
facet normal 0 0 1
outer loop
vertex 9.536833763122559 14.212897300720215 0
vertex 13.14749526977539 6.500532627105713 0
vertex 12.629265785217285 15.041511535644531 0
endloop
endfacet
facet normal 0 0 1
outer loop
vertex 12.629265785217285 15.041511535644531 0
vertex 13.14749526977539 6.500532627105713 0
vertex 13.154642105102539 8.743255615234375 0
endloop
endfacet
facet normal 0 0 1
outer loop
vertex 12.629265785217285 15.041511535644531 0
vertex 13.154642105102539 8.743255615234375 0
vertex 13.2393217086792 9.247690200805664 0
endloop
endfacet
facet normal 0 0 1
outer loop
vertex 12.629265785217285 15.041511535644531 0
vertex 13.2393217086792 9.247690200805664 0
vertex 13.417621612548828 9.72710132598877 0
endloop
endfacet
facet normal 0 0 1
outer loop
vertex 12.629265785217285 15.041511535644531 0
vertex 13.417621612548828 9.72710132598877 0
vertex 13.683141708374023 10.164278030395508 0
endloop
endfacet
facet normal 0 0 1
outer loop
vertex 12.629265785217285 15.041511535644531 0
vertex 13.683141708374023 10.164278030395508 0
vertex 14.026352882385254 10.543529510498047 0
endloop
endfacet
facet normal 0 0 1
outer loop
vertex 8.424384117126465 -64.57447052001953 0
vertex 3.3243839740753174 -64.57447052001953 0
vertex 8.424384117126465 -64.77069854736328 0
endloop
endfacet
facet normal 0 0 1
outer loop
vertex 12.629265785217285 15.041511535644531 0
vertex 14.026352882385254 10.543529510498047 0
vertex 14.434932708740234 10.851243019104004 0
endloop
endfacet
facet normal 0 0 1
outer loop
vertex 12.629265785217285 15.041511535644531 0
vertex 14.434932708740234 10.851243019104004 0
vertex 14.894217491149902 11.076371192932129 0
endloop
endfacet
facet normal 0 0 1
outer loop
vertex 12.629265785217285 15.041511535644531 0
vertex 14.894217491149902 11.076371192932129 0
vertex 15.387720108032227 11.210834503173828 0
endloop
endfacet
facet normal 0 0 1
outer loop
vertex 12.629265785217285 15.041511535644531 0
vertex 15.387720108032227 11.210834503173828 0
vertex 15.847495079040527 11.250533103942871 0
endloop
endfacet
facet normal 0 0 1
outer loop
vertex 12.629265785217285 15.041511535644531 0
vertex 15.847495079040527 11.250533103942871 0
vertex 15.530828475952148 16.394533157348633 0
endloop
endfacet
facet normal 0 0 1
outer loop
vertex 18.15336036682129 18.230850219726562 0
vertex 15.530828475952148 16.394533157348633 0
vertex 15.847495079040527 11.250533103942871 0
endloop
endfacet
facet normal 0 0 1
outer loop
vertex 20.417179107666016 20.494667053222656 0
vertex 18.15336036682129 18.230850219726562 0
vertex 15.847495079040527 11.250533103942871 0
endloop
endfacet
facet normal 0 0 1
outer loop
vertex 20.417179107666016 20.494667053222656 0
vertex 15.847495079040527 11.250533103942871 0
vertex 22.253496170043945 23.117198944091797 0
endloop
endfacet
facet normal 0.9970630930379664 -0.07658451868075937 0
outer loop
vertex 40.0474967956543 3.88431978225708 -1
vertex 40.07682418823242 4.266136646270752 -10.718708992004395
vertex 40.07682418823242 4.266136646270752 -1
endloop
endfacet
facet normal 0.9717681639758055 -0.2359377788381762 0
outer loop
vertex 40.07682418823242 4.266136646270752 -1
vertex 40.17680740356445 4.677942276000977 -10.695606231689453
vertex 40.17680740356445 4.677942276000977 -1
endloop
endfacet
facet normal 0.9179591113665706 -0.3966750179417605 0
outer loop
vertex 40.17680740356445 4.677942276000977 -1
vertex 40.344905853271484 5.066944599151611 -10.680622100830078
vertex 40.344905853271484 5.066944599151611 -1
endloop
endfacet
facet normal 0.8377706592185238 -0.5460222729454908 0
outer loop
vertex 40.344905853271484 5.066944599151611 -1
vertex 40.5762939453125 5.421967029571533 -10.616113662719727
vertex 40.5762939453125 5.421967029571533 -1
endloop
endfacet
facet normal 0.7335191468105754 -0.6796687879123813 0
outer loop
vertex 40.5762939453125 5.421967029571533 -1
vertex 40.864315032958984 5.7328081130981445 -10.509011268615723
vertex 40.864315032958984 5.7328081130981445 -1
endloop
endfacet
facet normal -0.00013013562301049847 -0.9999999915323597 0
outer loop
vertex 4.324383735656738 -65.77017211914062 -1
vertex -6.052504539489746 -65.7688217163086 -3.450000047683716
vertex 4.324383735656738 -65.77017211914062 -1.5080732107162476
endloop
endfacet
facet normal -0.00012427541822341906 -0.9999999917875076 -0.000031314614707378334
outer loop
vertex -6.052504539489746 -65.7688217163086 -3.450000047683716
vertex 5.074032783508301 -65.770263671875 -1.5594937801361084
vertex 4.324383735656738 -65.77017211914062 -1.5080732107162476
endloop
endfacet
facet normal -0.00012143263630066268 -0.9999999925614114 -0.000011458270343912012
outer loop
vertex 12.575295448303223 -65.771240234375 -1.559360146522522
vertex 9.224384307861328 -65.77080535888672 -4
vertex 13.324383735656738 -65.77133178710938 -1.507959008216858
endloop
endfacet
facet normal -0.00013028977495205894 -0.9999999915120407 7.02264113254979e-7
outer loop
vertex 11.872418403625488 -65.77114868164062 -1.5949000120162964
vertex 9.224384307861328 -65.77080535888672 -4
vertex 12.575295448303223 -65.771240234375 -1.559360146522522
endloop
endfacet
facet normal -0.00013417830062945082 -0.9999999909856738 0.000004983561692626785
outer loop
vertex 11.188949584960938 -65.77105712890625 -1.6257917881011963
vertex 9.224384307861328 -65.77080535888672 -4
vertex 11.872418403625488 -65.77114868164062 -1.5949000120162964
endloop
endfacet
facet normal -0.0001294272407958666 -0.999999991624143 5.504695544204792e-7
outer loop
vertex 14.824383735656738 -65.77153015136719 -4
vertex 17.961353302001953 -65.77193450927734 -1
vertex 9.224384307861328 -65.77080535888672 -4
endloop
endfacet
facet normal -0.00012890080641364554 -0.9999999916922909 0
outer loop
vertex 14.824383735656738 -65.77153015136719 -4
vertex 14.824383735656738 -65.77153015136719 -5
vertex 17.961353302001953 -65.77193450927734 -1
endloop
endfacet
facet normal -0.0001315025596906633 -0.9999999913497033 0.00000276948973206209
outer loop
vertex 9.969880104064941 -65.7708969116211 -1.6595429182052612
vertex 9.224384307861328 -65.77080535888672 -4
vertex 11.188949584960938 -65.77105712890625 -1.6257917881011963
endloop
endfacet
facet normal -0.00012280784700710262 -0.9999999924591164 0
outer loop
vertex 9.224384307861328 -65.77080535888672 -1.666500210762024
vertex 9.224384307861328 -65.77080535888672 -4
vertex 9.969880104064941 -65.7708969116211 -1.6595429182052612
endloop
endfacet
facet normal -0.00012942722426489113 -0.9999999916242966 0
outer loop
vertex 8.424384117126465 -65.77069854736328 -1.6665111780166626
vertex 2.8243839740753174 -65.76997375488281 -4
vertex 8.424384117126465 -65.77069854736328 -4
endloop
endfacet
facet normal 0 0 1
outer loop
vertex 37.5474967956543 6.26497745513916 0
vertex 39.04753875732422 3.8847947120666504 0
vertex 39.05417251586914 3.960620880126953 0
endloop
endfacet
facet normal 0 0 1
outer loop
vertex 37.5474967956543 6.26497745513916 0
vertex 39.05417251586914 3.960620880126953 0
vertex 39.083499908447266 4.342437744140625 0
endloop
endfacet
facet normal -0.00012329574880816138 -0.9999999910717257 -0.00005152384865621229
outer loop
vertex 7.6789398193359375 -65.7706069946289 -1.6595749855041504
vertex -6.052504539489746 -65.7688217163086 -3.450000047683716
vertex 8.424384117126465 -65.77069854736328 -1.6665111780166626
endloop
endfacet
facet normal -0.00013119395978806862 -0.9999999913531166 0.000009050506782308799
outer loop
vertex 6.460041046142578 -65.77044677734375 -1.6258611679077148
vertex -6.052504539489746 -65.7688217163086 -3.450000047683716
vertex 7.6789398193359375 -65.7706069946289 -1.6595749855041504
endloop
endfacet
facet normal -0.0001327023576308493 -0.9999999910069155 0.00001939725041072087
outer loop
vertex 5.774656295776367 -65.77035522460938 -1.5949000120162964
vertex -6.052504539489746 -65.7688217163086 -3.450000047683716
vertex 6.460041046142578 -65.77044677734375 -1.6258611679077148
endloop
endfacet
facet normal -0.00013042629612356426 -0.9999999914825528 0.000004886256001016313
outer loop
vertex -6.052504539489746 -65.7688217163086 -3.450000047683716
vertex 5.774656295776367 -65.77035522460938 -1.5949000120162964
vertex 5.074032783508301 -65.770263671875 -1.5594937801361084
endloop
endfacet
facet normal 0 0 1
outer loop
vertex 37.5474967956543 6.26497745513916 0
vertex 39.083499908447266 4.342437744140625 0
vertex 39.092018127441406 4.439784526824951 0
endloop
endfacet
facet normal 0 0 1
outer loop
vertex 37.5474967956543 6.26497745513916 0
vertex 39.092018127441406 4.439784526824951 0
vertex 39.108482360839844 4.501241207122803 0
endloop
endfacet
facet normal -0.00012921221802491206 -0.9999999916519682 -5.159806138142973e-7
outer loop
vertex 8.424384117126465 -65.77069854736328 -1.6665111780166626
vertex -4.552504539489746 -65.7690200805664 -4.949999809265137
vertex 2.8243839740753174 -65.76997375488281 -4
endloop
endfacet
facet normal 0 0 1
outer loop
vertex 37.5474967956543 6.26497745513916 0
vertex 39.108482360839844 4.501241207122803 0
vertex 39.208465576171875 4.913046836853027 0
endloop
endfacet
facet normal 0 0 1
outer loop
vertex 37.5474967956543 6.26497745513916 0
vertex 39.208465576171875 4.913046836853027 0
vertex 39.23711395263672 5.019962310791016 0
endloop
endfacet
facet normal 0 0 1
outer loop
vertex 37.5474967956543 6.26497745513916 0
vertex 39.23711395263672 5.019962310791016 0
vertex 39.26197052001953 5.073269367218018 0
endloop
endfacet
facet normal 0 0 1
outer loop
vertex 37.5474967956543 6.26497745513916 0
vertex 39.26197052001953 5.073269367218018 0
vertex 39.43007278442383 5.462271690368652 0
endloop
endfacet
facet normal 0 0 1
outer loop
vertex 37.5474967956543 6.26497745513916 0
vertex 39.43007278442383 5.462271690368652 0
vertex 39.4788818359375 5.566944599151611 0
endloop
endfacet
facet normal 0 0 1
outer loop
vertex 37.5474967956543 6.26497745513916 0
vertex 39.4788818359375 5.566944599151611 0
vertex 39.50986099243164 5.611186981201172 0
endloop
endfacet
facet normal 0.9804413116689338 -0.1968116723492299 0
outer loop
vertex 39.825130462646484 -57.07601547241211 -1
vertex 40.01899719238281 -56.11024475097656 -15.709059715270996
vertex 40.01899719238281 -56.11024475097656 -1
endloop
endfacet
facet normal 0.9257231602898437 -0.3782018383125398 0
outer loop
vertex 39.45258712768555 -57.98788833618164 -1
vertex 39.825130462646484 -57.07601547241211 -15.698700904846191
vertex 39.825130462646484 -57.07601547241211 -1
endloop
endfacet
facet normal 0.8377802028081841 -0.546007629784308 0
outer loop
vertex 38.91474914550781 -58.813133239746094 -1
vertex 39.45258712768555 -57.98788833618164 -15.814671516418457
vertex 39.45258712768555 -57.98788833618164 -1
endloop
endfacet
facet normal -0.00012786526549672978 -0.9999999918252369 0
outer loop
vertex -78.11908721923828 -65.75949096679688 -5
vertex -78.11908721923828 -65.75949096679688 -4
vertex -81.46046447753906 -65.75906372070312 -16.31684684753418
endloop
endfacet
facet normal -0.00012786526549672978 -0.999999991825237 0
outer loop
vertex -78.11908721923828 -65.75949096679688 -4
vertex -81.46046447753906 -65.75906372070312 -1
vertex -81.46046447753906 -65.75906372070312 -16.31684684753418
endloop
endfacet
facet normal 0.719756769766535 -0.6942263264780419 2.1513994779510302e-7
outer loop
vertex 38.47628402709961 -59.267723083496094 -1
vertex 38.28959274291992 -59.46128463745117 -15.924726486206055
vertex 38.91474914550781 -58.813133239746094 -1
endloop
endfacet
facet normal -0.5579553988487488 -0.829870937493014 0
outer loop
vertex -83.21053314208984 -65.02360534667969 -1
vertex -82.64392852783203 -65.40455627441406 -16.330184936523438
vertex -82.64392852783203 -65.40455627441406 -1
endloop
endfacet
facet normal -0.369145085481404 -0.9293717802175987 -3.1362321650833157e-7
outer loop
vertex -82.64392852783203 -65.40455627441406 -1
vertex -82.027587890625 -65.64936065673828 -16.4089412689209
vertex -82.00939178466797 -65.6565933227539 -1
endloop
endfacet
facet normal -0.8519101319282522 -0.5236880055128128 0
outer loop
vertex -83.68338775634766 -64.53109741210938 -16.296192169189453
vertex -83.68338775634766 -64.53109741210938 -1
vertex -83.77596282958984 -64.38050079345703 -1
endloop
endfacet
facet normal -0.8518917208379269 -0.5237179545973487 4.062866646449761e-7
outer loop
vertex -84.04095458984375 -63.949459075927734 -1
vertex -83.68338775634766 -64.53109741210938 -16.296192169189453
vertex -83.77596282958984 -64.38050079345703 -1
endloop
endfacet
facet normal -0.721341826782256 -0.6925792149161928 7.124231927866527e-7
outer loop
vertex -83.68338775634766 -64.53109741210938 -1
vertex -83.21053314208984 -65.02360534667969 -16.36644744873047
vertex -83.467529296875 -64.75592041015625 -1
endloop
endfacet
facet normal -0.7213622584488669 -0.6925579341004983 0
outer loop
vertex -83.467529296875 -64.75592041015625 -1
vertex -83.21053314208984 -65.02360534667969 -16.36644744873047
vertex -83.21053314208984 -65.02360534667969 -1
endloop
endfacet
facet normal -0.9436285192877827 -0.33100637091564666 0
outer loop
vertex -84.26695251464844 -63.3051872253418 -1
vertex -84.04095458984375 -63.949459075927734 -16.316993713378906
vertex -84.04095458984375 -63.949459075927734 -1
endloop
endfacet
facet normal -0.18350397849146835 -0.9830189672014485 0
outer loop
vertex -82.00939178466797 -65.6565933227539 -1
vertex -81.46046447753906 -65.75906372070312 -16.31684684753418
vertex -81.46046447753906 -65.75906372070312 -1
endloop
endfacet
facet normal 0.7197593531059354 -0.6942236481253743 1.4808926814257093e-7
outer loop
vertex 38.23091125488281 -59.52212142944336 -1
vertex 38.28959274291992 -59.46128463745117 -15.924726486206055
vertex 38.47628402709961 -59.267723083496094 -1
endloop
endfacet
facet normal -0.9873690306535325 -0.1584373608285108 0
outer loop
vertex -84.33985137939453 -62.850887298583984 -1
vertex -84.26695251464844 -63.3051872253418 -16.269386291503906
vertex -84.26695251464844 -63.3051872253418 -1
endloop
endfacet
facet normal -0.9991094505830977 -0.04219366961453836 0
outer loop
vertex -84.35250091552734 -62.55135726928711 -1
vertex -84.33985137939453 -62.850887298583984 -16.279296875
vertex -84.33985137939453 -62.850887298583984 -1
endloop
endfacet
facet normal 0 0 1
outer loop
vertex 81.77680206298828 44.94955062866211 0
vertex 83.01860046386719 43.83319854736328 0
vertex 83.23379516601562 44.598228454589844 0
endloop
endfacet
facet normal 0 0 1
outer loop
vertex 83.01860046386719 43.83319854736328 0
vertex 81.43978881835938 43.98854446411133 0
vertex 82.65721893310547 43.11097717285156 0
endloop
endfacet
facet normal 0 0 1
outer loop
vertex 81.77680206298828 44.94955062866211 0
vertex 81.65402221679688 44.45301055908203 0
vertex 83.01860046386719 43.83319854736328 0
endloop
endfacet
facet normal 0 0 1
outer loop
vertex 81.65402221679688 44.45301055908203 0
vertex 81.43978881835938 43.98854446411133 0
vertex 83.01860046386719 43.83319854736328 0
endloop
endfacet
facet normal -0.9999999345699414 0.0003617459231961179 0
outer loop
vertex -84.35250091552734 -62.55135726928711 -16.284461975097656
vertex -84.35250091552734 -62.55135726928711 -1
vertex -84.33610534667969 -17.227922439575195 -1
endloop
endfacet
facet normal -0.0001296997059400388 -0.9999999915866332 -0.000002172482574228659
outer loop
vertex -78.11908721923828 -65.75949096679688 -5
vertex -19.438323974609375 -65.76708984375 -10.524024963378906
vertex -66.11908721923828 -65.76104736328125 -5
endloop
endfacet
facet normal -0.00013315290661705795 -0.9999999908604917 -0.00002343757174271067
outer loop
vertex -19.55250358581543 -65.76707458496094 -9.949999809265137
vertex -70.9754409790039 -65.76042175292969 -1.6606764793395996
vertex -71.7190933227539 -65.76032257080078 -1.6676164865493774
endloop
endfacet
facet normal -0.00012944262257372544 -0.9999999916223038 0
outer loop
vertex -66.11908721923828 -65.76104736328125 -5
vertex -19.438323974609375 -65.76708984375 -10.524024963378906
vertex -66.11908721923828 -65.76104736328125 -4
endloop
endfacet
facet normal -0.0001294504685954614 -0.9999999916212866 -5.613992761693572e-8
outer loop
vertex -66.11908721923828 -65.76104736328125 -4
vertex -19.438323974609375 -65.76708984375 -10.524024963378906
vertex -71.7190933227539 -65.76032257080078 -1.6676164865493774
endloop
endfacet
facet normal 0.5759081239317178 -0.8175144235971921 0
outer loop
vertex 37.425628662109375 -60.089412689208984 -1
vertex 38.23091125488281 -59.52212142944336 -15.900559425354004
vertex 38.23091125488281 -59.52212142944336 -1
endloop
endfacet
facet normal 0.4113788778388366 -0.9114644364252834 0
outer loop
vertex 36.527801513671875 -60.49463653564453 -1
vertex 37.425628662109375 -60.089412689208984 -15.774497985839844
vertex 37.425628662109375 -60.089412689208984 -1
endloop
endfacet
facet normal 0.23208821088009507 -0.9726947426456445 0
outer loop
vertex 35.569664001464844 -60.72325134277344 -1
vertex 36.527801513671875 -60.49463653564453 -15.808526039123535
vertex 36.527801513671875 -60.49463653564453 -1
endloop
endfacet
facet normal 0 0 1
outer loop
vertex 81.43978881835938 43.98854446411133 0
vertex 82.29627990722656 42.61403274536133 0
vertex 82.65721893310547 43.11097717285156 0
endloop
endfacet
facet normal 0.0699467077554074 -0.9975507086380446 -0.00020437689335084893
outer loop
vertex 34.83924102783203 -60.77446746826172 -1
vertex 35.5878791809082 -60.718902587890625 -15.99196720123291
vertex 35.569664001464844 -60.72325134277344 -1
endloop
endfacet
facet normal 0 0 1
outer loop
vertex 81.31700897216797 46.896202087402344 0
vertex 83.30083465576172 45.39011764526367 0
vertex 80.98503875732422 47.28532791137695 0
endloop
endfacet
facet normal 0.0003482129734918891 -0.9999999393738608 0
outer loop
vertex 26.30524253845215 -60.77743911743164 -1
vertex 34.83924102783203 -60.77446746826172 -15.95807933807373
vertex 34.83924102783203 -60.77446746826172 -1
endloop
endfacet
facet normal 0.00034867636952454835 -0.9999999392123579 2.6438030132402056e-7
outer loop
vertex 23.362245559692383 -60.778465270996094 -1
vertex 34.83924102783203 -60.77446746826172 -15.95807933807373
vertex 26.30524253845215 -60.77743911743164 -1
endloop
endfacet
facet normal 0.1409594575970166 -0.9900153692311827 0
outer loop
vertex 22.942707061767578 -60.838199615478516 -1
vertex 23.362245559692383 -60.778465270996094 -16.154888153076172
vertex 23.362245559692383 -60.778465270996094 -1
endloop
endfacet
facet normal 0.30614234167396354 -0.9519857491761009 0
outer loop
vertex 22.539283752441406 -60.967933654785156 -1
vertex 22.942707061767578 -60.838199615478516 -16.14044761657715
vertex 22.942707061767578 -60.838199615478516 -1
endloop
endfacet
facet normal 0.46253339638744345 -0.8866018594759973 0
outer loop
vertex 22.163570404052734 -61.1639404296875 -1
vertex 22.539283752441406 -60.967933654785156 -16.149778366088867
vertex 22.539283752441406 -60.967933654785156 -1
endloop
endfacet
facet normal -0.00013078965505373402 -0.9999999914417285 -0.000003257162974679595
outer loop
vertex -81.46046447753906 -65.75906372070312 -1
vertex -78.11908721923828 -65.75949096679688 -4
vertex -72.51908874511719 -65.76022338867188 -4
endloop
endfacet
facet normal 0.6056259991781673 -0.7957494260880409 0
outer loop
vertex 21.826356887817383 -61.42058563232422 -1
vertex 22.163570404052734 -61.1639404296875 -16.18203353881836
vertex 22.163570404052734 -61.1639404296875 -1
endloop
endfacet
facet normal 0.7313451035360119 -0.6820075802613195 0
outer loop
vertex 21.757568359375 -61.49435043334961 -1
vertex 21.826356887817383 -61.42058563232422 -16.220069885253906
vertex 21.826356887817383 -61.42058563232422 -1
endloop
endfacet
facet normal 0.7313288289399285 -0.6820250317703359 -1.5813413630264042e-7
outer loop
vertex 21.537336349487305 -61.73050308227539 -1
vertex 21.826356887817383 -61.42058563232422 -16.220069885253906
vertex 21.757568359375 -61.49435043334961 -1
endloop
endfacet
facet normal 0.8360179731306532 -0.5487020581358472 0
outer loop
vertex 21.304813385009766 -62.084781646728516 -1
vertex 21.537336349487305 -61.73050308227539 -16.22420883178711
vertex 21.537336349487305 -61.73050308227539 -1
endloop
endfacet
facet normal -0.00013137120262920598 -0.9999999913691248 -0.0000018323167894408136
outer loop
vertex -72.51908874511719 -65.76022338867188 -4
vertex -75.86338806152344 -65.7597885131836 -1.560935616493225
vertex -76.61908721923828 -65.75968933105469 -1.509100079536438
endloop
endfacet
facet normal -0.00012448488868534925 -0.9999999922228019 0.000007609785494522206
outer loop
vertex -75.86338806152344 -65.7597885131836 -1.560935616493225
vertex -72.51908874511719 -65.76022338867188 -4
vertex -75.19129943847656 -65.75987243652344 -1.5949000120162964
endloop
endfacet
facet normal -0.0001285013892569888 -0.9999999917387441 0.0000031472117965786367
outer loop
vertex -75.19129943847656 -65.75987243652344 -1.5949000120162964
vertex -72.51908874511719 -65.76022338867188 -4
vertex -74.47962188720703 -65.75996398925781 -1.6270489692687988
endloop
endfacet
facet normal 0.9166802804798342 -0.39962140005186453 0
outer loop
vertex 21.135465621948242 -62.473243713378906 -1
vertex 21.304813385009766 -62.084781646728516 -16.229890823364258
vertex 21.304813385009766 -62.084781646728516 -1
endloop
endfacet
facet normal 0.975858120993298 -0.21840542047172207 0
outer loop
vertex 20.894207000732422 -63.551212310791016 -1
vertex 21.135465621948242 -62.473243713378906 -16.244953155517578
vertex 21.135465621948242 -62.473243713378906 -1
endloop
endfacet
facet normal 0.9216911736335265 -0.3879244519826671 0
outer loop
vertex 20.67758560180664 -64.0658950805664 -1
vertex 20.894207000732422 -63.551212310791016 -16.167640686035156
vertex 20.894207000732422 -63.551212310791016 -1
endloop
endfacet
facet normal 0.8298674587244904 -0.5579605729351815 0
outer loop
vertex 20.296634674072266 -64.63249206542969 -1
vertex 20.67758560180664 -64.0658950805664 -16.222591400146484
vertex 20.67758560180664 -64.0658950805664 -1
endloop
endfacet
facet normal 0 0 1
outer loop
vertex 68.83229064941406 28.912992477416992 0
vertex 82.29627990722656 42.61403274536133 0
vertex 81.43978881835938 43.98854446411133 0
endloop
endfacet
facet normal 0.6925729072831314 -0.7213478828536141 0
outer loop
vertex 20.028921127319336 -64.8895263671875 -1
vertex 20.296634674072266 -64.63249206542969 -16.347383499145508
vertex 20.296634674072266 -64.63249206542969 -1
endloop
endfacet
facet normal 0.6925583282461223 -0.721361880041285 -4.887323670464741e-7
outer loop
vertex 19.80412483215332 -65.1053466796875 -1
vertex 20.296634674072266 -64.63249206542969 -16.347383499145508
vertex 20.028921127319336 -64.8895263671875 -1
endloop
endfacet
facet normal -0.00012942708650676274 -0.9999999916243145 0
outer loop
vertex -71.7190933227539 -65.76032257080078 -1.6676164865493774
vertex -71.7190933227539 -65.76032257080078 -4
vertex -66.11908721923828 -65.76104736328125 -4
endloop
endfacet
facet normal -0.00013164118975157363 -0.9999999913351455 5.531072600092251e-7
outer loop
vertex -74.47962188720703 -65.75996398925781 -1.6270489692687988
vertex -72.51908874511719 -65.76022338867188 -4
vertex -73.26268768310547 -65.76012420654297 -1.6607084274291992
endloop
endfacet
facet normal -0.00013338121258258287 -0.9999999911047261 0
outer loop
vertex -73.26268768310547 -65.76012420654297 -1.6607084274291992
vertex -72.51908874511719 -65.76022338867188 -4
vertex -72.51908874511719 -65.76022338867188 -1.6676274538040161
endloop
endfacet
facet normal 0.5237337085260168 -0.8518820355856704 0
outer loop
vertex 19.6535587310791 -65.19791412353516 -1
vertex 19.80412483215332 -65.1053466796875 -16.31837272644043
vertex 19.80412483215332 -65.1053466796875 -1
endloop
endfacet
facet normal 0.5237129313323947 -0.8518948089730042 -2.814098420679273e-7
outer loop
vertex 19.22248649597168 -65.46292114257812 -1
vertex 19.80412483215332 -65.1053466796875 -16.31837272644043
vertex 19.6535587310791 -65.19791412353516 -1
endloop
endfacet
facet normal 0 0 1
outer loop
vertex 82.29627990722656 42.61403274536133 0
vertex 69.1909408569336 27.28214454650879 0
vertex 69.80888366699219 27.77627944946289 0
endloop
endfacet
facet normal 0.331007243486032 -0.9436282132067579 0
outer loop
vertex 18.578216552734375 -65.68891906738281 -1
vertex 19.22248649597168 -65.46292114257812 -16.390737533569336
vertex 19.22248649597168 -65.46292114257812 -1
endloop
endfacet
facet normal 0.15842054695936966 -0.987371728530392 0
outer loop
vertex 18.12391471862793 -65.76181030273438 -1
vertex 18.578216552734375 -65.68891906738281 -16.348108291625977
vertex 18.578216552734375 -65.68891906738281 -1
endloop
endfacet
facet normal 0.06215883982390818 -0.9980662696593576 0
outer loop
vertex 17.961353302001953 -65.77193450927734 -1
vertex 18.12391471862793 -65.76181030273438 -16.388973236083984
vertex 18.12391471862793 -65.76181030273438 -1
endloop
endfacet
facet normal -0.00012927866629449663 -0.9999999916435132 0
outer loop
vertex -4.552504539489746 -65.7690200805664 -4.949999809265137
vertex 2.8243839740753174 -65.76997375488281 -5
vertex 2.8243839740753174 -65.76997375488281 -4
endloop
endfacet
facet normal -0.00012890080641364554 -0.9999999916922909 0
outer loop
vertex 14.824383735656738 -65.77153015136719 -5
vertex 17.961353302001953 -65.77193450927734 -16.41253662109375
vertex 17.961353302001953 -65.77193450927734 -1
endloop
endfacet
facet normal -0.0001290046226424592 -0.9999999916767756 0.0000020630522774323347
outer loop
vertex -81.46046447753906 -65.75906372070312 -1
vertex -72.51908874511719 -65.76022338867188 -4
vertex -76.61908721923828 -65.75968933105469 -1.509100079536438
endloop
endfacet
facet normal 0.9999998871702179 -0.00047503636833788767 0
outer loop
vertex 40.01899719238281 -56.11024475097656 -15.709059715270996
vertex 40.0474967956543 3.88431978225708 -10.747331619262695
vertex 40.01899719238281 -56.11024475097656 -1
endloop
endfacet
facet normal 0.9804413116689338 -0.19681167234922992 0
outer loop
vertex 40.01899719238281 -56.11024475097656 -15.709059715270996
vertex 39.825130462646484 -57.07601547241211 -1
vertex 39.825130462646484 -57.07601547241211 -15.698700904846191
endloop
endfacet
facet normal -0.00012922156505497948 -0.9999999916508936 0
outer loop
vertex -81.46046447753906 -65.75906372070312 -1
vertex -76.61908721923828 -65.75968933105469 -1.509100079536438
vertex -76.61908721923828 -65.75968933105469 -1
endloop
endfacet
facet normal 0 0 1
outer loop
vertex 68.83229064941406 28.912992477416992 0
vertex 69.1909408569336 27.28214454650879 0
vertex 82.29627990722656 42.61403274536133 0
endloop
endfacet
facet normal 0.9257231602898436 -0.37820183831253973 0
outer loop
vertex 39.825130462646484 -57.07601547241211 -15.698700904846191
vertex 39.45258712768555 -57.98788833618164 -1
vertex 39.45258712768555 -57.98788833618164 -15.814671516418457
endloop
endfacet
facet normal 0.8377802028081841 -0.546007629784308 0
outer loop
vertex 38.91474914550781 -58.813133239746094 -1
vertex 38.91474914550781 -58.813133239746094 -15.794852256774902
vertex 39.45258712768555 -57.98788833618164 -15.814671516418457
endloop
endfacet
facet normal 0.7197592451273345 -0.6942237600757624 0
outer loop
vertex 38.28959274291992 -59.46128463745117 -15.924726486206055
vertex 38.91474914550781 -58.813133239746094 -15.794852256774902
vertex 38.91474914550781 -58.813133239746094 -1
endloop
endfacet
facet normal 0.5759081239317178 -0.8175144235971921 0
outer loop
vertex 37.425628662109375 -60.089412689208984 -15.774497985839844
vertex 38.23091125488281 -59.52212142944336 -15.900559425354004
vertex 37.425628662109375 -60.089412689208984 -1
endloop
endfacet
facet normal 0.4113788778388366 -0.9114644364252834 0
outer loop
vertex 37.425628662109375 -60.089412689208984 -15.774497985839844
vertex 36.527801513671875 -60.49463653564453 -1
vertex 36.527801513671875 -60.49463653564453 -15.808526039123535
endloop
endfacet
facet normal 0.9944621218493793 0.10509561459371186 0
outer loop
vertex 84.3052978515625 45.400577545166016 -1
vertex 84.20177459716797 46.38016128540039 -7.00881814956665
vertex 84.20177459716797 46.38016128540039 -1
endloop
endfacet
facet normal 0.9964351996505623 -0.08436167908087355 0
outer loop
vertex 84.22219848632812 44.41905212402344 -1
vertex 84.3052978515625 45.400577545166016 -7.187843322753906
vertex 84.3052978515625 45.400577545166016 -1
endloop
endfacet
facet normal 0.9626425810916226 -0.2707752962684351 0
outer loop
vertex 83.95547485351562 43.4708137512207 -1
vertex 84.22219848632812 44.41905212402344 -7.087909698486328
vertex 84.22219848632812 44.41905212402344 -1
endloop
endfacet
facet normal 0.8942923826485942 -0.44748311067201213 0
outer loop
vertex 83.51468658447266 42.589900970458984 -1
vertex 83.95547485351562 43.4708137512207 -7.167535305023193
vertex 83.95547485351562 43.4708137512207 -1
endloop
endfacet
facet normal 0.7197412002351398 -0.6942424682227963 0
outer loop
vertex 38.23091125488281 -59.52212142944336 -15.900559425354004
vertex 38.28959274291992 -59.46128463745117 -15.924726486206055
vertex 38.23091125488281 -59.52212142944336 -1
endloop
endfacet
facet normal 0.8091053969403403 -0.5876635573540477 0
outer loop
vertex 83.08438873291016 41.997459411621094 -1
vertex 83.51468658447266 42.589900970458984 -7.36603307723999
vertex 83.51468658447266 42.589900970458984 -1
endloop
endfacet
facet normal 0.23208574302758528 -0.9726953314801634 -1.687648282887395e-7
outer loop
vertex 36.527801513671875 -60.49463653564453 -15.808526039123535
vertex 35.569664001464844 -60.72325134277344 -1
vertex 35.5878791809082 -60.718902587890625 -15.99196720123291
endloop
endfacet
facet normal 0.7651030362422934 -0.6439078691341051 0
outer loop
vertex 70.51045989990234 27.056888580322266 -1
vertex 83.08438873291016 41.997459411621094 -7.36774206161499
vertex 83.08438873291016 41.997459411621094 -1
endloop
endfacet
facet normal 0.07401768362120932 -0.99725692903652 0
outer loop
vertex 35.5878791809082 -60.718902587890625 -15.99196720123291
vertex 34.83924102783203 -60.77446746826172 -1
vertex 34.83924102783203 -60.77446746826172 -15.95807933807373
endloop
endfacet
facet normal 0.00034833180015938695 -0.9999999393324767 0
outer loop
vertex 23.362245559692383 -60.778465270996094 -16.154888153076172
vertex 34.83924102783203 -60.77446746826172 -15.95807933807373
vertex 23.362245559692383 -60.778465270996094 -1
endloop
endfacet
facet normal 0.1409548251812534 -0.990016028788485 0
outer loop
vertex 23.29007911682129 -60.78874206542969 -16.15056800842285
vertex 22.942707061767578 -60.838199615478516 -1
vertex 22.942707061767578 -60.838199615478516 -16.14044761657715
endloop
endfacet
facet normal 0.14098179254287452 -0.9900121889002176 6.308423081268291e-7
outer loop
vertex 23.29007911682129 -60.78874206542969 -16.15056800842285
vertex 23.362245559692383 -60.778465270996094 -16.154888153076172
vertex 22.942707061767578 -60.838199615478516 -1
endloop
endfacet
facet normal 0.3061423416739636 -0.951985749176101 0
outer loop
vertex 22.539283752441406 -60.967933654785156 -1
vertex 22.539283752441406 -60.967933654785156 -16.149778366088867
vertex 22.942707061767578 -60.838199615478516 -16.14044761657715
endloop
endfacet
facet normal 0.4625323877876962 -0.8866023856540266 -3.182085144280696e-8
outer loop
vertex 22.163570404052734 -61.1639404296875 -1
vertex 22.22298812866211 -61.13294219970703 -16.1665096282959
vertex 22.539283752441406 -60.967933654785156 -16.149778366088867
endloop
endfacet
facet normal 0.46253877243289954 -0.8865990548135422 0
outer loop
vertex 22.22298812866211 -61.13294219970703 -16.1665096282959
vertex 22.163570404052734 -61.1639404296875 -1
vertex 22.163570404052734 -61.1639404296875 -16.18203353881836
endloop
endfacet
facet normal 1.9233655451359223e-16 -2.297222208070265e-16 1
outer loop
vertex 62.25405502319336 61.06892013549805 -6.006533967745633e-18
vertex 61.63607406616211 60.57476043701172 -6.656693069526214e-19
vertex 62.95720672607422 61.43927001953125 -5.617071196448311e-17
endloop
endfacet
facet normal 1.3104013582149637e-17 4.4178691723591004e-17 1
outer loop
vertex 61.63607406616211 60.57476043701172 -6.656693069526214e-19
vertex 63.44658279418945 60.02267074584961 0
vertex 62.95720672607422 61.43927001953125 -5.617071196448311e-17
endloop
endfacet
facet normal -2.392355673257549e-19 4.2118378223166473e-19 1
outer loop
vertex 61.63607406616211 60.57476043701172 -6.656693069526214e-19
vertex 63.001827239990234 59.77004623413086 0
vertex 63.44658279418945 60.02267074584961 0
endloop
endfacet
facet normal -2.88292721342144e-19 3.3792445419072776e-19 1
outer loop
vertex 61.63607406616211 60.57476043701172 -6.656693069526214e-19
vertex 62.612701416015625 59.438072204589844 0
vertex 63.001827239990234 59.77004623413086 0
endloop
endfacet
facet normal -3.1655324165813674e-19 3.1364339252891776e-19 1
outer loop
vertex 61.63607406616211 60.57476043701172 -6.656693069526214e-19
vertex 49.763099670410156 46.46925735473633 0
vertex 62.612701416015625 59.438072204589844 0
endloop
endfacet
facet normal 0.6056261010259087 -0.7957493485741322 3.5725127142188994e-9
outer loop
vertex 21.826356887817383 -61.42058563232422 -1
vertex 21.982202529907227 -61.30197525024414 -16.2011775970459
vertex 22.163570404052734 -61.1639404296875 -16.18203353881836
endloop
endfacet
facet normal 0.6056258803732959 -0.7957495165075944 0
outer loop
vertex 21.826356887817383 -61.42058563232422 -16.220069885253906
vertex 21.982202529907227 -61.30197525024414 -16.2011775970459
vertex 21.826356887817383 -61.42058563232422 -1
endloop
endfacet
facet normal 0 0 1
outer loop
vertex 48.454444885253906 42.63779830932617 0
vertex 62.612701416015625 59.438072204589844 0
vertex 49.763099670410156 46.46925735473633 0
endloop
endfacet
facet normal 0.7313378741868799 -0.6820153325107662 2.111303925651811e-7
outer loop
vertex 21.537336349487305 -61.73050308227539 -1
vertex 21.652050018310547 -61.60749816894531 -16.22202491760254
vertex 21.826356887817383 -61.42058563232422 -16.220069885253906
endloop
endfacet
facet normal -0.29076924888805256 0.9567932085362426 0
outer loop
vertex 63.51786804199219 62.65481185913086 -1
vertex 62.57538986206055 62.36839294433594 -5.874899387359619
vertex 62.57538986206055 62.36839294433594 -1
endloop
endfacet
facet normal 0 0 1
outer loop
vertex -82.88770294189453 -63.915950775146484 0
vertex -82.56350708007812 -64.25362396240234 0
vertex -81.85250091552734 -62.574466705322266 0
endloop
endfacet
facet normal 0 0 1
outer loop
vertex -83.13285064697266 -63.517173767089844 0
vertex -82.88770294189453 -63.915950775146484 0
vertex -81.85250091552734 -62.574466705322266 0
endloop
endfacet
facet normal 0 0 1
outer loop
vertex -81.85250091552734 -62.574466705322266 0
vertex -82.56350708007812 -64.25362396240234 0
vertex -82.17504119873047 -64.51480102539062 0
endloop
endfacet
facet normal 0 0 1
outer loop
vertex -82.17504119873047 -64.51480102539062 0
vertex -81.73046112060547 -64.6913833618164 0
vertex -81.82371520996094 -62.77315139770508 0
endloop
endfacet
facet normal 0 0 1
outer loop
vertex -81.73046112060547 -64.6913833618164 0
vertex -81.72684478759766 -62.97463607788086 0
vertex -81.82371520996094 -62.77315139770508 0
endloop
endfacet
facet normal 0 0 1
outer loop
vertex -81.85250091552734 -62.574466705322266 0
vertex -82.17504119873047 -64.51480102539062 0
vertex -81.82371520996094 -62.77315139770508 0
endloop
endfacet
facet normal 0 0 1
outer loop
vertex -81.36786651611328 -64.75907135009766 0
vertex -80.55250549316406 -63.27446746826172 0
vertex -81.73046112060547 -64.6913833618164 0
endloop
endfacet
facet normal 0 0 1
outer loop
vertex -81.37319946289062 -63.238765716552734 0
vertex -81.5713882446289 -63.13530349731445 0
vertex -81.73046112060547 -64.6913833618164 0
endloop
endfacet
facet normal 0 0 1
outer loop
vertex -80.55250549316406 -63.27446746826172 0
vertex -81.37319946289062 -63.238765716552734 0
vertex -81.73046112060547 -64.6913833618164 0
endloop
endfacet
facet normal 0 0 1
outer loop
vertex -81.5713882446289 -63.13530349731445 0
vertex -81.72684478759766 -62.97463607788086 0
vertex -81.73046112060547 -64.6913833618164 0
endloop
endfacet
facet normal 0 0 1
outer loop
vertex -80.55250549316406 -63.27446746826172 0
vertex -81.36786651611328 -64.75907135009766 0
vertex -80.55250549316406 -63.574466705322266 0
endloop
endfacet
facet normal 0 0 1
outer loop
vertex -80.55250549316406 -63.574466705322266 0
vertex -81.36786651611328 -64.75907135009766 0
vertex -77.97264099121094 -64.42802429199219 0
endloop
endfacet
facet normal -0.46601072630085333 0.8847790701483343 0
outer loop
vertex 61.70384979248047 61.90935516357422 -5.96218729019165
vertex 61.70384979248047 61.90935516357422 -1
vertex 62.57538986206055 62.36839294433594 -1
endloop
endfacet
facet normal -0.6245184859563302 0.7810100259907693 -8.430716444375491e-7
outer loop
vertex 61.70384979248047 61.90935516357422 -1
vertex 60.93452835083008 61.2941780090332 -5.819879531860352
vertex 61.55773162841797 61.79251480102539 -1
endloop
endfacet
facet normal -0.6245224631938444 0.7810068456590463 0
outer loop
vertex 60.93452835083008 61.2941780090332 -5.819879531860352
vertex 60.93452835083008 61.2941780090332 -1
vertex 61.55773162841797 61.79251480102539 -1
endloop
endfacet
facet normal 0.7313222850518349 -0.6820320486506194 -4.14282669729386e-8
outer loop
vertex 21.537336349487305 -61.73050308227539 -1
vertex 21.58596420288086 -61.67835998535156 -16.215625762939453
vertex 21.652050018310547 -61.60749816894531 -16.22202491760254
endloop
endfacet
facet normal -0.29076924888805256 0.9567932085362426 0
outer loop
vertex 63.51786804199219 62.65481185913086 -5.952675819396973
vertex 62.57538986206055 62.36839294433594 -5.874899387359619
vertex 63.51786804199219 62.65481185913086 -1
endloop
endfacet
facet normal -0.4660107263008534 0.8847790701483345 0
outer loop
vertex 62.57538986206055 62.36839294433594 -5.874899387359619
vertex 61.70384979248047 61.90935516357422 -5.96218729019165
vertex 62.57538986206055 62.36839294433594 -1
endloop
endfacet
facet normal 0 0 1
outer loop
vertex -83.29374694824219 -63.05851745605469 0
vertex -83.13285064697266 -63.517173767089844 0
vertex -81.85250091552734 -62.574466705322266 0
endloop
endfacet
facet normal 0 0 1
outer loop
vertex -83.34320831298828 -62.750221252441406 0
vertex -83.29374694824219 -63.05851745605469 0
vertex -81.85250091552734 -62.574466705322266 0
endloop
endfacet
facet normal 0 0 1
outer loop
vertex -83.35249328613281 -62.530418395996094 0
vertex -83.34320831298828 -62.750221252441406 0
vertex -81.85250091552734 -62.574466705322266 0
endloop
endfacet
facet normal -0.6245217077960299 0.7810074497029655 0
outer loop
vertex 61.70384979248047 61.90935516357422 -5.96218729019165
vertex 60.93452835083008 61.2941780090332 -5.819879531860352
vertex 61.70384979248047 61.90935516357422 -1
endloop
endfacet
facet normal -0.765053938920569 0.6439662029502187 0
outer loop
vertex 60.93452835083008 61.2941780090332 -1
vertex 48.998043060302734 47.113224029541016 -7.213687896728516
vertex 48.998043060302734 47.113224029541016 -1
endloop
endfacet
facet normal 0.7313283148791553 -0.6820255829923207 0
outer loop
vertex 21.537336349487305 -61.73050308227539 -16.22420883178711
vertex 21.58596420288086 -61.67835998535156 -16.215625762939453
vertex 21.537336349487305 -61.73050308227539 -1
endloop
endfacet
facet normal 0 0 1
outer loop
vertex 56.502159118652344 35.01158142089844 0
vertex 62.12812042236328 25.252887725830078 0
vertex 57.08588409423828 35.49654006958008 0
endloop
endfacet
facet normal 0 0 1
outer loop
vertex 57.08588409423828 35.49654006958008 0
vertex 56.97023010253906 35.49654006958008 0
vertex 56.502159118652344 35.01158142089844 0
endloop
endfacet
facet normal 0 0 1
outer loop
vertex 56.52139663696289 35.11992645263672 0
vertex 56.502159118652344 35.01158142089844 0
vertex 56.97023010253906 35.49654006958008 0
endloop
endfacet
facet normal 0.836017424452942 -0.5487028941158127 -2.7833955427611638e-8
outer loop
vertex 21.304813385009766 -62.084781646728516 -1
vertex 21.36214256286621 -61.997432708740234 -16.21359634399414
vertex 21.537336349487305 -61.73050308227539 -16.22420883178711
endloop
endfacet
facet normal 0 0 1
outer loop
vertex -77.61908721923828 -64.57447052001953 0
vertex -77.81043243408203 -64.53640747070312 0
vertex -81.36786651611328 -64.75907135009766 0
endloop
endfacet
facet normal 0 0 1
outer loop
vertex -77.97264099121094 -64.42802429199219 0
vertex -81.36786651611328 -64.75907135009766 0
vertex -77.81043243408203 -64.53640747070312 0
endloop
endfacet
facet normal 0 0 1
outer loop
vertex -80.55250549316406 -63.574466705322266 0
vertex -78.0810317993164 -64.26580810546875 0
vertex -78.11908721923828 -64.07447052001953 0
endloop
endfacet
facet normal 0 0 1
outer loop
vertex -78.0810317993164 -64.26580810546875 0
vertex -80.55250549316406 -63.574466705322266 0
vertex -77.97264099121094 -64.42802429199219 0
endloop
endfacet
facet normal 0 0 1
outer loop
vertex -78.11908721923828 -63.574466705322266 0
vertex -80.55250549316406 -63.574466705322266 0
vertex -78.11908721923828 -64.07447052001953 0
endloop
endfacet
facet normal 0.836019648282928 -0.5486995058179747 0
outer loop
vertex 21.304813385009766 -62.084781646728516 -16.229890823364258
vertex 21.36214256286621 -61.997432708740234 -16.21359634399414
vertex 21.304813385009766 -62.084781646728516 -1
endloop
endfacet
facet normal 0.9166791537760407 -0.39962398455602677 -7.845010900271814e-8
outer loop
vertex 21.135465621948242 -62.473243713378906 -1
vertex 21.192808151245117 -62.341705322265625 -16.229393005371094
vertex 21.304813385009766 -62.084781646728516 -16.229890823364258
endloop
endfacet
facet normal 0.916672060105689 -0.3996402560072392 -2.456983711377682e-7
outer loop
vertex 21.135465621948242 -62.473243713378906 -1
vertex 21.17963981628418 -62.371910095214844 -16.235671997070312
vertex 21.192808151245117 -62.341705322265625 -16.229393005371094
endloop
endfacet
facet normal 0 0 1
outer loop
vertex -77.61908721923828 -64.57447052001953 0
vertex -81.36786651611328 -64.75907135009766 0
vertex -72.51908874511719 -64.76022338867188 0
endloop
endfacet
facet normal 0.916685592763807 -0.3996092141320917 0
outer loop
vertex 21.135465621948242 -62.473243713378906 -16.244953155517578
vertex 21.17963981628418 -62.371910095214844 -16.235671997070312
vertex 21.135465621948242 -62.473243713378906 -1
endloop
endfacet
facet normal 0 0 1
outer loop
vertex 49.763099670410156 46.46925735473633 0
vertex 47.87398147583008 44.261878967285156 0
vertex 48.454444885253906 42.63779830932617 0
endloop
endfacet
facet normal 0 0 1
outer loop
vertex 47.83230972290039 44.22020721435547 0
vertex 48.454444885253906 42.63779830932617 0
vertex 47.87398147583008 44.261878967285156 0
endloop
endfacet
facet normal 0 0 1
outer loop
vertex 47.83230972290039 44.22020721435547 0
vertex 47.644039154052734 44.02472686767578 0
vertex 48.454444885253906 42.63779830932617 0
endloop
endfacet
facet normal 0 0 1
outer loop
vertex 47.569175720214844 43.94986343383789 0
vertex 48.454444885253906 42.63779830932617 0
vertex 47.644039154052734 44.02472686767578 0
endloop
endfacet
facet normal 0 0 1
outer loop
vertex 47.54201889038086 43.93084716796875 0
vertex 48.454444885253906 42.63779830932617 0
vertex 47.569175720214844 43.94986343383789 0
endloop
endfacet
facet normal 0 0 1
outer loop
vertex 47.54201889038086 43.93084716796875 0
vertex 47.20855712890625 43.669349670410156 0
vertex 48.454444885253906 42.63779830932617 0
endloop
endfacet
facet normal 0 0 1
outer loop
vertex 47.20855712890625 43.669349670410156 0
vertex 47.09346389770508 43.58876037597656 0
vertex 48.454444885253906 42.63779830932617 0
endloop
endfacet
facet normal -0.00012969970851724338 -0.9999999915889687 -2.1959461866021329e-7
outer loop
vertex 2.8243839740753174 -65.76997375488281 -5
vertex 17.961353302001953 -65.77193450927734 -16.41253662109375
vertex 14.824383735656738 -65.77153015136719 -5
endloop
endfacet
facet normal -0.00012939897083857218 -0.9999999916279371 1.792875269437286e-7
outer loop
vertex 2.8243839740753174 -65.76997375488281 -5
vertex -4.552504539489746 -65.7690200805664 -9.949999809265137
vertex 17.961353302001953 -65.77193450927734 -16.41253662109375
endloop
endfacet
facet normal 0.975858120993298 -0.21840542047172207 0
outer loop
vertex 21.135465621948242 -62.473243713378906 -16.244953155517578
vertex 20.894207000732422 -63.551212310791016 -1
vertex 20.894207000732422 -63.551212310791016 -16.167640686035156
endloop
endfacet
facet normal 0.9216911736335264 -0.3879244519826671 0
outer loop
vertex 20.894207000732422 -63.551212310791016 -16.167640686035156
vertex 20.67758560180664 -64.0658950805664 -1
vertex 20.67758560180664 -64.0658950805664 -16.222591400146484
endloop
endfacet
facet normal 0.8298674587244905 -0.5579605729351815 0
outer loop
vertex 20.67758560180664 -64.0658950805664 -16.222591400146484
vertex 20.296634674072266 -64.63249206542969 -1
vertex 20.296634674072266 -64.63249206542969 -16.347383499145508
endloop
endfacet
facet normal 0 0 1
outer loop
vertex -72.51908874511719 -64.57447052001953 0
vertex -77.61908721923828 -64.57447052001953 0
vertex -72.51908874511719 -64.76022338867188 0
endloop
endfacet
facet normal 0.6925662530777565 -0.7213542715599852 0
outer loop
vertex 20.296634674072266 -64.63249206542969 -16.347383499145508
vertex 19.80412483215332 -65.1053466796875 -1
vertex 19.80412483215332 -65.1053466796875 -16.31837272644043
endloop
endfacet
facet normal 0.5237128421903084 -0.8518948637742024 -2.8607378157432426e-7
outer loop
vertex 19.22248649597168 -65.46292114257812 -1
vertex 19.26852035522461 -65.43461608886719 -16.403749465942383
vertex 19.80412483215332 -65.1053466796875 -16.31837272644043
endloop
endfacet
facet normal 0.5237823072572534 -0.8518521553675076 0
outer loop
vertex 19.22248649597168 -65.46292114257812 -16.390737533569336
vertex 19.26852035522461 -65.43461608886719 -16.403749465942383
vertex 19.22248649597168 -65.46292114257812 -1
endloop
endfacet
facet normal 0.331007243486032 -0.943628213206758 0
outer loop
vertex 18.578216552734375 -65.68891906738281 -16.348108291625977
vertex 19.22248649597168 -65.46292114257812 -16.390737533569336
vertex 18.578216552734375 -65.68891906738281 -1
endloop
endfacet
facet normal 0.15842054695936966 -0.987371728530392 0
outer loop
vertex 18.578216552734375 -65.68891906738281 -16.348108291625977
vertex 18.12391471862793 -65.76181030273438 -1
vertex 18.12391471862793 -65.76181030273438 -16.388973236083984
endloop
endfacet
facet normal 0.062158839823908185 -0.9980662696593577 0
outer loop
vertex 17.961353302001953 -65.77193450927734 -16.41253662109375
vertex 18.12391471862793 -65.76181030273438 -16.388973236083984
vertex 17.961353302001953 -65.77193450927734 -1
endloop
endfacet
facet normal -0.00012967658364428656 -0.9999999915916814 -7.878458961195206e-7
outer loop
vertex -4.552504539489746 -65.7690200805664 -9.949999809265137
vertex -4.666685104370117 -65.76900482177734 -10.524024963378906
vertex 17.961353302001953 -65.77193450927734 -16.41253662109375
endloop
endfacet
facet normal -0.00013114683457050136 -0.9999999913795322 -0.000006437642819478985
outer loop
vertex -4.666685104370117 -65.76900482177734 -10.524024963378906
vertex -4.991844177246094 -65.76895904541016 -11.010660171508789
vertex 17.961353302001953 -65.77193450927734 -16.41253662109375
endloop
endfacet
facet normal -0.00012853545631842246 -0.9999999917284678 0.000004658405435351301
outer loop
vertex -4.991844177246094 -65.76895904541016 -11.010660171508789
vertex -5.478479385375977 -65.7688980102539 -11.335819244384766
vertex 17.961353302001953 -65.77193450927734 -16.41253662109375
endloop
endfacet
facet normal -0.7599217072485475 0.6500146143375952 2.3238671351758756e-8
outer loop
vertex 48.998043060302734 47.113224029541016 -1
vertex 47.24580001831055 45.06470489501953 -7.402944564819336
vertex 47.114654541015625 44.91138458251953 -1
endloop
endfacet
facet normal -0.7202648080670108 0.6936992188695272 0
outer loop
vertex 47.114654541015625 44.91138458251953 -1
vertex 46.926387786865234 44.71590805053711 -7.470767498016357
vertex 46.926387786865234 44.71590805053711 -1
endloop
endfacet
facet normal -0.617081030825317 0.7868996132897538 0
outer loop
vertex 46.926387786865234 44.71590805053711 -1
vertex 46.59292221069336 44.45440673828125 -7.531966686248779
vertex 46.59292221069336 44.45440673828125 -1
endloop
endfacet
facet normal -0.00013129901296755504 -0.9999999913474691 -0.00000810127800336966
outer loop
vertex -5.478479385375977 -65.7688980102539 -11.335819244384766
vertex -6.052504539489746 -65.7688217163086 -11.449999809265137
vertex 17.961353302001953 -65.77193450927734 -16.41253662109375
endloop
endfacet
facet normal 0.8847790701483343 0.46601072630085333 0
outer loop
vertex 83.4563217163086 48.19417953491211 -7.04780387878418
vertex 83.91535949707031 47.32263946533203 -1
vertex 83.91535949707031 47.32263946533203 -6.929760456085205
endloop
endfacet
facet normal 0.7810055607988893 0.624524069993473 0
outer loop
vertex 82.84114074707031 48.9635009765625 -6.870238304138184
vertex 83.4563217163086 48.19417953491211 -1
vertex 83.4563217163086 48.19417953491211 -7.04780387878418
endloop
endfacet
facet normal 0.9567942859220685 0.2907657036634114 0
outer loop
vertex 83.91535949707031 47.32263946533203 -6.929760456085205
vertex 84.20177459716797 46.38016128540039 -1
vertex 84.20177459716797 46.38016128540039 -7.00881814956665
endloop
endfacet
facet normal 0.6439077728939246 0.765103117237661 0
outer loop
vertex 82.84114074707031 48.9635009765625 -6.870238304138184
vertex 67.90056610107422 61.53742980957031 -5.95295524597168
vertex 82.84114074707031 48.9635009765625 -1
endloop
endfacet
facet normal 0.44747823432222045 0.894294822449775 -0.000018638492665150463
outer loop
vertex 67.22447204589844 62.00958251953125 -5.998721599578857
vertex 66.42721557617188 62.40850830078125 -5.872995853424072
vertex 67.3081283569336 61.96772384643555 -5.978133678436279
endloop
endfacet
facet normal 0.7809994803043464 0.6245316716134162 -0.00005400086001468776
outer loop
vertex 83.4563217163086 48.19417953491211 -7.04780387878418
vertex 83.3633804321289 48.310401916503906 -7.094773292541504
vertex 82.84114074707031 48.9635009765625 -6.870238304138184
endloop
endfacet
facet normal 0.9999998863315326 -0.0004764792963678972 0.000017447119439104986
outer loop
vertex 40.01899719238281 -56.11024475097656 -15.709059715270996
vertex 40.01907730102539 -55.94333267211914 -15.742216110229492
vertex 40.0474967956543 3.88431978225708 -10.747331619262695
endloop
endfacet
facet normal 0.9257225018170783 -0.37820344976071085 0.00001478603480075097
outer loop
vertex 39.45258712768555 -57.98788833618164 -15.814671516418457
vertex 39.50484848022461 -57.85997009277344 -15.840985298156738
vertex 39.825130462646484 -57.07601547241211 -15.698700904846191
endloop
endfacet
facet normal 0 0 1
outer loop
vertex 37.5474967956543 6.26497745513916 0
vertex 39.50986099243164 5.611186981201172 0
vertex 39.74124526977539 5.966209411621094 0
endloop
endfacet
facet normal 0 0 1
outer loop
vertex 37.5474967956543 6.26497745513916 0
vertex 39.74124526977539 5.966209411621094 0
vertex 39.81024932861328 6.064754486083984 0
endloop
endfacet
facet normal 0.9944621218493794 0.10509561459371188 0
outer loop
vertex 84.20177459716797 46.38016128540039 -7.00881814956665
vertex 84.3052978515625 45.400577545166016 -1
vertex 84.3052978515625 45.400577545166016 -7.187843322753906
endloop
endfacet
facet normal 0.9964351996505623 -0.08436167908087355 0
outer loop
vertex 84.22219848632812 44.41905212402344 -7.087909698486328
vertex 84.3052978515625 45.400577545166016 -7.187843322753906
vertex 84.22219848632812 44.41905212402344 -1
endloop
endfacet
facet normal 0.9626425810916226 -0.2707752962684351 0
outer loop
vertex 84.22219848632812 44.41905212402344 -7.087909698486328
vertex 83.95547485351562 43.4708137512207 -1
vertex 83.95547485351562 43.4708137512207 -7.167535305023193
endloop
endfacet
facet normal 0.8942916675838604 -0.44748453972177976 -2.552170799384511e-7
outer loop
vertex 83.51468658447266 42.589900970458984 -1
vertex 83.5750503540039 42.710540771484375 -7.385615825653076
vertex 83.95547485351562 43.4708137512207 -7.167535305023193
endloop
endfacet
facet normal 0.8942970735897491 -0.44747373573072535 0
outer loop
vertex 83.5750503540039 42.710540771484375 -7.385615825653076
vertex 83.51468658447266 42.589900970458984 -1
vertex 83.51468658447266 42.589900970458984 -7.36603307723999
endloop
endfacet
facet normal 0.8091053969403404 -0.5876635573540478 0
outer loop
vertex 83.51468658447266 42.589900970458984 -7.36603307723999
vertex 83.08438873291016 41.997459411621094 -1
vertex 83.08438873291016 41.997459411621094 -7.36774206161499
endloop
endfacet
facet normal 0.7651030362422933 -0.643907869134105 0
outer loop
vertex 70.51045989990234 27.056888580322266 -1
vertex 70.51045989990234 27.056888580322266 -8.64128303527832
vertex 83.08438873291016 41.997459411621094 -7.36774206161499
endloop
endfacet
facet normal 0.9944614326939905 0.10510212930734555 -0.00003604549595793621
outer loop
vertex 84.3052978515625 45.400577545166016 -7.187843322753906
vertex 84.28752136230469 45.56875991821289 -7.235212802886963
vertex 84.20177459716797 46.38016128540039 -7.00881814956665
endloop
endfacet
facet normal 0.7651002169070644 -0.6439112156089613 0.00006709510484287588
outer loop
vertex 70.51045989990234 27.056888580322266 -8.64128303527832
vertex 70.57410430908203 27.132509231567383 -8.661639213562012
vertex 83.08438873291016 41.997459411621094 -7.36774206161499
endloop
endfacet
facet normal 0 0 1
outer loop
vertex 37.5474967956543 6.26497745513916 0
vertex 39.81024932861328 6.064754486083984 0
vertex 39.84503936767578 6.099544525146484 0
endloop
endfacet
facet normal -0.765053938920569 0.6439662029502187 0
outer loop
vertex 60.93452835083008 61.2941780090332 -5.819879531860352
vertex 48.998043060302734 47.113224029541016 -7.213687896728516
vertex 60.93452835083008 61.2941780090332 -1
endloop
endfacet
facet normal -0.46601522103701043 0.8847767009105643 0.000057337983257383855
outer loop
vertex 62.57538986206055 62.36839294433594 -5.874899387359619
vertex 61.79896926879883 61.95945739746094 -5.999953269958496
vertex 61.70384979248047 61.90935516357422 -5.96218729019165
endloop
endfacet
facet normal -0.759921671369329 0.6500146562834145 0
outer loop
vertex 47.24580001831055 45.06470489501953 -7.402944564819336
vertex 48.998043060302734 47.113224029541016 -1
vertex 48.998043060302734 47.113224029541016 -7.213687896728516
endloop
endfacet
facet normal -0.7599182109836284 0.6500187017428071 1.927234396454122e-7
outer loop
vertex 47.24580001831055 45.06470489501953 -7.402944564819336
vertex 47.13871765136719 44.939517974853516 -7.410177707672119
vertex 47.114654541015625 44.91138458251953 -1
endloop
endfacet
facet normal -0.7599399019616441 0.649993342586312 0
outer loop
vertex 47.13871765136719 44.939517974853516 -7.410177707672119
vertex 47.114654541015625 44.91138458251953 -7.419613361358643
vertex 47.114654541015625 44.91138458251953 -1
endloop
endfacet
facet normal -0.7202648080670108 0.6936992188695272 0
outer loop
vertex 47.114654541015625 44.91138458251953 -7.419613361358643
vertex 46.926387786865234 44.71590805053711 -7.470767498016357
vertex 47.114654541015625 44.91138458251953 -1
endloop
endfacet
facet normal -0.6170775934399314 0.7869023088505858 0
outer loop
vertex 46.926387786865234 44.71590805053711 -7.470767498016357
vertex 46.83636474609375 44.64531326293945 -7.47416353225708
vertex 46.926387786865234 44.71590805053711 -1
endloop
endfacet
facet normal -0.6170932413678107 0.7868900377168624 3.5138935198685516e-7
outer loop
vertex 46.83636474609375 44.64531326293945 -7.47416353225708
vertex 46.73349380493164 44.564640045166016 -7.50588846206665
vertex 46.926387786865234 44.71590805053711 -1
endloop
endfacet
facet normal -0.6170742813610259 0.7869049061242812 -5.564629073845861e-7
outer loop
vertex 46.73349380493164 44.564640045166016 -7.50588846206665
vertex 46.59292221069336 44.45440673828125 -7.531966686248779
vertex 46.926387786865234 44.71590805053711 -1
endloop
endfacet
facet normal 0 0 1
outer loop
vertex 39.84503936767578 6.099544525146484 0
vertex 40.13306427001953 6.410385608673096 0
vertex 37.5474967956543 6.26497745513916 0
endloop
endfacet
facet normal 0 0 1
outer loop
vertex 37.5474967956543 6.26497745513916 0
vertex 40.13306427001953 6.410385608673096 0
vertex 40.234310150146484 6.507802963256836 0
endloop
endfacet
facet normal 0 0 1
outer loop
vertex 68.83229064941406 28.912992477416992 0
vertex 68.44316101074219 28.581018447875977 0
vertex 69.1909408569336 27.28214454650879 0
endloop
endfacet
facet normal 0 0 1
outer loop
vertex 68.44316101074219 28.581018447875977 0
vertex 67.9984130859375 28.328393936157227 0
vertex 69.1909408569336 27.28214454650879 0
endloop
endfacet
facet normal 0 0 1
outer loop
vertex 67.9984130859375 28.328393936157227 0
vertex 68.48778533935547 26.91179656982422 0
vertex 69.1909408569336 27.28214454650879 0
endloop
endfacet
facet normal 0 0 1
outer loop
vertex 40.234310150146484 6.507802963256836 0
vertex 46.28396987915039 11.427260398864746 0
vertex 37.5474967956543 6.26497745513916 0
endloop
endfacet
facet normal 0 0 1
outer loop
vertex 15.847495079040527 11.250533103942871 0
vertex 33.9793815612793 11.250533103942871 0
vertex 31.137981414794922 30.327369689941406 0
endloop
endfacet
facet normal 0 0 1
outer loop
vertex 22.253496170043945 23.117198944091797 0
vertex 15.847495079040527 11.250533103942871 0
vertex 27.30547523498535 32.16264724731445 0
endloop
endfacet
facet normal 0 0 1
outer loop
vertex 27.30547523498535 32.16264724731445 0
vertex 15.847495079040527 11.250533103942871 0
vertex 27.474323272705078 32.15290832519531 0
endloop
endfacet
facet normal 0 0 1
outer loop
vertex 15.847495079040527 11.250533103942871 0
vertex 31.137981414794922 30.327369689941406 0
vertex 31.05268096923828 30.83169937133789 0
endloop
endfacet
facet normal 0 0 1
outer loop
vertex 27.474323272705078 32.15290832519531 0
vertex 15.847495079040527 11.250533103942871 0
vertex 27.897916793823242 32.165122985839844 0
endloop
endfacet
facet normal 0 0 1
outer loop
vertex 67.9984130859375 28.328393936157227 0
vertex 67.51399230957031 28.164188385009766 0
vertex 68.48778533935547 26.91179656982422 0
endloop
endfacet
facet normal 0 0 1
outer loop
vertex 67.51399230957031 28.164188385009766 0
vertex 67.71739196777344 26.67767333984375 0
vertex 68.48778533935547 26.91179656982422 0
endloop
endfacet
facet normal 0 0 1
outer loop
vertex 67.51399230957031 28.164188385009766 0
vertex 67.00729370117188 28.094295501708984 0
vertex 67.71739196777344 26.67767333984375 0
endloop
endfacet
facet normal 0 0 1
outer loop
vertex 67.00729370117188 28.094295501708984 0
vertex 66.49651336669922 28.12122344970703 0
vertex 66.76631164550781 26.5540771484375 0
endloop
endfacet
facet normal 0 0 1
outer loop
vertex 65.9999771118164 28.244007110595703 0
vertex 66.6304931640625 26.53034210205078 0
vertex 66.49651336669922 28.12122344970703 0
endloop
endfacet
facet normal 0 0 1
outer loop
vertex 65.9999771118164 28.244007110595703 0
vertex 65.53550720214844 28.458236694335938 0
vertex 66.14055633544922 26.39406967163086 0
endloop
endfacet
facet normal 0 0 1
outer loop
vertex 66.76631164550781 26.5540771484375 0
vertex 67.71739196777344 26.67767333984375 0
vertex 67.00729370117188 28.094295501708984 0
endloop
endfacet
facet normal 0 0 1
outer loop
vertex 66.49651336669922 28.12122344970703 0
vertex 66.6304931640625 26.53034210205078 0
vertex 66.76631164550781 26.5540771484375 0
endloop
endfacet
facet normal 0 0 1
outer loop
vertex 65.9999771118164 28.244007110595703 0
vertex 66.22241973876953 26.416006088256836 0
vertex 66.6304931640625 26.53034210205078 0
endloop
endfacet
facet normal 0 0 1
outer loop
vertex 66.14055633544922 26.39406967163086 0
vertex 66.22241973876953 26.416006088256836 0
vertex 65.9999771118164 28.244007110595703 0
endloop
endfacet
facet normal 0 0 1
outer loop
vertex 65.53550720214844 28.458236694335938 0
vertex 66.0637435913086 26.358251571655273 0
vertex 66.14055633544922 26.39406967163086 0
endloop
endfacet
facet normal 0 0 1
outer loop
vertex -71.7190933227539 -64.57447052001953 0
vertex -71.7190933227539 -64.76032257080078 0
vertex -66.42774963378906 -64.53640747070312 0
endloop
endfacet
facet normal 0 0 1
outer loop
vertex 27.897916793823242 32.165122985839844 0
vertex 15.847495079040527 11.250533103942871 0
vertex 28.066390991210938 32.1822509765625 0
endloop
endfacet
facet normal 0 0 1
outer loop
vertex 28.066390991210938 32.1822509765625 0
vertex 15.847495079040527 11.250533103942871 0
vertex 28.481477737426758 32.267608642578125 0
endloop
endfacet
facet normal 0 0 1
outer loop
vertex 28.481477737426758 32.267608642578125 0
vertex 15.847495079040527 11.250533103942871 0
vertex 28.644580841064453 32.313232421875 0
endloop
endfacet
facet normal 0 0 1
outer loop
vertex 65.53550720214844 28.458236694335938 0
vertex 65.67924499511719 26.180086135864258 0
vertex 66.0637435913086 26.358251571655273 0
endloop
endfacet
facet normal 0 0 1
outer loop
vertex 65.53550720214844 28.458236694335938 0
vertex 65.59807586669922 26.142236709594727 0
vertex 65.67924499511719 26.180086135864258 0
endloop
endfacet
facet normal 0 0 1
outer loop
vertex 65.53550720214844 28.458236694335938 0
vertex 65.53258514404297 26.09638023376465 0
vertex 65.59807586669922 26.142236709594727 0
endloop
endfacet
facet normal 0 0 1
outer loop
vertex 28.644580841064453 32.313232421875 0
vertex 15.847495079040527 11.250533103942871 0
vertex 29.039403915405273 32.4671745300293 0
endloop
endfacet
facet normal 0 0 1
outer loop
vertex 29.039403915405273 32.4671745300293 0
vertex 15.847495079040527 11.250533103942871 0
vertex 29.19234275817871 32.53998565673828 0
endloop
endfacet
facet normal 0 0 1
outer loop
vertex -83.35249328613281 -62.530418395996094 0
vertex -81.85250091552734 -62.574466705322266 0
vertex -81.8453598022461 15.868255615234375 0
endloop
endfacet
facet normal -0.00012657964748475018 -0.9999999910340676 0.00004369734116233448
outer loop
vertex -69.75833892822266 -65.76057434082031 -1.6269797086715698
vertex -70.9754409790039 -65.76042175292969 -1.6606764793395996
vertex -19.55250358581543 -65.76707458496094 -4.949999809265137
endloop
endfacet
facet normal -0.00012921357075407279 -0.9999999916399145 0.000004901450502803603
outer loop
vertex -69.048583984375 -65.76066589355469 -1.5949000120162964
vertex -69.75833892822266 -65.76057434082031 -1.6269797086715698
vertex -19.438323974609375 -65.76708984375 -4.375974655151367
endloop
endfacet
facet normal -0.00013278761636329644 -0.9999999894518135 -0.000058854244244288656
outer loop
vertex -68.37422943115234 -65.76075744628906 -1.5608022212982178
vertex -69.048583984375 -65.76066589355469 -1.5949000120162964
vertex -19.438323974609375 -65.76708984375 -4.375974655151367
endloop
endfacet
facet normal -0.00013014185287154437 -0.9999999913785133 -0.00001749489324393403
outer loop
vertex -67.61908721923828 -65.76085662841797 -1.5089858770370483
vertex -68.37422943115234 -65.76075744628906 -1.5608022212982178
vertex -18.626529693603516 -65.76719665527344 -3.564180612564087
endloop
endfacet
facet normal -0.00012944851705889667 -0.9999999916215406 0
outer loop
vertex -67.61908721923828 -65.76085662841797 -1
vertex -67.61908721923828 -65.76085662841797 -1.5089858770370483
vertex -18.05250358581543 -65.76727294921875 -3.450000047683716
endloop
endfacet
facet normal 0 0 1
outer loop
vertex -66.11908721923828 -63.574466705322266 0
vertex -66.11908721923828 -64.07447052001953 0
vertex -19.55250358581543 -63.574466705322266 0
endloop
endfacet
facet normal 0 0 1
outer loop
vertex 29.19234275817871 32.53998565673828 0
vertex 15.847495079040527 11.250533103942871 0
vertex 31.05268096923828 30.83169937133789 0
endloop
endfacet
facet normal 0 0 1
outer loop
vertex 23.606515884399414 26.018762588500977 0
vertex 22.253496170043945 23.117198944091797 0
vertex 26.72116470336914 32.26023483276367 0
endloop
endfacet
facet normal 0 0 1
outer loop
vertex 64.63660430908203 25.326967239379883 0
vertex 62.12812042236328 25.252887725830078 0
vertex 64.39067840576172 24.981836318969727 0
endloop
endfacet
facet normal 0 0 1
outer loop
vertex 62.12812042236328 25.252887725830078 0
vertex 64.33104705810547 24.896669387817383 0
vertex 64.39067840576172 24.981836318969727 0
endloop
endfacet
facet normal 0 0 1
outer loop
vertex -66.42774963378906 -64.53640747070312 0
vertex -71.7190933227539 -64.76032257080078 0
vertex 8.424384117126465 -64.77069854736328 0
endloop
endfacet
facet normal -0.9999999345297198 0.0003618569436728073 -3.2921211146658037e-7
outer loop
vertex -84.32400512695312 16.21131134033203 -1
vertex -84.35250091552734 -62.55135726928711 -16.284461975097656
vertex -84.33610534667969 -17.227922439575195 -1
endloop
endfacet
facet normal 0 0 1
outer loop
vertex 24.435131072998047 29.111194610595703 0
vertex 23.606515884399414 26.018762588500977 0
vertex 26.161758422851562 32.455074310302734 0
endloop
endfacet
facet normal 0 0 1
outer loop
vertex 26.72116470336914 32.26023483276367 0
vertex 22.253496170043945 23.117198944091797 0
vertex 26.88557243347168 32.21980285644531 0
endloop
endfacet
facet normal 0 0 1
outer loop
vertex 62.12812042236328 25.252887725830078 0
vertex 64.3033447265625 24.83727264404297 0
vertex 64.33104705810547 24.896669387817383 0
endloop
endfacet
facet normal -3.494373402289741e-14 -1.8288667292640367e-13 1
outer loop
vertex 62.12812042236328 25.252887725830078 0
vertex 64.115966796875 24.457183837890625 -7.606086171053211e-14
vertex 64.3033447265625 24.83727264404297 0
endloop
endfacet
facet normal 0 0 1
outer loop
vertex -83.32404327392578 16.111753463745117 0
vertex -83.35249328613281 -62.530418395996094 0
vertex -81.8453598022461 15.868255615234375 0
endloop
endfacet
facet normal 0 0 1
outer loop
vertex 26.88557243347168 32.21980285644531 0
vertex 22.253496170043945 23.117198944091797 0
vertex 27.30547523498535 32.16264724731445 0
endloop
endfacet
facet normal -0.00012929458860275146 -0.9999999916410813 8.640441515316772e-7
outer loop
vertex -71.7190933227539 -65.76032257080078 -1.6676164865493774
vertex -19.438323974609375 -65.76708984375 -10.524024963378906
vertex -19.55250358581543 -65.76707458496094 -9.949999809265137
endloop
endfacet
facet normal 0 0 1
outer loop
vertex 23.606515884399414 26.018762588500977 0
vertex 26.72116470336914 32.26023483276367 0
vertex 26.317670822143555 32.38975143432617 0
endloop
endfacet
facet normal -0.00012937479484503796 -0.9999999916310813 0
outer loop
vertex -70.9754409790039 -65.76042175292969 -1.6606764793395996
vertex -19.55250358581543 -65.76707458496094 -9.949999809265137
vertex -19.55250358581543 -65.76707458496094 -4.949999809265137
endloop
endfacet
facet normal -3.997191437784936e-13 -1.0941772758558998e-12 1
outer loop
vertex 62.12812042236328 25.252887725830078 0
vertex 64.06999206542969 24.358600616455078 -2.0230536267474425e-13
vertex 64.115966796875 24.457183837890625 -7.606086171053211e-14
endloop
endfacet
facet normal -9.225249476891611e-13 -2.229407510980479e-12 1
outer loop
vertex 62.12812042236328 25.252887725830078 0
vertex 64.05427551269531 24.29994010925293 -3.475824500182717e-13
vertex 64.06999206542969 24.358600616455078 -2.0230536267474425e-13
endloop
endfacet
facet normal 3.024595677444922e-13 2.466049360157905e-13 1
outer loop
vertex 62.12812042236328 25.252887725830078 0
vertex 63.933780670166016 23.893661499023438 -2.109473213511917e-13
vertex 64.05427551269531 24.29994010925293 -3.475824500182717e-13
endloop
endfacet
facet normal 1.6959306822860302e-12 2.0977577083548162e-12 1
outer loop
vertex 62.12812042236328 25.252887725830078 0
vertex 63.91190719604492 23.81203269958496 -2.613982215225871e-15
vertex 63.933780670166016 23.893661499023438 -2.109473213511917e-13
endloop
endfacet
facet normal 0 0 1
outer loop
vertex 39.68393325805664 15.341766357421875 0
vertex 31.316869735717773 29.84817886352539 0
vertex 33.9793815612793 11.250533103942871 0
endloop
endfacet
facet normal 0.8298638704163763 -0.5579659087613625 0.00003518037092233617
outer loop
vertex 20.296634674072266 -64.63249206542969 -16.347383499145508
vertex 20.361244201660156 -64.5363998413086 -16.373746871948242
vertex 20.67758560180664 -64.0658950805664 -16.222591400146484
endloop
endfacet
facet normal 0 0 1
outer loop
vertex 31.316869735717773 29.84817886352539 0
vertex 31.137981414794922 30.327369689941406 0
vertex 33.9793815612793 11.250533103942871 0
endloop
endfacet
facet normal -0.3826830063095549 0.9238797089891524 0
outer loop
vertex 0.3827548623085022 50.34025192260742 -1
vertex -2.1908047199249268 49.27425003051758 -7.062469005584717
vertex -2.1908047199249268 49.27425003051758 -1
endloop
endfacet
facet normal -0.45399459300566675 0.8910044385532649 0
outer loop
vertex -2.1908047199249268 49.27425003051758 -1
vertex -2.3658432960510254 49.185062408447266 -7.054349422454834
vertex -2.3658432960510254 49.185062408447266 -1
endloop
endfacet
facet normal -0.5224982372587993 0.8526403650200051 0
outer loop
vertex -2.3658432960510254 49.185062408447266 -1
vertex -4.740958213806152 47.729591369628906 -7.174307823181152
vertex -4.740958213806152 47.729591369628906 -1
endloop
endfacet
facet normal -0.5877859977660844 0.8090164527561405 0
outer loop
vertex -4.740958213806152 47.729591369628906 -1
vertex -4.899889945983887 47.61412048339844 -7.168532371520996
vertex -4.899889945983887 47.61412048339844 -1
endloop
endfacet
facet normal 0 0 1
outer loop
vertex -9.344929695129395 41.80590057373047 0
vertex -9.720643997192383 41.609893798828125 0
vertex -9.558504104614258 41.48386764526367 0
endloop
endfacet
facet normal 0 0 1
outer loop
vertex -9.720643997192383 41.609893798828125 0
vertex -9.876524925231934 41.54447937011719 0
vertex -9.558504104614258 41.48386764526367 0
endloop
endfacet
facet normal 0 0 1
outer loop
vertex -9.876524925231934 41.54447937011719 0
vertex -10.156932830810547 40.200531005859375 0
vertex -9.558504104614258 41.48386764526367 0
endloop
endfacet
facet normal 0 0 1
outer loop
vertex -9.876524925231934 41.54447937011719 0
vertex -10.279153823852539 41.41227722167969 0
vertex -10.156932830810547 40.200531005859375 0
endloop
endfacet
facet normal 0 0 1
outer loop
vertex -10.444670677185059 41.37656784057617 0
vertex -10.156932830810547 40.200531005859375 0
vertex -10.279153823852539 41.41227722167969 0
endloop
endfacet
facet normal 0 0 1
outer loop
vertex -10.444670677185059 41.37656784057617 0
vertex -10.864209175109863 41.31683349609375 0
vertex -10.156932830810547 40.200531005859375 0
endloop
endfacet
facet normal 0 0 1
outer loop
vertex -11.004373550415039 41.30457305908203 0
vertex -10.156932830810547 40.200531005859375 0
vertex -10.864209175109863 41.31683349609375 0
endloop
endfacet
facet normal 0.7604064046277578 0.6494475342943128 -3.5250681479004384e-7
outer loop
vertex 21.567710876464844 43.65724182128906 -7.494364261627197
vertex 19.851980209350586 45.666107177734375 -7.311154365539551
vertex 21.661083221435547 43.54792022705078 -1
endloop
endfacet
facet normal 0 0 1
outer loop
vertex -18.652503967285156 40.200531005859375 0
vertex -10.156932830810547 40.200531005859375 0
vertex -11.004373550415039 41.30457305908203 0
endloop
endfacet
facet normal 0.649453254633193 0.7604015189663635 0
outer loop
vertex 19.616594314575195 45.887413024902344 -7.3282952308654785
vertex 19.71306800842285 45.805015563964844 -1
vertex 19.71306800842285 45.805015563964844 -7.31480073928833
endloop
endfacet
facet normal 1.624768569739273e-15 2.341982315173708e-15 1
outer loop
vertex 63.91190719604492 23.81203269958496 -2.613982215225871e-15
vertex 62.380958557128906 23.757999420166016 0
vertex 63.70848846435547 22.83701515197754 0
endloop
endfacet
facet normal 0.7070970719823061 0.7071164902574746 0
outer loop
vertex 19.851980209350586 45.666107177734375 -7.311154365539551
vertex 19.71306800842285 45.805015563964844 -7.31480073928833
vertex 19.851980209350586 45.666107177734375 -1
endloop
endfacet
facet normal 0.6494483183585664 0.7604057349739104 1.301470513283205e-7
outer loop
vertex 19.71306800842285 45.805015563964844 -1
vertex 19.616594314575195 45.887413024902344 -7.3282952308654785
vertex 17.594881057739258 47.61412048339844 -7.168532371520996
endloop
endfacet
facet normal 0 0 1
outer loop
vertex -19.27363395690918 41.300724029541016 0
vertex -20.152503967285156 40.38045120239258 0
vertex -11.004373550415039 41.30457305908203 0
endloop
endfacet
facet normal 0 0 1
outer loop
vertex -11.004373550415039 41.30457305908203 0
vertex -20.159133911132812 40.30467224121094 0
vertex -18.652503967285156 40.200531005859375 0
endloop
endfacet
facet normal -0.00012927866629449663 -0.9999999916435133 0
outer loop
vertex -4.552504539489746 -65.7690200805664 -4.949999809265137
vertex -4.552504539489746 -65.7690200805664 -9.949999809265137
vertex 2.8243839740753174 -65.76997375488281 -5
endloop
endfacet
facet normal 0 0 1
outer loop
vertex -20.159133911132812 40.30467224121094 0
vertex -11.004373550415039 41.30457305908203 0
vertex -20.152503967285156 40.38045120239258 0
endloop
endfacet
facet normal 0 0 1
outer loop
vertex -20.152503967285156 40.421852111816406 0
vertex -20.152503967285156 40.38045120239258 0
vertex -19.27363395690918 41.300724029541016 0
endloop
endfacet
facet normal 0 0 1
outer loop
vertex -20.159133911132812 40.30467224121094 0
vertex -20.18806266784668 39.925453186035156 0
vertex -18.652503967285156 40.200531005859375 0
endloop
endfacet
facet normal 0 0 1
outer loop
vertex -20.18806266784668 39.925453186035156 0
vertex -20.196624755859375 39.82758331298828 0
vertex -18.652503967285156 40.200531005859375 0
endloop
endfacet
facet normal 0 0 1
outer loop
vertex -20.196624755859375 39.82758331298828 0
vertex -20.21282196044922 39.76713943481445 0
vertex -18.652503967285156 40.200531005859375 0
endloop
endfacet
facet normal 0 0 1
outer loop
vertex -18.652503967285156 40.200531005859375 0
vertex -20.30896759033203 39.35440444946289 0
vertex -18.652503967285156 39.800533294677734 0
endloop
endfacet
facet normal 0 0 1
outer loop
vertex -20.21282196044922 39.76713943481445 0
vertex -20.30896759033203 39.35440444946289 0
vertex -18.652503967285156 40.200531005859375 0
endloop
endfacet
facet normal 0 0 1
outer loop
vertex -20.30896759033203 39.35440444946289 0
vertex -20.341289520263672 39.24729919433594 0
vertex -18.652503967285156 39.800533294677734 0
endloop
endfacet
facet normal 0 0 1
outer loop
vertex -20.365705490112305 39.194942474365234 0
vertex -18.652503967285156 39.800533294677734 0
vertex -20.341289520263672 39.24729919433594 0
endloop
endfacet
facet normal 0 0 1
outer loop
vertex -20.365705490112305 39.194942474365234 0
vertex -20.533395767211914 38.805763244628906 0
vertex -18.652503967285156 39.800533294677734 0
endloop
endfacet
facet normal 0.07845871871806095 0.9969173634043696 0
outer loop
vertex 7.832075595855713 51.19142532348633 -6.921915054321289
vertex 6.445720672607422 51.300533294677734 -6.90485143661499
vertex 7.832075595855713 51.19142532348633 -3.5
endloop
endfacet
facet normal -0.30901952427398893 0.9510556942774054 0
outer loop
vertex 0.5695903897285461 50.40095901489258 -6.98184061050415
vertex 0.3827548623085022 50.34025192260742 -6.971221923828125
vertex 0.5695903897285461 50.40095901489258 -1
endloop
endfacet
facet normal -0.23344680608730736 0.9723695741473551 3.554195434309738e-7
outer loop
vertex 0.6241064071655273 50.41404724121094 -6.9900007247924805
vertex 0.5695903897285461 50.40095901489258 -6.98184061050415
vertex 3.2782247066497803 51.051246643066406 -1
endloop
endfacet
facet normal -0.23344604766562746 0.9723697562292327 0
outer loop
vertex 3.2782247066497803 51.051246643066406 -6.921020984649658
vertex 0.6241064071655273 50.41404724121094 -6.9900007247924805
vertex 3.2782247066497803 51.051246643066406 -1
endloop
endfacet
facet normal -0.14663980223600073 0.989189901061667 -0.00032869103442703695
outer loop
vertex 3.500622034072876 51.08420944213867 -6.938764572143555
vertex 3.2782247066497803 51.051246643066406 -6.921020984649658
vertex 3.472256660461426 51.08197784423828 -1
endloop
endfacet
facet normal -0.07844573446496618 0.9969183851772503 -0.000006311552855224882
outer loop
vertex 6.249270439147949 51.300533294677734 -1
vertex 6.249746799468994 51.300533294677734 -6.920640468597412
vertex 3.500622034072876 51.08420944213867 -6.938764572143555
endloop
endfacet
facet normal 0 1 0
outer loop
vertex 6.445720672607422 51.300533294677734 -6.90485143661499
vertex 6.249746799468994 51.300533294677734 -6.920640468597412
vertex 6.445720672607422 51.300533294677734 -1
endloop
endfacet
facet normal 0.23344617096181 0.9723697266283383 0
outer loop
vertex 12.070884704589844 50.41404724121094 -6.9900007247924805
vertex 9.808995246887207 50.95708084106445 -6.931214809417725
vertex 9.808995246887207 50.95708084106445 -3.5
endloop
endfacet
facet normal 0.23344758037279684 0.9723693882563799 0
outer loop
vertex 12.12540054321289 50.40095901489258 -6.98184061050415
vertex 12.070884704589844 50.41404724121094 -6.9900007247924805
vertex 12.12540054321289 50.40095901489258 -1
endloop
endfacet
facet normal 0.3090198809541284 0.9510555783838798 0
outer loop
vertex 12.312235832214355 50.34025192260742 -6.971221923828125
vertex 12.12540054321289 50.40095901489258 -6.98184061050415
vertex 12.312235832214355 50.34025192260742 -1
endloop
endfacet
facet normal 0.38268253775703437 0.9238799030695413 2.2513129432630098e-7
outer loop
vertex 14.809645652770996 49.30579376220703 -7.073338985443115
vertex 12.312235832214355 50.34025192260742 -6.971221923828125
vertex 14.885795593261719 49.27425003051758 -1
endloop
endfacet
facet normal 0.3826978634593734 0.9238735548242686 0
outer loop
vertex 14.885795593261719 49.27425003051758 -7.062469005584717
vertex 14.809645652770996 49.30579376220703 -7.073338985443115
vertex 14.885795593261719 49.27425003051758 -1
endloop
endfacet
facet normal 0.4539950839329264 0.8910041884103213 0
outer loop
vertex 15.060833930969238 49.185062408447266 -7.054349422454834
vertex 14.885795593261719 49.27425003051758 -7.062469005584717
vertex 15.060833930969238 49.185062408447266 -1
endloop
endfacet
facet normal 0.5224982460574151 0.8526403596282097 -4.5899548412357035e-8
outer loop
vertex 17.345355987548828 47.78510665893555 -7.186920166015625
vertex 15.060833930969238 49.185062408447266 -7.054349422454834
vertex 17.435949325561523 47.729591369628906 -1
endloop
endfacet
facet normal 0 0 1
outer loop
vertex -20.533395767211914 38.805763244628906 0
vertex -18.652503967285156 32.300533294677734 0
vertex -18.652503967285156 39.800533294677734 0
endloop
endfacet
facet normal 0 0 1
outer loop
vertex -20.5826473236084 38.70014190673828 0
vertex -18.652503967285156 32.300533294677734 0
vertex -20.533395767211914 38.805763244628906 0
endloop
endfacet
facet normal 0 0 1
outer loop
vertex -20.613025665283203 38.65675735473633 0
vertex -18.652503967285156 32.300533294677734 0
vertex -20.5826473236084 38.70014190673828 0
endloop
endfacet
facet normal 0 0 1
outer loop
vertex -20.844038009643555 38.30149459838867 0
vertex -18.652503967285156 32.300533294677734 0
vertex -20.613025665283203 38.65675735473633 0
endloop
endfacet
facet normal 0 0 1
outer loop
vertex -20.947689056396484 38.16804122924805 0
vertex -18.652503967285156 32.300533294677734 0
vertex -20.844038009643555 38.30149459838867 0
endloop
endfacet
facet normal 0 0 1
outer loop
vertex -20.947689056396484 38.16804122924805 0
vertex -21.233154296875 37.85483169555664 0
vertex -18.652503967285156 32.300533294677734 0
endloop
endfacet
facet normal 0 0 1
outer loop
vertex -21.233154296875 37.85483169555664 0
vertex -21.324596405029297 37.7676887512207 0
vertex -18.652503967285156 32.300533294677734 0
endloop
endfacet
facet normal 0 0 1
outer loop
vertex 63.70848846435547 22.83701515197754 0
vertex 62.96551513671875 21.44016456604004 0
vertex 63.40353775024414 22.103382110595703 0
endloop
endfacet
facet normal 0 0 1
outer loop
vertex -21.324596405029297 37.7676887512207 0
vertex -21.360097885131836 37.742828369140625 0
vertex -18.652503967285156 32.300533294677734 0
endloop
endfacet
facet normal 0 0 1
outer loop
vertex -21.360097885131836 37.742828369140625 0
vertex -21.696212768554688 37.484745025634766 0
vertex -18.652503967285156 32.300533294677734 0
endloop
endfacet
facet normal 0 0 1
outer loop
vertex -21.696212768554688 37.484745025634766 0
vertex -21.803499221801758 37.40962600708008 0
vertex -18.652503967285156 32.300533294677734 0
endloop
endfacet
facet normal 0 0 1
outer loop
vertex -21.803499221801758 37.40962600708008 0
vertex -21.838415145874023 37.393341064453125 0
vertex -18.652503967285156 32.300533294677734 0
endloop
endfacet
facet normal 0 0 1
outer loop
vertex -21.838415145874023 37.393341064453125 0
vertex -22.21329116821289 37.195735931396484 0
vertex -18.652503967285156 32.300533294677734 0
endloop
endfacet
facet normal 0 0 1
outer loop
vertex -22.21329116821289 37.195735931396484 0
vertex -22.336355209350586 37.13835144042969 0
vertex -18.652503967285156 32.300533294677734 0
endloop
endfacet
facet normal -0.6494484529732121 0.7604056200020497 0
outer loop
vertex -4.899889945983887 47.61412048339844 -1
vertex -7.018077373504639 45.805015563964844 -7.314337253570557
vertex -7.018077373504639 45.805015563964844 -1
endloop
endfacet
facet normal -0.7070982856255454 0.7071152766454807 0
outer loop
vertex -7.018077373504639 45.805015563964844 -1
vertex -7.156989097595215 45.666107177734375 -7.310020923614502
vertex -7.156989097595215 45.666107177734375 -1
endloop
endfacet
facet normal -0.760405885945088 0.6494481415941276 0
outer loop
vertex -7.156989097595215 45.666107177734375 -1
vertex -8.966092109680176 43.54792022705078 -7.493627548217773
vertex -8.966092109680176 43.54792022705078 -1
endloop
endfacet
facet normal -0.8090189336078613 0.5877825831580916 0
outer loop
vertex -8.966092109680176 43.54792022705078 -1
vertex -9.123641967773438 43.33106994628906 -7.53474235534668
vertex -9.123641967773438 43.33106994628906 -1
endloop
endfacet
facet normal -0.0001295260262352812 -0.9999999916111697 -8.180087832769383e-7
outer loop
vertex -19.438323974609375 -65.76708984375 -4.375974655151367
vertex -69.75833892822266 -65.76057434082031 -1.6269797086715698
vertex -19.55250358581543 -65.76707458496094 -4.949999809265137
endloop
endfacet
facet normal -0.00012982309111228302 -0.9999999915461756 -0.000007322146627483271
outer loop
vertex -19.438323974609375 -65.76708984375 -4.375974655151367
vertex -19.1131649017334 -65.76713562011719 -3.8893399238586426
vertex -68.37422943115234 -65.76075744628906 -1.5608022212982178
endloop
endfacet
facet normal -0.0001292091211334721 -0.9999999916364464 0.000005666612492816202
outer loop
vertex -18.626529693603516 -65.76719665527344 -3.564180612564087
vertex -68.37422943115234 -65.76075744628906 -1.5608022212982178
vertex -19.1131649017334 -65.76713562011719 -3.8893399238586426
endloop
endfacet
facet normal -0.00013001792546163063 -0.9999999914419541 -0.000014540661678203172
outer loop
vertex -18.05250358581543 -65.76727294921875 -3.450000047683716
vertex -67.61908721923828 -65.76085662841797 -1.5089858770370483
vertex -18.626529693603516 -65.76719665527344 -3.564180612564087
endloop
endfacet
facet normal -0.000129063933331878 -0.9999999916409816 0.000007780612744104726
outer loop
vertex -18.05250358581543 -65.76727294921875 -3.450000047683716
vertex -6.052504539489746 -65.7688217163086 -3.450000047683716
vertex -67.61908721923828 -65.76085662841797 -1
endloop
endfacet
facet normal 0 0 1
outer loop
vertex -66.26554107666016 -64.42802429199219 0
vertex -66.42774963378906 -64.53640747070312 0
vertex 8.424384117126465 -64.77069854736328 0
endloop
endfacet
facet normal 0 0 1
outer loop
vertex -66.15715026855469 -64.26580810546875 0
vertex -66.26554107666016 -64.42802429199219 0
vertex 8.424384117126465 -64.77069854736328 0
endloop
endfacet
facet normal 0 0 1
outer loop
vertex -66.11908721923828 -64.07447052001953 0
vertex -66.15715026855469 -64.26580810546875 0
vertex 8.424384117126465 -64.77069854736328 0
endloop
endfacet
facet normal -0.00012948347530201097 -0.9999999916132001 -0.0000027621485254388003
outer loop
vertex 4.324383735656738 -65.77017211914062 -1
vertex -67.61908721923828 -65.76085662841797 -1
vertex -6.052504539489746 -65.7688217163086 -3.450000047683716
endloop
endfacet
facet normal 0 0 1
outer loop
vertex -19.55250358581543 -63.574466705322266 0
vertex -66.11908721923828 -64.07447052001953 0
vertex 3.3243839740753174 -64.57447052001953 0
endloop
endfacet
facet normal -0.7439415072418749 0.6682447409465242 0
outer loop
vertex -9.468945503234863 42.946651458740234 -7.613976955413818
vertex -9.468945503234863 42.946651458740234 -1
vertex -9.123641967773438 43.33106994628906 -1
endloop
endfacet
facet normal -0.6056270837363229 0.795748600655406 0
outer loop
vertex -9.468945503234863 42.946651458740234 -1
vertex -9.806158065795898 42.690006256103516 -7.679089069366455
vertex -9.806158065795898 42.690006256103516 -1
endloop
endfacet
facet normal -0.46253155063976253 0.8866028223859751 0
outer loop
vertex -9.806158065795898 42.690006256103516 -1
vertex -10.181873321533203 42.49399948120117 -7.749885082244873
vertex -10.181873321533203 42.49399948120117 -1
endloop
endfacet
facet normal -0.30616677626022126 0.9519778910836202 0.0000015513401682655513
outer loop
vertex -10.181873321533203 42.49399948120117 -1
vertex -10.585295677185059 42.36426544189453 -7.8231072425842285
vertex -10.24807071685791 42.47270965576172 -1
endloop
endfacet
facet normal -0.306138329716804 0.9519870393436066 0
outer loop
vertex -10.585295677185059 42.36426544189453 -7.8231072425842285
vertex -10.585295677185059 42.36426544189453 -1
vertex -10.24807071685791 42.47270965576172 -1
endloop
endfacet
facet normal -0.0004604063718955285 0.9999998940129806 0
outer loop
vertex -19.688037872314453 42.300533294677734 -7.619304656982422
vertex -19.688037872314453 42.300533294677734 -1
vertex -11.004834175109863 42.30453109741211 -1
endloop
endfacet
facet normal -0.7071067811865475 0.7071067811865475 0
outer loop
vertex -19.688037872314453 42.300533294677734 -1
vertex -21.152503967285156 40.83606719970703 -7.6459550857543945
vertex -21.152503967285156 40.83606719970703 -1
endloop
endfacet
facet normal 0.6245250845057865 -0.7810047495521651 0
outer loop
vertex 69.88726806640625 26.558557510375977 -1
vertex 70.51045989990234 27.056888580322266 -8.64128303527832
vertex 70.51045989990234 27.056888580322266 -1
endloop
endfacet
facet normal 0.6245234697949126 -0.7810060407418603 -2.1589497008993924e-7
outer loop
vertex 69.74114227294922 26.441709518432617 -1
vertex 70.51045989990234 27.056888580322266 -8.64128303527832
vertex 69.88726806640625 26.558557510375977 -1
endloop
endfacet
facet normal 0.4660091295504596 -0.8847799111505767 2.5480812866456046e-8
outer loop
vertex 68.86959838867188 25.9826717376709 -1
vertex 68.91519165039062 26.006685256958008 -8.721325874328613
vertex 69.74114227294922 26.441709518432617 -1
endloop
endfacet
facet normal 0.2907703262830412 -0.9567928811154762 0
outer loop
vertex 67.9271240234375 25.696252822875977 -1
vertex 68.86959838867188 25.9826717376709 -8.712162017822266
vertex 68.86959838867188 25.9826717376709 -1
endloop
endfacet
facet normal -0.1409594575970166 0.9900153692311826 0
outer loop
vertex -10.585295677185059 42.36426544189453 -1
vertex -11.004834175109863 42.30453109741211 -7.866434097290039
vertex -11.004834175109863 42.30453109741211 -1
endloop
endfacet
facet normal -0.00012954856312713905 -0.9999999916082541 8.133107300423979e-7
outer loop
vertex -4.666685104370117 -65.76900482177734 -4.375974655151367
vertex -4.552504539489746 -65.7690200805664 -4.949999809265137
vertex 8.424384117126465 -65.77069854736328 -1.6665111780166626
endloop
endfacet
facet normal -0.0001307653862450918 -0.9999999914278119 0.000006692524865049709
outer loop
vertex -4.991844177246094 -65.76895904541016 -3.8893399238586426
vertex -4.666685104370117 -65.76900482177734 -4.375974655151367
vertex 8.424384117126465 -65.77069854736328 -1.6665111780166626
endloop
endfacet
facet normal -0.00012881534066187868 -0.9999999916904146 -0.000005077278469803329
outer loop
vertex -5.478479385375977 -65.7688980102539 -3.564180612564087
vertex -4.991844177246094 -65.76895904541016 -3.8893399238586426
vertex 8.424384117126465 -65.77069854736328 -1.6665111780166626
endloop
endfacet
facet normal -0.00013089285455256922 -0.9999999913820882 0.000010143176724420274
outer loop
vertex -6.052504539489746 -65.7688217163086 -3.450000047683716
vertex -5.478479385375977 -65.7688980102539 -3.564180612564087
vertex 8.424384117126465 -65.77069854736328 -1.6665111780166626
endloop
endfacet
facet normal -0.5882354793628631 0.8086896937755189 0
outer loop
vertex -46.754783630371094 40.65617752075195 -1
vertex -47.55137252807617 40.076744079589844 -7.7140350341796875
vertex -47.55137252807617 40.076744079589844 -1
endloop
endfacet
facet normal 0.5877859977660844 0.8090164527561405 0
outer loop
vertex 17.435949325561523 47.729591369628906 -7.174307823181152
vertex 17.594881057739258 47.61412048339844 -1
vertex 17.594881057739258 47.61412048339844 -7.168532371520996
endloop
endfacet
facet normal 0.1257087707641916 -0.9920671877211522 0
outer loop
vertex 66.89163970947266 25.56504249572754 -1
vertex 67.9271240234375 25.696252822875977 -8.69454574584961
vertex 67.9271240234375 25.696252822875977 -1
endloop
endfacet
facet normal 0 0 1
outer loop
vertex 3.3243839740753174 -64.57447052001953 0
vertex -66.11908721923828 -64.07447052001953 0
vertex 8.424384117126465 -64.77069854736328 0
endloop
endfacet
facet normal 0.26114674382359654 -0.9652991133272282 0
outer loop
vertex 66.48257446289062 25.454376220703125 -1
vertex 66.89163970947266 25.56504249572754 -8.825322151184082
vertex 66.89163970947266 25.56504249572754 -1
endloop
endfacet
facet normal 0 0 1
outer loop
vertex -19.55250358581543 -63.574466705322266 0
vertex 3.3243839740753174 -64.57447052001953 0
vertex 3.133042097091675 -64.53640747070312 0
endloop
endfacet
facet normal 0 0 1
outer loop
vertex -19.55250358581543 -63.574466705322266 0
vertex 2.9708304405212402 -64.42802429199219 0
vertex 2.8624441623687744 -64.26580810546875 0
endloop
endfacet
facet normal 0 0 1
outer loop
vertex 2.9708304405212402 -64.42802429199219 0
vertex -19.55250358581543 -63.574466705322266 0
vertex 3.133042097091675 -64.53640747070312 0
endloop
endfacet
facet normal 0 0 1
outer loop
vertex -19.55250358581543 -63.574466705322266 0
vertex 2.8624441623687744 -64.26580810546875 0
vertex 2.8243839740753174 -64.07447052001953 0
endloop
endfacet
facet normal 0 0 1
outer loop
vertex 2.8243839740753174 -63.574466705322266 0
vertex -19.55250358581543 -63.574466705322266 0
vertex 2.8243839740753174 -64.07447052001953 0
endloop
endfacet
facet normal -0.5005707266343156 0.8656956425421128 0.00004604771098313074
outer loop
vertex 31.001127243041992 35.43880844116211 -8.226371765136719
vertex 30.906030654907227 35.383819580078125 -8.20358657836914
vertex 46.59292221069336 44.45440673828125 -7.531966686248779
endloop
endfacet
facet normal 0.835736063600551 0.5491313431206196 0
outer loop
vertex 25.620132446289062 34.10143280029297 -8.434588432312012
vertex 25.590944290161133 34.14585494995117 -8.413662910461426
vertex 25.620132446289062 34.10143280029297 -1
endloop
endfacet
facet normal 0.8357175836973347 0.5491594670940583 2.412736698419955e-7
outer loop
vertex 25.620132446289062 34.10143280029297 -1
vertex 25.590944290161133 34.14585494995117 -8.413662910461426
vertex 25.38741683959961 34.45558547973633 -8.345193862915039
endloop
endfacet
facet normal 0.42042829838950335 -0.9073257661464854 0
outer loop
vertex 66.09807586669922 25.27621078491211 -1
vertex 66.48257446289062 25.454376220703125 -8.846109390258789
vertex 66.48257446289062 25.454376220703125 -1
endloop
endfacet
facet normal 0.567637764637252 -0.8232784268749082 0
outer loop
vertex 65.74919891357422 25.03566551208496 -1
vertex 66.09807586669922 25.27621078491211 -8.882808685302734
vertex 66.09807586669922 25.27621078491211 -1
endloop
endfacet
facet normal 0.6985261891468235 -0.7155844905222695 0
outer loop
vertex 65.44595336914062 24.739648818969727 -1
vertex 65.74919891357422 25.03566551208496 -8.946585655212402
vertex 65.74919891357422 25.03566551208496 -1
endloop
endfacet
facet normal 0.6051928138582081 0.7960789270256966 0
outer loop
vertex 26.246673583984375 33.535213470458984 -8.508055686950684
vertex 25.964130401611328 33.75000762939453 -8.490659713745117
vertex 26.246673583984375 33.535213470458984 -1
endloop
endfacet
facet normal 0.6052132467484774 0.7960633931783873 -0.000001216148357788704
outer loop
vertex 26.246673583984375 33.535213470458984 -1
vertex 25.964130401611328 33.75000762939453 -8.490659713745117
vertex 25.90932273864746 33.79167556762695 -8.493416786193848
endloop
endfacet
facet normal 0.8093688098224178 -0.5873007148698552 0
outer loop
vertex 65.31681823730469 24.56168556213379 -1
vertex 65.44595336914062 24.739648818969727 -8.999067306518555
vertex 65.44595336914062 24.739648818969727 -1
endloop
endfacet
facet normal 0.8093440707332624 -0.5873348067053163 -0.0000011578574419797141
outer loop
vertex 65.19706726074219 24.396669387817383 -1
vertex 65.44595336914062 24.739648818969727 -8.999067306518555
vertex 65.31681823730469 24.56168556213379 -1
endloop
endfacet
facet normal 0.8969228126750535 -0.44218714149444965 1.9603000532163456e-7
outer loop
vertex 65.00968170166016 24.01658058166504 -1
vertex 65.18180084228516 24.365699768066406 -9.00208568572998
vertex 65.19706726074219 24.396669387817383 -1
endloop
endfacet
facet normal 0.7309612401005484 0.682418980883935 0
outer loop
vertex 25.90932273864746 33.79167556762695 -8.493416786193848
vertex 25.658424377441406 34.060420989990234 -8.446149826049805
vertex 25.90932273864746 33.79167556762695 -1
endloop
endfacet
facet normal 0.7309289762249931 0.6824535381322558 0.0000023343682580595527
outer loop
vertex 25.90932273864746 33.79167556762695 -1
vertex 25.658424377441406 34.060420989990234 -8.446149826049805
vertex 25.620132446289062 34.10143280029297 -8.434588432312012
endloop
endfacet
facet normal 0.9164616970534373 0.40012242855647795 0
outer loop
vertex 25.38741683959961 34.45558547973633 -8.345193862915039
vertex 25.36292266845703 34.511688232421875 -8.322603225708008
vertex 25.38741683959961 34.45558547973633 -1
endloop
endfacet
facet normal 0.916462783256953 0.40011994064894946 -2.2694677078792052e-8
outer loop
vertex 25.38741683959961 34.45558547973633 -1
vertex 25.36292266845703 34.511688232421875 -8.322603225708008
vertex 25.217857360839844 34.843955993652344 -8.263989448547363
endloop
endfacet
facet normal 0.9728249760245372 0.2315417155133362 0
outer loop
vertex 25.217857360839844 34.843955993652344 -8.263989448547363
vertex 25.2044734954834 34.90018844604492 -8.243729591369629
vertex 25.217857360839844 34.843955993652344 -1
endloop
endfacet
facet normal 0.972817519141041 0.23157304344893961 2.569737796793815e-7
outer loop
vertex 25.217857360839844 34.843955993652344 -1
vertex 25.2044734954834 34.90018844604492 -8.243729591369629
vertex 25.137771606445312 35.180397033691406 -8.201802253723145
endloop
endfacet
facet normal 0.9587259764039586 -0.2843316763364156 0
outer loop
vertex 64.88919067382812 23.610301971435547 -1
vertex 65.00968170166016 24.01658058166504 -9.018445014953613
vertex 65.00968170166016 24.01658058166504 -1
endloop
endfacet
facet normal 0.9793535437652455 -0.2021549809291264 0
outer loop
vertex 64.66854095458984 22.541349411010742 -1
vertex 64.88919067382812 23.610301971435547 -9.050416946411133
vertex 64.88919067382812 23.610301971435547 -1
endloop
endfacet
facet normal 0.9234010418871827 -0.38383657439288577 0
outer loop
vertex 64.29041290283203 21.631681442260742 -1
vertex 64.66854095458984 22.541349411010742 -9.063410758972168
vertex 64.66854095458984 22.541349411010742 -1
endloop
endfacet
facet normal -0.9804426910070576 0.1968047993125113 0.000024867682627486947
outer loop
vertex -84.2907485961914 16.376991271972656 -9.702767372131348
vertex -84.32400512695312 16.21131134033203 -9.683337211608887
vertex -84.13014221191406 17.177082061767578 -9.556059837341309
endloop
endfacet
facet normal -0.8377787057297326 0.5460099266685671 0.000014324809298264231
outer loop
vertex -83.6720962524414 18.22014808654785 -9.609691619873047
vertex -83.75759887695312 18.08895492553711 -9.57547664642334
vertex -83.21975708007812 18.91419792175293 -9.468206405639648
endloop
endfacet
facet normal 0.8344379999170053 -0.5511018275187516 0
outer loop
vertex 63.74750900268555 20.809656143188477 -1
vertex 64.29041290283203 21.631681442260742 -8.961379051208496
vertex 64.29041290283203 21.631681442260742 -1
endloop
endfacet
facet normal -0.5759030153974362 0.8175180220009934 -0.000023658477664360834
outer loop
vertex -82.53591918945312 19.623188018798828 -9.507603645324707
vertex -81.73063659667969 20.19047737121582 -9.313344955444336
vertex -82.4451904296875 19.687101364135742 -9.53527545928955
endloop
endfacet
facet normal 0.7155161589455725 -0.6985961825602643 0
outer loop
vertex 63.74750900268555 20.809656143188477 -1
vertex 63.059303283691406 20.104782104492188 -1
vertex 63.74750900268555 20.809656143188477 -9.030406951904297
endloop
endfacet
facet normal 0 0 1
outer loop
vertex 57.08588409423828 35.49654006958008 0
vertex 65.53258514404297 26.09638023376465 0
vertex 65.53550720214844 28.458236694335938 0
endloop
endfacet
facet normal 0 0 1
outer loop
vertex 57.08588409423828 35.49654006958008 0
vertex 65.18370819091797 25.855833053588867 0
vertex 65.53258514404297 26.09638023376465 0
endloop
endfacet
facet normal 0 0 1
outer loop
vertex 57.08588409423828 35.49654006958008 0
vertex 65.05327606201172 25.748573303222656 0
vertex 65.10640716552734 25.80171012878418 0
endloop
endfacet
facet normal 0 0 1
outer loop
vertex 65.18370819091797 25.855833053588867 0
vertex 57.08588409423828 35.49654006958008 0
vertex 65.10640716552734 25.80171012878418 0
endloop
endfacet
facet normal 0.9728183064830425 0.2315697358711987 9.370079162830646e-8
outer loop
vertex 25.217857360839844 34.843955993652344 -1
vertex 25.137771606445312 35.180397033691406 -8.201802253723145
vertex 24.447921752929688 38.07843780517578 -7.879200458526611
endloop
endfacet
facet normal 0.951058895342868 0.3090096723230579 0
outer loop
vertex 24.387216567993164 38.26527404785156 -7.875072002410889
vertex 24.447921752929688 38.07843780517578 -1
vertex 24.447921752929688 38.07843780517578 -7.879200458526611
endloop
endfacet
facet normal 0.9238784371356951 0.3826860768249942 0
outer loop
vertex 24.387216567993164 38.26527404785156 -7.875072002410889
vertex 24.324220657348633 38.4173583984375 -7.885181903839111
vertex 24.387216567993164 38.26527404785156 -1
endloop
endfacet
facet normal 0.3056218985187524 0.9521529578517274 0
outer loop
vertex 27.02598762512207 33.209896087646484 -8.538522720336914
vertex 26.622495651245117 33.33940887451172 -8.520280838012695
vertex 27.02598762512207 33.209896087646484 -1
endloop
endfacet
facet normal 0.1404193813060475 0.9900921155900732 0
outer loop
vertex 27.445558547973633 33.150390625 -8.558253288269043
vertex 27.02598762512207 33.209896087646484 -8.538522720336914
vertex 27.445558547973633 33.150390625 -1
endloop
endfacet
facet normal -0.028865840552716363 0.9995832948002038 0.000002356669875212065
outer loop
vertex 27.495227813720703 33.151824951171875 -8.551198959350586
vertex 27.445558547973633 33.150390625 -8.558253288269043
vertex 27.869152069091797 33.16260528564453 -1
endloop
endfacet
facet normal 0 0 1
outer loop
vertex -22.36891746520996 37.1296272277832 0
vertex -18.652503967285156 32.300533294677734 0
vertex -22.336355209350586 37.13835144042969 0
endloop
endfacet
facet normal 0 0 1
outer loop
vertex 57.08588409423828 35.49654006958008 0
vertex 64.75003051757812 25.452556610107422 0
vertex 65.05327606201172 25.748573303222656 0
endloop
endfacet
facet normal 0 0 1
outer loop
vertex 57.08588409423828 35.49654006958008 0
vertex 64.6799087524414 25.382436752319336 0
vertex 64.75003051757812 25.452556610107422 0
endloop
endfacet
facet normal 0 0 1
outer loop
vertex 57.08588409423828 35.49654006958008 0
vertex 64.63660430908203 25.326967239379883 0
vertex 64.6799087524414 25.382436752319336 0
endloop
endfacet
facet normal 0 0 1
outer loop
vertex 64.63660430908203 25.326967239379883 0
vertex 57.08588409423828 35.49654006958008 0
vertex 62.12812042236328 25.252887725830078 0
endloop
endfacet
facet normal 2.0980831664326923e-15 7.832507549922472e-16 1
outer loop
vertex 62.12812042236328 25.252887725830078 0
vertex 62.307010650634766 24.773696899414062 0
vertex 63.91190719604492 23.81203269958496 -2.613982215225871e-15
endloop
endfacet
facet normal 1.8124399637086027e-15 3.065481915056866e-16 1
outer loop
vertex 62.307010650634766 24.773696899414062 0
vertex 62.392311096191406 24.269365310668945 0
vertex 63.91190719604492 23.81203269958496 -2.613982215225871e-15
endloop
endfacet
facet normal 1.7087653485699005e-15 -3.793531349775291e-17 1
outer loop
vertex 62.392311096191406 24.269365310668945 0
vertex 62.380958557128906 23.757999420166016 0
vertex 63.91190719604492 23.81203269958496 -2.613982215225871e-15
endloop
endfacet
facet normal 0 0 1
outer loop
vertex 62.380958557128906 23.757999420166016 0
vertex 62.27336120605469 23.257949829101562 0
vertex 63.70848846435547 22.83701515197754 0
endloop
endfacet
facet normal 0 0 1
outer loop
vertex 62.27336120605469 23.257949829101562 0
vertex 62.07338333129883 22.78717041015625 0
vertex 63.70848846435547 22.83701515197754 0
endloop
endfacet
facet normal 0 0 1
outer loop
vertex 62.07338333129883 22.78717041015625 0
vertex 61.78820037841797 22.362558364868164 0
vertex 63.70848846435547 22.83701515197754 0
endloop
endfacet
facet normal 0 0 1
outer loop
vertex 61.78820037841797 22.362558364868164 0
vertex 61.42805099487305 21.999353408813477 0
vertex 63.70848846435547 22.83701515197754 0
endloop
endfacet
facet normal 0 0 1
outer loop
vertex -22.77178382873535 36.99817657470703 0
vertex -18.652503967285156 32.300533294677734 0
vertex -22.36891746520996 37.1296272277832 0
endloop
endfacet
facet normal 0 0 1
outer loop
vertex -22.93637466430664 36.959266662597656 0
vertex -18.652503967285156 32.300533294677734 0
vertex -22.77178382873535 36.99817657470703 0
endloop
endfacet
facet normal 0 0 1
outer loop
vertex -23.355350494384766 36.895668029785156 0
vertex -18.652503967285156 32.300533294677734 0
vertex -22.93637466430664 36.959266662597656 0
endloop
endfacet
facet normal 0 0 1
outer loop
vertex -23.355350494384766 36.895668029785156 0
vertex -23.11817169189453 34.32880783081055 0
vertex -18.652503967285156 32.300533294677734 0
endloop
endfacet
facet normal 0 0 1
outer loop
vertex -23.524499893188477 36.88717269897461 0
vertex -23.11817169189453 34.32880783081055 0
vertex -23.355350494384766 36.895668029785156 0
endloop
endfacet
facet normal 0 0 1
outer loop
vertex 63.70848846435547 22.83701515197754 0
vertex 62.40849685668945 20.869653701782227 0
vertex 62.96551513671875 21.44016456604004 0
endloop
endfacet
facet normal 0 0 1
outer loop
vertex 61.42805099487305 21.999353408813477 0
vertex 62.40849685668945 20.869653701782227 0
vertex 63.70848846435547 22.83701515197754 0
endloop
endfacet
facet normal 0 0 1
outer loop
vertex 61.42805099487305 21.999353408813477 0
vertex 61.753929138183594 20.409589767456055 0
vertex 62.40849685668945 20.869653701782227 0
endloop
endfacet
facet normal 0 0 1
outer loop
vertex -23.94814682006836 36.8973503112793 0
vertex -23.11817169189453 34.32880783081055 0
vertex -23.524499893188477 36.88717269897461 0
endloop
endfacet
facet normal 0 0 1
outer loop
vertex -23.94814682006836 36.8973503112793 0
vertex -23.81645393371582 35.070098876953125 0
vertex -23.432043075561523 34.7326774597168 0
endloop
endfacet
facet normal 0 0 1
outer loop
vertex -23.432043075561523 34.7326774597168 0
vertex -23.11817169189453 34.32880783081055 0
vertex -23.94814682006836 36.8973503112793 0
endloop
endfacet
facet normal 0.46205309455278476 0.8868522638039525 0
outer loop
vertex 26.622495651245117 33.33940887451172 -8.520280838012695
vertex 26.246673583984375 33.535213470458984 -8.508055686950684
vertex 26.622495651245117 33.33940887451172 -1
endloop
endfacet
facet normal 0 0 1
outer loop
vertex 61.42805099487305 21.999353408813477 0
vertex 45.646942138671875 12.842246055603027 0
vertex 61.753929138183594 20.409589767456055 0
endloop
endfacet
facet normal 0 0 1
outer loop
vertex -24.097816467285156 36.91044616699219 0
vertex -23.81645393371582 35.070098876953125 0
vertex -23.94814682006836 36.8973503112793 0
endloop
endfacet
facet normal 0 0 1
outer loop
vertex -24.739662170410156 35.49997329711914 0
vertex -24.257604598999023 35.32896423339844 0
vertex -24.097816467285156 36.91044616699219 0
endloop
endfacet
facet normal 0 0 1
outer loop
vertex 45.646942138671875 12.842246055603027 0
vertex 46.62012481689453 11.6674222946167 0
vertex 61.753929138183594 20.409589767456055 0
endloop
endfacet
facet normal 0 0 1
outer loop
vertex -24.257604598999023 35.32896423339844 0
vertex -23.81645393371582 35.070098876953125 0
vertex -24.097816467285156 36.91044616699219 0
endloop
endfacet
facet normal -0.028818288431058065 0.9995846668751499 0
outer loop
vertex 27.869152069091797 33.16260528564453 -8.578784942626953
vertex 27.495227813720703 33.151824951171875 -8.551198959350586
vertex 27.869152069091797 33.16260528564453 -1
endloop
endfacet
facet normal -0.19726676287398806 0.9803498478924761 0.000001554592581137286
outer loop
vertex 27.945722579956055 33.17801284790039 -8.568817138671875
vertex 27.869152069091797 33.16260528564453 -8.578784942626953
vertex 28.284595489501953 33.24618911743164 -1
endloop
endfacet
facet normal -0.19724258693957314 0.9803547122838762 4.283657032516134e-7
outer loop
vertex 28.14584732055664 33.21827697753906 -8.586747169494629
vertex 27.945722579956055 33.17801284790039 -8.568817138671875
vertex 28.284595489501953 33.24618911743164 -1
endloop
endfacet
facet normal -0.1972200750197361 0.980359241303518 0
outer loop
vertex 28.284595489501953 33.24618911743164 -8.585421562194824
vertex 28.14584732055664 33.21827697753906 -8.586747169494629
vertex 28.284595489501953 33.24618911743164 -1
endloop
endfacet
facet normal -0.3599887849970161 0.9329566306513187 3.3292190175031137e-7
outer loop
vertex 28.660076141357422 33.39107131958008 -8.547894477844238
vertex 28.284595489501953 33.24618911743164 -8.585421562194824
vertex 28.679954528808594 33.398738861083984 -1
endloop
endfacet
facet normal -0.49977789579846155 0.8661535123139326 -0.0003846784372131971
outer loop
vertex 28.875015258789062 33.5151252746582 -8.475238800048828
vertex 28.660076141357422 33.39107131958008 -8.547894477844238
vertex 29.043869018554688 33.615875244140625 -1
endloop
endfacet
facet normal -0.5123915166053307 0.8587519628570807 0
outer loop
vertex 29.043869018554688 33.615875244140625 -8.456354141235352
vertex 28.875015258789062 33.5151252746582 -8.475238800048828
vertex 29.043869018554688 33.615875244140625 -1
endloop
endfacet
facet normal 0.37819879782236787 0.9257244023576071 -0.000014330623575826437
outer loop
vertex -57.73908233642578 20.28062629699707 -9.48654842376709
vertex -57.815513610839844 20.311851501464844 -9.506251335144043
vertex -58.65095520019531 20.653167724609375 -9.383999824523926
endloop
endfacet
facet normal -0.6500643364323256 0.7598791736182423 -2.3976781959895226e-7
outer loop
vertex 29.225858688354492 33.77156448364258 -8.386628150939941
vertex 29.043869018554688 33.615875244140625 -8.456354141235352
vertex 29.365880966186523 33.891353607177734 -1
endloop
endfacet
facet normal -0.650071639809345 0.7598729256366417 0
outer loop
vertex 29.365880966186523 33.891353607177734 -8.372153282165527
vertex 29.225858688354492 33.77156448364258 -8.386628150939941
vertex 29.365880966186523 33.891353607177734 -1
endloop
endfacet
facet normal -0.7518949454877704 0.6592829369472306 4.2043207414067425e-7
outer loop
vertex 29.48911476135254 34.031898498535156 -8.32707691192627
vertex 29.365880966186523 33.891353607177734 -8.372153282165527
vertex 30.141569137573242 34.7760009765625 -1
endloop
endfacet
facet normal -0.7518928932748741 0.659285277435147 0
outer loop
vertex 30.141569137573242 34.7760009765625 -8.163049697875977
vertex 29.48911476135254 34.031898498535156 -8.32707691192627
vertex 30.141569137573242 34.7760009765625 -1
endloop
endfacet
facet normal -0.6223506036120118 0.7827386065499545 0
outer loop
vertex 30.906030654907227 35.383819580078125 -8.20358657836914
vertex 30.141569137573242 34.7760009765625 -8.163049697875977
vertex 30.906030654907227 35.383819580078125 -1
endloop
endfacet
facet normal 0.9238794862057401 0.3826835441565435 -6.554167568753548e-8
outer loop
vertex 24.324220657348633 38.4173583984375 -7.885181903839111
vertex 23.321212768554688 40.83883285522461 -7.667784690856934
vertex 24.387216567993164 38.26527404785156 -1
endloop
endfacet
facet normal 0.89100711526574 0.4539893396830199 0
outer loop
vertex 23.232027053833008 41.01387023925781 -7.66802978515625
vertex 23.321212768554688 40.83883285522461 -1
vertex 23.321212768554688 40.83883285522461 -7.667784690856934
endloop
endfacet
facet normal 0.8526429120195311 0.5224940809070031 0
outer loop
vertex 23.232027053833008 41.01387023925781 -7.66802978515625
vertex 23.150205612182617 41.14739227294922 -7.681408405303955
vertex 23.232027053833008 41.01387023925781 -1
endloop
endfacet
facet normal 0.8526398461109556 0.5224990840411754 1.3752874444985762e-7
outer loop
vertex 23.232027053833008 41.01387023925781 -1
vertex 23.150205612182617 41.14739227294922 -7.681408405303955
vertex 21.776554107666016 43.38898468017578 -7.478893756866455
endloop
endfacet
facet normal 0.5750275220291359 -0.8181340653640036 0
outer loop
vertex 62.2926025390625 19.56590461730957 -1
vertex 63.059303283691406 20.104782104492188 -9.221097946166992
vertex 63.059303283691406 20.104782104492188 -1
endloop
endfacet
facet normal 0.8090231614048871 0.587776764010319 0
outer loop
vertex 21.776554107666016 43.38898468017578 -7.478893756866455
vertex 21.661083221435547 43.54792022705078 -7.480681419372559
vertex 21.776554107666016 43.38898468017578 -1
endloop
endfacet
facet normal 0.5001990037578842 -0.8659104784211934 0
outer loop
vertex 47.12031173706055 10.801528930664062 -1
vertex 62.2926025390625 19.56590461730957 -9.192317008972168
vertex 62.2926025390625 19.56590461730957 -1
endloop
endfacet
facet normal 0 0 1
outer loop
vertex -23.11817169189453 34.32880783081055 0
vertex -21.652503967285156 32.300533294677734 0
vertex -18.652503967285156 32.300533294677734 0
endloop
endfacet
facet normal 0 0 1
outer loop
vertex -22.744176864624023 33.3815803527832 0
vertex -22.697479248046875 32.87222671508789 0
vertex -21.652503967285156 32.300533294677734 0
endloop
endfacet
facet normal 0 0 1
outer loop
vertex -23.11817169189453 34.32880783081055 0
vertex -22.886106491088867 33.872989654541016 0
vertex -21.652503967285156 32.300533294677734 0
endloop
endfacet
facet normal 0 0 1
outer loop
vertex -22.886106491088867 33.872989654541016 0
vertex -22.744176864624023 33.3815803527832 0
vertex -21.652503967285156 32.300533294677734 0
endloop
endfacet
facet normal 0 0 1
outer loop
vertex 45.646942138671875 12.842246055603027 0
vertex 46.53239440917969 11.605993270874023 0
vertex 46.62012481689453 11.6674222946167 0
endloop
endfacet
facet normal 0 0 1
outer loop
vertex -24.097816467285156 36.91044616699219 0
vertex -43.33698654174805 40.309574127197266 0
vertex -24.739662170410156 35.49997329711914 0
endloop
endfacet
facet normal 0.7603960630647227 0.6494596425303656 0
outer loop
vertex 21.661083221435547 43.54792022705078 -7.480681419372559
vertex 21.567710876464844 43.65724182128906 -7.494364261627197
vertex 21.661083221435547 43.54792022705078 -1
endloop
endfacet
facet normal -0.5005692496707322 0.8656964977889654 0
outer loop
vertex 46.59292221069336 44.45440673828125 -7.531966686248779
vertex 30.906030654907227 35.383819580078125 -8.20358657836914
vertex 46.59292221069336 44.45440673828125 -1
endloop
endfacet
facet normal 0 0 1
outer loop
vertex -43.33698654174805 40.309574127197266 0
vertex -44.09919738769531 38.880558013916016 0
vertex -24.739662170410156 35.49997329711914 0
endloop
endfacet
facet normal -1 0 0
outer loop
vertex -21.152503967285156 40.83606719970703 -1
vertex -21.152503967285156 40.38045120239258 -7.766907691955566
vertex -21.152503967285156 40.38045120239258 -1
endloop
endfacet
facet normal -0.9971029314495974 0.07606407887182398 2.0411399113788813e-8
outer loop
vertex -21.152503967285156 40.38045120239258 -1
vertex -21.180309295654297 40.015960693359375 -7.839298725128174
vertex -21.181432723999023 40.0012321472168 -1
endloop
endfacet
facet normal -0.9720157230704083 0.2349158021587971 0
outer loop
vertex -21.181432723999023 40.0012321472168 -1
vertex -21.280982971191406 39.58932113647461 -7.896224498748779
vertex -21.280982971191406 39.58932113647461 -1
endloop
endfacet
facet normal -0.9183738000336986 0.3957139919330994 -1.8808869539857402e-7
outer loop
vertex -21.280982971191406 39.58932113647461 -1
vertex -21.448673248291016 39.20014190673828 -7.962501049041748
vertex -21.427303314208984 39.24974060058594 -1
endloop
endfacet
facet normal -0.9183833951653515 0.3956917227900553 0
outer loop
vertex -21.448673248291016 39.20014190673828 -7.962501049041748
vertex -21.448673248291016 39.20014190673828 -1
vertex -21.427303314208984 39.24974060058594 -1
endloop
endfacet
facet normal -0.8383475576072973 0.5451361047058607 0
outer loop
vertex -21.448673248291016 39.20014190673828 -1
vertex -21.679685592651367 38.84487533569336 -8.037846565246582
vertex -21.679685592651367 38.84487533569336 -1
endloop
endfacet
facet normal -0.7342282115864681 0.6789027421586515 0
outer loop
vertex -21.679685592651367 38.84487533569336 -1
vertex -21.967382431030273 38.53373336791992 -8.0945463180542
vertex -21.967382431030273 38.53373336791992 -1
endloop
endfacet
facet normal -0.6090166525608381 0.793157435131003 0
outer loop
vertex -21.967382431030273 38.53373336791992 -1
vertex -22.303499221801758 38.27565002441406 -8.10219669342041
vertex -22.303499221801758 38.27565002441406 -1
endloop
endfacet
facet normal -0.46630433718720915 0.8846243638519107 0
outer loop
vertex -22.303499221801758 38.27565002441406 -1
vertex -22.678375244140625 38.07804489135742 -8.103326797485352
vertex -22.678375244140625 38.07804489135742 -1
endloop
endfacet
facet normal -0.31019376343013877 0.9506733556427501 0
outer loop
vertex -22.678375244140625 38.07804489135742 -1
vertex -23.081241607666016 37.94659423828125 -8.106938362121582
vertex -23.081241607666016 37.94659423828125 -1
endloop
endfacet
facet normal -0.1451727594837662 0.989406321944563 0
outer loop
vertex -23.081241607666016 37.94659423828125 -1
vertex -23.500520706176758 37.885074615478516 -8.113344192504883
vertex -23.500520706176758 37.885074615478516 -1
endloop
endfacet
facet normal 0.024016878110600593 0.999711553182127 0
outer loop
vertex -23.92416763305664 37.8952522277832 -8.12251091003418
vertex -23.92416763305664 37.8952522277832 -1
vertex -23.500520706176758 37.885074615478516 -1
endloop
endfacet
facet normal 0.1739830226324987 0.9847486521116235 0
outer loop
vertex -23.92416763305664 37.8952522277832 -1
vertex -43.197654724121094 41.300445556640625 -7.706054210662842
vertex -43.197654724121094 41.300445556640625 -1
endloop
endfacet
facet normal -0.3826825532870692 0.9238798966368352 0
outer loop
vertex -2.114654779434204 49.30579376220703 -7.073338985443115
vertex 0.3827548623085022 50.34025192260742 -1
vertex 0.3827548623085022 50.34025192260742 -6.971221923828125
endloop
endfacet
facet normal -0.3826970146111373 0.923873906417529 0.000006966922397292227
outer loop
vertex -2.114654779434204 49.30579376220703 -7.073338985443115
vertex -2.1908047199249268 49.27425003051758 -7.062469005584717
vertex 0.3827548623085022 50.34025192260742 -1
endloop
endfacet
facet normal -0.4539945930056668 0.8910044385532649 0
outer loop
vertex -2.1908047199249268 49.27425003051758 -7.062469005584717
vertex -2.3658432960510254 49.185062408447266 -7.054349422454834
vertex -2.1908047199249268 49.27425003051758 -1
endloop
endfacet
facet normal -0.5224982479938043 0.8526403584415911 0
outer loop
vertex -4.650365352630615 47.78510665893555 -7.186920166015625
vertex -2.3658432960510254 49.185062408447266 -1
vertex -2.3658432960510254 49.185062408447266 -7.054349422454834
endloop
endfacet
facet normal -0.9804420589368269 0.19680794970659965 0
outer loop
vertex -84.13014221191406 17.177082061767578 -9.556059837341309
vertex -84.32400512695312 16.21131134033203 -9.683337211608887
vertex -84.13014221191406 17.177082061767578 -1
endloop
endfacet
facet normal -0.9257231602898437 0.3782018383125398 0
outer loop
vertex -83.75759887695312 18.08895492553711 -9.57547664642334
vertex -84.13014221191406 17.177082061767578 -9.556059837341309
vertex -83.75759887695312 18.08895492553711 -1
endloop
endfacet
facet normal -0.8377778540577471 0.5460112336302214 0
outer loop
vertex -83.21975708007812 18.91419792175293 -9.468206405639648
vertex -83.75759887695312 18.08895492553711 -9.57547664642334
vertex -83.21975708007812 18.91419792175293 -1
endloop
endfacet
facet normal -0.7197586299223419 0.6942243979091438 0
outer loop
vertex -82.53591918945312 19.623188018798828 -9.507603645324707
vertex -83.21975708007812 18.91419792175293 -9.468206405639648
vertex -82.53591918945312 19.623188018798828 -1
endloop
endfacet
facet normal -0.575906829828942 0.8175153352423293 0
outer loop
vertex -81.73063659667969 20.19047737121582 -9.313344955444336
vertex -82.53591918945312 19.623188018798828 -9.507603645324707
vertex -81.73063659667969 20.19047737121582 -1
endloop
endfacet
facet normal -0.23208821088009504 0.9726947426456445 0
outer loop
vertex -79.87467193603516 20.824316024780273 -9.462592124938965
vertex -80.83280944824219 20.595701217651367 -9.279317855834961
vertex -79.87467193603516 20.824316024780273 -1
endloop
endfacet
facet normal -0.06995465052235635 0.9975501726077843 6.887999280523456e-7
outer loop
vertex -79.83553314208984 20.82706069946289 -9.477184295654297
vertex -79.87467193603516 20.824316024780273 -9.462592124938965
vertex -79.14424896240234 20.875532150268555 -1
endloop
endfacet
facet normal -0.06994624513020263 0.9975507620127337 0
outer loop
vertex -79.83553314208984 20.82706069946289 -9.477184295654297
vertex -79.14424896240234 20.875532150268555 -1
vertex -79.14424896240234 20.875532150268555 -9.420677185058594
endloop
endfacet
facet normal 0.0014593247121877572 0.9999989351851253 0
outer loop
vertex -73.11894989013672 20.86673927307129 -9.43851089477539
vertex -79.14424896240234 20.875532150268555 -9.420677185058594
vertex -79.14424896240234 20.875532150268555 -1
endloop
endfacet
facet normal 0 0 1
outer loop
vertex 45.646942138671875 12.842246055603027 0
vertex 46.32683563232422 11.455768585205078 0
vertex 46.53239440917969 11.605993270874023 0
endloop
endfacet
facet normal 0 0 1
outer loop
vertex 45.646942138671875 12.842246055603027 0
vertex 46.28396987915039 11.427260398864746 0
vertex 46.32683563232422 11.455768585205078 0
endloop
endfacet
facet normal -0.5224979803099687 0.8526405224782512 -1.3596000421249756e-7
outer loop
vertex -4.650365352630615 47.78510665893555 -7.186920166015625
vertex -4.740958213806152 47.729591369628906 -7.174307823181152
vertex -2.3658432960510254 49.185062408447266 -1
endloop
endfacet
facet normal -0.5877859977660844 0.8090164527561405 0
outer loop
vertex -4.740958213806152 47.729591369628906 -7.174307823181152
vertex -4.899889945983887 47.61412048339844 -7.168532371520996
vertex -4.740958213806152 47.729591369628906 -1
endloop
endfacet
facet normal -0.6494479635929985 0.760406037972416 0
outer loop
vertex -6.921435356140137 45.88755798339844 -7.328281879425049
vertex -4.899889945983887 47.61412048339844 -1
vertex -4.899889945983887 47.61412048339844 -7.168532371520996
endloop
endfacet
facet normal -0.6494582169662002 0.7603972806257234 0.000005664691715155936
outer loop
vertex -6.921435356140137 45.88755798339844 -7.328281879425049
vertex -7.018077373504639 45.805015563964844 -7.314337253570557
vertex -4.899889945983887 47.61412048339844 -1
endloop
endfacet
facet normal -0.7070982856255453 0.7071152766454806 0
outer loop
vertex -7.018077373504639 45.805015563964844 -7.314337253570557
vertex -7.156989097595215 45.666107177734375 -7.310020923614502
vertex -7.018077373504639 45.805015563964844 -1
endloop
endfacet
facet normal 0 0 1
outer loop
vertex 45.646942138671875 12.842246055603027 0
vertex 37.5474967956543 6.26497745513916 0
vertex 46.28396987915039 11.427260398864746 0
endloop
endfacet
facet normal -0.760405885945088 0.6494481415941276 0
outer loop
vertex -7.156989097595215 45.666107177734375 -7.310020923614502
vertex -8.966092109680176 43.54792022705078 -7.493627548217773
vertex -7.156989097595215 45.666107177734375 -1
endloop
endfacet
facet normal -0.8090189336078613 0.5877825831580916 0
outer loop
vertex -8.966092109680176 43.54792022705078 -7.493627548217773
vertex -9.123641967773438 43.33106994628906 -7.53474235534668
vertex -8.966092109680176 43.54792022705078 -1
endloop
endfacet
facet normal -0.7439518264054933 0.6682332526804775 0
outer loop
vertex -9.123641967773438 43.33106994628906 -7.53474235534668
vertex -9.171893119812012 43.27735137939453 -7.547961711883545
vertex -9.123641967773438 43.33106994628906 -1
endloop
endfacet
facet normal -0.7439310330063437 0.6682564014882285 -3.4313368653246493e-7
outer loop
vertex -9.171893119812012 43.27735137939453 -7.547961711883545
vertex -9.28338623046875 43.15323257446289 -7.550749778747559
vertex -9.123641967773438 43.33106994628906 -1
endloop
endfacet
facet normal -0.7439451801435063 0.6682406519668356 4.2941566404076164e-7
outer loop
vertex -9.28338623046875 43.15323257446289 -7.550749778747559
vertex -9.468945503234863 42.946651458740234 -7.613976955413818
vertex -9.123641967773438 43.33106994628906 -1
endloop
endfacet
facet normal -0.6056206389712374 0.7957535055857876 0
outer loop
vertex -9.468945503234863 42.946651458740234 -7.613976955413818
vertex -9.583677291870117 42.85933303833008 -7.615864276885986
vertex -9.468945503234863 42.946651458740234 -1
endloop
endfacet
facet normal -0.6056304555882777 0.7957460344003374 2.688462261376166e-7
outer loop
vertex -9.583677291870117 42.85933303833008 -7.615864276885986
vertex -9.806158065795898 42.690006256103516 -7.679089069366455
vertex -9.468945503234863 42.946651458740234 -1
endloop
endfacet
facet normal 0.5900458907172356 -0.8073697088990297 0
outer loop
vertex 46.914756774902344 10.651304244995117 -1
vertex 47.12031173706055 10.801528930664062 -10.023423194885254
vertex 47.12031173706055 10.801528930664062 -1
endloop
endfacet
facet normal 0.001459382596072255 0.9999989351006522 0
outer loop
vertex -59.61672592163086 20.847034454345703 -9.46987247467041
vertex -71.11923217773438 20.863821029663086 -9.444429397583008
vertex -71.11923217773438 20.863821029663086 -3.5
endloop
endfacet
facet normal -0.41137887783883664 0.9114644364252835 0
outer loop
vertex -80.83280944824219 20.595701217651367 -9.279317855834961
vertex -81.73063659667969 20.19047737121582 -9.313344955444336
vertex -80.83280944824219 20.595701217651367 -1
endloop
endfacet
facet normal 0.0018034947577286293 0.9999983435063404 0.000245746279706987
outer loop
vertex -73.11894989013672 20.86673927307129 -9.43851089477539
vertex -79.14424896240234 20.875532150268555 -1
vertex -73.11908721923828 20.865280151367188 -3.5
endloop
endfacet
facet normal 0.6307866753270407 -0.7759562940203905 0
outer loop
vertex 40.864315032958984 5.7328081130981445 -1
vertex 46.914756774902344 10.651304244995117 -10.039701461791992
vertex 46.914756774902344 10.651304244995117 -1
endloop
endfacet
facet normal 0.6245247778048567 -0.7810049948033588 0
outer loop
vertex 69.74114227294922 26.441709518432617 -1
vertex 69.74114227294922 26.441709518432617 -8.605226516723633
vertex 70.51045989990234 27.056888580322266 -8.64128303527832
endloop
endfacet
facet normal 0.4660093160258437 -0.8847798129349049 0
outer loop
vertex 68.91519165039062 26.006685256958008 -8.721325874328613
vertex 69.74114227294922 26.441709518432617 -8.605226516723633
vertex 69.74114227294922 26.441709518432617 -1
endloop
endfacet
facet normal 0.4660057514207994 -0.8847816903862422 0
outer loop
vertex 68.86959838867188 25.9826717376709 -8.712162017822266
vertex 68.91519165039062 26.006685256958008 -8.721325874328613
vertex 68.86959838867188 25.9826717376709 -1
endloop
endfacet
facet normal 0.2907703262830412 -0.9567928811154762 0
outer loop
vertex 68.86959838867188 25.9826717376709 -8.712162017822266
vertex 67.9271240234375 25.696252822875977 -1
vertex 67.9271240234375 25.696252822875977 -8.69454574584961
endloop
endfacet
facet normal 0.1257087707641916 -0.9920671877211522 0
outer loop
vertex 67.9271240234375 25.696252822875977 -8.69454574584961
vertex 66.89163970947266 25.56504249572754 -1
vertex 66.89163970947266 25.56504249572754 -8.825322151184082
endloop
endfacet
facet normal 0.2611441847872669 -0.9652998056312728 -1.435631038938245e-7
outer loop
vertex 66.48257446289062 25.454376220703125 -1
vertex 66.72618865966797 25.520282745361328 -8.83364486694336
vertex 66.89163970947266 25.56504249572754 -8.825322151184082
endloop
endfacet
facet normal 0.26114848636502125 -0.9652986419079116 0
outer loop
vertex 66.48257446289062 25.454376220703125 -8.846109390258789
vertex 66.72618865966797 25.520282745361328 -8.83364486694336
vertex 66.48257446289062 25.454376220703125 -1
endloop
endfacet
facet normal 0.42042829838950335 -0.9073257661464854 0
outer loop
vertex 66.09807586669922 25.27621078491211 -1
vertex 66.09807586669922 25.27621078491211 -8.882808685302734
vertex 66.48257446289062 25.454376220703125 -8.846109390258789
endloop
endfacet
facet normal 0.5676355755962931 -0.8232799361805465 -1.429391885028453e-7
outer loop
vertex 65.74919891357422 25.03566551208496 -1
vertex 65.7966537475586 25.06838607788086 -8.92866325378418
vertex 66.09807586669922 25.27621078491211 -8.882808685302734
endloop
endfacet
facet normal 0.5676517622493703 -0.8232687755618965 0
outer loop
vertex 65.74919891357422 25.03566551208496 -8.946585655212402
vertex 65.7966537475586 25.06838607788086 -8.92866325378418
vertex 65.74919891357422 25.03566551208496 -1
endloop
endfacet
facet normal 0.6985032392856314 -0.7156068925775904 -0.000001710272320292978
outer loop
vertex 65.44595336914062 24.739648818969727 -1
vertex 65.68376159667969 24.971792221069336 -8.952735900878906
vertex 65.74919891357422 25.03566551208496 -8.946585655212402
endloop
endfacet
facet normal 0.6985325264936028 -0.7155783041921157 0
outer loop
vertex 65.44595336914062 24.739648818969727 -8.999067306518555
vertex 65.68376159667969 24.971792221069336 -8.952735900878906
vertex 65.44595336914062 24.739648818969727 -1
endloop
endfacet
facet normal 0.8093634701467518 -0.587308073494361 5.91994819358864e-7
outer loop
vertex 65.19706726074219 24.396669387817383 -1
vertex 65.32127380371094 24.567829132080078 -9.005085945129395
vertex 65.44595336914062 24.739648818969727 -8.999067306518555
endloop
endfacet
facet normal 0.001459382596072255 0.9999989351006522 0
outer loop
vertex -59.61672592163086 20.847034454345703 -9.46987247467041
vertex -71.11923217773438 20.863821029663086 -3.5
vertex -59.61672592163086 20.847034454345703 -1
endloop
endfacet
facet normal 0.19681167234922992 0.9804413116689339 0
outer loop
vertex -58.65095520019531 20.653167724609375 -9.383999824523926
vertex -59.61672592163086 20.847034454345703 -9.46987247467041
vertex -58.65095520019531 20.653167724609375 -1
endloop
endfacet
facet normal 0.37820017895621305 0.9257238382139072 0
outer loop
vertex -57.73908233642578 20.28062629699707 -9.48654842376709
vertex -58.65095520019531 20.653167724609375 -9.383999824523926
vertex -57.73908233642578 20.28062629699707 -1
endloop
endfacet
facet normal 0.5460121193740193 0.8377772767846426 0
outer loop
vertex -56.913841247558594 19.74278450012207 -9.4640531539917
vertex -57.73908233642578 20.28062629699707 -9.48654842376709
vertex -56.913841247558594 19.74278450012207 -1
endloop
endfacet
facet normal 0.6684794453281308 0.7437306173432652 0
outer loop
vertex -56.08851623535156 19.00099754333496 -9.641376495361328
vertex -56.127933502197266 19.036426544189453 -9.635730743408203
vertex -56.08851623535156 19.00099754333496 -1
endloop
endfacet
facet normal 0.5242568534641734 0.8515601867136758 1.1716550181548439e-7
outer loop
vertex -56.03281784057617 18.966707229614258 -9.634834289550781
vertex -56.08851623535156 19.00099754333496 -9.641376495361328
vertex -55.7276496887207 18.778831481933594 -1
endloop
endfacet
facet normal 0.5242592575176406 0.8515587066709214 0
outer loop
vertex -55.7276496887207 18.778831481933594 -9.675036430358887
vertex -56.03281784057617 18.966707229614258 -9.634834289550781
vertex -55.7276496887207 18.778831481933594 -1
endloop
endfacet
facet normal 0.3729008168025626 0.9278712091815229 0
outer loop
vertex -55.334449768066406 18.620807647705078 -9.714323997497559
vertex -55.66167449951172 18.752315521240234 -9.6689453125
vertex -55.334449768066406 18.620807647705078 -1
endloop
endfacet
facet normal 0.37291645968487774 0.9278649223327858 -6.858398408245973e-7
outer loop
vertex -55.66167449951172 18.752315521240234 -9.6689453125
vertex -55.7276496887207 18.778831481933594 -9.675036430358887
vertex -55.334449768066406 18.620807647705078 -1
endloop
endfacet
facet normal 0.6684631782140311 0.7437452382180194 1.3423393988089873e-7
outer loop
vertex -56.08851623535156 19.00099754333496 -1
vertex -56.127933502197266 19.036426544189453 -9.635730743408203
vertex -56.913841247558594 19.74278450012207 -9.4640531539917
endloop
endfacet
facet normal 0.21082909554651075 0.9775229370562311 0
outer loop
vertex -54.920204162597656 18.531463623046875 -9.757737159729004
vertex -55.25454330444336 18.603572845458984 -9.708481788635254
vertex -54.920204162597656 18.531463623046875 -1
endloop
endfacet
facet normal 0.04269965551260835 0.9990879537954123 2.9202366845085046e-8
outer loop
vertex -54.82041549682617 18.527198791503906 -9.7520170211792
vertex -54.920204162597656 18.531463623046875 -9.757737159729004
vertex -54.496822357177734 18.513368606567383 -1
endloop
endfacet
facet normal 0.04270044389029408 0.9990879201009147 0
outer loop
vertex -54.496822357177734 18.513368606567383 -9.803297996520996
vertex -54.82041549682617 18.527198791503906 -9.7520170211792
vertex -54.496822357177734 18.513368606567383 -1
endloop
endfacet
facet normal -0.12664781480333862 0.9919477461063134 -3.793696025269962e-7
outer loop
vertex -54.37012481689453 18.529544830322266 -9.79782485961914
vertex -54.496822357177734 18.513368606567383 -9.803297996520996
vertex -54.07646560668945 18.567041397094727 -1
endloop
endfacet
facet normal -0.12666152382349405 0.9919459956987089 8.567878982424164e-8
outer loop
vertex -54.37012481689453 18.529544830322266 -9.79782485961914
vertex -54.07646560668945 18.567041397094727 -1
vertex -54.33272171020508 18.534320831298828 -9.804304122924805
endloop
endfacet
facet normal -0.1266586273441134 0.9919463655456907 0
outer loop
vertex -54.33272171020508 18.534320831298828 -9.804304122924805
vertex -54.07646560668945 18.567041397094727 -1
vertex -54.07646560668945 18.567041397094727 -9.821866989135742
endloop
endfacet
facet normal -0.29237560558075126 0.9563035633423567 -1.3622035523918707e-8
outer loop
vertex -53.91656494140625 18.615928649902344 -9.805936813354492
vertex -54.07646560668945 18.567041397094727 -9.821866989135742
vertex -53.67121505737305 18.690940856933594 -1
endloop
endfacet
facet normal -0.29237605269979866 0.9563034266422371 0
outer loop
vertex -53.67121505737305 18.690940856933594 -9.798746109008789
vertex -53.91656494140625 18.615928649902344 -9.805936813354492
vertex -53.67121505737305 18.690940856933594 -1
endloop
endfacet
facet normal -0.4496801196117959 0.89318967192063 -4.882413147732704e-7
outer loop
vertex -53.52875900268555 18.76266098022461 -9.762532234191895
vertex -53.67121505737305 18.690940856933594 -9.798746109008789
vertex -53.29270935058594 18.881505966186523 -1
endloop
endfacet
facet normal -0.44969457876528157 0.8931823922520618 0
outer loop
vertex -53.29270935058594 18.881505966186523 -9.759190559387207
vertex -53.52875900268555 18.76266098022461 -9.762532234191895
vertex -53.29270935058594 18.881505966186523 -1
endloop
endfacet
facet normal -0.5940875976361539 0.8044003520231096 2.6083649348012656e-8
outer loop
vertex -53.144989013671875 18.990604400634766 -9.720701217651367
vertex -53.29270935058594 18.881505966186523 -9.759190559387207
vertex -52.95182800292969 19.133262634277344 -1
endloop
endfacet
facet normal 0.2108387737713796 0.9775208496366868 -3.8885441568499016e-7
outer loop
vertex -55.25454330444336 18.603572845458984 -9.708481788635254
vertex -55.334449768066406 18.620807647705078 -9.714323997497559
vertex -54.920204162597656 18.531463623046875 -1
endloop
endfacet
facet normal -0.5940868356532091 0.8044009147828942 0
outer loop
vertex -52.95182800292969 19.133262634277344 -9.721532821655273
vertex -53.144989013671875 18.990604400634766 -9.720701217651367
vertex -52.95182800292969 19.133262634277344 -1
endloop
endfacet
facet normal -0.7214176220945865 0.692500263199501 1.192570272397652e-7
outer loop
vertex -52.81064224243164 19.280344009399414 -9.682723045349121
vertex -52.95182800292969 19.133262634277344 -9.721532821655273
vertex -52.65836715698242 19.438976287841797 -1
endloop
endfacet
facet normal -0.7214143610693736 0.692503660382288 0
outer loop
vertex -52.65836715698242 19.438976287841797 -9.687216758728027
vertex -52.81064224243164 19.280344009399414 -9.682723045349121
vertex -52.65836715698242 19.438976287841797 -1
endloop
endfacet
facet normal -0.8280136700762122 0.5607079116321811 0
outer loop
vertex -52.42075729370117 19.78986167907715 -9.60793399810791
vertex -52.65836715698242 19.438976287841797 -9.687216758728027
vertex -52.42075729370117 19.78986167907715 -1
endloop
endfacet
facet normal -0.9108166538451787 0.412811122764633 -2.7409748514432026e-7
outer loop
vertex -52.320674896240234 20.01068115234375 -9.533787727355957
vertex -52.42075729370117 19.78986167907715 -9.60793399810791
vertex -52.24582290649414 20.175838470458984 -1
endloop
endfacet
facet normal -0.9108219789453212 0.4127993733887307 0
outer loop
vertex -52.24582290649414 20.175838470458984 -9.507197380065918
vertex -52.320674896240234 20.01068115234375 -9.533787727355957
vertex -52.24582290649414 20.175838470458984 -1
endloop
endfacet
facet normal -0.9670040455401825 0.25476101724718186 3.1896643399016985e-7
outer loop
vertex -52.18536376953125 20.405324935913086 -9.42991828918457
vertex -52.24582290649414 20.175838470458984 -9.507197380065918
vertex -52.14012908935547 20.57701301574707 -1
endloop
endfacet
facet normal -0.9670001872026825 0.25477566200478613 0
outer loop
vertex -52.14012908935547 20.57701301574707 -9.408546447753906
vertex -52.18536376953125 20.405324935913086 -9.42991828918457
vertex -52.14012908935547 20.57701301574707 -1
endloop
endfacet
facet normal -0.9845194808491993 0.17527518885576265 0
outer loop
vertex -52.10017013549805 20.801462173461914 -9.361639022827148
vertex -52.14012908935547 20.57701301574707 -9.408546447753906
vertex -52.14012908935547 20.57701301574707 -1
endloop
endfacet
facet normal -0.9845164744496216 0.17529207494085117 4.6763560906470297e-7
outer loop
vertex -52.09332275390625 20.839920043945312 -9.361491203308105
vertex -52.10017013549805 20.801462173461914 -9.361639022827148
vertex -52.14012908935547 20.57701301574707 -1
endloop
endfacet
facet normal -0.9804420589368271 0.1968079497065997 0
outer loop
vertex -84.13014221191406 17.177082061767578 -1
vertex -84.32400512695312 16.21131134033203 -9.683337211608887
vertex -84.32400512695312 16.21131134033203 -1
endloop
endfacet
facet normal -0.9257231602898436 0.37820183831253973 0
outer loop
vertex -83.75759887695312 18.08895492553711 -1
vertex -84.13014221191406 17.177082061767578 -9.556059837341309
vertex -84.13014221191406 17.177082061767578 -1
endloop
endfacet
facet normal -0.8377778540577472 0.5460112336302215 0
outer loop
vertex -83.21975708007812 18.91419792175293 -1
vertex -83.75759887695312 18.08895492553711 -9.57547664642334
vertex -83.75759887695312 18.08895492553711 -1
endloop
endfacet
facet normal -0.7197577766560769 0.6942252825582637 0
outer loop
vertex -83.21975708007812 18.91419792175293 -9.468206405639648
vertex -83.21975708007812 18.91419792175293 -1
vertex -82.78137969970703 19.368698120117188 -1
endloop
endfacet
facet normal -0.719760153795294 0.6942228179831815 2.55335524775942e-7
outer loop
vertex -82.53591918945312 19.623188018798828 -1
vertex -83.21975708007812 18.91419792175293 -9.468206405639648
vertex -82.78137969970703 19.368698120117188 -1
endloop
endfacet
facet normal -0.575906829828942 0.8175153352423294 0
outer loop
vertex -81.73063659667969 20.19047737121582 -1
vertex -82.53591918945312 19.623188018798828 -9.507603645324707
vertex -82.53591918945312 19.623188018798828 -1
endloop
endfacet
facet normal -0.06994670921624145 0.9975507294718493 0
outer loop
vertex -79.14424896240234 20.875532150268555 -1
vertex -79.87467193603516 20.824316024780273 -9.462592124938965
vertex -79.87467193603516 20.824316024780273 -1
endloop
endfacet
facet normal -0.41137887783883664 0.9114644364252834 0
outer loop
vertex -80.83280944824219 20.595701217651367 -1
vertex -81.73063659667969 20.19047737121582 -9.313344955444336
vertex -81.73063659667969 20.19047737121582 -1
endloop
endfacet
facet normal -0.23208821088009507 0.9726947426456446 0
outer loop
vertex -79.87467193603516 20.824316024780273 -1
vertex -80.83280944824219 20.595701217651367 -9.279317855834961
vertex -80.83280944824219 20.595701217651367 -1
endloop
endfacet
facet normal -0.46253162611133375 0.8866027830132304 0
outer loop
vertex -9.806158065795898 42.690006256103516 -7.679089069366455
vertex -9.94063663482666 42.619850158691406 -7.683560848236084
vertex -9.806158065795898 42.690006256103516 -1
endloop
endfacet
facet normal -0.4625315079139062 0.8866028446756125 -3.0254849860662225e-9
outer loop
vertex -9.94063663482666 42.619850158691406 -7.683560848236084
vertex -10.181873321533203 42.49399948120117 -7.749885082244873
vertex -9.806158065795898 42.690006256103516 -1
endloop
endfacet
facet normal -0.30614406302450714 0.9519851956174773 0
outer loop
vertex -10.181873321533203 42.49399948120117 -7.749885082244873
vertex -10.345061302185059 42.44152069091797 -7.7576093673706055
vertex -10.181873321533203 42.49399948120117 -1
endloop
endfacet
facet normal -0.3061422619348969 0.9519857748188165 -4.799211443777412e-8
outer loop
vertex -10.345061302185059 42.44152069091797 -7.7576093673706055
vertex -10.585295677185059 42.36426544189453 -7.8231072425842285
vertex -10.181873321533203 42.49399948120117 -1
endloop
endfacet
facet normal -0.7071067811865476 0.7071067811865476 0
outer loop
vertex -19.688037872314453 42.300533294677734 -7.619304656982422
vertex -21.152503967285156 40.83606719970703 -7.6459550857543945
vertex -19.688037872314453 42.300533294677734 -1
endloop
endfacet
facet normal -0.14095122053443188 0.9900165419980891 0
outer loop
vertex -10.585295677185059 42.36426544189453 -7.8231072425842285
vertex -10.741342544555664 42.34204864501953 -7.827944278717041
vertex -10.585295677185059 42.36426544189453 -1
endloop
endfacet
facet normal -0.14096437972546913 0.9900146684006857 3.0683845472517843e-7
outer loop
vertex -10.741342544555664 42.34204864501953 -7.827944278717041
vertex -11.004834175109863 42.30453109741211 -7.866434097290039
vertex -10.585295677185059 42.36426544189453 -1
endloop
endfacet
facet normal 0.0010632513505982788 0.9999982515820053 -0.0015382878462382227
outer loop
vertex -73.319091796875 20.86703109741211 -2.5
vertex -73.11908721923828 20.865280151367188 -3.5
vertex -79.14424896240234 20.875532150268555 -1
endloop
endfacet
facet normal 0.8093503090680799 -0.5873262102200136 0
outer loop
vertex 65.19706726074219 24.396669387817383 -1
vertex 65.19706726074219 24.396669387817383 -9.007060050964355
vertex 65.32127380371094 24.567829132080078 -9.005085945129395
endloop
endfacet
facet normal 0.8969429008634064 -0.44214639271483064 0
outer loop
vertex 65.18180084228516 24.365699768066406 -9.00208568572998
vertex 65.19706726074219 24.396669387817383 -9.007060050964355
vertex 65.19706726074219 24.396669387817383 -1
endloop
endfacet
facet normal 0.8969210306487098 -0.44219075609973596 0
outer loop
vertex 65.00968170166016 24.01658058166504 -1
vertex 65.00968170166016 24.01658058166504 -9.018445014953613
vertex 65.18180084228516 24.365699768066406 -9.00208568572998
endloop
endfacet
facet normal 0.9587281611402698 -0.284324309612161 4.0608666763904754e-7
outer loop
vertex 64.88919067382812 23.610301971435547 -1
vertex 64.91546630859375 23.698890686035156 -9.04233169555664
vertex 65.00968170166016 24.01658058166504 -9.018445014953613
endloop
endfacet
facet normal 0.9587181114399328 -0.2843581945312086 0
outer loop
vertex 64.88919067382812 23.610301971435547 -9.050416946411133
vertex 64.91546630859375 23.698890686035156 -9.04233169555664
vertex 64.88919067382812 23.610301971435547 -1
endloop
endfacet
facet normal 0.9793525221017755 -0.20215993038290708 -6.852019076923874e-7
outer loop
vertex 64.66854095458984 22.541349411010742 -1
vertex 64.69902801513672 22.689069747924805 -9.104747772216797
vertex 64.88919067382812 23.610301971435547 -9.050416946411133
endloop
endfacet
facet normal 0.9793599645613467 -0.20212387245052896 0
outer loop
vertex 64.69902801513672 22.689069747924805 -9.104747772216797
vertex 64.66854095458984 22.541349411010742 -1
vertex 64.66854095458984 22.541349411010742 -9.063410758972168
endloop
endfacet
facet normal 0.9234010418871827 -0.3838365743928857 0
outer loop
vertex 64.29041290283203 21.631681442260742 -8.961379051208496
vertex 64.66854095458984 22.541349411010742 -9.063410758972168
vertex 64.29041290283203 21.631681442260742 -1
endloop
endfacet
facet normal 0.8344379999170053 -0.5511018275187517 0
outer loop
vertex 64.29041290283203 21.631681442260742 -8.961379051208496
vertex 63.74750900268555 20.809656143188477 -1
vertex 63.74750900268555 20.809656143188477 -9.030406951904297
endloop
endfacet
facet normal 0.7155160705265051 -0.698596273120827 -1.5526522895333807e-8
outer loop
vertex 63.059303283691406 20.104782104492188 -1
vertex 63.12639236450195 20.17349624633789 -9.239275932312012
vertex 63.74750900268555 20.809656143188477 -9.030406951904297
endloop
endfacet
facet normal 0.7155170011265177 -0.6985953199806844 0
outer loop
vertex 63.059303283691406 20.104782104492188 -9.221097946166992
vertex 63.12639236450195 20.17349624633789 -9.239275932312012
vertex 63.059303283691406 20.104782104492188 -1
endloop
endfacet
facet normal 0.5750275220291359 -0.8181340653640036 0
outer loop
vertex 63.059303283691406 20.104782104492188 -9.221097946166992
vertex 62.2926025390625 19.56590461730957 -1
vertex 62.2926025390625 19.56590461730957 -9.192317008972168
endloop
endfacet
facet normal 0.500198980307802 -0.8659104919672885 -5.7921896024576635e-8
outer loop
vertex 47.12031173706055 10.801528930664062 -1
vertex 47.3212890625 10.917625427246094 -9.998690605163574
vertex 62.2926025390625 19.56590461730957 -9.192317008972168
endloop
endfacet
facet normal 0.5002009248626001 -0.8659093686793089 0
outer loop
vertex 47.12031173706055 10.801528930664062 -1
vertex 47.12031173706055 10.801528930664062 -10.023423194885254
vertex 47.3212890625 10.917625427246094 -9.998690605163574
endloop
endfacet
facet normal -0.0004604063718955285 0.9999998940129807 0
outer loop
vertex -19.688037872314453 42.300533294677734 -7.619304656982422
vertex -11.004834175109863 42.30453109741211 -1
vertex -11.004834175109863 42.30453109741211 -7.866434097290039
endloop
endfacet
facet normal 0.0007296125999333402 0.9999984457909898 -0.0016050174636976597
outer loop
vertex -71.11923217773438 20.863821029663086 -3.5
vertex -73.11908721923828 20.865280151367188 -3.5
vertex -73.319091796875 20.86703109741211 -2.5
endloop
endfacet
facet normal 0.0014591192231615422 0.9999989354849583 -2.0687331311863197e-7
outer loop
vertex -71.11923217773438 20.863821029663086 -3.5
vertex -73.319091796875 20.86703109741211 -2.5
vertex -70.9190902709961 20.863529205322266 -2.5
endloop
endfacet
facet normal 0.590047095671551 -0.8073688282870264 4.21097394970829e-8
outer loop
vertex 46.914756774902344 10.651304244995117 -1
vertex 47.07728576660156 10.770084381103516 -10.028812408447266
vertex 47.12031173706055 10.801528930664062 -10.023423194885254
endloop
endfacet
facet normal 0.5900455708212917 -0.8073699426868552 0
outer loop
vertex 46.914756774902344 10.651304244995117 -10.039701461791992
vertex 47.07728576660156 10.770084381103516 -10.028812408447266
vertex 46.914756774902344 10.651304244995117 -1
endloop
endfacet
facet normal 0.0014592416807706018 0.999998935306265 -2.313822646374591e-7
outer loop
vertex -67.90864562988281 20.8591365814209 -1
vertex -71.11923217773438 20.863821029663086 -3.5
vertex -70.9190902709961 20.863529205322266 -2.5
endloop
endfacet
facet normal 0.760405885945088 0.6494481415941276 0
outer loop
vertex 21.661083221435547 43.54792022705078 -1
vertex 19.851980209350586 45.666107177734375 -7.311154365539551
vertex 19.851980209350586 45.666107177734375 -1
endloop
endfacet
facet normal -0.0004613254819997629 0.9999998930679395 -0.00003229410475490385
outer loop
vertex -19.60946273803711 42.300567626953125 -7.678647994995117
vertex -19.688037872314453 42.300533294677734 -7.619304656982422
vertex -11.004834175109863 42.30453109741211 -7.866434097290039
endloop
endfacet
facet normal -0.7071067811865475 0.7071067811865475 0
outer loop
vertex -21.03518295288086 40.95338821411133 -7.732427597045898
vertex -21.152503967285156 40.83606719970703 -7.6459550857543945
vertex -19.688037872314453 42.300533294677734 -7.619304656982422
endloop
endfacet
facet normal 0.7070970719823062 0.7071164902574746 0
outer loop
vertex 19.851980209350586 45.666107177734375 -1
vertex 19.71306800842285 45.805015563964844 -7.31480073928833
vertex 19.71306800842285 45.805015563964844 -1
endloop
endfacet
facet normal 0.0014593672861185401 0.999998935122995 0
outer loop
vertex -73.319091796875 20.86703109741211 -1.100000023841858
vertex -73.319091796875 20.86703109741211 -2.5
vertex -79.14424896240234 20.875532150268555 -1
endloop
endfacet
facet normal 0.6307867926604831 -0.7759561986382244 1.304308529910753e-7
outer loop
vertex 40.864315032958984 5.7328081130981445 -1
vertex 41.25318908691406 6.048928260803223 -10.423514366149902
vertex 46.914756774902344 10.651304244995117 -10.039701461791992
endloop
endfacet
facet normal 0 0 1
outer loop
vertex 47.09346389770508 43.58876037597656 0
vertex 30.83423614501953 34.049171447753906 0
vertex 48.454444885253906 42.63779830932617 0
endloop
endfacet
facet normal 0 0 1
outer loop
vertex 30.83423614501953 34.049171447753906 0
vertex 32.395267486572266 33.36598587036133 0
vertex 48.454444885253906 42.63779830932617 0
endloop
endfacet
facet normal 0 0 1
outer loop
vertex 31.47055435180664 34.55510330200195 0
vertex 30.83423614501953 34.049171447753906 0
vertex 47.09346389770508 43.58876037597656 0
endloop
endfacet
facet normal 0 0 1
outer loop
vertex 30.83423614501953 34.049171447753906 0
vertex 32.01694107055664 33.10171127319336 0
vertex 32.395267486572266 33.36598587036133 0
endloop
endfacet
facet normal 0 0 1
outer loop
vertex -83.16842651367188 16.886972427368164 0
vertex -83.32404327392578 16.111753463745117 0
vertex -82.86785888671875 17.622665405273438 0
endloop
endfacet
facet normal 0 0 1
outer loop
vertex -82.86785888671875 17.622665405273438 0
vertex -83.32404327392578 16.111753463745117 0
vertex -81.5823745727539 16.852100372314453 0
endloop
endfacet
facet normal 0 0 1
outer loop
vertex -83.32404327392578 16.111753463745117 0
vertex -81.8453598022461 15.868255615234375 0
vertex -81.76068115234375 16.372690200805664 0
endloop
endfacet
facet normal 0 0 1
outer loop
vertex -81.5823745727539 16.852100372314453 0
vertex -83.32404327392578 16.111753463745117 0
vertex -81.76068115234375 16.372690200805664 0
endloop
endfacet
facet normal 0 0 1
outer loop
vertex -82.86785888671875 17.622665405273438 0
vertex -81.5823745727539 16.852100372314453 0
vertex -81.31685638427734 17.289278030395508 0
endloop
endfacet
facet normal 0 0 1
outer loop
vertex -82.86785888671875 17.622665405273438 0
vertex -81.31685638427734 17.289278030395508 0
vertex -82.4339370727539 18.28846549987793 0
endloop
endfacet
facet normal 0 0 1
outer loop
vertex -82.4339370727539 18.28846549987793 0
vertex -81.31685638427734 17.289278030395508 0
vertex -80.97364807128906 17.668529510498047 0
endloop
endfacet
facet normal 0 0 1
outer loop
vertex -82.4339370727539 18.28846549987793 0
vertex -80.97364807128906 17.668529510498047 0
vertex -80.5650634765625 17.976242065429688 0
endloop
endfacet
facet normal -1 0 0
outer loop
vertex -21.152503967285156 40.38045120239258 -7.766907691955566
vertex -21.152503967285156 40.83606719970703 -1
vertex -21.152503967285156 40.83606719970703 -7.6459550857543945
endloop
endfacet
facet normal -0.997102902401426 0.07606445965529722 0
outer loop
vertex -21.180309295654297 40.015960693359375 -7.839298725128174
vertex -21.152503967285156 40.38045120239258 -1
vertex -21.152503967285156 40.38045120239258 -7.766907691955566
endloop
endfacet
facet normal -0.9732804673308016 0.22961929349167592 0.00033461727393802515
outer loop
vertex -21.280982971191406 39.58932113647461 -7.896224498748779
vertex -21.181432723999023 40.0012321472168 -1
vertex -21.180309295654297 40.015960693359375 -7.839298725128174
endloop
endfacet
facet normal -0.9183750228979022 0.3957111538954616 0
outer loop
vertex -21.448673248291016 39.20014190673828 -7.962501049041748
vertex -21.280982971191406 39.58932113647461 -1
vertex -21.280982971191406 39.58932113647461 -7.896224498748779
endloop
endfacet
facet normal -0.8383475576072974 0.5451361047058608 0
outer loop
vertex -21.448673248291016 39.20014190673828 -7.962501049041748
vertex -21.679685592651367 38.84487533569336 -8.037846565246582
vertex -21.448673248291016 39.20014190673828 -1
endloop
endfacet
facet normal -0.7342092017020918 0.6789233006282646 0
outer loop
vertex -21.70467758178711 38.817848205566406 -8.03786563873291
vertex -21.679685592651367 38.84487533569336 -1
vertex -21.679685592651367 38.84487533569336 -8.037846565246582
endloop
endfacet
facet normal 0 0 1
outer loop
vertex 30.83423614501953 34.049171447753906 0
vertex 31.65679168701172 32.73850631713867 0
vertex 32.01694107055664 33.10171127319336 0
endloop
endfacet
facet normal 0 0 1
outer loop
vertex 30.83423614501953 34.049171447753906 0
vertex 31.37160873413086 32.31389617919922 0
vertex 31.65679168701172 32.73850631713867 0
endloop
endfacet
facet normal 0 0 1
outer loop
vertex 30.83423614501953 34.049171447753906 0
vertex 31.171630859375 31.843114852905273 0
vertex 31.37160873413086 32.31389617919922 0
endloop
endfacet
facet normal 0 0 1
outer loop
vertex 30.83423614501953 34.049171447753906 0
vertex 31.06403350830078 31.343067169189453 0
vertex 31.171630859375 31.843114852905273 0
endloop
endfacet
facet normal 0 0 1
outer loop
vertex 30.83423614501953 34.049171447753906 0
vertex 30.11652374267578 33.2331657409668 0
vertex 31.05268096923828 30.83169937133789 0
endloop
endfacet
facet normal 0 0 1
outer loop
vertex 30.01543617248535 33.132076263427734 0
vertex 31.05268096923828 30.83169937133789 0
vertex 30.11652374267578 33.2331657409668 0
endloop
endfacet
facet normal 0 0 1
outer loop
vertex -81.8822250366211 18.8604736328125 0
vertex -82.4339370727539 18.28846549987793 0
vertex -81.23252868652344 19.318159103393555 0
endloop
endfacet
facet normal 0 0 1
outer loop
vertex 31.05268096923828 30.83169937133789 0
vertex 31.06403350830078 31.343067169189453 0
vertex 30.83423614501953 34.049171447753906 0
endloop
endfacet
facet normal 0 0 1
outer loop
vertex 29.693937301635742 32.85599899291992 0
vertex 31.05268096923828 30.83169937133789 0
vertex 30.01543617248535 33.132076263427734 0
endloop
endfacet
facet normal 0 0 1
outer loop
vertex -82.4339370727539 18.28846549987793 0
vertex -80.5650634765625 17.976242065429688 0
vertex -81.23252868652344 19.318159103393555 0
endloop
endfacet
facet normal 0 0 1
outer loop
vertex -81.23252868652344 19.318159103393555 0
vertex -80.5650634765625 17.976242065429688 0
vertex -80.10578155517578 18.201372146606445 0
endloop
endfacet
facet normal 0 0 1
outer loop
vertex -80.50816345214844 19.645092010498047 0
vertex -81.23252868652344 19.318159103393555 0
vertex -79.6122817993164 18.335834503173828 0
endloop
endfacet
facet normal 0 0 1
outer loop
vertex -81.23252868652344 19.318159103393555 0
vertex -80.10578155517578 18.201372146606445 0
vertex -79.6122817993164 18.335834503173828 0
endloop
endfacet
facet normal 0 0 1
outer loop
vertex -79.7226333618164 19.832521438598633 0
vertex -80.50816345214844 19.645092010498047 0
vertex -79.6122817993164 18.335834503173828 0
endloop
endfacet
facet normal 0 0 1
outer loop
vertex -79.7226333618164 19.832521438598633 0
vertex -79.6122817993164 18.335834503173828 0
vertex -79.1099624633789 19.87548065185547 0
endloop
endfacet
facet normal 0 0 1
outer loop
vertex 29.555665969848633 32.75811004638672 0
vertex 31.05268096923828 30.83169937133789 0
vertex 29.693937301635742 32.85599899291992 0
endloop
endfacet
facet normal 0.0014591192230092379 0.9999989353805773 -0.000014450084438590967
outer loop
vertex -73.319091796875 20.86703109741211 -1.100000023841858
vertex -79.14424896240234 20.875532150268555 -1
vertex -70.9190902709961 20.863529205322266 -1.100000023841858
endloop
endfacet
facet normal 0 0 1
outer loop
vertex 29.19234275817871 32.53998565673828 0
vertex 31.05268096923828 30.83169937133789 0
vertex 29.555665969848633 32.75811004638672 0
endloop
endfacet
facet normal -0.7342235925512953 0.678907737576364 1.1086892189904984e-7
outer loop
vertex -21.70467758178711 38.817848205566406 -8.03786563873291
vertex -21.771745681762695 38.74531555175781 -8.050601959228516
vertex -21.679685592651367 38.84487533569336 -1
endloop
endfacet
facet normal -0.7342322636050604 0.6788983599046782 3.5650708998507664e-7
outer loop
vertex -21.771745681762695 38.74531555175781 -8.050601959228516
vertex -21.967382431030273 38.53373336791992 -8.0945463180542
vertex -21.679685592651367 38.84487533569336 -1
endloop
endfacet
facet normal 0 0 1
outer loop
vertex 25.180713653564453 33.1114501953125 0
vertex 24.714162826538086 32.300533294677734 0
vertex 25.304122924804688 32.995601654052734 0
endloop
endfacet
facet normal 0 0 1
outer loop
vertex 24.577037811279297 33.867862701416016 0
vertex 24.714162826538086 32.300533294677734 0
vertex 24.787233352661133 33.55412673950195 0
endloop
endfacet
facet normal 0.001459126391270462 0.9999989354745207 0
outer loop
vertex -67.90864562988281 20.8591365814209 -1
vertex -70.9190902709961 20.863529205322266 -2.5
vertex -70.9190902709961 20.863529205322266 -1.100000023841858
endloop
endfacet
facet normal 0 0 1
outer loop
vertex 24.714162826538086 32.300533294677734 0
vertex 24.854087829589844 33.458648681640625 0
vertex 24.787233352661133 33.55412673950195 0
endloop
endfacet
facet normal 0.0014595069189353679 0.999998934919046 -5.720110237101911e-7
outer loop
vertex -59.61672592163086 20.847034454345703 -1
vertex -71.11923217773438 20.863821029663086 -3.5
vertex -67.90864562988281 20.8591365814209 -1
endloop
endfacet
facet normal -0.6090107310237964 0.7931619818787717 0
outer loop
vertex -21.967382431030273 38.53373336791992 -8.0945463180542
vertex -22.07938003540039 38.44773864746094 -8.097115516662598
vertex -21.967382431030273 38.53373336791992 -1
endloop
endfacet
facet normal 0.001459249753294239 0.9999989352876161 -0.0000037137527585520853
outer loop
vertex -79.14424896240234 20.875532150268555 -1
vertex -67.90864562988281 20.8591365814209 -1
vertex -70.9190902709961 20.863529205322266 -1.100000023841858
endloop
endfacet
facet normal 0 0 1
outer loop
vertex -79.1099624633789 19.87548065185547 0
vertex -79.6122817993164 18.335834503173828 0
vertex -59.959781646728516 18.368385314941406 0
endloop
endfacet
facet normal 0 0 1
outer loop
vertex 24.714162826538086 32.300533294677734 0
vertex 24.891525268554688 33.42121124267578 0
vertex 24.854087829589844 33.458648681640625 0
endloop
endfacet
facet normal 0 0 1
outer loop
vertex -59.716827392578125 19.847179412841797 0
vertex -79.1099624633789 19.87548065185547 0
vertex -59.959781646728516 18.368385314941406 0
endloop
endfacet
facet normal -0.6090196148317331 0.7931551605771456 2.2284562360244392e-7
outer loop
vertex -22.07938003540039 38.44773864746094 -8.097115516662598
vertex -22.303499221801758 38.27565002441406 -8.10219669342041
vertex -21.967382431030273 38.53373336791992 -1
endloop
endfacet
facet normal 0.17398293394321002 0.9847486677809945 2.6285339229350223e-7
outer loop
vertex -23.994155883789062 37.90761947631836 -8.11543083190918
vertex -43.197654724121094 41.300445556640625 -7.706054210662842
vertex -23.92416763305664 37.8952522277832 -1
endloop
endfacet
facet normal -0.46630400658390647 0.8846245381198716 0
outer loop
vertex -22.303499221801758 38.27565002441406 -8.10219669342041
vertex -22.3601131439209 38.24580764770508 -8.090930938720703
vertex -22.303499221801758 38.27565002441406 -1
endloop
endfacet
facet normal -0.46630439611755187 0.8846243327884699 3.97417557006609e-9
outer loop
vertex -22.3601131439209 38.24580764770508 -8.090930938720703
vertex -22.678375244140625 38.07804489135742 -8.103326797485352
vertex -22.303499221801758 38.27565002441406 -1
endloop
endfacet
facet normal -0.31020339291329857 0.9506702135993731 0
outer loop
vertex -22.678375244140625 38.07804489135742 -8.103326797485352
vertex -22.756925582885742 38.05241394042969 -8.089850425720215
vertex -22.678375244140625 38.07804489135742 -1
endloop
endfacet
facet normal -0.3101914241384317 0.950674118923488 -1.4672361593523593e-7
outer loop
vertex -22.756925582885742 38.05241394042969 -8.089850425720215
vertex -23.081241607666016 37.94659423828125 -8.106938362121582
vertex -22.678375244140625 38.07804489135742 -1
endloop
endfacet
facet normal -0.14518983914737066 0.9894038157437844 0
outer loop
vertex -23.081241607666016 37.94659423828125 -8.106938362121582
vertex -23.1785945892334 37.932308197021484 -8.092185020446777
vertex -23.081241607666016 37.94659423828125 -1
endloop
endfacet
facet normal -0.14516757434621527 0.9894070827310357 -3.1220520682471356e-7
outer loop
vertex -23.1785945892334 37.932308197021484 -8.092185020446777
vertex -23.500520706176758 37.885074615478516 -8.113344192504883
vertex -23.081241607666016 37.94659423828125 -1
endloop
endfacet
facet normal 0.024019413185183913 0.9997114922767665 0
outer loop
vertex -23.500520706176758 37.885074615478516 -8.113344192504883
vertex -23.614042282104492 37.88780212402344 -8.097867965698242
vertex -23.500520706176758 37.885074615478516 -1
endloop
endfacet
facet normal 0.02401594573814786 0.9997115755808269 5.548951691106556e-8
outer loop
vertex -23.614042282104492 37.88780212402344 -8.097867965698242
vertex -23.92416763305664 37.8952522277832 -8.12251091003418
vertex -23.500520706176758 37.885074615478516 -1
endloop
endfacet
facet normal 0.17400884812037662 0.9847440889773442 0
outer loop
vertex -23.92416763305664 37.8952522277832 -8.12251091003418
vertex -23.994155883789062 37.90761947631836 -8.11543083190918
vertex -23.92416763305664 37.8952522277832 -1
endloop
endfacet
facet normal 0.0784586619791389 0.9969173678697962 2.324550689927613e-8
outer loop
vertex 7.832075595855713 51.19142532348633 -3.5
vertex 6.445720672607422 51.300533294677734 -6.90485143661499
vertex 6.9746785163879395 51.25890350341797 -1
endloop
endfacet
facet normal -0.309019524273989 0.9510556942774054 0
outer loop
vertex 0.5695903897285461 50.40095901489258 -1
vertex 0.3827548623085022 50.34025192260742 -6.971221923828125
vertex 0.3827548623085022 50.34025192260742 -1
endloop
endfacet
facet normal 0.19681167234922992 0.9804413116689339 0
outer loop
vertex -58.65095520019531 20.653167724609375 -1
vertex -59.61672592163086 20.847034454345703 -9.46987247467041
vertex -59.61672592163086 20.847034454345703 -1
endloop
endfacet
facet normal 0.3782001789562131 0.9257238382139074 0
outer loop
vertex -57.73908233642578 20.28062629699707 -1
vertex -58.65095520019531 20.653167724609375 -9.383999824523926
vertex -58.65095520019531 20.653167724609375 -1
endloop
endfacet
facet normal 0.5460121193740193 0.8377772767846426 0
outer loop
vertex -57.73908233642578 20.28062629699707 -9.48654842376709
vertex -57.73908233642578 20.28062629699707 -1
vertex -56.913841247558594 19.74278450012207 -1
endloop
endfacet
facet normal 0.37290343240384993 0.9278701579970268 0
outer loop
vertex -55.334449768066406 18.620807647705078 -1
vertex -55.7276496887207 18.778831481933594 -9.675036430358887
vertex -55.7276496887207 18.778831481933594 -1
endloop
endfacet
facet normal 0.5242588880021475 0.8515589341617829 0
outer loop
vertex -56.08851623535156 19.00099754333496 -9.641376495361328
vertex -56.08851623535156 19.00099754333496 -1
vertex -55.7276496887207 18.778831481933594 -1
endloop
endfacet
facet normal 0.6684639397028181 0.7437445538066058 0
outer loop
vertex -56.08851623535156 19.00099754333496 -1
vertex -56.913841247558594 19.74278450012207 -9.4640531539917
vertex -56.913841247558594 19.74278450012207 -1
endloop
endfacet
facet normal 0.042700258468019614 0.999087928025739 0
outer loop
vertex -54.496822357177734 18.513368606567383 -1
vertex -54.920204162597656 18.531463623046875 -9.757737159729004
vertex -54.920204162597656 18.531463623046875 -1
endloop
endfacet
facet normal 0.21083095720520015 0.9775225355376412 0
outer loop
vertex -54.920204162597656 18.531463623046875 -1
vertex -55.334449768066406 18.620807647705078 -9.714323997497559
vertex -55.334449768066406 18.620807647705078 -1
endloop
endfacet
facet normal -0.126655131149563 0.991946811957923 0
outer loop
vertex -54.496822357177734 18.513368606567383 -9.803297996520996
vertex -54.496822357177734 18.513368606567383 -1
vertex -54.334938049316406 18.534038543701172 -1
endloop
endfacet
facet normal -0.12665594615105902 0.9919467078954292 1.523144148288777e-8
outer loop
vertex -54.07646560668945 18.567041397094727 -1
vertex -54.496822357177734 18.513368606567383 -9.803297996520996
vertex -54.334938049316406 18.534038543701172 -1
endloop
endfacet
facet normal -0.2923758767687046 0.9563034804306274 0
outer loop
vertex -54.07646560668945 18.567041397094727 -9.821866989135742
vertex -54.07646560668945 18.567041397094727 -1
vertex -53.67121505737305 18.690940856933594 -1
endloop
endfacet
facet normal -0.44968917416330817 0.8931851133109653 0
outer loop
vertex -53.29270935058594 18.881505966186523 -1
vertex -53.67121505737305 18.690940856933594 -9.798746109008789
vertex -53.67121505737305 18.690940856933594 -1
endloop
endfacet
facet normal -0.5940871639517016 0.8044006723193511 0
outer loop
vertex -52.95182800292969 19.133262634277344 -1
vertex -53.29270935058594 18.881505966186523 -9.759190559387207
vertex -53.29270935058594 18.881505966186523 -1
endloop
endfacet
facet normal -0.7214159224105964 0.6925020338543912 0
outer loop
vertex -52.65836715698242 19.438976287841797 -1
vertex -52.95182800292969 19.133262634277344 -9.721532821655273
vertex -52.95182800292969 19.133262634277344 -1
endloop
endfacet
facet normal -0.23344606394259412 0.9723697523214665 0
outer loop
vertex 3.2782247066497803 51.051246643066406 -1
vertex 0.5695903897285461 50.40095901489258 -6.98184061050415
vertex 0.5695903897285461 50.40095901489258 -1
endloop
endfacet
facet normal -0.15643227395473122 0.9876886876264971 0
outer loop
vertex 3.472256660461426 51.08197784423828 -1
vertex 3.2782247066497803 51.051246643066406 -6.921020984649658
vertex 3.2782247066497803 51.051246643066406 -1
endloop
endfacet
facet normal -0.07845865255687853 0.9969173686113315 -1.3307248691663418e-7
outer loop
vertex 3.500622034072876 51.08420944213867 -6.938764572143555
vertex 3.472256660461426 51.08197784423828 -1
vertex 5.720323085784912 51.25890350341797 -1
endloop
endfacet
facet normal -0.07846046634328503 0.9969172258622543 5.490560872873321e-7
outer loop
vertex 3.500622034072876 51.08420944213867 -6.938764572143555
vertex 5.720323085784912 51.25890350341797 -1
vertex 6.249270439147949 51.300533294677734 -1
endloop
endfacet
facet normal 0 1 0
outer loop
vertex 6.445720672607422 51.300533294677734 -1
vertex 6.249746799468994 51.300533294677734 -6.920640468597412
vertex 6.249270439147949 51.300533294677734 -1
endloop
endfacet
facet normal 0.07845891987551878 0.9969173475729906 0
outer loop
vertex 6.9746785163879395 51.25890350341797 -1
vertex 6.445720672607422 51.300533294677734 -6.90485143661499
vertex 6.445720672607422 51.300533294677734 -1
endloop
endfacet
facet normal -0.8280136700762121 0.560707911632181 0
outer loop
vertex -52.42075729370117 19.78986167907715 -1
vertex -52.65836715698242 19.438976287841797 -9.687216758728027
vertex -52.65836715698242 19.438976287841797 -1
endloop
endfacet
facet normal -0.9108189522343976 0.41280605161580924 0
outer loop
vertex -52.24582290649414 20.175838470458984 -1
vertex -52.42075729370117 19.78986167907715 -9.60793399810791
vertex -52.42075729370117 19.78986167907715 -1
endloop
endfacet
facet normal -0.9670023791986521 0.254767342146018 0
outer loop
vertex -52.14012908935547 20.57701301574707 -1
vertex -52.24582290649414 20.175838470458984 -9.507197380065918
vertex -52.24582290649414 20.175838470458984 -1
endloop
endfacet
facet normal 0.0784592764873899 0.9969173195043007 0.0000023313595495629694
outer loop
vertex 7.628083229064941 51.20747756958008 -2.5
vertex 9.222734451293945 51.08197784423828 -3.5
vertex 7.832075595855713 51.19142532348633 -3.5
endloop
endfacet
facet normal 0.15643246146880554 0.9876886579275934 0
outer loop
vertex 9.416766166687012 51.051246643066406 -3.5
vertex 9.222734451293945 51.08197784423828 -3.5
vertex 9.222734451293945 51.08197784423828 -2.5
endloop
endfacet
facet normal 0.23344520247807454 0.9723699591410517 0
outer loop
vertex 9.416766166687012 51.051246643066406 -3.5
vertex 9.416766166687012 51.051246643066406 -2.5019266605377197
vertex 9.808995246887207 50.95708084106445 -3.5
endloop
endfacet
facet normal 0.07845782350001723 0.9969174338588127 0
outer loop
vertex 9.222734451293945 51.08197784423828 -3.5
vertex 7.628083229064941 51.20747756958008 -2.5
vertex 9.222734451293945 51.08197784423828 -2.5
endloop
endfacet
facet normal 0.15643246146880554 0.9876886579275933 0
outer loop
vertex 9.416766166687012 51.051246643066406 -3.5
vertex 9.222734451293945 51.08197784423828 -2.5
vertex 9.416766166687012 51.051246643066406 -2.5019266605377197
endloop
endfacet
facet normal 0.23344651714504538 0.9723696435165741 5.464244231876153e-7
outer loop
vertex 9.808995246887207 50.95708084106445 -3.5
vertex 9.416766166687012 51.051246643066406 -2.5019266605377197
vertex 10.040452003479004 50.901512145996094 -2.5144689083099365
endloop
endfacet
facet normal 0.07847426679964822 0.9969161396130614 0.0000054082087306059964
outer loop
vertex 7.628083229064941 51.20747756958008 -2.5
vertex 7.832075595855713 51.19142532348633 -3.5
vertex 6.9746785163879395 51.25890350341797 -1
endloop
endfacet
facet normal 0.23344277659833731 0.9723705415385031 0.0000014755444919392416
outer loop
vertex 10.597879409790039 50.76768493652344 -1
vertex 9.808995246887207 50.95708084106445 -3.5
vertex 10.040452003479004 50.901512145996094 -2.5144689083099365
endloop
endfacet
facet normal -0.9845197405689078 0.17527373000570864 -1.2746009034469454e-7
outer loop
vertex -52.14012908935547 20.57701301574707 -1
vertex -49.10832977294922 37.606754302978516 -1
vertex -52.09332275390625 20.839920043945312 -9.361491203308105
endloop
endfacet
facet normal 0 0 1
outer loop
vertex -7.722187519073486 20.494667053222656 0
vertex -3.944228410720825 6.381573677062988 0
vertex -5.458370208740234 18.230850219726562 0
endloop
endfacet
facet normal 0 0 1
outer loop
vertex -9.558504104614258 23.117198944091797 0
vertex -12.652504920959473 4.125532627105713 0
vertex -7.722187519073486 20.494667053222656 0
endloop
endfacet
facet normal 0 0 1
outer loop
vertex -10.156932830810547 24.400531768798828 0
vertex -12.652504920959473 4.125532627105713 0
vertex -9.558504104614258 23.117198944091797 0
endloop
endfacet
facet normal 0 0 1
outer loop
vertex -12.652504920959473 24.400531768798828 0
vertex -12.652504920959473 4.125532627105713 0
vertex -10.156932830810547 24.400531768798828 0
endloop
endfacet
facet normal 0 0 1
outer loop
vertex -2.8358378410339355 16.394533157348633 0
vertex -3.1525044441223145 6.500532627105713 0
vertex 0.06572556495666504 15.041511535644531 0
endloop
endfacet
facet normal 0 0 1
outer loop
vertex -5.458370208740234 18.230850219726562 0
vertex -3.1525044441223145 6.500532627105713 0
vertex -2.8358378410339355 16.394533157348633 0
endloop
endfacet
facet normal 0 0 1
outer loop
vertex -5.458370208740234 18.230850219726562 0
vertex -3.443213701248169 6.4845757484436035 0
vertex -3.1525044441223145 6.500532627105713 0
endloop
endfacet
facet normal 0 0 1
outer loop
vertex -3.443213701248169 6.4845757484436035 0
vertex -5.458370208740234 18.230850219726562 0
vertex -3.944228410720825 6.381573677062988 0
endloop
endfacet
facet normal 0 0 1
outer loop
vertex -12.652504920959473 4.125532627105713 0
vertex -3.944228410720825 6.381573677062988 0
vertex -7.722187519073486 20.494667053222656 0
endloop
endfacet
facet normal 0 0 1
outer loop
vertex 25.180713653564453 33.1114501953125 0
vertex 24.891525268554688 33.42121124267578 0
vertex 24.714162826538086 32.300533294677734 0
endloop
endfacet
facet normal 0 0 1
outer loop
vertex 24.435131072998047 29.111194610595703 0
vertex 26.161758422851562 32.455074310302734 0
vertex 25.78593635559082 32.65087890625 0
endloop
endfacet
facet normal 0 0 1
outer loop
vertex 25.304122924804688 32.995601654052734 0
vertex 24.435131072998047 29.111194610595703 0
vertex 25.643314361572266 32.74155807495117 0
endloop
endfacet
facet normal 0 0 1
outer loop
vertex 24.435131072998047 29.111194610595703 0
vertex 25.78593635559082 32.65087890625 0
vertex 25.643314361572266 32.74155807495117 0
endloop
endfacet
facet normal 0 0 1
outer loop
vertex 26.161758422851562 32.455074310302734 0
vertex 23.606515884399414 26.018762588500977 0
vertex 26.317670822143555 32.38975143432617 0
endloop
endfacet
facet normal 0 0 1
outer loop
vertex -59.716827392578125 19.847179412841797 0
vertex -59.959781646728516 18.368385314941406 0
vertex -59.455345153808594 18.283706665039062 0
endloop
endfacet
facet normal 0 0 1
outer loop
vertex -59.716827392578125 19.847179412841797 0
vertex -59.455345153808594 18.283706665039062 0
vertex -58.97593688964844 18.105405807495117 0
endloop
endfacet
facet normal 0 0 1
outer loop
vertex -58.97593688964844 18.105405807495117 0
vertex -58.53875732421875 17.839885711669922 0
vertex -59.716827392578125 19.847179412841797 0
endloop
endfacet
facet normal 0 0 1
outer loop
vertex -58.20537185668945 19.39089012145996 0
vertex -58.94106674194336 19.69145393371582 0
vertex -58.53875732421875 17.839885711669922 0
endloop
endfacet
facet normal 0 0 1
outer loop
vertex -58.94106674194336 19.69145393371582 0
vertex -59.716827392578125 19.847179412841797 0
vertex -58.53875732421875 17.839885711669922 0
endloop
endfacet
facet normal 0 0 1
outer loop
vertex 24.714162826538086 32.300533294677734 0
vertex 24.435131072998047 29.111194610595703 0
vertex 25.304122924804688 32.995601654052734 0
endloop
endfacet
facet normal 0 0 1
outer loop
vertex -4.416823863983154 6.185925006866455 0
vertex -3.944228410720825 6.381573677062988 0
vertex -12.652504920959473 4.125532627105713 0
endloop
endfacet
facet normal 0 0 1
outer loop
vertex -4.84403657913208 5.904652118682861 0
vertex -4.416823863983154 6.185925006866455 0
vertex -12.652504920959473 4.125532627105713 0
endloop
endfacet
facet normal 0 0 1
outer loop
vertex -58.53875732421875 17.839885711669922 0
vertex -56.25082778930664 17.929035186767578 0
vertex -56.61277770996094 18.14944076538086 0
endloop
endfacet
facet normal 0 0 1
outer loop
vertex -55.706478118896484 17.69510841369629 0
vertex -56.100555419921875 17.850961685180664 0
vertex -58.53875732421875 17.839885711669922 0
endloop
endfacet
facet normal 0 0 1
outer loop
vertex -56.25082778930664 17.929035186767578 0
vertex -58.53875732421875 17.839885711669922 0
vertex -56.100555419921875 17.850961685180664 0
endloop
endfacet
facet normal 0 0 1
outer loop
vertex -55.706478118896484 17.69510841369629 0
vertex -58.53875732421875 17.839885711669922 0
vertex -55.544734954833984 17.645814895629883 0
endloop
endfacet
facet normal 0 0 1
outer loop
vertex -58.53875732421875 17.839885711669922 0
vertex -58.159507751464844 17.496675491333008 0
vertex -49.84617614746094 16.000532150268555 0
endloop
endfacet
facet normal 0 0 1
outer loop
vertex -5.210531711578369 5.5478515625 0
vertex -4.84403657913208 5.904652118682861 0
vertex -12.652504920959473 4.125532627105713 0
endloop
endfacet
facet normal 0 0 1
outer loop
vertex -5.5031538009643555 5.128331184387207 0
vertex -5.210531711578369 5.5478515625 0
vertex -12.652504920959473 4.125532627105713 0
endloop
endfacet
facet normal 0 0 1
outer loop
vertex -5.711398601531982 4.661149024963379 0
vertex -5.5031538009643555 5.128331184387207 0
vertex -12.652504920959473 4.125532627105713 0
endloop
endfacet
facet normal 0 0 1
outer loop
vertex -5.832566261291504 4.125532627105713 0
vertex -5.711398601531982 4.661149024963379 0
vertex -12.652504920959473 4.125532627105713 0
endloop
endfacet
facet normal 0 0 1
outer loop
vertex -22.697479248046875 32.87222671508789 0
vertex -26.078062057495117 13.512691497802734 0
vertex -21.652503967285156 32.300533294677734 0
endloop
endfacet
facet normal 0 0 1
outer loop
vertex -26.078062057495117 13.512691497802734 0
vertex -21.959781646728516 8.868385314941406 0
vertex -21.652503967285156 32.300533294677734 0
endloop
endfacet
facet normal 0 0 1
outer loop
vertex -21.959781646728516 8.868385314941406 0
vertex -21.652503967285156 8.816802978515625 0
vertex -21.652503967285156 32.300533294677734 0
endloop
endfacet
facet normal 1.7466265493622543e-12 2.088547177056979e-12 1
outer loop
vertex 66.78704833984375 61.11025619506836 -4.075427929156605e-12
vertex 65.90948486328125 59.89282989501953 0
vertex 80.98503875732422 47.28532791137695 0
endloop
endfacet
facet normal -5.986374178382586e-11 -7.113119619731902e-11 1
outer loop
vertex 67.28399658203125 60.74932098388672 0
vertex 66.78704833984375 61.11025619506836 -4.075427929156605e-12
vertex 82.12174987792969 48.261924743652344 0
endloop
endfacet
facet normal -3.4267522668140846e-13 -1.0414177435361642e-13 1
outer loop
vertex 83.21731567382812 46.18043899536133 0
vertex 82.9862289428711 46.94082260131836 0
vertex 66.78704833984375 61.11025619506836 -4.075427929156605e-12
endloop
endfacet
facet normal -8.052990239703596e-13 -6.439429340398079e-13 1
outer loop
vertex 82.12174987792969 48.261924743652344 0
vertex 66.78704833984375 61.11025619506836 -4.075427929156605e-12
vertex 82.61588287353516 47.64397430419922 0
endloop
endfacet
facet normal 0 0 1
outer loop
vertex -57.49220275878906 16.13530921936035 0
vertex -57.47246170043945 16.000532150268555 0
vertex -49.84617614746094 16.000532150268555 0
endloop
endfacet
facet normal 0 0 1
outer loop
vertex -57.62666702270508 16.62881088256836 0
vertex -57.49220275878906 16.13530921936035 0
vertex -49.84617614746094 16.000532150268555 0
endloop
endfacet
facet normal 0 0 1
outer loop
vertex -57.8517951965332 17.08809471130371 0
vertex -57.62666702270508 16.62881088256836 0
vertex -49.84617614746094 16.000532150268555 0
endloop
endfacet
facet normal 0 0 1
outer loop
vertex -49.84617614746094 16.000532150268555 0
vertex -58.159507751464844 17.496675491333008 0
vertex -57.8517951965332 17.08809471130371 0
endloop
endfacet
facet normal 0 0 1
outer loop
vertex -55.544734954833984 17.645814895629883 0
vertex -58.53875732421875 17.839885711669922 0
vertex -49.84617614746094 16.000532150268555 0
endloop
endfacet
facet normal -0.5005692496707322 0.8656964977889654 0
outer loop
vertex 30.906030654907227 35.383819580078125 -8.20358657836914
vertex 30.906030654907227 35.383819580078125 -1
vertex 46.59292221069336 44.45440673828125 -1
endloop
endfacet
facet normal 0 0 1
outer loop
vertex -55.130489349365234 17.556472778320312 0
vertex -49.84617614746094 16.000532150268555 0
vertex -55.09385299682617 17.546655654907227 0
endloop
endfacet
facet normal 0 0 1
outer loop
vertex -54.96290588378906 17.53237533569336 0
vertex -55.09385299682617 17.546655654907227 0
vertex -49.84617614746094 16.000532150268555 0
endloop
endfacet
facet normal 0 0 1
outer loop
vertex -54.53940200805664 17.517093658447266 0
vertex -54.96290588378906 17.53237533569336 0
vertex -49.84617614746094 16.000532150268555 0
endloop
endfacet
facet normal 0 0 1
outer loop
vertex -54.37016677856445 17.521421432495117 0
vertex -54.53940200805664 17.517093658447266 0
vertex -49.84617614746094 16.000532150268555 0
endloop
endfacet
facet normal 0 0 1
outer loop
vertex -55.130489349365234 17.556472778320312 0
vertex -55.544734954833984 17.645814895629883 0
vertex -49.84617614746094 16.000532150268555 0
endloop
endfacet
facet normal 0 0 1
outer loop
vertex -27.24922752380371 11.891200065612793 0
vertex -27.705047607421875 11.659134864807129 0
vertex -21.959781646728516 8.868385314941406 0
endloop
endfacet
facet normal 0 0 1
outer loop
vertex -27.705047607421875 11.659134864807129 0
vertex -28.196455001831055 11.517206192016602 0
vertex -21.959781646728516 8.868385314941406 0
endloop
endfacet
facet normal 0 0 1
outer loop
vertex -28.196455001831055 11.517206192016602 0
vertex -28.705812454223633 11.470507621765137 0
vertex -21.959781646728516 8.868385314941406 0
endloop
endfacet
facet normal 0 0 1
outer loop
vertex -28.705812454223633 11.470507621765137 0
vertex -37.306549072265625 12.946712493896484 0
vertex -21.959781646728516 8.868385314941406 0
endloop
endfacet
facet normal 0 0 1
outer loop
vertex -37.306549072265625 12.946712493896484 0
vertex -38.4525032043457 8.875533103942871 0
vertex -21.959781646728516 8.868385314941406 0
endloop
endfacet
facet normal 0.8090323644038959 0.5877640966808384 0
outer loop
vertex 21.685291290283203 43.51459884643555 -1
vertex 21.661083221435547 43.54792022705078 -7.480681419372559
vertex 21.661083221435547 43.54792022705078 -1
endloop
endfacet
facet normal 0.8090207201483792 0.58778012417109 1.2590389642838573e-7
outer loop
vertex 21.776554107666016 43.38898468017578 -1
vertex 21.661083221435547 43.54792022705078 -7.480681419372559
vertex 21.685291290283203 43.51459884643555 -1
endloop
endfacet
facet normal 0.85264001324347 0.5224988113059928 0
outer loop
vertex 23.232027053833008 41.01387023925781 -1
vertex 21.776554107666016 43.38898468017578 -7.478893756866455
vertex 21.776554107666016 43.38898468017578 -1
endloop
endfacet
facet normal 0.89100711526574 0.4539893396830199 0
outer loop
vertex 23.321212768554688 40.83883285522461 -1
vertex 23.232027053833008 41.01387023925781 -7.66802978515625
vertex 23.232027053833008 41.01387023925781 -1
endloop
endfacet
facet normal 0 0 1
outer loop
vertex -38.4525032043457 12.015510559082031 0
vertex -38.4525032043457 8.875533103942871 0
vertex -37.306549072265625 12.946712493896484 0
endloop
endfacet
facet normal 0.9238794261685771 0.3826836890990009 0
outer loop
vertex 24.387216567993164 38.26527404785156 -1
vertex 23.321212768554688 40.83883285522461 -7.667784690856934
vertex 23.321212768554688 40.83883285522461 -1
endloop
endfacet
facet normal 0.23344619047964335 0.9723697219425038 1.3378721313856666e-8
outer loop
vertex 12.12540054321289 50.40095901489258 -1
vertex 12.070884704589844 50.41404724121094 -6.9900007247924805
vertex 9.808995246887207 50.95708084106445 -3.5
endloop
endfacet
facet normal 0 0 1
outer loop
vertex -44.75404739379883 40.32552719116211 0
vertex -43.33698654174805 40.309574127197266 0
vertex -43.947872161865234 40.373661041259766 0
endloop
endfacet
facet normal 0 0 1
outer loop
vertex -44.75404739379883 40.32552719116211 0
vertex -44.09919738769531 38.880558013916016 0
vertex -43.33698654174805 40.309574127197266 0
endloop
endfacet
facet normal 0 0 1
outer loop
vertex -44.75404739379883 40.32552719116211 0
vertex -45.5241813659668 40.1293830871582 0
vertex -44.09919738769531 38.880558013916016 0
endloop
endfacet
facet normal 0 0 1
outer loop
vertex -45.5241813659668 40.1293830871582 0
vertex -44.60855484008789 38.833858489990234 0
vertex -44.09919738769531 38.880558013916016 0
endloop
endfacet
facet normal 0 0 1
outer loop
vertex -45.5241813659668 40.1293830871582 0
vertex -46.24350357055664 39.79151153564453 0
vertex -45.09996032714844 38.69192886352539 0
endloop
endfacet
facet normal 0 0 1
outer loop
vertex -45.09996032714844 38.69192886352539 0
vertex -44.60855484008789 38.833858489990234 0
vertex -45.5241813659668 40.1293830871582 0
endloop
endfacet
facet normal -0.6223506036120118 0.7827386065499545 0
outer loop
vertex 30.906030654907227 35.383819580078125 -1
vertex 30.141569137573242 34.7760009765625 -8.163049697875977
vertex 30.141569137573242 34.7760009765625 -1
endloop
endfacet
facet normal -0.7518932086924505 0.6592849177117366 0
outer loop
vertex 30.141569137573242 34.7760009765625 -1
vertex 29.365880966186523 33.891353607177734 -8.372153282165527
vertex 29.365880966186523 33.891353607177734 -1
endloop
endfacet
facet normal -0.650063383443869 0.7598799888833845 -3.1104415193625154e-7
outer loop
vertex 29.365880966186523 33.891353607177734 -1
vertex 29.043869018554688 33.615875244140625 -8.456354141235352
vertex 29.249752044677734 33.79200744628906 -1
endloop
endfacet
facet normal -0.6500698879341817 0.7598744243631578 0
outer loop
vertex 29.043869018554688 33.615875244140625 -8.456354141235352
vertex 29.043869018554688 33.615875244140625 -1
vertex 29.249752044677734 33.79200744628906 -1
endloop
endfacet
facet normal -0.5123906433385079 0.8587523513853759 0.000477084099331779
outer loop
vertex 29.043869018554688 33.615875244140625 -1
vertex 28.660076141357422 33.39107131958008 -8.547894477844238
vertex 28.679954528808594 33.398738861083984 -1
endloop
endfacet
facet normal -0.35997570393145834 0.9329616779797807 -4.503814553930935e-7
outer loop
vertex 28.679954528808594 33.398738861083984 -1
vertex 28.284595489501953 33.24618911743164 -8.585421562194824
vertex 28.4188175201416 33.29798126220703 -1
endloop
endfacet
facet normal -0.3599978582328217 0.9329531296200153 0
outer loop
vertex 28.284595489501953 33.24618911743164 -8.585421562194824
vertex 28.284595489501953 33.24618911743164 -1
vertex 28.4188175201416 33.29798126220703 -1
endloop
endfacet
facet normal -0.19723097009938934 0.980357049463825 -4.868702325738303e-7
outer loop
vertex 28.284595489501953 33.24618911743164 -1
vertex 27.869152069091797 33.16260528564453 -8.578784942626953
vertex 28.07238006591797 33.203495025634766 -1
endloop
endfacet
facet normal -0.19724842010172577 0.9803535386621365 0
outer loop
vertex 27.869152069091797 33.16260528564453 -8.578784942626953
vertex 27.869152069091797 33.16260528564453 -1
vertex 28.07238006591797 33.203495025634766 -1
endloop
endfacet
facet normal 0 0 1
outer loop
vertex -58.20537185668945 19.39089012145996 0
vertex -58.53875732421875 17.839885711669922 0
vertex -56.7553825378418 18.259031295776367 0
endloop
endfacet
facet normal 0 0 1
outer loop
vertex -56.7553825378418 18.259031295776367 0
vertex -58.53875732421875 17.839885711669922 0
vertex -56.73130416870117 18.234952926635742 0
endloop
endfacet
facet normal 0 0 1
outer loop
vertex -56.7553825378418 18.259031295776367 0
vertex -57.52471923828125 18.947282791137695 0
vertex -58.20537185668945 19.39089012145996 0
endloop
endfacet
facet normal 0 0 1
outer loop
vertex -56.73130416870117 18.234952926635742 0
vertex -58.53875732421875 17.839885711669922 0
vertex -56.61277770996094 18.14944076538086 0
endloop
endfacet
facet normal 0.46205309455278476 0.8868522638039525 0
outer loop
vertex 26.622495651245117 33.33940887451172 -1
vertex 26.246673583984375 33.535213470458984 -8.508055686950684
vertex 26.246673583984375 33.535213470458984 -1
endloop
endfacet
facet normal -0.028823825041544078 0.9995845072378695 0
outer loop
vertex 27.869152069091797 33.16260528564453 -1
vertex 27.445558547973633 33.150390625 -8.558253288269043
vertex 27.445558547973633 33.150390625 -1
endloop
endfacet
facet normal 0 0 1
outer loop
vertex -46.24350357055664 39.79151153564453 0
vertex -45.555782318115234 38.45986557006836 0
vertex -45.09996032714844 38.69192886352539 0
endloop
endfacet
facet normal 0 0 1
outer loop
vertex -46.88618850708008 39.32402801513672 0
vertex -45.95964813232422 38.14599609375 0
vertex -45.555782318115234 38.45986557006836 0
endloop
endfacet
facet normal 0 0 1
outer loop
vertex -46.24350357055664 39.79151153564453 0
vertex -46.88618850708008 39.32402801513672 0
vertex -45.555782318115234 38.45986557006836 0
endloop
endfacet
facet normal 0 0 1
outer loop
vertex -46.88618850708008 39.32402801513672 0
vertex -47.85295104980469 38.0714225769043 0
vertex -45.95964813232422 38.14599609375 0
endloop
endfacet
facet normal 0 0 1
outer loop
vertex -47.429168701171875 38.74372100830078 0
vertex -47.85295104980469 38.0714225769043 0
vertex -46.88618850708008 39.32402801513672 0
endloop
endfacet
facet normal 0 0 1
outer loop
vertex -53.950191497802734 17.578088760375977 0
vertex -54.37016677856445 17.521421432495117 0
vertex -49.84617614746094 16.000532150268555 0
endloop
endfacet
facet normal 0 0 1
outer loop
vertex -53.78409194946289 17.610736846923828 0
vertex -53.950191497802734 17.578088760375977 0
vertex -49.84617614746094 16.000532150268555 0
endloop
endfacet
facet normal 0 0 1
outer loop
vertex -53.3797721862793 17.737695693969727 0
vertex -53.78409194946289 17.610736846923828 0
vertex -49.84617614746094 16.000532150268555 0
endloop
endfacet
facet normal 0 0 1
outer loop
vertex -53.3797721862793 17.737695693969727 0
vertex -49.84617614746094 16.000532150268555 0
vertex -53.329193115234375 17.75124740600586 0
endloop
endfacet
facet normal 0 0 1
outer loop
vertex -53.22303009033203 17.800752639770508 0
vertex -53.329193115234375 17.75124740600586 0
vertex -49.84617614746094 16.000532150268555 0
endloop
endfacet
facet normal 0 0 1
outer loop
vertex -52.84452438354492 17.991317749023438 0
vertex -53.22303009033203 17.800752639770508 0
vertex -49.84617614746094 16.000532150268555 0
endloop
endfacet
facet normal 0 0 1
outer loop
vertex -52.84452438354492 17.991317749023438 0
vertex -49.84617614746094 16.000532150268555 0
vertex -52.79270935058594 18.015480041503906 0
endloop
endfacet
facet normal 0 0 1
outer loop
vertex -52.70069122314453 18.079910278320312 0
vertex -52.79270935058594 18.015480041503906 0
vertex -49.84617614746094 16.000532150268555 0
endloop
endfacet
facet normal 0 0 1
outer loop
vertex -52.70069122314453 18.079910278320312 0
vertex -49.84617614746094 16.000532150268555 0
vertex -52.35981369018555 18.331666946411133 0
endloop
endfacet
facet normal 0 0 1
outer loop
vertex -52.35981369018555 18.331666946411133 0
vertex -49.84617614746094 16.000532150268555 0
vertex -52.30904006958008 18.367218017578125 0
endloop
endfacet
facet normal 0 0 1
outer loop
vertex -52.30904006958008 18.367218017578125 0
vertex -49.84617614746094 16.000532150268555 0
vertex -52.233009338378906 18.44325065612793 0
endloop
endfacet
facet normal 0 0 1
outer loop
vertex -52.233009338378906 18.44325065612793 0
vertex -49.84617614746094 16.000532150268555 0
vertex -49.75211715698242 16.13058090209961 0
endloop
endfacet
facet normal 0 0 1
outer loop
vertex -50.08713150024414 17.13817024230957 0
vertex -52.233009338378906 18.44325065612793 0
vertex -49.97654724121094 16.638774871826172 0
endloop
endfacet
facet normal 0 0 1
outer loop
vertex -52.233009338378906 18.44325065612793 0
vertex -49.75211715698242 16.13058090209961 0
vertex -49.97654724121094 16.638774871826172 0
endloop
endfacet
facet normal 0 0 1
outer loop
vertex -50.08713150024414 17.13817024230957 0
vertex -50.10154342651367 17.649459838867188 0
vertex -51.8923225402832 18.796188354492188 0
endloop
endfacet
facet normal 0.14041428395822303 0.9900928385057715 2.894090055597636e-7
outer loop
vertex 27.445558547973633 33.150390625 -1
vertex 27.02598762512207 33.209896087646484 -8.538522720336914
vertex 27.291969299316406 33.17217254638672 -1
endloop
endfacet
facet normal 0.14042232472863994 0.990091698135988 0
outer loop
vertex 27.02598762512207 33.209896087646484 -8.538522720336914
vertex 27.02598762512207 33.209896087646484 -1
vertex 27.291969299316406 33.17217254638672 -1
endloop
endfacet
facet normal 0.30562189851875243 0.9521529578517275 0
outer loop
vertex 27.02598762512207 33.209896087646484 -1
vertex 26.622495651245117 33.33940887451172 -8.520280838012695
vertex 26.622495651245117 33.33940887451172 -1
endloop
endfacet
facet normal 0.3090198809541284 0.9510555783838798 0
outer loop
vertex 12.312235832214355 50.34025192260742 -1
vertex 12.12540054321289 50.40095901489258 -6.98184061050415
vertex 12.12540054321289 50.40095901489258 -1
endloop
endfacet
facet normal 0.38268330355877944 0.9238795858645968 0
outer loop
vertex 12.312235832214355 50.34025192260742 -6.971221923828125
vertex 12.312235832214355 50.34025192260742 -1
vertex 13.198263168334961 49.97324752807617 -1
endloop
endfacet
facet normal 0.4539950839329264 0.8910041884103213 0
outer loop
vertex 14.885795593261719 49.27425003051758 -7.062469005584717
vertex 14.885795593261719 49.27425003051758 -1
vertex 15.060833930969238 49.185062408447266 -1
endloop
endfacet
facet normal 0.951058895342868 0.3090096723230579 0
outer loop
vertex 24.447921752929688 38.07843780517578 -1
vertex 24.387216567993164 38.26527404785156 -7.875072002410889
vertex 24.387216567993164 38.26527404785156 -1
endloop
endfacet
facet normal 0.9728183513772106 0.23156954727192822 0
outer loop
vertex 25.217857360839844 34.843955993652344 -1
vertex 24.447921752929688 38.07843780517578 -7.879200458526611
vertex 24.447921752929688 38.07843780517578 -1
endloop
endfacet
facet normal 0.8357198802715881 0.5491559721234419 0
outer loop
vertex 25.620132446289062 34.10143280029297 -1
vertex 25.38741683959961 34.45558547973633 -8.345193862915039
vertex 25.38741683959961 34.45558547973633 -1
endloop
endfacet
facet normal 0.9164626276037325 0.4001202971678173 0
outer loop
vertex 25.38741683959961 34.45558547973633 -1
vertex 25.217857360839844 34.843955993652344 -8.263989448547363
vertex 25.217857360839844 34.843955993652344 -1
endloop
endfacet
facet normal 0.38268281562942136 0.9238797879713199 8.482230460387977e-8
outer loop
vertex 14.885795593261719 49.27425003051758 -1
vertex 12.312235832214355 50.34025192260742 -6.971221923828125
vertex 13.198263168334961 49.97324752807617 -1
endloop
endfacet
facet normal 0.6494485375090892 0.7604055478015037 0
outer loop
vertex 19.71306800842285 45.805015563964844 -1
vertex 17.594881057739258 47.61412048339844 -7.168532371520996
vertex 17.594881057739258 47.61412048339844 -1
endloop
endfacet
facet normal 0.730956476844304 0.6824240829274426 3.741866568339828e-8
outer loop
vertex 25.90932273864746 33.79167556762695 -1
vertex 25.620132446289062 34.10143280029297 -8.434588432312012
vertex 25.64466667175293 34.07515335083008 -1
endloop
endfacet
facet normal 0.6051961272676561 0.7960764081042918 0
outer loop
vertex 26.246673583984375 33.535213470458984 -1
vertex 25.90932273864746 33.79167556762695 -8.493416786193848
vertex 25.90932273864746 33.79167556762695 -1
endloop
endfacet
facet normal 0 0 1
outer loop
vertex -52.233009338378906 18.44325065612793 0
vertex -50.08713150024414 17.13817024230957 0
vertex -51.93954849243164 18.74896240234375 0
endloop
endfacet
facet normal 0 0 1
outer loop
vertex -51.93954849243164 18.74896240234375 0
vertex -50.08713150024414 17.13817024230957 0
vertex -51.8923225402832 18.796188354492188 0
endloop
endfacet
facet normal 0 0 1
outer loop
vertex -51.8923225402832 18.796188354492188 0
vertex -50.10154342651367 17.649459838867188 0
vertex -51.833404541015625 18.88033103942871 0
endloop
endfacet
facet normal 0 0 1
outer loop
vertex -51.595794677734375 19.231218338012695 0
vertex -51.833404541015625 18.88033103942871 0
vertex -50.10154342651367 17.649459838867188 0
endloop
endfacet
facet normal 0 0 1
outer loop
vertex -51.55472946166992 19.28986167907715 0
vertex -51.595794677734375 19.231218338012695 0
vertex -50.06680679321289 17.938261032104492 0
endloop
endfacet
facet normal 0 0 1
outer loop
vertex -51.51335144042969 19.378604888916016 0
vertex -51.55472946166992 19.28986167907715 0
vertex -50.06680679321289 17.938261032104492 0
endloop
endfacet
facet normal 0 0 1
outer loop
vertex -51.338417053222656 19.76458168029785 0
vertex -51.51335144042969 19.378604888916016 0
vertex -50.06680679321289 17.938261032104492 0
endloop
endfacet
facet normal 0 0 1
outer loop
vertex -51.595794677734375 19.231218338012695 0
vertex -50.10154342651367 17.649459838867188 0
vertex -50.06680679321289 17.938261032104492 0
endloop
endfacet
facet normal 0 0 1
outer loop
vertex -51.338417053222656 19.76458168029785 0
vertex -50.06680679321289 17.938261032104492 0
vertex -51.306129455566406 19.833818435668945 0
endloop
endfacet
facet normal 0 0 1
outer loop
vertex -51.306129455566406 19.833818435668945 0
vertex -50.06680679321289 17.938261032104492 0
vertex -51.28248977661133 19.922039031982422 0
endloop
endfacet
facet normal 0 0 1
outer loop
vertex -51.28248977661133 19.922039031982422 0
vertex -50.06680679321289 17.938261032104492 0
vertex -51.17679977416992 20.323211669921875 0
endloop
endfacet
facet normal 0 0 1
outer loop
vertex -51.17679977416992 20.323211669921875 0
vertex -50.06680679321289 17.938261032104492 0
vertex -51.1557502746582 20.401763916015625 0
endloop
endfacet
facet normal 0.587788772269629 0.8090144369501389 -1.0911726124753247e-7
outer loop
vertex 17.594881057739258 47.61412048339844 -1
vertex 17.435949325561523 47.729591369628906 -7.174307823181152
vertex 17.561330795288086 47.63849639892578 -1
endloop
endfacet
facet normal 0.73096175735792 0.6824184268322634 0
outer loop
vertex 25.620132446289062 34.10143280029297 -8.434588432312012
vertex 25.620132446289062 34.10143280029297 -1
vertex 25.64466667175293 34.07515335083008 -1
endloop
endfacet
facet normal 0 0 1
outer loop
vertex -51.1557502746582 20.401763916015625 0
vertex -50.06680679321289 17.938261032104492 0
vertex -46.72694778442383 36.838375091552734 0
endloop
endfacet
facet normal 0.5877852553456661 0.809016992156673 0
outer loop
vertex 17.561330795288086 47.63849639892578 -1
vertex 17.435949325561523 47.729591369628906 -7.174307823181152
vertex 17.435949325561523 47.729591369628906 -1
endloop
endfacet
facet normal 0.5224981609978829 0.8526404117527098 0
outer loop
vertex 17.435949325561523 47.729591369628906 -1
vertex 15.060833930969238 49.185062408447266 -7.054349422454834
vertex 15.060833930969238 49.185062408447266 -1
endloop
endfacet
facet normal 0.07846192779039456 0.9969171108409239 0
outer loop
vertex 7.628083229064941 51.20747756958008 -1.100000023841858
vertex 7.628083229064941 51.20747756958008 -2.5
vertex 6.9746785163879395 51.25890350341797 -1
endloop
endfacet
facet normal 0.23344656701855293 0.972369631543094 0
outer loop
vertex 10.040452003479004 50.901512145996094 -2.5144689083099365
vertex 10.040452003479004 50.901512145996094 -1.0855309963226318
vertex 10.597879409790039 50.76768493652344 -1
endloop
endfacet
facet normal -0.9313466523779467 0.3641337768329004 -0.00007532462947023498
outer loop
vertex -49.048465728759766 37.759864807128906 -7.936483860015869
vertex -49.10832977294922 37.606754302978516 -7.91695499420166
vertex -48.74965286254883 38.524169921875 -7.791173458099365
endloop
endfacet
facet normal 0.07845901641129997 0.9969173397917201 -0.00001914082372941364
outer loop
vertex 7.628083229064941 51.20747756958008 -1.100000023841858
vertex 6.9746785163879395 51.25890350341797 -1
vertex 9.222734451293945 51.08197784423828 -1
endloop
endfacet
facet normal 0 0 1
outer loop
vertex -47.85295104980469 38.0714225769043 0
vertex -46.29706954956055 37.7615852355957 0
vertex -45.95964813232422 38.14599609375 0
endloop
endfacet
facet normal 0 0 1
outer loop
vertex -47.85295104980469 38.0714225769043 0
vertex -46.55593490600586 37.320430755615234 0
vertex -46.29706954956055 37.7615852355957 0
endloop
endfacet
facet normal -0.7301951918596408 0.6832385964194299 -0.000046345116556142583
outer loop
vertex -48.12749481201172 39.46101760864258 -7.851441860198975
vertex -48.22438430786133 39.35747146606445 -7.818582057952881
vertex -47.55137252807617 40.076744079589844 -7.7140350341796875
endloop
endfacet
facet normal 0 0 1
outer loop
vertex -47.85295104980469 38.0714225769043 0
vertex -46.72694778442383 36.838375091552734 0
vertex -46.55593490600586 37.320430755615234 0
endloop
endfacet
facet normal 0.07845782350001723 0.9969174338588127 0
outer loop
vertex 9.222734451293945 51.08197784423828 -1.100000023841858
vertex 7.628083229064941 51.20747756958008 -1.100000023841858
vertex 9.222734451293945 51.08197784423828 -1
endloop
endfacet
facet normal 0.15643246146880554 0.9876886579275934 0
outer loop
vertex 9.416766166687012 51.051246643066406 -1.0980733633041382
vertex 9.222734451293945 51.08197784423828 -1.100000023841858
vertex 9.222734451293945 51.08197784423828 -1
endloop
endfacet
facet normal 0.15643246146880554 0.9876886579275934 0
outer loop
vertex 9.416766166687012 51.051246643066406 -1
vertex 9.416766166687012 51.051246643066406 -1.0980733633041382
vertex 9.222734451293945 51.08197784423828 -1
endloop
endfacet
facet normal 0.23344650675539522 0.972369646011075 0
outer loop
vertex 9.416766166687012 51.051246643066406 -1
vertex 10.040452003479004 50.901512145996094 -1.0855309963226318
vertex 9.416766166687012 51.051246643066406 -1.0980733633041382
endloop
endfacet
facet normal 0 0 1
outer loop
vertex -47.85295104980469 38.0714225769043 0
vertex -51.1557502746582 20.401763916015625 0
vertex -46.72694778442383 36.838375091552734 0
endloop
endfacet
facet normal -0.42514423686917574 0.9051256139842346 -0.000027687333498160783
outer loop
vertex -45.86320114135742 41.07496643066406 -7.570014476776123
vertex -46.6776123046875 40.69242477416992 -7.788135051727295
vertex -46.754783630371094 40.65617752075195 -7.765494346618652
endloop
endfacet
facet normal 0.23344569094559914 0.9723698418702006 5.029058075047937e-7
outer loop
vertex 12.12540054321289 50.40095901489258 -1
vertex 9.808995246887207 50.95708084106445 -3.5
vertex 10.597879409790039 50.76768493652344 -1
endloop
endfacet
facet normal 0 0 1
outer loop
vertex -48.14108657836914 37.334434509277344 0
vertex -51.1557502746582 20.401763916015625 0
vertex -47.85295104980469 38.0714225769043 0
endloop
endfacet
facet normal -0.9845197515374369 0.1752736683950655 0
outer loop
vertex -49.10832977294922 37.606754302978516 -7.91695499420166
vertex -52.09332275390625 20.839920043945312 -9.361491203308105
vertex -49.10832977294922 37.606754302978516 -1
endloop
endfacet
facet normal -0.9313501573446222 0.3641248198271403 0
outer loop
vertex -48.74965286254883 38.524169921875 -7.791173458099365
vertex -49.10832977294922 37.606754302978516 -7.91695499420166
vertex -48.74965286254883 38.524169921875 -1
endloop
endfacet
facet normal -0.8459593650508359 0.5332473653781954 0
outer loop
vertex -48.22438430786133 39.35747146606445 -7.818582057952881
vertex -48.74965286254883 38.524169921875 -7.791173458099365
vertex -48.22438430786133 39.35747146606445 -1
endloop
endfacet
facet normal -0.73019855337943 0.6832350054282844 0
outer loop
vertex -47.55137252807617 40.076744079589844 -7.7140350341796875
vertex -48.22438430786133 39.35747146606445 -7.818582057952881
vertex -47.55137252807617 40.076744079589844 -1
endloop
endfacet
facet normal -0.5882354793628631 0.8086896937755189 0
outer loop
vertex -46.754783630371094 40.65617752075195 -7.765494346618652
vertex -47.55137252807617 40.076744079589844 -7.7140350341796875
vertex -46.754783630371094 40.65617752075195 -1
endloop
endfacet
facet normal 0.10433684360583362 0.9945420167425666 0
outer loop
vertex -43.197654724121094 41.300445556640625 -7.706054210662842
vertex -43.917945861816406 41.37601089477539 -7.751184940338135
vertex -43.197654724121094 41.300445556640625 -1
endloop
endfacet
facet normal -0.42514921025214 0.9051232783560379 0
outer loop
vertex -45.86320114135742 41.07496643066406 -7.570014476776123
vertex -46.754783630371094 40.65617752075195 -7.765494346618652
vertex -45.86320114135742 41.07496643066406 -1
endloop
endfacet
facet normal -0.24680412683620448 0.9690653863267529 0
outer loop
vertex -44.90863800048828 41.318077087402344 -7.549599647521973
vertex -45.86320114135742 41.07496643066406 -7.570014476776123
vertex -44.90863800048828 41.318077087402344 -1
endloop
endfacet
facet normal -0.0584147063413263 0.9982923870253548 -0.00017913758869775702
outer loop
vertex -44.90863800048828 41.318077087402344 -7.549599647521973
vertex -43.925350189208984 41.37678909301758 -1
vertex -43.917945861816406 41.37601089477539 -7.751184940338135
endloop
endfacet
facet normal 0.23344653519663883 0.972369639182876 2.193452499610959e-7
outer loop
vertex 10.040452003479004 50.901512145996094 -1.0855309963226318
vertex 9.416766166687012 51.051246643066406 -1
vertex 10.597879409790039 50.76768493652344 -1
endloop
endfacet
facet normal -0.9313501573446222 0.3641248198271403 0
outer loop
vertex -49.10832977294922 37.606754302978516 -7.91695499420166
vertex -49.10832977294922 37.606754302978516 -1
vertex -48.74965286254883 38.524169921875 -1
endloop
endfacet
facet normal 0.10433875565023058 0.9945418161491849 -2.0624328218622114e-7
outer loop
vertex -43.917945861816406 41.37601089477539 -7.751184940338135
vertex -43.925350189208984 41.37678909301758 -1
vertex -43.197654724121094 41.300445556640625 -1
endloop
endfacet
facet normal -0.05960490340160734 0.9982220471871246 1.7658599631002184e-7
outer loop
vertex -43.925350189208984 41.37678909301758 -1
vertex -44.90863800048828 41.318077087402344 -7.549599647521973
vertex -44.49623489379883 41.34270095825195 -1
endloop
endfacet
facet normal -0.0596021089054943 0.9982222140455589 0
outer loop
vertex -44.90863800048828 41.318077087402344 -7.549599647521973
vertex -44.90863800048828 41.318077087402344 -1
vertex -44.49623489379883 41.34270095825195 -1
endloop
endfacet
facet normal -0.24680412683620445 0.9690653863267528 0
outer loop
vertex -45.86320114135742 41.07496643066406 -7.570014476776123
vertex -45.86320114135742 41.07496643066406 -1
vertex -44.90863800048828 41.318077087402344 -1
endloop
endfacet
facet normal -0.42514921025214 0.9051232783560379 0
outer loop
vertex -45.86320114135742 41.07496643066406 -1
vertex -46.754783630371094 40.65617752075195 -7.765494346618652
vertex -46.754783630371094 40.65617752075195 -1
endloop
endfacet
facet normal -0.8459593650508358 0.5332473653781954 0
outer loop
vertex -48.22438430786133 39.35747146606445 -1
vertex -48.74965286254883 38.524169921875 -7.791173458099365
vertex -48.74965286254883 38.524169921875 -1
endloop
endfacet
facet normal -0.73019855337943 0.6832350054282844 0
outer loop
vertex -48.22438430786133 39.35747146606445 -7.818582057952881
vertex -48.22438430786133 39.35747146606445 -1
vertex -47.55137252807617 40.076744079589844 -1
endloop
endfacet
facet normal -1.350010478095346e-8 0.08367787284904094 -0.996492856770915
outer loop
vertex 46.75844955444336 11.96873950958252 -11.032523155212402
vertex 47.135066986083984 43.945919036865234 -8.347323417663574
vertex 62.35980987548828 21.08893585205078 -10.266678810119629
endloop
endfacet
facet normal 5.323279897145687e-7 0.08367838607584893 -0.9964928136737655
outer loop
vertex -3.9891233444213867 36.0627555847168 -9.009291648864746
vertex -10.20585823059082 41.80385971069336 -8.52719783782959
vertex -9.645051956176758 41.97338104248047 -8.512962341308594
endloop
endfacet
facet normal 2.2245252185154774e-7 0.08367794157878167 -0.9964928509994883
outer loop
vertex 11.847495079040527 41.826812744140625 -8.525270462036133
vertex 9.207067489624023 50.189449310302734 -7.823040008544922
vertex 13.418159484863281 40.727020263671875 -8.617622375488281
endloop
endfacet
facet normal -0.0000016934526386758928 0.08367840262198274 -0.9964928122830418
outer loop
vertex -82.55789947509766 -64.00240325927734 -17.411998748779297
vertex -83.13732147216797 -63.252925872802734 -17.349061965942383
vertex -55.964439392089844 18.090145111083984 -10.51849365234375
endloop
endfacet
facet normal -7.408008611547344e-7 0.08367808661436227 -0.9964928388202349
outer loop
vertex -55.964439392089844 18.090145111083984 -10.51849365234375
vertex -83.13732147216797 -63.252925872802734 -17.349061965942383
vertex -83.350341796875 -62.46995544433594 -17.283313751220703
endloop
endfacet
facet normal -0.0000022553596020198 0.08367577608111205 -0.9964930328367263
outer loop
vertex 64.58223724365234 25.282766342163086 -9.914512634277344
vertex 47.135066986083984 43.945919036865234 -8.347323417663574
vertex 47.28725051879883 44.04079055786133 -8.339357376098633
endloop
endfacet
facet normal 1.1441456914775047e-7 0.0836779457255278 -0.9964928506512942
outer loop
vertex 47.28725051879883 44.04079055786133 -8.339357376098633
vertex 47.740264892578125 44.4112663269043 -8.308247566223145
vertex 64.58223724365234 25.282766342163086 -9.914512634277344
endloop
endfacet
facet normal -5.655577249699908e-8 0.08367781381390185 -0.9964928617282327
outer loop
vertex 63.94183349609375 24.006282806396484 -10.02170181274414
vertex 63.74425506591797 23.185148239135742 -10.090654373168945
vertex 47.135066986083984 43.945919036865234 -8.347323417663574
endloop
endfacet
facet normal 3.9826085312295265e-7 0.08367819448651674 -0.9964928297621204
outer loop
vertex 64.08574676513672 24.479026794433594 -9.982004165649414
vertex 63.94183349609375 24.006282806396484 -10.02170181274414
vertex 47.135066986083984 43.945919036865234 -8.347323417663574
endloop
endfacet
facet normal -0.0000023543546399243215 0.08367641047756649 -0.9964929795658607
outer loop
vertex 24.4097900390625 34.64414978027344 -9.12841510772705
vertex 24.68604850769043 34.129119873046875 -9.171663284301758
vertex 16.855379104614258 47.177947998046875 -8.075922966003418
endloop
endfacet
facet normal 8.737323197063098e-8 0.08367792567845589 -0.9964928523346984
outer loop
vertex 64.36199951171875 24.994054794311523 -9.938755989074707
vertex 64.08574676513672 24.479026794433594 -9.982004165649414
vertex 47.135066986083984 43.945919036865234 -8.347323417663574
endloop
endfacet
facet normal -8.924113494922038e-7 0.08367704130636647 -0.9964929265967803
outer loop
vertex 64.58223724365234 25.282766342163086 -9.914512634277344
vertex 64.36199951171875 24.994054794311523 -9.938755989074707
vertex 47.135066986083984 43.945919036865234 -8.347323417663574
endloop
endfacet
facet normal -1.7576800112472276e-7 0.08367769201894124 -0.9964928719556163
outer loop
vertex 64.94804382324219 25.6854190826416 -9.880701065063477
vertex 64.58223724365234 25.282766342163086 -9.914512634277344
vertex 47.740264892578125 44.4112663269043 -8.308247566223145
endloop
endfacet
facet normal 7.259687776722665e-7 0.0836785148515345 -0.9964928028599678
outer loop
vertex 65.08931732177734 25.856952667236328 -9.866296768188477
vertex 64.94804382324219 25.6854190826416 -9.880701065063477
vertex 47.740264892578125 44.4112663269043 -8.308247566223145
endloop
endfacet
facet normal 1.1380773422364536e-7 0.08367794646352791 -0.9964928505893226
outer loop
vertex 65.54232788085938 26.227428436279297 -9.835186958312988
vertex 65.08931732177734 25.856952667236328 -9.866296768188477
vertex 47.740264892578125 44.4112663269043 -8.308247566223145
endloop
endfacet
facet normal -5.501884879675963e-7 0.08367730095974882 -0.9964929047935007
outer loop
vertex 66.05917358398438 26.502716064453125 -9.812070846557617
vertex 65.54232788085938 26.227428436279297 -9.835186958312988
vertex 47.740264892578125 44.4112663269043 -8.308247566223145
endloop
endfacet
facet normal -1.3435165020166887e-7 0.08367772334673888 -0.9964928693249584
outer loop
vertex 66.46520233154297 26.625452041625977 -9.801764488220215
vertex 66.05917358398438 26.502716064453125 -9.812070846557617
vertex 47.740264892578125 44.4112663269043 -8.308247566223145
endloop
endfacet
facet normal 2.909807166494852e-7 0.0836781680019943 -0.9964928319861339
outer loop
vertex 68.46435546875 27.146865844726562 -9.757979393005371
vertex 66.46520233154297 26.625452041625977 -9.801764488220215
vertex 47.740264892578125 44.4112663269043 -8.308247566223145
endloop
endfacet
facet normal -1.6997386695007914e-7 0.08367761854906028 -0.9964928781250416
outer loop
vertex 69.8446044921875 28.05046844482422 -9.68210220336914
vertex 68.46435546875 27.146865844726562 -9.757979393005371
vertex 47.740264892578125 44.4112663269043 -8.308247566223145
endloop
endfacet
facet normal -8.264626107844992e-7 0.08367673780693587 -0.996492952082104
outer loop
vertex 69.8446044921875 28.05046844482422 -9.68210220336914
vertex 47.740264892578125 44.4112663269043 -8.308247566223145
vertex 47.89692306518555 44.57991027832031 -8.294086456298828
endloop
endfacet
facet normal -3.848946956008792e-7 0.08367761673422894 -0.9964928782773771
outer loop
vertex 24.4097900390625 34.64414978027344 -9.12841510772705
vertex 19.013652801513672 45.35382080078125 -8.22909927368164
vertex 24.291345596313477 35.033241271972656 -9.095742225646973
endloop
endfacet
facet normal 1.296484534549207e-7 0.0836779159940761 -0.9964928531479147
outer loop
vertex 14.438529014587402 48.64186477661133 -7.952994346618652
vertex 39.80215072631836 6.094367027282715 -11.52580738067627
vertex 11.822616577148438 49.70960235595703 -7.8633341789245605
endloop
endfacet
facet normal -6.38441952451376e-8 0.08367780145594504 -0.9964928627659584
outer loop
vertex 16.855379104614258 47.177947998046875 -8.075922966003418
vertex 39.80215072631836 6.094367027282715 -11.52580738067627
vertex 14.438529014587402 48.64186477661133 -7.952994346618652
endloop
endfacet
facet normal -5.1517608457357226e-8 0.08367780465740177 -0.9964928624971254
outer loop
vertex 9.207067489624023 50.189449310302734 -7.823040008544922
vertex 39.80215072631836 6.094367027282715 -11.52580738067627
vertex 14.7739839553833 39.37119674682617 -8.731473922729492
endloop
endfacet
facet normal -1.3500203974385802e-7 0.08367774740736053 -0.9964928673045341
outer loop
vertex 39.80215072631836 6.094367027282715 -11.52580738067627
vertex 9.380744934082031 50.282508850097656 -7.815225601196289
vertex 11.822616577148438 49.70960235595703 -7.8633341789245605
endloop
endfacet
facet normal -8.466593619292988e-8 0.0836777818186958 -0.9964928644149418
outer loop
vertex 39.80215072631836 6.094367027282715 -11.52580738067627
vertex 9.207067489624023 50.189449310302734 -7.823040008544922
vertex 9.380744934082031 50.282508850097656 -7.815225601196289
endloop
endfacet
facet normal 4.4560722675657564e-8 0.08367787217000633 -0.9964928568279344
outer loop
vertex 46.75844955444336 11.96873950958252 -11.032523155212402
vertex 31.50501251220703 34.841190338134766 -9.111869812011719
vertex 47.135066986083984 43.945919036865234 -8.347323417663574
endloop
endfacet
facet normal -3.6356132134512975e-7 0.08367760083253542 -0.9964928796126838
outer loop
vertex 46.38636779785156 11.708956718444824 -11.054337501525879
vertex 30.074050903320312 33.491207122802734 -9.22523021697998
vertex 31.50501251220703 34.841190338134766 -9.111869812011719
endloop
endfacet
facet normal 0.0000011934002815685121 0.08367875864748832 -0.996492782387204
outer loop
vertex 46.38636779785156 11.708956718444824 -11.054337501525879
vertex 29.677093505859375 33.16657638549805 -9.252490997314453
vertex 30.074050903320312 33.491207122802734 -9.22523021697998
endloop
endfacet
facet normal -6.999399365212842e-7 0.08367758013615194 -0.9964928813504229
outer loop
vertex 29.677093505859375 33.16657638549805 -9.252490997314453
vertex 39.952396392822266 6.344035625457764 -11.504842758178711
vertex 29.16025161743164 32.89128875732422 -9.275607109069824
endloop
endfacet
facet normal -0.000001261539358164099 0.08367735342999919 -0.9964929003868315
outer loop
vertex 39.952396392822266 6.344035625457764 -11.504842758178711
vertex 28.85485076904297 32.784141540527344 -9.2846040725708
vertex 29.16025161743164 32.89128875732422 -9.275607109069824
endloop
endfacet
facet normal 0.0000010695966187865598 0.08367832501263554 -0.9964928188009866
outer loop
vertex 39.952396392822266 6.344035625457764 -11.504842758178711
vertex 28.333850860595703 32.632408142089844 -9.297346115112305
vertex 28.85485076904297 32.784141540527344 -9.2846040725708
endloop
endfacet
facet normal -4.303444431245968e-7 0.08367766673271533 -0.9964928740788784
outer loop
vertex 39.952396392822266 6.344035625457764 -11.504842758178711
vertex 28.078447341918945 32.57003402709961 -9.302583694458008
vertex 28.333850860595703 32.632408142089844 -9.297346115112305
endloop
endfacet
facet normal -5.571679077020823e-7 0.08367760971481868 -0.9964928788667303
outer loop
vertex 27.495227813720703 32.51279067993164 -9.307390213012695
vertex 28.078447341918945 32.57003402709961 -9.302583694458008
vertex 39.952396392822266 6.344035625457764 -11.504842758178711
endloop
endfacet
facet normal -0.0000023969285821691194 0.08367625536251641 -0.9964929925908972
outer loop
vertex 46.602378845214844 11.885611534118652 -11.03950309753418
vertex 31.50501251220703 34.841190338134766 -9.111869812011719
vertex 46.75844955444336 11.96873950958252 -11.032523155212402
endloop
endfacet
facet normal 8.660024989037664e-7 0.08367838629304276 -0.9964928136552929
outer loop
vertex 46.38636779785156 11.708956718444824 -11.054337501525879
vertex 31.50501251220703 34.841190338134766 -9.111869812011719
vertex 46.602378845214844 11.885611534118652 -11.03950309753418
endloop
endfacet
facet normal 1.704157794121816e-8 0.0836778490187935 -0.9964928587719973
outer loop
vertex 40.55211639404297 7.000389575958252 -11.449727058410645
vertex 29.677093505859375 33.16657638549805 -9.252490997314453
vertex 46.38636779785156 11.708956718444824 -11.054337501525879
endloop
endfacet
facet normal -4.412989845019551e-7 0.08367765986004184 -0.996492874655987
outer loop
vertex 40.55211639404297 7.000389575958252 -11.449727058410645
vertex 40.32417678833008 6.795462131500244 -11.466935157775879
vertex 29.677093505859375 33.16657638549805 -9.252490997314453
endloop
endfacet
facet normal 4.6863361761110476e-7 0.08367802466419794 -0.9964928440225139
outer loop
vertex 40.32417678833008 6.795462131500244 -11.466935157775879
vertex 39.952396392822266 6.344035625457764 -11.504842758178711
vertex 29.677093505859375 33.16657638549805 -9.252490997314453
endloop
endfacet
facet normal -0.0000022303605936439652 0.08367665760827485 -0.9964929588143275
outer loop
vertex 39.952396392822266 6.344035625457764 -11.504842758178711
vertex 39.80215072631836 6.094367027282715 -11.52580738067627
vertex 25.05782699584961 33.67769241333008 -9.20957088470459
endloop
endfacet
facet normal 5.674136855217786e-7 0.08367815156913794 -0.9964928333659256
outer loop
vertex 24.68604850769043 34.129119873046875 -9.171663284301758
vertex 39.80215072631836 6.094367027282715 -11.52580738067627
vertex 16.855379104614258 47.177947998046875 -8.075922966003418
endloop
endfacet
facet normal 4.887792925539462e-7 0.08367821225324305 -0.9964928282701598
outer loop
vertex 15.873774528503418 37.800533294677734 -8.86336612701416
vertex 39.80215072631836 6.094367027282715 -11.52580738067627
vertex 16.684114456176758 36.0627555847168 -9.009291648864746
endloop
endfacet
facet normal -0.000001106273186130532 0.08367701690932358 -0.9964929286452227
outer loop
vertex 39.80215072631836 6.094367027282715 -11.52580738067627
vertex 15.873774528503418 37.800533294677734 -8.86336612701416
vertex 14.7739839553833 39.37119674682617 -8.731473922729492
endloop
endfacet
facet normal -0.0000010826008231047434 0.0836772892508416 -0.9964929057762825
outer loop
vertex 25.834362030029297 33.01484298706055 -9.26523208618164
vertex 39.952396392822266 6.344035625457764 -11.504842758178711
vertex 25.4869327545166 33.28511428833008 -9.242536544799805
endloop
endfacet
facet normal 0.0000026953166946505082 0.08367932289864727 -0.9964927350020969
outer loop
vertex 25.163414001464844 33.57748794555664 -9.217985153198242
vertex 39.952396392822266 6.344035625457764 -11.504842758178711
vertex 25.05782699584961 33.67769241333008 -9.20957088470459
endloop
endfacet
facet normal -4.955227625931765e-7 0.08367760226333941 -0.9964928794924793
outer loop
vertex 39.952396392822266 6.344035625457764 -11.504842758178711
vertex 25.163414001464844 33.57748794555664 -9.217985153198242
vertex 25.4869327545166 33.28511428833008 -9.242536544799805
endloop
endfacet
facet normal -0.0000013620250401603544 0.0836771185163939 -0.9964929201128017
outer loop
vertex 24.68604850769043 34.129119873046875 -9.171663284301758
vertex 25.05782699584961 33.67769241333008 -9.20957088470459
vertex 39.80215072631836 6.094367027282715 -11.52580738067627
endloop
endfacet
facet normal 6.117867646287503e-7 0.08367816227848915 -0.9964928324666067
outer loop
vertex 39.952396392822266 6.344035625457764 -11.504842758178711
vertex 26.912010192871094 32.57003402709961 -9.302583694458008
vertex 27.495227813720703 32.51279067993164 -9.307390213012695
endloop
endfacet
facet normal -8.148897340583076e-7 0.08367745785744732 -0.9964928916183251
outer loop
vertex 39.952396392822266 6.344035625457764 -11.504842758178711
vertex 26.35120391845703 32.73955535888672 -9.288348197937012
vertex 26.912010192871094 32.57003402709961 -9.302583694458008
endloop
endfacet
facet normal 0.0000011825692340084681 0.08367847990946181 -0.9964928057937215
outer loop
vertex 39.952396392822266 6.344035625457764 -11.504842758178711
vertex 25.834362030029297 33.01484298706055 -9.26523208618164
vertex 26.35120391845703 32.73955535888672 -9.288348197937012
endloop
endfacet
facet normal -3.300307477455832e-7 0.08367758503441669 -0.9964928809392966
outer loop
vertex 39.80215072631836 6.094367027282715 -11.52580738067627
vertex 17.18037986755371 34.210662841796875 -9.164815902709961
vertex 16.684114456176758 36.0627555847168 -9.009291648864746
endloop
endfacet
facet normal 3.0070450910951785e-7 0.08367808895719009 -0.9964928386237314
outer loop
vertex 39.80215072631836 6.094367027282715 -11.52580738067627
vertex 17.347496032714844 32.300533294677734 -9.325214385986328
vertex 17.18037986755371 34.210662841796875 -9.164815902709961
endloop
endfacet
facet normal 1.5650464230815772e-7 0.08367796626522743 -0.9964928489265193
outer loop
vertex 39.80215072631836 6.094367027282715 -11.52580738067627
vertex 17.18037986755371 30.39040184020996 -9.485612869262695
vertex 17.347496032714844 32.300533294677734 -9.325214385986328
endloop
endfacet
facet normal -5.30373507367839e-8 0.08367777252908509 -0.9964928651950138
outer loop
vertex 39.80215072631836 6.094367027282715 -11.52580738067627
vertex 16.684114456176758 28.538311004638672 -9.64113712310791
vertex 17.18037986755371 30.39040184020996 -9.485612869262695
endloop
endfacet
facet normal 1.071096616982362e-7 0.08367793633100476 -0.9964928514401761
outer loop
vertex 39.80215072631836 6.094367027282715 -11.52580738067627
vertex 15.873774528503418 26.800533294677734 -9.787062644958496
vertex 16.684114456176758 28.538311004638672 -9.64113712310791
endloop
endfacet
facet normal -1.4821547392620338e-8 0.08367779641197273 -0.9964928631895144
outer loop
vertex 39.80215072631836 6.094367027282715 -11.52580738067627
vertex 14.7739839553833 25.229869842529297 -9.918954849243164
vertex 15.873774528503418 26.800533294677734 -9.787062644958496
endloop
endfacet
facet normal -8.175036947945959e-8 0.08367770948576547 -0.9964928704889007
outer loop
vertex 39.80215072631836 6.094367027282715 -11.52580738067627
vertex 13.418159484863281 23.87404441833496 -10.032806396484375
vertex 14.7739839553833 25.229869842529297 -9.918954849243164
endloop
endfacet
facet normal -2.0657718390862703e-8 0.08367779950886797 -0.9964928629294609
outer loop
vertex 39.80215072631836 6.094367027282715 -11.52580738067627
vertex 11.847495079040527 22.774253845214844 -10.125158309936523
vertex 13.418159484863281 23.87404441833496 -10.032806396484375
endloop
endfacet
facet normal 0.0000019537654303391956 0.08367722939717508 -0.9964929108009728
outer loop
vertex -81.76332092285156 -64.42113494873047 -17.447158813476562
vertex -82.55789947509766 -64.00240325927734 -17.411998748779297
vertex -55.964439392089844 18.090145111083984 -10.51849365234375
endloop
endfacet
facet normal -6.230087632621777e-9 0.08367783352219546 -0.996492860073283
outer loop
vertex -81.76332092285156 -64.42113494873047 -17.447158813476562
vertex -54.82041549682617 17.863384246826172 -10.537535667419434
vertex -12.052504539489746 -44.574466705322266 -15.780588150024414
endloop
endfacet
facet normal 3.37367089262973e-7 0.08367839533910247 -0.9964928128959882
outer loop
vertex 39.4404411315918 5.420698165893555 -11.582377433776855
vertex 11.847495079040527 22.774253845214844 -10.125158309936523
vertex 39.80215072631836 6.094367027282715 -11.52580738067627
endloop
endfacet
facet normal -6.117778632350921e-7 0.08367689672252512 -0.9964929387379088
outer loop
vertex 39.31442642211914 5.155337810516357 -11.604660034179688
vertex 11.847495079040527 22.774253845214844 -10.125158309936523
vertex 39.4404411315918 5.420698165893555 -11.582377433776855
endloop
endfacet
facet normal 3.9682206538521793e-7 0.08367850814090508 -0.996492803423665
outer loop
vertex 39.144309997558594 4.596498966217041 -11.65158748626709
vertex 10.10971736907959 21.963912963867188 -10.193204879760742
vertex 39.31442642211914 5.155337810516357 -11.604660034179688
endloop
endfacet
facet normal -6.480860844887857e-7 0.08367666343496971 -0.9964929583273385
outer loop
vertex 39.0871467590332 4.018168926239014 -11.700150489807129
vertex 8.257625579833984 21.467647552490234 -10.234877586364746
vertex 39.144309997558594 4.596498966217041 -11.65158748626709
endloop
endfacet
facet normal 1.1437692860829063e-7 0.08367802083188876 -0.9964928443444263
outer loop
vertex 10.10971736907959 21.963912963867188 -10.193204879760742
vertex 11.847495079040527 22.774253845214844 -10.125158309936523
vertex 39.31442642211914 5.155337810516357 -11.604660034179688
endloop
endfacet
facet normal 4.9291596147293616e-8 0.08367793121262242 -0.9964928518699837
outer loop
vertex 8.257625579833984 21.467647552490234 -10.234877586364746
vertex 10.10971736907959 21.963912963867188 -10.193204879760742
vertex 39.144309997558594 4.596498966217041 -11.65158748626709
endloop
endfacet
facet normal 4.5098372011443704e-7 0.08367807613370659 -0.9964928397004958
outer loop
vertex -2.078993320465088 25.229869842529297 -9.918954849243164
vertex -0.7231681942939758 23.87404441833496 -10.032806396484375
vertex 39.03041076660156 -54.92900085449219 -16.650083541870117
endloop
endfacet
facet normal 3.2443529280214076e-7 0.08367801168789603 -0.9964928451122241
outer loop
vertex -3.178783893585205 26.800533294677734 -9.787062644958496
vertex -2.078993320465088 25.229869842529297 -9.918954849243164
vertex 39.03041076660156 -54.92900085449219 -16.650083541870117
endloop
endfacet
facet normal 4.217048411003107e-10 0.08367784552286499 -0.9964928590655588
outer loop
vertex 39.03041076660156 -54.92900085449219 -16.650083541870117
vertex -20.53516387939453 39.32636642456055 -8.735239028930664
vertex -3.178783893585205 26.800533294677734 -9.787062644958496
endloop
endfacet
facet normal -2.1698720268201777e-9 0.08367783727955024 -0.9964928597577691
outer loop
vertex -55.964439392089844 18.090145111083984 -10.51849365234375
vertex -83.350341796875 -62.46995544433594 -17.283313751220703
vertex -83.33455657958984 16.31679344177246 -10.66740608215332
endloop
endfacet
facet normal -6.393486943251784e-7 0.08367803451168028 -0.9964928431955009
outer loop
vertex -81.76332092285156 -64.42113494873047 -17.447158813476562
vertex -55.964439392089844 18.090145111083984 -10.51849365234375
vertex -55.40363311767578 17.920623779296875 -10.532729148864746
endloop
endfacet
facet normal 3.0783861149396334e-8 0.08367782148736175 -0.9964928610838757
outer loop
vertex -54.82041549682617 17.863384246826172 -10.537535667419434
vertex -81.76332092285156 -64.42113494873047 -17.447158813476562
vertex -55.40363311767578 17.920623779296875 -10.532729148864746
endloop
endfacet
facet normal 4.802185860365526e-7 0.08367606546934964 -0.9964930085391158
outer loop
vertex -81.76332092285156 -64.42113494873047 -17.447158813476562
vertex -11.74384593963623 -45.036407470703125 -15.819378852844238
vertex -11.552504539489746 -45.074466705322266 -15.822574615478516
endloop
endfacet
facet normal -1.7497182604653908e-7 0.08367842207231112 -0.9964928106511645
outer loop
vertex -81.76332092285156 -64.42113494873047 -17.447158813476562
vertex -12.052504539489746 -44.574466705322266 -15.780588150024414
vertex -12.014444351196289 -44.76580810546875 -15.796655654907227
endloop
endfacet
facet normal -6.543772076289744e-7 0.08368013504094163 -0.9964926668064855
outer loop
vertex -11.74384593963623 -45.036407470703125 -15.819378852844238
vertex -81.76332092285156 -64.42113494873047 -17.447158813476562
vertex -11.906058311462402 -44.92802047729492 -15.810276985168457
endloop
endfacet
facet normal 2.4736013349449026e-8 0.08367771835143571 -0.996492869744434
outer loop
vertex -11.906058311462402 -44.92802047729492 -15.810276985168457
vertex -81.76332092285156 -64.42113494873047 -17.447158813476562
vertex -12.014444351196289 -44.76580810546875 -15.796655654907227
endloop
endfacet
facet normal 0 0.0836777960236167 -0.9964928632221258
outer loop
vertex -81.76332092285156 -64.42113494873047 -17.447158813476562
vertex -11.552504539489746 -45.074466705322266 -15.822574615478516
vertex 7.447495460510254 -45.074466705322266 -15.822574615478516
endloop
endfacet
facet normal -4.728927360597289e-9 0.08368195523855713 -0.9964925139545466
outer loop
vertex -81.76332092285156 -64.42113494873047 -17.447158813476562
vertex 18.78206443786621 -64.30572509765625 -17.437467575073242
vertex 17.842050552368164 -64.53605651855469 -17.456809997558594
endloop
endfacet
facet normal 7.926341299134066e-11 0.08367779566067866 -0.9964928632526023
outer loop
vertex 18.78206443786621 -64.30572509765625 -17.437467575073242
vertex -81.76332092285156 -64.42113494873047 -17.447158813476562
vertex 7.447495460510254 -45.074466705322266 -15.822574615478516
endloop
endfacet
facet normal -3.080350867501267e-8 0.08367781529179869 -0.9964928616041315
outer loop
vertex -12.052504539489746 -30.574466705322266 -14.604975700378418
vertex -12.052504539489746 -44.574466705322266 -15.780588150024414
vertex -53.26201629638672 18.179269790649414 -10.51101016998291
endloop
endfacet
facet normal 5.936061333451955e-7 0.0836783393837925 -0.9964928175945968
outer loop
vertex -12.052504539489746 -30.574466705322266 -14.604975700378418
vertex -53.26201629638672 18.179269790649414 -10.51101016998291
vertex -12.014444351196289 -30.38312530517578 -14.588908195495605
endloop
endfacet
facet normal 5.575919263222364e-7 0.08367830900849871 -0.996492820145317
outer loop
vertex -12.014444351196289 -30.38312530517578 -14.588908195495605
vertex -53.26201629638672 18.179269790649414 -10.51101016998291
vertex -11.906058311462402 -30.220914840698242 -14.575286865234375
endloop
endfacet
facet normal 0.000001401362904428814 0.08367902492761782 -0.9964927600264838
outer loop
vertex -11.906058311462402 -30.220914840698242 -14.575286865234375
vertex -53.26201629638672 18.179269790649414 -10.51101016998291
vertex -11.74384593963623 -30.11252784729004 -14.566184997558594
endloop
endfacet
facet normal -0.0000014239848750309586 0.08367661288413818 -0.9964929625713422
outer loop
vertex -11.74384593963623 -30.11252784729004 -14.566184997558594
vertex -53.26201629638672 18.179269790649414 -10.51101016998291
vertex -11.552504539489746 -30.074466705322266 -14.562989234924316
endloop
endfacet
facet normal -7.111507689167451e-7 0.08367697980210971 -0.9964929317615312
outer loop
vertex -52.29216003417969 18.825035095214844 -10.456783294677734
vertex 39.03041076660156 -54.92900085449219 -16.650083541870117
vertex 7.801048755645752 -30.220914840698242 -14.575286865234375
endloop
endfacet
facet normal 0 0.08367784429425389 -0.9964928591687281
outer loop
vertex -52.29216003417969 18.825035095214844 -10.456783294677734
vertex 7.447495460510254 -30.074466705322266 -14.562989234924316
vertex -11.552504539489746 -30.074466705322266 -14.562989234924316
endloop
endfacet
facet normal 0.0000022069824085503172 0.08368052164611571 -0.996492634339142
outer loop
vertex 7.447495460510254 -30.074466705322266 -14.562989234924316
vertex -52.29216003417969 18.825035095214844 -10.456783294677734
vertex 7.6388373374938965 -30.11252784729004 -14.566184997558594
endloop
endfacet
facet normal -0.000012107908965717601 0.08366311376249161 -0.9964940959428524
outer loop
vertex 7.6388373374938965 -30.11252784729004 -14.566184997558594
vertex -52.29216003417969 18.825035095214844 -10.456783294677734
vertex 7.801048755645752 -30.220914840698242 -14.575286865234375
endloop
endfacet
facet normal -3.0351559113072904e-8 0.08367781711545638 -0.9964928614509947
outer loop
vertex -12.052504539489746 -44.574466705322266 -15.780588150024414
vertex -54.82041549682617 17.863384246826172 -10.537535667419434
vertex -54.2371940612793 17.920623779296875 -10.532729148864746
endloop
endfacet
facet normal 0.000003937867582736993 0.08368047693903774 -0.9964926380880835
outer loop
vertex -12.052504539489746 -44.574466705322266 -15.780588150024414
vertex -54.2371940612793 17.920623779296875 -10.532729148864746
vertex -54.19062042236328 17.934703826904297 -10.531546592712402
endloop
endfacet
facet normal -7.680909437418728e-7 0.08367732681445586 -0.9964929026222901
outer loop
vertex -12.052504539489746 -44.574466705322266 -15.780588150024414
vertex -54.19062042236328 17.934703826904297 -10.531546592712402
vertex -53.7762451171875 18.023826599121094 -10.524063110351562
endloop
endfacet
facet normal 1.9611825513313184e-8 0.0836778481670372 -0.9964928588435211
outer loop
vertex -53.26201629638672 18.179269790649414 -10.51101016998291
vertex -12.052504539489746 -44.574466705322266 -15.780588150024414
vertex -53.7762451171875 18.023826599121094 -10.524063110351562
endloop
endfacet
facet normal 6.480057320474296e-7 0.08367865093192708 -0.9964927914329298
outer loop
vertex 39.03041076660156 -54.92900085449219 -16.650083541870117
vertex -52.29216003417969 18.825035095214844 -10.456783294677734
vertex -52.08958053588867 19.071012496948242 -10.436127662658691
endloop
endfacet
facet normal -7.922887357768583e-7 0.08367688984193031 -0.9964929393155547
outer loop
vertex 39.03041076660156 -54.92900085449219 -16.650083541870117
vertex -52.08958053588867 19.071012496948242 -10.436127662658691
vertex -51.8076171875 19.41962242126465 -10.406854629516602
endloop
endfacet
facet normal 3.8823863504110366e-7 0.08367832209322468 -0.9964928190466361
outer loop
vertex 39.03041076660156 -54.92900085449219 -16.650083541870117
vertex -51.8076171875 19.41962242126465 -10.406854629516602
vertex -51.6384162902832 19.62506866455078 -10.389602661132812
endloop
endfacet
facet normal -1.0845953430884678e-7 0.08367772226406657 -0.996492869415876
outer loop
vertex 39.03041076660156 -54.92900085449219 -16.650083541870117
vertex -51.6384162902832 19.62506866455078 -10.389602661132812
vertex -51.362159729003906 20.140098571777344 -10.346354484558105
endloop
endfacet
facet normal -5.144896534469288e-7 0.08367723677641765 -0.9964929101831075
outer loop
vertex 39.03041076660156 -54.92900085449219 -16.650083541870117
vertex -51.362159729003906 20.140098571777344 -10.346354484558105
vertex -51.192039489746094 20.698936462402344 -10.29942798614502
endloop
endfacet
facet normal 0.000005180357991786114 0.08368398303029555 -0.9964923436521473
outer loop
vertex 39.03041076660156 -54.92900085449219 -16.650083541870117
vertex -51.192039489746094 20.698936462402344 -10.29942798614502
vertex -51.186492919921875 20.75505828857422 -10.29471492767334
endloop
endfacet
facet normal 3.3089790641845495e-8 0.08367785850125371 -0.9964928579757324
outer loop
vertex 8.257625579833984 21.467647552490234 -10.234877586364746
vertex 39.0871467590332 4.018168926239014 -11.700150489807129
vertex 39.03041076660156 -54.92900085449219 -16.650083541870117
endloop
endfacet
facet normal -3.087788277696493e-7 0.08367772175981901 -0.9964928694581768
outer loop
vertex 39.03041076660156 -54.92900085449219 -16.650083541870117
vertex 6.3474955558776855 21.300533294677734 -10.248909950256348
vertex 8.257625579833984 21.467647552490234 -10.234877586364746
endloop
endfacet
facet normal 3.3284623357435415e-7 0.08367799492618191 -0.9964928465197445
outer loop
vertex 39.03041076660156 -54.92900085449219 -16.650083541870117
vertex 4.437365531921387 21.467647552490234 -10.234877586364746
vertex 6.3474955558776855 21.300533294677734 -10.248909950256348
endloop
endfacet
facet normal -8.249199761476505e-8 0.08367780817439446 -0.9964928622017935
outer loop
vertex 39.03041076660156 -54.92900085449219 -16.650083541870117
vertex 2.5852739810943604 21.963912963867188 -10.193204879760742
vertex 4.437365531921387 21.467647552490234 -10.234877586364746
endloop
endfacet
facet normal -2.516204785038682e-7 0.08367772857341503 -0.9964928688860399
outer loop
vertex 39.03041076660156 -54.92900085449219 -16.650083541870117
vertex 0.8474955558776855 22.774253845214844 -10.125158309936523
vertex 2.5852739810943604 21.963912963867188 -10.193204879760742
endloop
endfacet
facet normal 8.72282902562173e-8 0.08367789391579085 -0.9964928550018862
outer loop
vertex -0.7231681942939758 23.87404441833496 -10.032806396484375
vertex 0.8474955558776855 22.774253845214844 -10.125158309936523
vertex 39.03041076660156 -54.92900085449219 -16.650083541870117
endloop
endfacet
facet normal -0.0000013209576490922924 0.08367620394916271 -0.9964929969101203
outer loop
vertex 7.909435272216797 -30.38312530517578 -14.588908195495605
vertex 39.03041076660156 -54.92900085449219 -16.650083541870117
vertex 39.029659271240234 -55.715057373046875 -16.716089248657227
endloop
endfacet
facet normal 3.7089997719826637e-7 0.08367826584512009 -0.9964928237699536
outer loop
vertex 7.947495460510254 -30.574466705322266 -14.604975700378418
vertex 39.029659271240234 -55.715057373046875 -16.716089248657227
vertex 38.559593200683594 -57.273319244384766 -16.846940994262695
endloop
endfacet
facet normal 2.970763151571203e-7 0.08367818179381976 -0.9964928308279956
outer loop
vertex 38.559593200683594 -57.273319244384766 -16.846940994262695
vertex 37.6046028137207 -58.472633361816406 -16.947650909423828
vertex 7.947495460510254 -30.574466705322266 -14.604975700378418
endloop
endfacet
facet normal -3.966762509660893e-7 0.08367744946502416 -0.9964928923233075
outer loop
vertex 37.6046028137207 -58.472633361816406 -16.947650909423828
vertex 35.3471565246582 -59.49150848388672 -17.033206939697266
vertex 7.947495460510254 -30.574466705322266 -14.604975700378418
endloop
endfacet
facet normal 3.007136507707915e-8 0.08367785098839498 -0.996492858606605
outer loop
vertex 35.3471565246582 -59.49150848388672 -17.033206939697266
vertex 23.271493911743164 -59.7232551574707 -17.05266761779785
vertex 7.947495460510254 -30.574466705322266 -14.604975700378418
endloop
endfacet
facet normal 1.2249324919385216e-7 0.08367796626313638 -0.9964928489266998
outer loop
vertex 82.61913299560547 43.309112548828125 -8.400797843933105
vertex 62.30078125 61.33867263793945 -6.886813640594482
vertex 83.27469635009766 45.63969039916992 -8.205093383789062
endloop
endfacet
facet normal 5.480858782714846e-8 0.0836778951277792 -0.9964928549001149
outer loop
vertex 66.79283905029297 61.35992431640625 -6.885028839111328
vertex 82.5931167602539 47.88313293457031 -8.016706466674805
vertex 62.30078125 61.33867263793945 -6.886813640594482
endloop
endfacet
facet normal 5.762732146274781e-8 0.08367730349244276 -0.9964929045809762
outer loop
vertex 62.30078125 61.33867263793945 -6.886813640594482
vertex 65.29866790771484 61.937870025634766 -6.836497783660889
vertex 66.79283905029297 61.35992431640625 -6.885028839111328
endloop
endfacet
facet normal -3.3151416952500126e-7 0.08367923680116844 -0.9964927422356191
outer loop
vertex 62.30078125 61.33867263793945 -6.886813640594482
vertex 63.718849182128906 61.92141342163086 -6.837879180908203
vertex 65.29866790771484 61.937870025634766 -6.836497783660889
endloop
endfacet
facet normal 1.4390123586637838e-8 0.08367784528971238 -0.996492859085137
outer loop
vertex 62.30078125 61.33867263793945 -6.886813640594482
vertex 82.61913299560547 43.309112548828125 -8.400797843933105
vertex 69.8446044921875 28.05046844482422 -9.68210220336914
endloop
endfacet
facet normal 1.3312504906352506e-8 0.08367784504721076 -0.9964928591055005
outer loop
vertex 47.89692306518555 44.57991027832031 -8.294086456298828
vertex 62.30078125 61.33867263793945 -6.886813640594482
vertex 69.8446044921875 28.05046844482422 -9.68210220336914
endloop
endfacet
facet normal 0.0000013635031482182314 0.08367958366446673 -0.9964927131072673
outer loop
vertex 7.801048755645752 -30.220914840698242 -14.575286865234375
vertex 39.03041076660156 -54.92900085449219 -16.650083541870117
vertex 7.909435272216797 -30.38312530517578 -14.588908195495605
endloop
endfacet
facet normal 6.272177051759721e-7 0.08367858052049608 -0.9964927973456111
outer loop
vertex 39.029659271240234 -55.715057373046875 -16.716089248657227
vertex 7.947495460510254 -30.574466705322266 -14.604975700378418
vertex 7.909435272216797 -30.38312530517578 -14.588908195495605
endloop
endfacet
facet normal -5.551372939027273e-7 0.08367754548872856 -0.9964928842599297
outer loop
vertex 22.744504928588867 -59.77497863769531 -17.057010650634766
vertex 7.947495460510254 -30.574466705322266 -14.604975700378418
vertex 23.271493911743164 -59.7232551574707 -17.05266761779785
endloop
endfacet
facet normal 0.0000020792603771064423 0.08367887109067844 -0.9964927729435205
outer loop
vertex 22.183698654174805 -59.94449996948242 -17.071247100830078
vertex 7.947495460510254 -30.574466705322266 -14.604975700378418
vertex 22.744504928588867 -59.77497863769531 -17.057010650634766
endloop
endfacet
facet normal -1.1426755468765524e-7 0.08367781529179819 -0.9964928616041255
outer loop
vertex 22.183698654174805 -59.94449996948242 -17.071247100830078
vertex 7.947495460510254 -44.574466705322266 -15.780588150024414
vertex 7.947495460510254 -30.574466705322266 -14.604975700378418
endloop
endfacet
facet normal 4.799610271476219e-7 0.08367836183094016 -0.9964928157097068
outer loop
vertex 22.183698654174805 -59.94449996948242 -17.071247100830078
vertex 7.909435272216797 -44.76580810546875 -15.796655654907227
vertex 7.947495460510254 -44.574466705322266 -15.780588150024414
endloop
endfacet
facet normal -7.847629196692198e-8 0.08367775400807975 -0.9964928667502628
outer loop
vertex 21.66685676574707 -60.21978759765625 -17.094362258911133
vertex 7.801048755645752 -44.92802047729492 -15.810276985168457
vertex 7.909435272216797 -44.76580810546875 -15.796655654907227
endloop
endfacet
facet normal 0.0000013755861976898067 0.08367906324701994 -0.9964927568087031
outer loop
vertex 21.66685676574707 -60.21978759765625 -17.094362258911133
vertex 7.6388373374938965 -45.036407470703125 -15.819378852844238
vertex 7.801048755645752 -44.92802047729492 -15.810276985168457
endloop
endfacet
facet normal -6.993811396419792e-7 0.08367715959519888 -0.9964929166640325
outer loop
vertex 21.66685676574707 -60.21978759765625 -17.094362258911133
vertex 7.447495460510254 -45.074466705322266 -15.822574615478516
vertex 7.6388373374938965 -45.036407470703125 -15.819378852844238
endloop
endfacet
facet normal -0.0000018106151096527138 0.08367622282239984 -0.9964929953245519
outer loop
vertex 7.909435272216797 -44.76580810546875 -15.796655654907227
vertex 22.183698654174805 -59.94449996948242 -17.071247100830078
vertex 21.66685676574707 -60.21978759765625 -17.094362258911133
endloop
endfacet
facet normal 3.69421514698119e-7 0.08367815602688636 -0.9964928329916896
outer loop
vertex 21.325403213500977 -60.49903106689453 -17.11781120300293
vertex 7.447495460510254 -45.074466705322266 -15.822574615478516
vertex 21.66685676574707 -60.21978759765625 -17.094362258911133
endloop
endfacet
facet normal -1.272686104950406e-7 0.08367771227011876 -0.9964928702550877
outer loop
vertex 20.992040634155273 -60.800628662109375 -17.143136978149414
vertex 7.447495460510254 -45.074466705322266 -15.822574615478516
vertex 21.325403213500977 -60.49903106689453 -17.11781120300293
endloop
endfacet
facet normal 0.000002677626409578983 0.08368011113939842 -0.9964926688102267
outer loop
vertex 20.992040634155273 -60.800628662109375 -17.143136978149414
vertex 20.88047981262207 -60.89186477661133 -17.150798797607422
vertex 7.447495460510254 -45.074466705322266 -15.822574615478516
endloop
endfacet
facet normal -0.0000010301139637466467 0.08367698437541632 -0.996492931377225
outer loop
vertex 20.88047981262207 -60.89186477661133 -17.150798797607422
vertex 20.508699417114258 -61.343292236328125 -17.188705444335938
vertex 7.447495460510254 -45.074466705322266 -15.822574615478516
endloop
endfacet
facet normal 0.000001734494457970159 0.08367918836224328 -0.996492746301762
outer loop
vertex 20.508699417114258 -61.343292236328125 -17.188705444335938
vertex 20.232440948486328 -61.85831832885742 -17.23195457458496
vertex 7.447495460510254 -45.074466705322266 -15.822574615478516
endloop
endfacet
facet normal 0.000004515569117461132 0.0836812919858696 -0.9964925696417336
outer loop
vertex 20.232440948486328 -61.85831832885742 -17.23195457458496
vertex 20.21756362915039 -61.907196044921875 -17.236059188842773
vertex 7.447495460510254 -45.074466705322266 -15.822574615478516
endloop
endfacet
facet normal -2.5923156609235056e-7 0.083677694971773 -0.9964928717076422
outer loop
vertex 20.21756362915039 -61.907196044921875 -17.236059188842773
vertex 19.475690841674805 -63.76947784423828 -17.392438888549805
vertex 7.447495460510254 -45.074466705322266 -15.822574615478516
endloop
endfacet
facet normal -0.000001211578352070058 0.08367708653100503 -0.99649292279886
outer loop
vertex 19.475690841674805 -63.76947784423828 -17.392438888549805
vertex 18.78206443786621 -64.30572509765625 -17.437467575073242
vertex 7.447495460510254 -45.074466705322266 -15.822574615478516
endloop
endfacet
facet normal 3.1199152141855825e-7 0.08367799117180609 -0.9964928468350155
outer loop
vertex 0.8474955558776855 41.826812744140625 -8.525270462036133
vertex -1.7435377836227417 48.64186477661133 -7.952994346618652
vertex 2.5852739810943604 42.637149810791016 -8.457223892211914
endloop
endfacet
facet normal -6.775984816774174e-8 0.08367772628582897 -0.9964928690781633
outer loop
vertex 2.5852739810943604 42.637149810791016 -8.457223892211914
vertex 0.8723745346069336 49.70960235595703 -7.8633341789245605
vertex 4.437365531921387 43.133419036865234 -8.41555118560791
endloop
endfacet
facet normal -2.982460875588974e-7 0.08367760221264361 -0.9964928794968149
outer loop
vertex 4.437365531921387 43.133419036865234 -8.41555118560791
vertex 0.8723745346069336 49.70960235595703 -7.8633341789245605
vertex 6.3474955558776855 43.300533294677734 -8.401518821716309
endloop
endfacet
facet normal 3.340022343802637e-7 0.08367800804685369 -0.9964928454179685
outer loop
vertex 6.3474955558776855 43.300533294677734 -8.401518821716309
vertex 3.6254804134368896 50.35552978515625 -7.809093952178955
vertex 8.257625579833984 43.133419036865234 -8.41555118560791
endloop
endfacet
facet normal 1.0431667388691381e-7 0.08367786176175848 -0.9964928577019351
outer loop
vertex 10.10971736907959 42.637149810791016 -8.457223892211914
vertex 8.257625579833984 43.133419036865234 -8.41555118560791
vertex 3.6254804134368896 50.35552978515625 -7.809093952178955
endloop
endfacet
facet normal -4.315739734621355e-7 0.083677736521699 -0.9964928682185431
outer loop
vertex 10.10971736907959 42.637149810791016 -8.457223892211914
vertex 9.207067489624023 50.189449310302734 -7.823040008544922
vertex 11.847495079040527 41.826812744140625 -8.525270462036133
endloop
endfacet
facet normal 1.7319265344031713e-7 0.08367799633196449 -0.996492846401738
outer loop
vertex 62.35980987548828 21.08893585205078 -10.266678810119629
vertex 47.135066986083984 43.945919036865234 -8.347323417663574
vertex 63.74425506591797 23.185148239135742 -10.090654373168945
endloop
endfacet
facet normal 1.7796527202832028e-7 0.08367792191912117 -0.9964928526503668
outer loop
vertex 9.207067489624023 50.189449310302734 -7.823040008544922
vertex 14.7739839553833 39.37119674682617 -8.731473922729492
vertex 13.418159484863281 40.727020263671875 -8.617622375488281
endloop
endfacet
facet normal -1.0448789444469006e-7 0.08367775702974978 -0.996492866496524
outer loop
vertex 19.013652801513672 45.35382080078125 -8.22909927368164
vertex 24.4097900390625 34.64414978027344 -9.12841510772705
vertex 16.855379104614258 47.177947998046875 -8.075922966003418
endloop
endfacet
facet normal -5.3116747975741503e-8 0.08367772980745519 -0.9964928687824454
outer loop
vertex 2.5852739810943604 42.637149810791016 -8.457223892211914
vertex -1.7435377836227417 48.64186477661133 -7.952994346618652
vertex 0.8723745346069336 49.70960235595703 -7.8633341789245605
endloop
endfacet
facet normal 5.346081641800425e-8 0.08367790056402669 -0.9964928544436201
outer loop
vertex 3.6254804134368896 50.35552978515625 -7.809093952178955
vertex 6.3474955558776855 43.300533294677734 -8.401518821716309
vertex 0.8723745346069336 49.70960235595703 -7.8633341789245605
endloop
endfacet
facet normal -5.1346159572706494e-8 0.08367773190455725 -0.996492868606347
outer loop
vertex 10.10971736907959 42.637149810791016 -8.457223892211914
vertex 3.6254804134368896 50.35552978515625 -7.809093952178955
vertex 6.25184440612793 50.56222915649414 -7.791737079620361
endloop
endfacet
facet normal 2.0402725450425052e-7 0.08367785534809716 -0.99649285824049
outer loop
vertex 10.10971736907959 42.637149810791016 -8.457223892211914
vertex 6.25184440612793 50.56222915649414 -7.791737079620361
vertex 8.100775718688965 50.426326751708984 -7.8031487464904785
endloop
endfacet
facet normal -0.0000014779419455657554 0.08367742458124822 -0.9964928944118293
outer loop
vertex 10.10971736907959 42.637149810791016 -8.457223892211914
vertex 8.100775718688965 50.426326751708984 -7.8031487464904785
vertex 8.268814086914062 50.281856536865234 -7.815280437469482
endloop
endfacet
facet normal 4.924422097557702e-7 0.08367789574244383 -0.9964928548483798
outer loop
vertex 10.10971736907959 42.637149810791016 -8.457223892211914
vertex 8.268814086914062 50.281856536865234 -7.815280437469482
vertex 8.44170093536377 50.189449310302734 -7.823040008544922
endloop
endfacet
facet normal 0.000001853869429290805 0.08367812546413089 -0.9964928355564692
outer loop
vertex 10.10971736907959 42.637149810791016 -8.457223892211914
vertex 8.629293441772461 50.13254165649414 -7.827818870544434
vertex 8.824383735656738 50.11332702636719 -7.829432010650635
endloop
endfacet
facet normal -0.0000011158705354325055 0.08367754301433943 -0.9964928844672389
outer loop
vertex 8.629293441772461 50.13254165649414 -7.827818870544434
vertex 10.10971736907959 42.637149810791016 -8.457223892211914
vertex 8.44170093536377 50.189449310302734 -7.823040008544922
endloop
endfacet
facet normal -0.0000017921319621374786 0.08367750301840056 -0.9964928878247922
outer loop
vertex 8.824383735656738 50.11332702636719 -7.829432010650635
vertex 9.019474029541016 50.13254165649414 -7.827818870544434
vertex 10.10971736907959 42.637149810791016 -8.457223892211914
endloop
endfacet
facet normal 0.0000010046750179570397 0.08367790698000097 -0.9964928539043504
outer loop
vertex 9.207067489624023 50.189449310302734 -7.823040008544922
vertex 10.10971736907959 42.637149810791016 -8.457223892211914
vertex 9.019474029541016 50.13254165649414 -7.827818870544434
endloop
endfacet
facet normal 2.156897805777954e-7 0.08367792170801867 -0.9964928526680862
outer loop
vertex 24.291345596313477 35.033241271972656 -9.095742225646973
vertex 19.013652801513672 45.35382080078125 -8.22909927368164
vertex 23.447607040405273 38.19905090332031 -8.829901695251465
endloop
endfacet
facet normal 1.3590938157232985e-7 0.08367781753139938 -0.9964928614160582
outer loop
vertex 22.34937858581543 40.81211853027344 -8.61047649383545
vertex 23.447607040405273 38.19905090332031 -8.829901695251465
vertex 20.86016273498535 43.214332580566406 -8.408757209777832
endloop
endfacet
facet normal -3.984397115443452e-7 0.083677543784532 -0.9964928844031096
outer loop
vertex 19.013652801513672 45.35382080078125 -8.22909927368164
vertex 20.86016273498535 43.214332580566406 -8.408757209777832
vertex 23.447607040405273 38.19905090332031 -8.829901695251465
endloop
endfacet
facet normal -2.996671796085665e-7 0.08367800973690488 -0.9964928452760615
outer loop
vertex -82.8646011352539 17.87468910217285 -10.536585807800293
vertex -79.66050720214844 20.08911895751953 -10.350635528564453
vertex -83.33455657958984 16.31679344177246 -10.66740608215332
endloop
endfacet
facet normal 3.3064323760197614e-7 0.0836771041165008 -0.9964929213228597
outer loop
vertex -79.66050720214844 20.08911895751953 -10.350635528564453
vertex -82.8646011352539 17.87468910217285 -10.536585807800293
vertex -81.90961456298828 19.074007034301758 -10.435876846313477
endloop
endfacet
facet normal -2.6207974681700355e-8 0.08367774526669897 -0.996492867484299
outer loop
vertex -83.33455657958984 16.31679344177246 -10.66740608215332
vertex -79.66050720214844 20.08911895751953 -10.350635528564453
vertex -72.75149536132812 20.096866607666016 -10.349985122680664
endloop
endfacet
facet normal 2.7066524116741963e-7 0.08367691993119518 -0.9964929367891953
outer loop
vertex -83.33455657958984 16.31679344177246 -10.66740608215332
vertex -72.75149536132812 20.096866607666016 -10.349985122680664
vertex -72.6746597290039 20.033811569213867 -10.355279922485352
endloop
endfacet
facet normal -2.0529945326064222e-7 0.08367827537482042 -0.996492822969766
outer loop
vertex -83.33455657958984 16.31679344177246 -10.66740608215332
vertex -72.6746597290039 20.033811569213867 -10.355279922485352
vertex -72.50177764892578 19.9414005279541 -10.36303997039795
endloop
endfacet
facet normal 8.921112799703659e-7 0.08367499662609637 -0.9964930982896103
outer loop
vertex -72.11908721923828 19.865280151367188 -10.369431495666504
vertex -71.92400360107422 19.88449478149414 -10.367817878723145
vertex -83.33455657958984 16.31679344177246 -10.66740608215332
endloop
endfacet
facet normal -4.685215244912254e-7 0.0836792669775552 -0.9964927397015392
outer loop
vertex -72.11908721923828 19.865280151367188 -10.369431495666504
vertex -83.33455657958984 16.31679344177246 -10.66740608215332
vertex -72.31417846679688 19.88449478149414 -10.367817878723145
endloop
endfacet
facet normal 0.0000016452283651972926 0.08367278346945264 -0.9964932841237654
outer loop
vertex -72.31417846679688 19.88449478149414 -10.367817878723145
vertex -83.33455657958984 16.31679344177246 -10.66740608215332
vertex -72.50177764892578 19.9414005279541 -10.36303997039795
endloop
endfacet
facet normal -1.8632129082524444e-8 0.08367788905488778 -0.9964928554100714
outer loop
vertex -71.92400360107422 19.88449478149414 -10.367817878723145
vertex -59.76266860961914 20.111433029174805 -10.348761558532715
vertex -83.33455657958984 16.31679344177246 -10.66740608215332
endloop
endfacet
facet normal -4.2250450031854775e-7 0.08368302057596885 -0.9964924244905746
outer loop
vertex -83.33455657958984 16.31679344177246 -10.66740608215332
vertex -56.606075286865234 18.467493057250977 -10.486806869506836
vertex -56.48127746582031 18.365434646606445 -10.495377540588379
endloop
endfacet
facet normal 1.224228553508152e-7 0.08367592776531556 -0.9964930201022979
outer loop
vertex -55.964439392089844 18.090145111083984 -10.51849365234375
vertex -83.33455657958984 16.31679344177246 -10.66740608215332
vertex -56.48127746582031 18.365434646606445 -10.495377540588379
endloop
endfacet
facet normal 9.493088869204256e-9 0.08367768938623148 -0.9964928721767062
outer loop
vertex -56.606075286865234 18.467493057250977 -10.486806869506836
vertex -83.33455657958984 16.31679344177246 -10.66740608215332
vertex -58.19276428222656 19.63785743713379 -10.388528823852539
endloop
endfacet
facet normal -9.914765036849607e-9 0.08367783528273774 -0.9964928599254462
outer loop
vertex -58.19276428222656 19.63785743713379 -10.388528823852539
vertex -83.33455657958984 16.31679344177246 -10.66740608215332
vertex -59.76266860961914 20.111433029174805 -10.348761558532715
endloop
endfacet
facet normal 1.9022647550123257e-7 0.08366677494862504 -0.9964937886257296
outer loop
vertex -71.73640441894531 19.9414005279541 -10.36303997039795
vertex -59.76266860961914 20.111433029174805 -10.348761558532715
vertex -71.92400360107422 19.88449478149414 -10.367817878723145
endloop
endfacet
facet normal 4.598447782755335e-8 0.08367482564361484 -0.996493112647302
outer loop
vertex -71.56352233886719 20.033811569213867 -10.355279922485352
vertex -71.48495483398438 20.09828758239746 -10.349865913391113
vertex -59.76266860961914 20.111433029174805 -10.348761558532715
endloop
endfacet
facet normal 2.086392331321451e-8 0.08367861799981026 -0.9964927941985539
outer loop
vertex -59.76266860961914 20.111433029174805 -10.348761558532715
vertex -71.73640441894531 19.9414005279541 -10.36303997039795
vertex -71.56352233886719 20.033811569213867 -10.355279922485352
endloop
endfacet
facet normal 6.861206023928283e-7 0.08367842404378062 -0.9964928104853935
outer loop
vertex -53.26201629638672 18.179269790649414 -10.51101016998291
vertex -52.745174407958984 18.454557418823242 -10.487893104553223
vertex -11.552504539489746 -30.074466705322266 -14.562989234924316
endloop
endfacet
facet normal -9.180947543786014e-8 0.08367776834057591 -0.9964928655467296
outer loop
vertex -52.29216003417969 18.825035095214844 -10.456783294677734
vertex -11.552504539489746 -30.074466705322266 -14.562989234924316
vertex -52.745174407958984 18.454557418823242 -10.487893104553223
endloop
endfacet
facet normal -3.3355828705688653e-9 0.08367784723288194 -0.9964928589219646
outer loop
vertex 39.03041076660156 -54.92900085449219 -16.650083541870117
vertex -51.186492919921875 20.75505828857422 -10.29471492767334
vertex -48.15978240966797 37.54218673706055 -8.88506031036377
endloop
endfacet
facet normal 1.2543994740909297e-7 0.08367796780390015 -0.9964928487973176
outer loop
vertex 39.03041076660156 -54.92900085449219 -16.650083541870117
vertex -48.15978240966797 37.54218673706055 -8.88506031036377
vertex -47.425811767578125 38.99586868286133 -8.762990951538086
endloop
endfacet
facet normal 3.524839853435187e-8 0.083677885365439 -0.9964928557198829
outer loop
vertex 39.03041076660156 -54.92900085449219 -16.650083541870117
vertex -47.425811767578125 38.99586868286133 -8.762990951538086
vertex -46.27757263183594 40.010581970214844 -8.677783012390137
endloop
endfacet
facet normal -1.135613319603726e-7 0.08367775258867778 -0.9964928668694498
outer loop
vertex 39.03041076660156 -54.92900085449219 -16.650083541870117
vertex -46.27757263183594 40.010581970214844 -8.677783012390137
vertex -43.88473129272461 40.62000274658203 -8.626608848571777
endloop
endfacet
facet normal 5.737165739985568e-9 0.08367785538818828 -0.9964928582371444
outer loop
vertex 39.03041076660156 -54.92900085449219 -16.650083541870117
vertex -43.88473129272461 40.62000274658203 -8.626608848571777
vertex -24.11952018737793 37.24105453491211 -8.910346984863281
endloop
endfacet
facet normal 1.527059935673541e-7 0.0836779553782041 -0.9964928498407302
outer loop
vertex 39.03041076660156 -54.92900085449219 -16.650083541870117
vertex -24.11952018737793 37.24105453491211 -8.910346984863281
vertex -23.614042282104492 37.198158264160156 -8.913949012756348
endloop
endfacet
facet normal -5.447835768255917e-7 0.08367748442142017 -0.9964928893878803
outer loop
vertex 39.03041076660156 -54.92900085449219 -16.650083541870117
vertex -23.614042282104492 37.198158264160156 -8.913949012756348
vertex -23.03082275390625 37.255401611328125 -8.90914249420166
endloop
endfacet
facet normal 5.78260493226452e-7 0.08367823519354166 -0.9964928263437524
outer loop
vertex 39.03041076660156 -54.92900085449219 -16.650083541870117
vertex -23.03082275390625 37.255401611328125 -8.90914249420166
vertex -22.47001838684082 37.424922943115234 -8.894906997680664
endloop
endfacet
facet normal -6.246448425944103e-7 0.08367743976232869 -0.9964928931379449
outer loop
vertex 39.03041076660156 -54.92900085449219 -16.650083541870117
vertex -22.47001838684082 37.424922943115234 -8.894906997680664
vertex -21.953176498413086 37.70021057128906 -8.871790885925293
endloop
endfacet
facet normal -2.8002749321698645e-7 0.08367766505681119 -0.9964928742196613
outer loop
vertex 39.03041076660156 -54.92900085449219 -16.650083541870117
vertex -21.953176498413086 37.70021057128906 -8.871790885925293
vertex -21.60189437866211 37.98748779296875 -8.847667694091797
endloop
endfacet
facet normal 0.00000150545883556969 0.08367882201097242 -0.9964927770659402
outer loop
vertex 39.03041076660156 -54.92900085449219 -16.650083541870117
vertex -21.60189437866211 37.98748779296875 -8.847667694091797
vertex -21.278167724609375 38.26934814453125 -8.82399845123291
endloop
endfacet
facet normal -9.331010270365602e-8 0.08367779469296775 -0.9964928633338588
outer loop
vertex 39.03041076660156 -54.92900085449219 -16.650083541870117
vertex -21.278167724609375 38.26934814453125 -8.82399845123291
vertex -21.18320083618164 38.35990905761719 -8.816393852233887
endloop
endfacet
facet normal -0.0000011740013538342881 0.08367710204155235 -0.9964929214964597
outer loop
vertex 39.03041076660156 -54.92900085449219 -16.650083541870117
vertex -21.18320083618164 38.35990905761719 -8.816393852233887
vertex -20.81142234802246 38.811336517333984 -8.778487205505371
endloop
endfacet
facet normal -1.558074029176663e-7 0.0836777474837039 -0.9964928672981203
outer loop
vertex 39.03041076660156 -54.92900085449219 -16.650083541870117
vertex -20.81142234802246 38.811336517333984 -8.778487205505371
vertex -20.53516387939453 39.32636642456055 -8.735239028930664
endloop
endfacet
facet normal 5.511467571747672e-7 0.08367860328992283 -0.9964927954336369
outer loop
vertex -20.53516387939453 39.32636642456055 -8.735239028930664
vertex -20.36504554748535 39.88520431518555 -8.688311576843262
vertex -3.178783893585205 26.800533294677734 -9.787062644958496
endloop
endfacet
facet normal 0.0000029027147938598887 0.08368271113108681 -0.9964924504728199
outer loop
vertex -20.36504554748535 39.88520431518555 -8.688311576843262
vertex -20.35509490966797 39.9374885559082 -8.683920860290527
vertex -4.485389709472656 30.39040184020996 -9.485612869262695
endloop
endfacet
facet normal -6.912004217426317e-8 0.08367776372946946 -0.9964928659339365
outer loop
vertex -4.6525044441223145 32.300533294677734 -9.325214385986328
vertex -20.35509490966797 39.9374885559082 -8.683920860290527
vertex -20.233583450317383 40.60867691040039 -8.627559661865234
endloop
endfacet
facet normal -5.04888250915943e-8 0.08367779842576784 -0.9964928630204101
outer loop
vertex -4.6525044441223145 32.300533294677734 -9.325214385986328
vertex -20.233583450317383 40.60867691040039 -8.627559661865234
vertex -19.26883888244629 41.573421478271484 -8.546547889709473
endloop
endfacet
facet normal 2.090483002544827e-8 0.08367791017162889 -0.9964928536368479
outer loop
vertex -4.6525044441223145 32.300533294677734 -9.325214385986328
vertex -19.26883888244629 41.573421478271484 -8.546547889709473
vertex -10.728034019470215 41.74723815917969 -8.531951904296875
endloop
endfacet
facet normal 1.2063441427490622e-7 0.0836780417862875 -0.9964928425848315
outer loop
vertex -3.178783893585205 26.800533294677734 -9.787062644958496
vertex -20.36504554748535 39.88520431518555 -8.688311576843262
vertex -3.9891233444213867 28.538311004638672 -9.64113712310791
endloop
endfacet
facet normal -9.467418874158452e-8 0.08367773322704677 -0.9964928684952914
outer loop
vertex -20.36504554748535 39.88520431518555 -8.688311576843262
vertex -4.485389709472656 30.39040184020996 -9.485612869262695
vertex -3.9891233444213867 28.538311004638672 -9.64113712310791
endloop
endfacet
facet normal 3.8369792004852253e-8 0.08367798319525782 -0.9964928475048743
outer loop
vertex -20.35509490966797 39.9374885559082 -8.683920860290527
vertex -4.6525044441223145 32.300533294677734 -9.325214385986328
vertex -4.485389709472656 30.39040184020996 -9.485612869262695
endloop
endfacet
facet normal 3.395366299435022e-7 0.083678033335316 -0.9964928432944306
outer loop
vertex -4.6525044441223145 32.300533294677734 -9.325214385986328
vertex -10.20585823059082 41.80385971069336 -8.52719783782959
vertex -4.485389709472656 34.210662841796875 -9.164815902709961
endloop
endfacet
facet normal -1.0499672218705159e-7 0.08367770078323623 -0.9964928712196692
outer loop
vertex -4.485389709472656 34.210662841796875 -9.164815902709961
vertex -10.20585823059082 41.80385971069336 -8.52719783782959
vertex -3.9891233444213867 36.0627555847168 -9.009291648864746
endloop
endfacet
facet normal -0.0000010366789163018695 0.08367723476241888 -0.9964929103518201
outer loop
vertex -10.20585823059082 41.80385971069336 -8.52719783782959
vertex -4.6525044441223145 32.300533294677734 -9.325214385986328
vertex -10.728034019470215 41.74723815917969 -8.531951904296875
endloop
endfacet
facet normal 1.375012972676649e-7 0.08367792225840566 -0.9964928526218828
outer loop
vertex -3.9891233444213867 36.0627555847168 -9.009291648864746
vertex -9.12821102142334 42.2486686706543 -8.489846229553223
vertex -3.178783893585205 37.800533294677734 -8.86336612701416
endloop
endfacet
facet normal 1.623064272983501e-8 0.08367787951301678 -0.9964928562113252
outer loop
vertex 0.8474955558776855 41.826812744140625 -8.525270462036133
vertex -4.160388469696045 47.177947998046875 -8.075922966003418
vertex -1.7435377836227417 48.64186477661133 -7.952994346618652
endloop
endfacet
facet normal -1.0152359391359418e-7 0.0836777700838079 -0.9964928654003455
outer loop
vertex -4.160388469696045 47.177947998046875 -8.075922966003418
vertex 0.8474955558776855 41.826812744140625 -8.525270462036133
vertex -0.7231681942939758 40.727020263671875 -8.617622375488281
endloop
endfacet
facet normal -1.6096078531744296e-7 0.0836777386358925 -0.9964928680410902
outer loop
vertex -0.7231681942939758 40.727020263671875 -8.617622375488281
vertex -6.317435264587402 45.3548583984375 -8.229011535644531
vertex -4.160388469696045 47.177947998046875 -8.075922966003418
endloop
endfacet
facet normal -8.509657039279393e-8 0.08367782970066098 -0.9964928603941827
outer loop
vertex -2.078993320465088 39.37119674682617 -8.731473922729492
vertex -6.317435264587402 45.3548583984375 -8.229011535644531
vertex -0.7231681942939758 40.727020263671875 -8.617622375488281
endloop
endfacet
facet normal 2.1504467634015833e-8 0.08367777115431933 -0.9964928653104571
outer loop
vertex -2.078993320465088 39.37119674682617 -8.731473922729492
vertex -3.178783893585205 37.800533294677734 -8.86336612701416
vertex -8.526750564575195 42.79939270019531 -8.44360065460205
endloop
endfacet
facet normal 1.3619308477431222e-7 0.08367798535050834 -0.996492847323884
outer loop
vertex -2.078993320465088 39.37119674682617 -8.731473922729492
vertex -8.526750564575195 42.79939270019531 -8.44360065460205
vertex -6.317435264587402 45.3548583984375 -8.229011535644531
endloop
endfacet
facet normal -2.5385834367168463e-7 0.08367747862361688 -0.99649288987485
outer loop
vertex -3.178783893585205 37.800533294677734 -8.86336612701416
vertex -8.675195693969727 42.619144439697266 -8.458736419677734
vertex -8.526750564575195 42.79939270019531 -8.44360065460205
endloop
endfacet
facet normal 1.3570541824751691e-7 0.0836779198732177 -0.996492852822173
outer loop
vertex -9.12821102142334 42.2486686706543 -8.489846229553223
vertex -8.675195693969727 42.619144439697266 -8.458736419677734
vertex -3.178783893585205 37.800533294677734 -8.86336612701416
endloop
endfacet
facet normal -5.70266267916701e-7 0.08367733838153692 -0.9964929016511138
outer loop
vertex -9.12821102142334 42.2486686706543 -8.489846229553223
vertex -3.9891233444213867 36.0627555847168 -9.009291648864746
vertex -9.645051956176758 41.97338104248047 -8.512962341308594
endloop
endfacet
facet normal -5.4373860394755426e-8 0.08367773162237009 -0.9964928686300428
outer loop
vertex 83.27469635009766 45.63969039916992 -8.205093383789062
vertex 62.30078125 61.33867263793945 -6.886813640594482
vertex 82.5931167602539 47.88313293457031 -8.016706466674805
endloop
endfacet
facet normal 0 0 1
outer loop
vertex -49.84617614746094 16.000532150268555 -4.099999904632568
vertex -26.249074935913086 13.030632972717285 -4.099999904632568
vertex -26.078062057495117 13.512691497802734 -4.099999904632568
endloop
endfacet
facet normal 0 0 1
outer loop
vertex -49.75211715698242 16.13058090209961 -4.099999904632568
vertex -22.744176864624023 33.3815803527832 -4.099999904632568
vertex -22.886106491088867 33.872989654541016 -4.099999904632568
endloop
endfacet
facet normal 0 0 1
outer loop
vertex 48.454444885253906 42.63779830932617 -4.099999904632568
vertex 39.68393325805664 15.341766357421875 -4.099999904632568
vertex 62.612701416015625 59.438072204589844 -4.099999904632568
endloop
endfacet
facet normal 0.5000017005166796 -0.8660244219884496 0
outer loop
vertex 48.454444885253906 42.63779830932617 0
vertex 32.395267486572266 33.36598587036133 -4.099999904632568
vertex 48.454444885253906 42.63779830932617 -4.099999904632568
endloop
endfacet
facet normal 0.7515469065084295 -0.6596796550732861 0
outer loop
vertex -46.29706954956055 37.7615852355957 -4.099999904632568
vertex -45.95964813232422 38.14599609375 -4.099999904632568
vertex -45.95964813232422 38.14599609375 0
endloop
endfacet
facet normal 0.862478203561882 -0.5060942089973653 0
outer loop
vertex -46.55593490600586 37.320430755615234 -4.099999904632568
vertex -46.29706954956055 37.7615852355957 -4.099999904632568
vertex -46.29706954956055 37.7615852355957 0
endloop
endfacet
facet normal 0.942451853997392 -0.33434189521637664 0
outer loop
vertex -46.72694778442383 36.838375091552734 -4.099999904632568
vertex -46.55593490600586 37.320430755615234 -4.099999904632568
vertex -46.55593490600586 37.320430755615234 0
endloop
endfacet
facet normal 0.9847430069858901 -0.17401497117313536 0
outer loop
vertex -46.72694778442383 36.838375091552734 0
vertex -50.06680679321289 17.938261032104492 -4.099999904632568
vertex -46.72694778442383 36.838375091552734 -4.099999904632568
endloop
endfacet
facet normal 0.27748198376837846 -0.9607308409143349 0
outer loop
vertex -45.09996032714844 38.69192886352539 -4.099999904632568
vertex -44.60855484008789 38.833858489990234 -4.099999904632568
vertex -44.60855484008789 38.833858489990234 0
endloop
endfacet
facet normal 0.09130028198510569 -0.9958234072913934 0
outer loop
vertex -44.60855484008789 38.833858489990234 -4.099999904632568
vertex -44.09919738769531 38.880558013916016 -4.099999904632568
vertex -44.09919738769531 38.880558013916016 0
endloop
endfacet
facet normal 0 0 1
outer loop
vertex -44.60855484008789 38.833858489990234 -4.099999904632568
vertex -49.75211715698242 16.13058090209961 -4.099999904632568
vertex -44.09919738769531 38.880558013916016 -4.099999904632568
endloop
endfacet
facet normal 0 0 1
outer loop
vertex -45.09996032714844 38.69192886352539 -4.099999904632568
vertex -49.75211715698242 16.13058090209961 -4.099999904632568
vertex -44.60855484008789 38.833858489990234 -4.099999904632568
endloop
endfacet
facet normal 0 0 1
outer loop
vertex -45.555782318115234 38.45986557006836 -4.099999904632568
vertex -49.75211715698242 16.13058090209961 -4.099999904632568
vertex -45.09996032714844 38.69192886352539 -4.099999904632568
endloop
endfacet
facet normal 0 0 1
outer loop
vertex -45.95964813232422 38.14599609375 -4.099999904632568
vertex -49.75211715698242 16.13058090209961 -4.099999904632568
vertex -45.555782318115234 38.45986557006836 -4.099999904632568
endloop
endfacet
facet normal 0 0 1
outer loop
vertex -46.29706954956055 37.7615852355957 -4.099999904632568
vertex -49.75211715698242 16.13058090209961 -4.099999904632568
vertex -45.95964813232422 38.14599609375 -4.099999904632568
endloop
endfacet
facet normal 0.942451853997392 -0.33434189521637664 0
outer loop
vertex -46.72694778442383 36.838375091552734 0
vertex -46.72694778442383 36.838375091552734 -4.099999904632568
vertex -46.55593490600586 37.320430755615234 0
endloop
endfacet
facet normal 0.862478203561882 -0.5060942089973653 0
outer loop
vertex -46.55593490600586 37.320430755615234 0
vertex -46.55593490600586 37.320430755615234 -4.099999904632568
vertex -46.29706954956055 37.7615852355957 0
endloop
endfacet
facet normal 0.7515469065084295 -0.6596796550732861 0
outer loop
vertex -46.29706954956055 37.7615852355957 0
vertex -46.29706954956055 37.7615852355957 -4.099999904632568
vertex -45.95964813232422 38.14599609375 0
endloop
endfacet
facet normal 0.6136380024881677 -0.7895874884408512 0
outer loop
vertex -45.95964813232422 38.14599609375 0
vertex -45.95964813232422 38.14599609375 -4.099999904632568
vertex -45.555782318115234 38.45986557006836 0
endloop
endfacet
facet normal 0 0 1
outer loop
vertex -46.55593490600586 37.320430755615234 -4.099999904632568
vertex -49.75211715698242 16.13058090209961 -4.099999904632568
vertex -46.29706954956055 37.7615852355957 -4.099999904632568
endloop
endfacet
facet normal 0.4536961786519456 -0.8911564270523002 0
outer loop
vertex -45.555782318115234 38.45986557006836 0
vertex -45.555782318115234 38.45986557006836 -4.099999904632568
vertex -45.09996032714844 38.69192886352539 0
endloop
endfacet
facet normal 0.27748198376837846 -0.9607308409143349 0
outer loop
vertex -45.09996032714844 38.69192886352539 0
vertex -45.09996032714844 38.69192886352539 -4.099999904632568
vertex -44.60855484008789 38.833858489990234 0
endloop
endfacet
facet normal 0.09130028198510569 -0.9958234072913934 0
outer loop
vertex -44.60855484008789 38.833858489990234 0
vertex -44.60855484008789 38.833858489990234 -4.099999904632568
vertex -44.09919738769531 38.880558013916016 0
endloop
endfacet
facet normal 0.9847430069858901 -0.17401497117313536 0
outer loop
vertex -50.06680679321289 17.938261032104492 0
vertex -50.06680679321289 17.938261032104492 -4.099999904632568
vertex -46.72694778442383 36.838375091552734 0
endloop
endfacet
facet normal 0 0 1
outer loop
vertex 31.137981414794922 30.327369689941406 -4.099999904632568
vertex 31.316869735717773 29.84817886352539 -4.099999904632568
vertex 31.05268096923828 30.83169937133789 -4.099999904632568
endloop
endfacet
facet normal 0 0 1
outer loop
vertex 31.05268096923828 30.83169937133789 -4.099999904632568
vertex 31.316869735717773 29.84817886352539 -4.099999904632568
vertex 31.06403350830078 31.343067169189453 -4.099999904632568
endloop
endfacet
facet normal -0.1655514296988746 -0.9862011580426473 0
outer loop
vertex -59.959781646728516 18.368385314941406 0
vertex -59.959781646728516 18.368385314941406 -4.099999904632568
vertex -59.455345153808594 18.283706665039062 0
endloop
endfacet
facet normal -0.6709989515241015 -0.7414582975822421 0
outer loop
vertex -58.53875732421875 17.839885711669922 0
vertex -58.53875732421875 17.839885711669922 -4.099999904632568
vertex -58.159507751464844 17.496675491333008 0
endloop
endfacet
facet normal 0 0 1
outer loop
vertex 31.06403350830078 31.343067169189453 -4.099999904632568
vertex 31.316869735717773 29.84817886352539 -4.099999904632568
vertex 31.171630859375 31.843114852905273 -4.099999904632568
endloop
endfacet
facet normal 0 0 1
outer loop
vertex 31.171630859375 31.843114852905273 -4.099999904632568
vertex 31.316869735717773 29.84817886352539 -4.099999904632568
vertex 31.37160873413086 32.31389617919922 -4.099999904632568
endloop
endfacet
facet normal 0 0 1
outer loop
vertex 31.37160873413086 32.31389617919922 -4.099999904632568
vertex 31.316869735717773 29.84817886352539 -4.099999904632568
vertex 31.65679168701172 32.73850631713867 -4.099999904632568
endloop
endfacet
facet normal 0.9928440672017894 -0.11941799789901258 0
outer loop
vertex -50.10154342651367 17.649459838867188 0
vertex -50.10154342651367 17.649459838867188 -4.099999904632568
vertex -50.06680679321289 17.938261032104492 0
endloop
endfacet
facet normal -0.7988000588887033 -0.6015965973303076 0
outer loop
vertex -58.159507751464844 17.496675491333008 0
vertex -58.159507751464844 17.496675491333008 -4.099999904632568
vertex -57.8517951965332 17.08809471130371 0
endloop
endfacet
facet normal -0.5191061853487081 -0.8547097567787046 0
outer loop
vertex -58.97593688964844 18.105405807495117 0
vertex -58.97593688964844 18.105405807495117 -4.099999904632568
vertex -58.53875732421875 17.839885711669922 0
endloop
endfacet
facet normal 0.9996029717085466 0.028176212510603024 0
outer loop
vertex -50.08713150024414 17.13817024230957 0
vertex -50.08713150024414 17.13817024230957 -4.099999904632568
vertex -50.10154342651367 17.649459838867188 0
endloop
endfacet
facet normal 0.9763492823714645 0.21619916469016856 0
outer loop
vertex -49.97654724121094 16.638774871826172 0
vertex -49.97654724121094 16.638774871826172 -4.099999904632568
vertex -50.08713150024414 17.13817024230957 0
endloop
endfacet
facet normal 0.9147669313215623 0.40398200623360964 0
outer loop
vertex -49.75211715698242 16.13058090209961 0
vertex -49.75211715698242 16.13058090209961 -4.099999904632568
vertex -49.97654724121094 16.638774871826172 0
endloop
endfacet
facet normal 0.8102801219717671 -0.586042766304148 0
outer loop
vertex -49.84617614746094 16.000532150268555 0
vertex -49.84617614746094 16.000532150268555 -4.099999904632568
vertex -49.75211715698242 16.13058090209961 0
endloop
endfacet
facet normal 0.9859962090966692 0.16676772963315573 0
outer loop
vertex 31.137981414794922 30.327369689941406 -4.099999904632568
vertex 31.05268096923828 30.83169937133789 -4.099999904632568
vertex 31.05268096923828 30.83169937133789 0
endloop
endfacet
facet normal 0.9997536635006576 -0.022194871412421727 0
outer loop
vertex 31.05268096923828 30.83169937133789 -4.099999904632568
vertex 31.06403350830078 31.343067169189453 -4.099999904632568
vertex 31.06403350830078 31.343067169189453 0
endloop
endfacet
facet normal 0 0 1
outer loop
vertex -46.72694778442383 36.838375091552734 -4.099999904632568
vertex -49.75211715698242 16.13058090209961 -4.099999904632568
vertex -46.55593490600586 37.320430755615234 -4.099999904632568
endloop
endfacet
facet normal 0 0 1
outer loop
vertex -50.06680679321289 17.938261032104492 -4.099999904632568
vertex -49.75211715698242 16.13058090209961 -4.099999904632568
vertex -46.72694778442383 36.838375091552734 -4.099999904632568
endloop
endfacet
facet normal 0.9928440672017894 -0.11941799789901258 0
outer loop
vertex -50.10154342651367 17.649459838867188 -4.099999904632568
vertex -50.06680679321289 17.938261032104492 -4.099999904632568
vertex -50.06680679321289 17.938261032104492 0
endloop
endfacet
facet normal 0.9763492823714645 0.21619916469016856 0
outer loop
vertex -49.97654724121094 16.638774871826172 -4.099999904632568
vertex -50.08713150024414 17.13817024230957 -4.099999904632568
vertex -50.08713150024414 17.13817024230957 0
endloop
endfacet
facet normal 0.9147669313215623 0.40398200623360964 0
outer loop
vertex -49.75211715698242 16.13058090209961 -4.099999904632568
vertex -49.97654724121094 16.638774871826172 -4.099999904632568
vertex -49.97654724121094 16.638774871826172 0
endloop
endfacet
facet normal 0.8102801219717671 -0.586042766304148 0
outer loop
vertex -49.84617614746094 16.000532150268555 -4.099999904632568
vertex -49.75211715698242 16.13058090209961 -4.099999904632568
vertex -49.75211715698242 16.13058090209961 0
endloop
endfacet
facet normal 0.9996029717085466 0.028176212510603024 0
outer loop
vertex -50.08713150024414 17.13817024230957 -4.099999904632568
vertex -50.10154342651367 17.649459838867188 -4.099999904632568
vertex -50.10154342651367 17.649459838867188 0
endloop
endfacet
facet normal 0 -1 0
outer loop
vertex -57.47246170043945 16.000532150268555 -4.099999904632568
vertex -49.84617614746094 16.000532150268555 -4.099999904632568
vertex -49.84617614746094 16.000532150268555 0
endloop
endfacet
facet normal 0 0 1
outer loop
vertex -50.10154342651367 17.649459838867188 -4.099999904632568
vertex -49.75211715698242 16.13058090209961 -4.099999904632568
vertex -50.06680679321289 17.938261032104492 -4.099999904632568
endloop
endfacet
facet normal 0 0 1
outer loop
vertex -50.08713150024414 17.13817024230957 -4.099999904632568
vertex -49.75211715698242 16.13058090209961 -4.099999904632568
vertex -50.10154342651367 17.649459838867188 -4.099999904632568
endloop
endfacet
facet normal 0 0 1
outer loop
vertex -49.75211715698242 16.13058090209961 -4.099999904632568
vertex -50.08713150024414 17.13817024230957 -4.099999904632568
vertex -49.97654724121094 16.638774871826172 -4.099999904632568
endloop
endfacet
facet normal -0.7988000588887033 -0.6015965973303076 0
outer loop
vertex -58.159507751464844 17.496675491333008 -4.099999904632568
vertex -57.8517951965332 17.08809471130371 -4.099999904632568
vertex -57.8517951965332 17.08809471130371 0
endloop
endfacet
facet normal 0.9776241070115237 -0.21035946707938039 0
outer loop
vertex 31.06403350830078 31.343067169189453 -4.099999904632568
vertex 31.171630859375 31.843114852905273 -4.099999904632568
vertex 31.171630859375 31.843114852905273 0
endloop
endfacet
facet normal 0.9204042282644715 -0.390968101758804 0
outer loop
vertex 31.171630859375 31.843114852905273 -4.099999904632568
vertex 31.37160873413086 32.31389617919922 -4.099999904632568
vertex 31.37160873413086 32.31389617919922 0
endloop
endfacet
facet normal 0.8301418856418672 -0.557552194599721 0
outer loop
vertex 31.37160873413086 32.31389617919922 -4.099999904632568
vertex 31.65679168701172 32.73850631713867 -4.099999904632568
vertex 31.65679168701172 32.73850631713867 0
endloop
endfacet
facet normal -0.8979291896529449 -0.4401399440737069 0
outer loop
vertex -57.8517951965332 17.08809471130371 -4.099999904632568
vertex -57.62666702270508 16.62881088256836 -4.099999904632568
vertex -57.62666702270508 16.62881088256836 0
endloop
endfacet
facet normal -0.9648268707617211 -0.26288611499306175 0
outer loop
vertex -57.62666702270508 16.62881088256836 -4.099999904632568
vertex -57.49220275878906 16.13530921936035 -4.099999904632568
vertex -57.49220275878906 16.13530921936035 0
endloop
endfacet
facet normal -0.9894425600789427 -0.14492556815285526 0
outer loop
vertex -57.49220275878906 16.13530921936035 -4.099999904632568
vertex -57.47246170043945 16.000532150268555 -4.099999904632568
vertex -57.47246170043945 16.000532150268555 0
endloop
endfacet
facet normal -0.34859011950304275 -0.9372752683096115 0
outer loop
vertex -59.455345153808594 18.283706665039062 -4.099999904632568
vertex -58.97593688964844 18.105405807495117 -4.099999904632568
vertex -58.97593688964844 18.105405807495117 0
endloop
endfacet
facet normal -0.1655514296988746 -0.9862011580426473 0
outer loop
vertex -59.959781646728516 18.368385314941406 -4.099999904632568
vertex -59.455345153808594 18.283706665039062 -4.099999904632568
vertex -59.455345153808594 18.283706665039062 0
endloop
endfacet
facet normal -0.6709989515241015 -0.7414582975822421 0
outer loop
vertex -58.53875732421875 17.839885711669922 -4.099999904632568
vertex -58.159507751464844 17.496675491333008 -4.099999904632568
vertex -58.159507751464844 17.496675491333008 0
endloop
endfacet
facet normal -0.5191061853487081 -0.8547097567787046 0
outer loop
vertex -58.97593688964844 18.105405807495117 -4.099999904632568
vertex -58.53875732421875 17.839885711669922 -4.099999904632568
vertex -58.53875732421875 17.839885711669922 0
endloop
endfacet
facet normal -0.9999999933595818 0.00011524251100432119 0
outer loop
vertex 37.5474967956543 6.26497745513916 -4.099999904632568
vertex 37.540348052978516 -55.767189025878906 0
vertex 37.5474967956543 6.26497745513916 0
endloop
endfacet
facet normal 0 0 1
outer loop
vertex 33.9793815612793 11.250533103942871 -4.099999904632568
vertex 37.540348052978516 -55.767189025878906 -4.099999904632568
vertex 37.5474967956543 6.26497745513916 -4.099999904632568
endloop
endfacet
facet normal 0 0 1
outer loop
vertex -58.97593688964844 18.105405807495117 -4.099999904632568
vertex -58.159507751464844 17.496675491333008 -4.099999904632568
vertex -58.53875732421875 17.839885711669922 -4.099999904632568
endloop
endfacet
facet normal 0 0 1
outer loop
vertex -58.97593688964844 18.105405807495117 -4.099999904632568
vertex -57.8517951965332 17.08809471130371 -4.099999904632568
vertex -58.159507751464844 17.496675491333008 -4.099999904632568
endloop
endfacet
facet normal 0 0 1
outer loop
vertex -58.97593688964844 18.105405807495117 -4.099999904632568
vertex -57.62666702270508 16.62881088256836 -4.099999904632568
vertex -57.8517951965332 17.08809471130371 -4.099999904632568
endloop
endfacet
facet normal 0 0 1
outer loop
vertex -59.455345153808594 18.283706665039062 -4.099999904632568
vertex -57.62666702270508 16.62881088256836 -4.099999904632568
vertex -58.97593688964844 18.105405807495117 -4.099999904632568
endloop
endfacet
facet normal 0 0 1
outer loop
vertex 13.14749526977539 6.500532627105713 -4.099999904632568
vertex 37.540348052978516 -55.767189025878906 -4.099999904632568
vertex 33.9793815612793 11.250533103942871 -4.099999904632568
endloop
endfacet
facet normal 0 0 1
outer loop
vertex -59.959781646728516 18.368385314941406 -4.099999904632568
vertex -57.62666702270508 16.62881088256836 -4.099999904632568
vertex -59.455345153808594 18.283706665039062 -4.099999904632568
endloop
endfacet
facet normal 0 0 1
outer loop
vertex -57.49220275878906 16.13530921936035 -4.099999904632568
vertex -59.959781646728516 18.368385314941406 -4.099999904632568
vertex -57.47246170043945 16.000532150268555 -4.099999904632568
endloop
endfacet
facet normal 0 0 1
outer loop
vertex -59.959781646728516 18.368385314941406 -4.099999904632568
vertex -57.49220275878906 16.13530921936035 -4.099999904632568
vertex -57.62666702270508 16.62881088256836 -4.099999904632568
endloop
endfacet
facet normal 0 0 1
outer loop
vertex -49.84617614746094 16.000532150268555 -4.099999904632568
vertex -38.4525032043457 8.875533103942871 -4.099999904632568
vertex -38.4525032043457 12.015510559082031 -4.099999904632568
endloop
endfacet
facet normal 0 0 1
outer loop
vertex -57.47246170043945 16.000532150268555 -4.099999904632568
vertex -38.4525032043457 8.875533103942871 -4.099999904632568
vertex -49.84617614746094 16.000532150268555 -4.099999904632568
endloop
endfacet
facet normal 0 0 1
outer loop
vertex -59.959781646728516 18.368385314941406 -4.099999904632568
vertex -14.052504539489746 -30.574466705322266 -4.099999904632568
vertex -57.47246170043945 16.000532150268555 -4.099999904632568
endloop
endfacet
facet normal 0 0 1
outer loop
vertex -59.959781646728516 18.368385314941406 -4.099999904632568
vertex -79.6122817993164 18.335834503173828 -4.099999904632568
vertex -14.052504539489746 -30.574466705322266 -4.099999904632568
endloop
endfacet
facet normal 0 0 1
outer loop
vertex -79.6122817993164 18.335834503173828 -4.099999904632568
vertex -80.10578155517578 18.201372146606445 -4.099999904632568
vertex -14.052504539489746 -30.574466705322266 -4.099999904632568
endloop
endfacet
facet normal 0 0 1
outer loop
vertex -80.10578155517578 18.201372146606445 -4.099999904632568
vertex -80.5650634765625 17.976242065429688 -4.099999904632568
vertex -14.052504539489746 -30.574466705322266 -4.099999904632568
endloop
endfacet
facet normal 0 0 1
outer loop
vertex -80.5650634765625 17.976242065429688 -4.099999904632568
vertex -80.97364807128906 17.668529510498047 -4.099999904632568
vertex -14.052504539489746 -30.574466705322266 -4.099999904632568
endloop
endfacet
facet normal 0 0 1
outer loop
vertex -80.97364807128906 17.668529510498047 -4.099999904632568
vertex -81.31685638427734 17.289278030395508 -4.099999904632568
vertex -14.052504539489746 -30.574466705322266 -4.099999904632568
endloop
endfacet
facet normal 0 0 1
outer loop
vertex -81.31685638427734 17.289278030395508 -4.099999904632568
vertex -81.5823745727539 16.852100372314453 -4.099999904632568
vertex -14.052504539489746 -30.574466705322266 -4.099999904632568
endloop
endfacet
facet normal 0 0 1
outer loop
vertex -81.5823745727539 16.852100372314453 -4.099999904632568
vertex -81.76068115234375 16.372690200805664 -4.099999904632568
vertex -14.052504539489746 -30.574466705322266 -4.099999904632568
endloop
endfacet
facet normal 0 0 1
outer loop
vertex -81.8453598022461 15.868255615234375 -4.099999904632568
vertex -14.052504539489746 -30.574466705322266 -4.099999904632568
vertex -81.76068115234375 16.372690200805664 -4.099999904632568
endloop
endfacet
facet normal 0.0016563168484977004 -0.9999986283063079 0
outer loop
vertex -79.6122817993164 18.335834503173828 0
vertex -59.959781646728516 18.368385314941406 -4.099999904632568
vertex -59.959781646728516 18.368385314941406 0
endloop
endfacet
facet normal 0 0 1
outer loop
vertex 18.44749641418457 -30.574466705322266 -4.099999904632568
vertex 34.847496032714844 -58.27446746826172 -4.099999904632568
vertex 13.14749526977539 6.500532627105713 -4.099999904632568
endloop
endfacet
facet normal 0 0 1
outer loop
vertex -5.832566261291504 4.125532627105713 -4.099999904632568
vertex 18.44749641418457 -30.574466705322266 -4.099999904632568
vertex 13.14749526977539 6.500532627105713 -4.099999904632568
endloop
endfacet
facet normal 0 0 1
outer loop
vertex -5.832566261291504 4.125532627105713 -4.099999904632568
vertex -12.652504920959473 4.125532627105713 -4.099999904632568
vertex 18.44749641418457 -30.574466705322266 -4.099999904632568
endloop
endfacet
facet normal -0.942452479258607 0.33434013270815255 0
outer loop
vertex -26.249074935913086 13.030632972717285 -4.099999904632568
vertex -26.249074935913086 13.030632972717285 0
vertex -26.078062057495117 13.512691497802734 -4.099999904632568
endloop
endfacet
facet normal -1 0 0
outer loop
vertex -38.4525032043457 12.015510559082031 0
vertex -38.4525032043457 12.015510559082031 -4.099999904632568
vertex -38.4525032043457 8.875533103942871 0
endloop
endfacet
facet normal -0.9999999933595818 0.00011524251100432119 0
outer loop
vertex 37.540348052978516 -55.767189025878906 0
vertex 37.5474967956543 6.26497745513916 -4.099999904632568
vertex 37.540348052978516 -55.767189025878906 -4.099999904632568
endloop
endfacet
facet normal 0 0 1
outer loop
vertex 13.14749526977539 6.500532627105713 -4.099999904632568
vertex 37.45566940307617 -56.27162551879883 -4.099999904632568
vertex 37.540348052978516 -55.767189025878906 -4.099999904632568
endloop
endfacet
facet normal 0.7100873859922567 -0.7041135592038289 0
outer loop
vertex 31.65679168701172 32.73850631713867 0
vertex 31.65679168701172 32.73850631713867 -4.099999904632568
vertex 32.01694107055664 33.10171127319336 0
endloop
endfacet
facet normal 0.5726565417584295 -0.8197953922664339 0
outer loop
vertex 32.01694107055664 33.10171127319336 0
vertex 32.01694107055664 33.10171127319336 -4.099999904632568
vertex 32.395267486572266 33.36598587036133 0
endloop
endfacet
facet normal 0.5000017005166796 -0.8660244219884496 0
outer loop
vertex 32.395267486572266 33.36598587036133 0
vertex 32.395267486572266 33.36598587036133 -4.099999904632568
vertex 48.454444885253906 42.63779830932617 0
endloop
endfacet
facet normal 0 0 1
outer loop
vertex 13.14749526977539 6.500532627105713 -4.099999904632568
vertex 37.27737045288086 -56.751033782958984 -4.099999904632568
vertex 37.45566940307617 -56.27162551879883 -4.099999904632568
endloop
endfacet
facet normal 0 0 1
outer loop
vertex 13.14749526977539 6.500532627105713 -4.099999904632568
vertex 37.01184844970703 -57.18821334838867 -4.099999904632568
vertex 37.27737045288086 -56.751033782958984 -4.099999904632568
endloop
endfacet
facet normal 0 0 1
outer loop
vertex 13.14749526977539 6.500532627105713 -4.099999904632568
vertex 36.66864013671875 -57.56746292114258 -4.099999904632568
vertex 37.01184844970703 -57.18821334838867 -4.099999904632568
endloop
endfacet
facet normal 0 0 1
outer loop
vertex 13.14749526977539 6.500532627105713 -4.099999904632568
vertex 36.26005935668945 -57.87517547607422 -4.099999904632568
vertex 36.66864013671875 -57.56746292114258 -4.099999904632568
endloop
endfacet
facet normal 0 0 1
outer loop
vertex 13.14749526977539 6.500532627105713 -4.099999904632568
vertex 35.80077362060547 -58.10030746459961 -4.099999904632568
vertex 36.26005935668945 -57.87517547607422 -4.099999904632568
endloop
endfacet
facet normal 0 0 1
outer loop
vertex 13.14749526977539 6.500532627105713 -4.099999904632568
vertex 35.30727005004883 -58.23476791381836 -4.099999904632568
vertex 35.80077362060547 -58.10030746459961 -4.099999904632568
endloop
endfacet
facet normal 0 0 1
outer loop
vertex 34.847496032714844 -58.27446746826172 -4.099999904632568
vertex 35.30727005004883 -58.23476791381836 -4.099999904632568
vertex 13.14749526977539 6.500532627105713 -4.099999904632568
endloop
endfacet
facet normal 0 0 1
outer loop
vertex 18.44749641418457 -30.574466705322266 -4.099999904632568
vertex 19.14749526977539 -58.27446746826172 -4.099999904632568
vertex 34.847496032714844 -58.27446746826172 -4.099999904632568
endloop
endfacet
facet normal -0.7607675580161058 -0.6490244391933259 0
outer loop
vertex 80.98503875732422 47.28532791137695 0
vertex 80.98503875732422 47.28532791137695 -4.099999904632568
vertex 81.31700897216797 46.896202087402344 0
endloop
endfacet
facet normal -0.869521635765397 -0.4938948521050489 0
outer loop
vertex 81.31700897216797 46.896202087402344 -4.099999904632568
vertex 81.56963348388672 46.451446533203125 0
vertex 81.31700897216797 46.896202087402344 0
endloop
endfacet
facet normal -0.6414920743254604 -0.7670709353559649 -0.009492034015059063
outer loop
vertex 65.90948486328125 59.89282989501953 0
vertex 66.28720092773438 59.627685546875 -4.099999904632568
vertex 80.98503875732422 47.28532791137695 0
endloop
endfacet
facet normal -0.41883067882588043 -0.9080643493025436 0
outer loop
vertex 65.44501495361328 60.107059478759766 0
vertex 65.44501495361328 60.107059478759766 -4.099999904632568
vertex 65.90948486328125 59.89282989501953 0
endloop
endfacet
facet normal -0.05264612465571162 -0.9986132312155368 0
outer loop
vertex 64.43769836425781 60.256771087646484 0
vertex 64.43769836425781 60.256771087646484 -4.099999904632568
vertex 64.94847869873047 60.22984313964844 0
endloop
endfacet
facet normal -0.24005000599573753 -0.970760523827296 0
outer loop
vertex 64.94847869873047 60.22984313964844 0
vertex 64.94847869873047 60.22984313964844 -4.099999904632568
vertex 65.44501495361328 60.107059478759766 0
endloop
endfacet
facet normal -0.9862011580426473 0.1655514296988746 0
outer loop
vertex 37.540348052978516 -55.767189025878906 -4.099999904632568
vertex 37.45566940307617 -56.27162551879883 0
vertex 37.540348052978516 -55.767189025878906 0
endloop
endfacet
facet normal -0.9372764866607638 0.34858684363133263 0
outer loop
vertex 37.45566940307617 -56.27162551879883 0
vertex 37.45566940307617 -56.27162551879883 -4.099999904632568
vertex 37.27737045288086 -56.751033782958984 0
endloop
endfacet
facet normal -0.854708102289057 0.5191089094606629 0
outer loop
vertex 37.27737045288086 -56.751033782958984 0
vertex 37.27737045288086 -56.751033782958984 -4.099999904632568
vertex 37.01184844970703 -57.18821334838867 0
endloop
endfacet
facet normal -0.741460152824835 0.6709969014630188 0
outer loop
vertex 37.01184844970703 -57.18821334838867 0
vertex 37.01184844970703 -57.18821334838867 -4.099999904632568
vertex 36.66864013671875 -57.56746292114258 0
endloop
endfacet
facet normal 0.26288358951939633 -0.9648275588732929 0
outer loop
vertex -80.10578155517578 18.201372146606445 0
vertex -80.10578155517578 18.201372146606445 -4.099999904632568
vertex -79.6122817993164 18.335834503173828 0
endloop
endfacet
facet normal 0.4401444244229692 -0.8979269934963382 0
outer loop
vertex -80.5650634765625 17.976242065429688 0
vertex -80.5650634765625 17.976242065429688 -4.099999904632568
vertex -80.10578155517578 18.201372146606445 0
endloop
endfacet
facet normal 0.6015930133811593 -0.7988027580391646 0
outer loop
vertex -80.97364807128906 17.668529510498047 0
vertex -80.97364807128906 17.668529510498047 -4.099999904632568
vertex -80.5650634765625 17.976242065429688 0
endloop
endfacet
facet normal 0.74146183175266 -0.6709950462216471 0
outer loop
vertex -81.31685638427734 17.289278030395508 0
vertex -81.31685638427734 17.289278030395508 -4.099999904632568
vertex -80.97364807128906 17.668529510498047 0
endloop
endfacet
facet normal 0.8547104064197326 -0.5191051157114667 0
outer loop
vertex -81.5823745727539 16.852100372314453 0
vertex -81.5823745727539 16.852100372314453 -4.099999904632568
vertex -81.31685638427734 17.289278030395508 0
endloop
endfacet
facet normal 0.9372720663568834 -0.34859872866534936 0
outer loop
vertex -81.76068115234375 16.372690200805664 0
vertex -81.76068115234375 16.372690200805664 -4.099999904632568
vertex -81.5823745727539 16.852100372314453 0
endloop
endfacet
facet normal -0.6015965973303076 0.7988000588887033 0
outer loop
vertex 36.66864013671875 -57.56746292114258 0
vertex 36.66864013671875 -57.56746292114258 -4.099999904632568
vertex 36.26005935668945 -57.87517547607422 0
endloop
endfacet
facet normal -0.4401444834814211 0.8979269645471579 0
outer loop
vertex 36.26005935668945 -57.87517547607422 0
vertex 36.26005935668945 -57.87517547607422 -4.099999904632568
vertex 35.80077362060547 -58.10030746459961 0
endloop
endfacet
facet normal 0.9862010558411262 -0.16555203851915587 0
outer loop
vertex -81.8453598022461 15.868255615234375 0
vertex -81.8453598022461 15.868255615234375 -4.099999904632568
vertex -81.76068115234375 16.372690200805664 0
endloop
endfacet
facet normal -0.26287822661872295 0.9648290200702897 0
outer loop
vertex 35.80077362060547 -58.10030746459961 0
vertex 35.80077362060547 -58.10030746459961 -4.099999904632568
vertex 35.30727005004883 -58.23476791381836 0
endloop
endfacet
facet normal 0.13664395870878202 -0.9906202241769512 0
outer loop
vertex 63.930999755859375 60.1868782043457 0
vertex 63.930999755859375 60.1868782043457 -4.099999904632568
vertex 64.43769836425781 60.256771087646484 0
endloop
endfacet
facet normal 0.3210363333218107 -0.9470668786771541 0
outer loop
vertex 63.44658279418945 60.02267074584961 0
vertex 63.44658279418945 60.02267074584961 -4.099999904632568
vertex 63.930999755859375 60.1868782043457 0
endloop
endfacet
facet normal -0.7607675580161058 -0.6490244391933259 0
outer loop
vertex 80.98503875732422 47.28532791137695 -4.099999904632568
vertex 81.31700897216797 46.896202087402344 -4.099999904632568
vertex 81.31700897216797 46.896202087402344 0
endloop
endfacet
facet normal -0.002456573724284703 0.9999527368050511 -0.00940688054697485
outer loop
vertex 34.847496032714844 -58.27446746826172 -4.099999904632568
vertex 19.14749526977539 -58.27446746826172 0
vertex 35.30727005004883 -58.23476791381836 0
endloop
endfacet
facet normal -0.869521635765397 -0.4938948521050489 0
outer loop
vertex 81.31700897216797 46.896202087402344 -4.099999904632568
vertex 81.56963348388672 46.451446533203125 -4.099999904632568
vertex 81.56963348388672 46.451446533203125 0
endloop
endfacet
facet normal -0.6306392108511325 0.776076146867729 0
outer loop
vertex -37.306549072265625 12.946712493896484 0
vertex -37.306549072265625 12.946712493896484 -4.099999904632568
vertex -38.4525032043457 12.015510559082031 0
endloop
endfacet
facet normal -0.0004333904689543883 -0.9999999060863463 0
outer loop
vertex -38.4525032043457 8.875533103942871 0
vertex -38.4525032043457 8.875533103942871 -4.099999904632568
vertex -21.959781646728516 8.868385314941406 0
endloop
endfacet
facet normal 0.1691633985799441 0.9855880197023922 0
outer loop
vertex -28.705812454223633 11.470507621765137 0
vertex -37.306549072265625 12.946712493896484 -4.099999904632568
vertex -37.306549072265625 12.946712493896484 0
endloop
endfacet
facet normal -0.4537006477258713 0.8911541517903201 0
outer loop
vertex -27.24922752380371 11.891200065612793 -4.099999904632568
vertex -27.705047607421875 11.659134864807129 -4.099999904632568
vertex -27.705047607421875 11.659134864807129 0
endloop
endfacet
facet normal 0 0 1
outer loop
vertex 31.65679168701172 32.73850631713867 -4.099999904632568
vertex 31.316869735717773 29.84817886352539 -4.099999904632568
vertex 32.01694107055664 33.10171127319336 -4.099999904632568
endloop
endfacet
facet normal -0.09129843303784309 0.995823576807074 0
outer loop
vertex -28.196455001831055 11.517206192016602 0
vertex -28.196455001831055 11.517206192016602 -4.099999904632568
vertex -28.705812454223633 11.470507621765137 0
endloop
endfacet
facet normal -0.277479268741339 0.9607316250747511 0
outer loop
vertex -27.705047607421875 11.659134864807129 0
vertex -27.705047607421875 11.659134864807129 -4.099999904632568
vertex -28.196455001831055 11.517206192016602 0
endloop
endfacet
facet normal -0.4537006477258713 0.8911541517903201 0
outer loop
vertex -27.24922752380371 11.891200065612793 0
vertex -27.24922752380371 11.891200065612793 -4.099999904632568
vertex -27.705047607421875 11.659134864807129 0
endloop
endfacet
facet normal -0.6136373581304657 0.7895879892112484 0
outer loop
vertex -26.845359802246094 12.205070495605469 0
vertex -26.845359802246094 12.205070495605469 -4.099999904632568
vertex -27.24922752380371 11.891200065612793 0
endloop
endfacet
facet normal -0.7515469065084295 0.6596796550732861 0
outer loop
vertex -26.507938385009766 12.589481353759766 0
vertex -26.507938385009766 12.589481353759766 -4.099999904632568
vertex -26.845359802246094 12.205070495605469 0
endloop
endfacet
facet normal -0.9862011580426473 0.1655514296988746 0
outer loop
vertex 37.45566940307617 -56.27162551879883 -4.099999904632568
vertex 37.45566940307617 -56.27162551879883 0
vertex 37.540348052978516 -55.767189025878906 -4.099999904632568
endloop
endfacet
facet normal -0.9372764866607638 0.34858684363133263 0
outer loop
vertex 37.27737045288086 -56.751033782958984 -4.099999904632568
vertex 37.27737045288086 -56.751033782958984 0
vertex 37.45566940307617 -56.27162551879883 -4.099999904632568
endloop
endfacet
facet normal -0.854708102289057 0.5191089094606629 0
outer loop
vertex 37.01184844970703 -57.18821334838867 -4.099999904632568
vertex 37.01184844970703 -57.18821334838867 0
vertex 37.27737045288086 -56.751033782958984 -4.099999904632568
endloop
endfacet
facet normal -0.741460152824835 0.6709969014630188 0
outer loop
vertex 36.66864013671875 -57.56746292114258 -4.099999904632568
vertex 36.66864013671875 -57.56746292114258 0
vertex 37.01184844970703 -57.18821334838867 -4.099999904632568
endloop
endfacet
facet normal -0.6015965973303076 0.7988000588887033 0
outer loop
vertex 36.26005935668945 -57.87517547607422 -4.099999904632568
vertex 36.26005935668945 -57.87517547607422 0
vertex 36.66864013671875 -57.56746292114258 -4.099999904632568
endloop
endfacet
facet normal -0.4401444834814211 0.8979269645471579 0
outer loop
vertex 35.80077362060547 -58.10030746459961 -4.099999904632568
vertex 35.80077362060547 -58.10030746459961 0
vertex 36.26005935668945 -57.87517547607422 -4.099999904632568
endloop
endfacet
facet normal -0.26287822661872295 0.9648290200702897 0
outer loop
vertex 35.30727005004883 -58.23476791381836 -4.099999904632568
vertex 35.30727005004883 -58.23476791381836 0
vertex 35.80077362060547 -58.10030746459961 -4.099999904632568
endloop
endfacet
facet normal -0.08602570705161279 0.9962929176332983 0
outer loop
vertex 34.847496032714844 -58.27446746826172 -4.099999904632568
vertex 35.30727005004883 -58.23476791381836 0
vertex 35.30727005004883 -58.23476791381836 -4.099999904632568
endloop
endfacet
facet normal 0 1 0
outer loop
vertex 19.14749526977539 -58.27446746826172 0
vertex 34.847496032714844 -58.27446746826172 -4.099999904632568
vertex 19.14749526977539 -58.27446746826172 -4.099999904632568
endloop
endfacet
facet normal 0 0 1
outer loop
vertex 18.44749641418457 -30.574466705322266 -4.099999904632568
vertex 18.44749641418457 -63.27446746826172 -4.099999904632568
vertex 19.14749526977539 -58.27446746826172 -4.099999904632568
endloop
endfacet
facet normal -0.16555238169727243 -0.9862009982322876 0
outer loop
vertex -21.959781646728516 8.868385314941406 0
vertex -21.959781646728516 8.868385314941406 -4.099999904632568
vertex -21.652503967285156 8.816802978515625 0
endloop
endfacet
facet normal -0.6430751969776215 -0.7658030367086522 0
outer loop
vertex 66.28720092773438 59.627685546875 -4.099999904632568
vertex 80.98503875732422 47.28532791137695 -4.099999904632568
vertex 80.98503875732422 47.28532791137695 0
endloop
endfacet
facet normal -0.8624783985809356 0.506093876648656 0
outer loop
vertex -26.249074935913086 13.030632972717285 0
vertex -26.249074935913086 13.030632972717285 -4.099999904632568
vertex -26.507938385009766 12.589481353759766 0
endloop
endfacet
facet normal -0.5745425389970877 -0.8184747222014739 0
outer loop
vertex 65.90948486328125 59.89282989501953 -4.099999904632568
vertex 66.28720092773438 59.627685546875 -4.099999904632568
vertex 65.90948486328125 59.89282989501953 0
endloop
endfacet
facet normal -0.41883067882588043 -0.9080643493025436 0
outer loop
vertex 65.44501495361328 60.107059478759766 -4.099999904632568
vertex 65.90948486328125 59.89282989501953 -4.099999904632568
vertex 65.90948486328125 59.89282989501953 0
endloop
endfacet
facet normal -0.942452479258607 0.33434013270815255 0
outer loop
vertex -26.078062057495117 13.512691497802734 -4.099999904632568
vertex -26.249074935913086 13.030632972717285 0
vertex -26.078062057495117 13.512691497802734 0
endloop
endfacet
facet normal -0.24005000599573753 -0.970760523827296 0
outer loop
vertex 64.94847869873047 60.22984313964844 -4.099999904632568
vertex 65.44501495361328 60.107059478759766 -4.099999904632568
vertex 65.44501495361328 60.107059478759766 0
endloop
endfacet
facet normal -0.05264612465571162 -0.9986132312155368 0
outer loop
vertex 64.43769836425781 60.256771087646484 -4.099999904632568
vertex 64.94847869873047 60.22984313964844 -4.099999904632568
vertex 64.94847869873047 60.22984313964844 0
endloop
endfacet
facet normal 0.13664395870878202 -0.9906202241769512 0
outer loop
vertex 63.930999755859375 60.1868782043457 -4.099999904632568
vertex 64.43769836425781 60.256771087646484 -4.099999904632568
vertex 64.43769836425781 60.256771087646484 0
endloop
endfacet
facet normal 0 0 1
outer loop
vertex 32.01694107055664 33.10171127319336 -4.099999904632568
vertex 31.316869735717773 29.84817886352539 -4.099999904632568
vertex 32.395267486572266 33.36598587036133 -4.099999904632568
endloop
endfacet
facet normal 0.3210363333218107 -0.9470668786771541 0
outer loop
vertex 63.44658279418945 60.02267074584961 -4.099999904632568
vertex 63.930999755859375 60.1868782043457 -4.099999904632568
vertex 63.930999755859375 60.1868782043457 0
endloop
endfacet
facet normal 0 0 1
outer loop
vertex 32.395267486572266 33.36598587036133 -4.099999904632568
vertex 39.68393325805664 15.341766357421875 -4.099999904632568
vertex 48.454444885253906 42.63779830932617 -4.099999904632568
endloop
endfacet
facet normal -0.34859011950304275 -0.9372752683096115 0
outer loop
vertex -59.455345153808594 18.283706665039062 0
vertex -59.455345153808594 18.283706665039062 -4.099999904632568
vertex -58.97593688964844 18.105405807495117 0
endloop
endfacet
facet normal -0.9894425600789427 -0.14492556815285526 0
outer loop
vertex -57.49220275878906 16.13530921936035 0
vertex -57.49220275878906 16.13530921936035 -4.099999904632568
vertex -57.47246170043945 16.000532150268555 0
endloop
endfacet
facet normal -0.9648268707617211 -0.26288611499306175 0
outer loop
vertex -57.62666702270508 16.62881088256836 0
vertex -57.62666702270508 16.62881088256836 -4.099999904632568
vertex -57.49220275878906 16.13530921936035 0
endloop
endfacet
facet normal 0.7100873859922567 -0.7041135592038289 0
outer loop
vertex 31.65679168701172 32.73850631713867 -4.099999904632568
vertex 32.01694107055664 33.10171127319336 -4.099999904632568
vertex 32.01694107055664 33.10171127319336 0
endloop
endfacet
facet normal -0.277479268741339 0.9607316250747511 0
outer loop
vertex -27.705047607421875 11.659134864807129 -4.099999904632568
vertex -28.196455001831055 11.517206192016602 -4.099999904632568
vertex -28.196455001831055 11.517206192016602 0
endloop
endfacet
facet normal 0.4938948521050489 -0.869521635765397 0
outer loop
vertex 63.44658279418945 60.02267074584961 0
vertex 63.001827239990234 59.77004623413086 -4.099999904632568
vertex 63.44658279418945 60.02267074584961 -4.099999904632568
endloop
endfacet
facet normal 0.8662378089904896 0.4996319227945268 0
outer loop
vertex 39.68393325805664 15.341766357421875 0
vertex 39.68393325805664 15.341766357421875 -4.099999904632568
vertex 31.316869735717773 29.84817886352539 0
endloop
endfacet
facet normal 0 0 1
outer loop
vertex -81.8453598022461 15.868255615234375 -4.099999904632568
vertex -80.55250549316406 -30.574466705322266 -4.099999904632568
vertex -14.052504539489746 -30.574466705322266 -4.099999904632568
endloop
endfacet
facet normal 0.9999999958562215 -0.00009103602017375949 0
outer loop
vertex -81.8453598022461 15.868255615234375 0
vertex -81.85250091552734 -62.574466705322266 -4.099999904632568
vertex -81.8453598022461 15.868255615234375 -4.099999904632568
endloop
endfacet
facet normal 0 0 1
outer loop
vertex -81.85250091552734 -62.574466705322266 -4.099999904632568
vertex -80.55250549316406 -30.574466705322266 -4.099999904632568
vertex -81.8453598022461 15.868255615234375 -4.099999904632568
endloop
endfacet
facet normal 0.0016563168484977004 -0.9999986283063079 0
outer loop
vertex -79.6122817993164 18.335834503173828 -4.099999904632568
vertex -59.959781646728516 18.368385314941406 -4.099999904632568
vertex -79.6122817993164 18.335834503173828 0
endloop
endfacet
facet normal 0.26288358951939633 -0.9648275588732929 0
outer loop
vertex -80.10578155517578 18.201372146606445 -4.099999904632568
vertex -79.6122817993164 18.335834503173828 -4.099999904632568
vertex -79.6122817993164 18.335834503173828 0
endloop
endfacet
facet normal 0.4401444244229692 -0.8979269934963382 0
outer loop
vertex -80.5650634765625 17.976242065429688 -4.099999904632568
vertex -80.10578155517578 18.201372146606445 -4.099999904632568
vertex -80.10578155517578 18.201372146606445 0
endloop
endfacet
facet normal 0.6015930133811593 -0.7988027580391646 0
outer loop
vertex -80.97364807128906 17.668529510498047 -4.099999904632568
vertex -80.5650634765625 17.976242065429688 -4.099999904632568
vertex -80.5650634765625 17.976242065429688 0
endloop
endfacet
facet normal 0 0 1
outer loop
vertex 66.28720092773438 59.627685546875 -4.099999904632568
vertex 57.08588409423828 35.49654006958008 -4.099999904632568
vertex 80.98503875732422 47.28532791137695 -4.099999904632568
endloop
endfacet
facet normal 0.9999999958562215 -0.00009103602017375949 0
outer loop
vertex -81.85250091552734 -62.574466705322266 0
vertex -81.85250091552734 -62.574466705322266 -4.099999904632568
vertex -81.8453598022461 15.868255615234375 0
endloop
endfacet
facet normal 0.9368476564395006 0.34973771404270254 0
outer loop
vertex 31.316869735717773 29.84817886352539 0
vertex 31.316869735717773 29.84817886352539 -4.099999904632568
vertex 31.137981414794922 30.327369689941406 0
endloop
endfacet
facet normal 0.8662378089904896 0.4996319227945268 0
outer loop
vertex 39.68393325805664 15.341766357421875 -4.099999904632568
vertex 31.316869735717773 29.84817886352539 -4.099999904632568
vertex 31.316869735717773 29.84817886352539 0
endloop
endfacet
facet normal 0 0 1
outer loop
vertex 31.316869735717773 29.84817886352539 -4.099999904632568
vertex 39.68393325805664 15.341766357421875 -4.099999904632568
vertex 32.395267486572266 33.36598587036133 -4.099999904632568
endloop
endfacet
facet normal 0.9368476564395006 0.34973771404270254 0
outer loop
vertex 31.316869735717773 29.84817886352539 -4.099999904632568
vertex 31.137981414794922 30.327369689941406 -4.099999904632568
vertex 31.137981414794922 30.327369689941406 0
endloop
endfacet
facet normal -0.09129843303784309 0.995823576807074 0
outer loop
vertex -28.196455001831055 11.517206192016602 -4.099999904632568
vertex -28.705812454223633 11.470507621765137 -4.099999904632568
vertex -28.705812454223633 11.470507621765137 0
endloop
endfacet
facet normal 0.1691633985799441 0.9855880197023922 0
outer loop
vertex -28.705812454223633 11.470507621765137 -4.099999904632568
vertex -37.306549072265625 12.946712493896484 -4.099999904632568
vertex -28.705812454223633 11.470507621765137 0
endloop
endfacet
facet normal -0.0004333904689543883 -0.9999999060863463 0
outer loop
vertex -38.4525032043457 8.875533103942871 -4.099999904632568
vertex -21.959781646728516 8.868385314941406 -4.099999904632568
vertex -21.959781646728516 8.868385314941406 0
endloop
endfacet
facet normal 0 0 1
outer loop
vertex -49.75211715698242 16.13058090209961 -4.099999904632568
vertex -49.84617614746094 16.000532150268555 -4.099999904632568
vertex -26.078062057495117 13.512691497802734 -4.099999904632568
endloop
endfacet
facet normal 0.4536961786519456 -0.8911564270523002 0
outer loop
vertex -45.555782318115234 38.45986557006836 -4.099999904632568
vertex -45.09996032714844 38.69192886352539 -4.099999904632568
vertex -45.09996032714844 38.69192886352539 0
endloop
endfacet
facet normal 0.5726565417584295 -0.8197953922664339 0
outer loop
vertex 32.01694107055664 33.10171127319336 -4.099999904632568
vertex 32.395267486572266 33.36598587036133 -4.099999904632568
vertex 32.395267486572266 33.36598587036133 0
endloop
endfacet
facet normal 0 0 1
outer loop
vertex -19.452505111694336 6.175532817840576 -4.099999904632568
vertex -38.4525032043457 8.875533103942871 -4.099999904632568
vertex -19.452505111694336 4.125532627105713 -4.099999904632568
endloop
endfacet
facet normal 0 0 1
outer loop
vertex -26.507938385009766 12.589481353759766 -4.099999904632568
vertex -28.705812454223633 11.470507621765137 -4.099999904632568
vertex -26.845359802246094 12.205070495605469 -4.099999904632568
endloop
endfacet
facet normal 0.74146183175266 -0.6709950462216471 0
outer loop
vertex -81.31685638427734 17.289278030395508 -4.099999904632568
vertex -80.97364807128906 17.668529510498047 -4.099999904632568
vertex -80.97364807128906 17.668529510498047 0
endloop
endfacet
facet normal 0.8547104064197326 -0.5191051157114667 0
outer loop
vertex -81.5823745727539 16.852100372314453 -4.099999904632568
vertex -81.31685638427734 17.289278030395508 -4.099999904632568
vertex -81.31685638427734 17.289278030395508 0
endloop
endfacet
facet normal 0.9372720663568834 -0.34859872866534936 0
outer loop
vertex -81.76068115234375 16.372690200805664 -4.099999904632568
vertex -81.5823745727539 16.852100372314453 -4.099999904632568
vertex -81.5823745727539 16.852100372314453 0
endloop
endfacet
facet normal 0 0 1
outer loop
vertex -26.845359802246094 12.205070495605469 -4.099999904632568
vertex -27.705047607421875 11.659134864807129 -4.099999904632568
vertex -27.24922752380371 11.891200065612793 -4.099999904632568
endloop
endfacet
facet normal 0 0 1
outer loop
vertex -26.845359802246094 12.205070495605469 -4.099999904632568
vertex -28.196455001831055 11.517206192016602 -4.099999904632568
vertex -27.705047607421875 11.659134864807129 -4.099999904632568
endloop
endfacet
facet normal 0 0 1
outer loop
vertex -28.705812454223633 11.470507621765137 -4.099999904632568
vertex -28.196455001831055 11.517206192016602 -4.099999904632568
vertex -26.845359802246094 12.205070495605469 -4.099999904632568
endloop
endfacet
facet normal 0.5827985360748856 -0.8126166786061988 0
outer loop
vertex 33.9793815612793 11.250533103942871 0
vertex 33.9793815612793 11.250533103942871 -4.099999904632568
vertex 39.68393325805664 15.341766357421875 0
endloop
endfacet
facet normal 0 0 1
outer loop
vertex -26.507938385009766 12.589481353759766 -4.099999904632568
vertex -37.306549072265625 12.946712493896484 -4.099999904632568
vertex -28.705812454223633 11.470507621765137 -4.099999904632568
endloop
endfacet
facet normal 0.9862010558411262 -0.16555203851915587 0
outer loop
vertex -81.8453598022461 15.868255615234375 -4.099999904632568
vertex -81.76068115234375 16.372690200805664 -4.099999904632568
vertex -81.76068115234375 16.372690200805664 0
endloop
endfacet
facet normal -0.6303887678792179 0.7762795896658121 0
outer loop
vertex 45.646942138671875 12.842246055603027 -4.099999904632568
vertex 37.5474967956543 6.26497745513916 0
vertex 45.646942138671875 12.842246055603027 0
endloop
endfacet
facet normal 0 0 1
outer loop
vertex -38.4525032043457 8.875533103942871 -4.099999904632568
vertex -19.452505111694336 6.175532817840576 -4.099999904632568
vertex -21.959781646728516 8.868385314941406 -4.099999904632568
endloop
endfacet
facet normal -0.6306392108511325 0.776076146867729 0
outer loop
vertex -37.306549072265625 12.946712493896484 -4.099999904632568
vertex -38.4525032043457 12.015510559082031 -4.099999904632568
vertex -38.4525032043457 12.015510559082031 0
endloop
endfacet
facet normal -1 0 0
outer loop
vertex -38.4525032043457 12.015510559082031 -4.099999904632568
vertex -38.4525032043457 8.875533103942871 -4.099999904632568
vertex -38.4525032043457 8.875533103942871 0
endloop
endfacet
facet normal 0 0 1
outer loop
vertex -49.84617614746094 16.000532150268555 -4.099999904632568
vertex -26.507938385009766 12.589481353759766 -4.099999904632568
vertex -26.249074935913086 13.030632972717285 -4.099999904632568
endloop
endfacet
facet normal 0 0 1
outer loop
vertex -49.84617614746094 16.000532150268555 -4.099999904632568
vertex -37.306549072265625 12.946712493896484 -4.099999904632568
vertex -26.507938385009766 12.589481353759766 -4.099999904632568
endloop
endfacet
facet normal 0.6136380024881677 -0.7895874884408512 0
outer loop
vertex -45.95964813232422 38.14599609375 -4.099999904632568
vertex -45.555782318115234 38.45986557006836 -4.099999904632568
vertex -45.555782318115234 38.45986557006836 0
endloop
endfacet
facet normal 0 0 1
outer loop
vertex 39.68393325805664 15.341766357421875 -4.099999904632568
vertex 56.52139663696289 35.11992645263672 -4.099999904632568
vertex 66.28720092773438 59.627685546875 -4.099999904632568
endloop
endfacet
facet normal -0.9845997905647336 0.17482348932532749 0
outer loop
vertex 56.52139663696289 35.11992645263672 -4.099999904632568
vertex 56.502159118652344 35.01158142089844 -4.099999904632568
vertex 56.502159118652344 35.01158142089844 0
endloop
endfacet
facet normal 0 0 1
outer loop
vertex -3.1525044441223145 6.500532627105713 -4.099999904632568
vertex -5.832566261291504 4.125532627105713 -4.099999904632568
vertex 13.14749526977539 6.500532627105713 -4.099999904632568
endloop
endfacet
facet normal 0 -1 0
outer loop
vertex -3.1525044441223145 6.500532627105713 -4.099999904632568
vertex 13.14749526977539 6.500532627105713 -4.099999904632568
vertex 13.14749526977539 6.500532627105713 0
endloop
endfacet
facet normal 0 0 1
outer loop
vertex 13.154642105102539 8.743255615234375 -4.099999904632568
vertex 14.894217491149902 11.076371192932129 -4.099999904632568
vertex 13.2393217086792 9.247690200805664 -4.099999904632568
endloop
endfacet
facet normal 0 0 1
outer loop
vertex 13.417621612548828 9.72710132598877 -4.099999904632568
vertex 14.026352882385254 10.543529510498047 -4.099999904632568
vertex 13.683141708374023 10.164278030395508 -4.099999904632568
endloop
endfacet
facet normal 0 0 1
outer loop
vertex 13.2393217086792 9.247690200805664 -4.099999904632568
vertex 14.894217491149902 11.076371192932129 -4.099999904632568
vertex 13.417621612548828 9.72710132598877 -4.099999904632568
endloop
endfacet
facet normal -0.9999995824426126 0.0009138460486168551 0
outer loop
vertex 19.143497467041016 -62.649166107177734 0
vertex 19.14749526977539 -58.27446746826172 0
vertex 19.14749526977539 -58.27446746826172 -4.099999904632568
endloop
endfacet
facet normal -0.9644900292770331 0.2641192598527943 0
outer loop
vertex 19.143497467041016 -62.649166107177734 0
vertex 19.143497467041016 -62.649166107177734 -4.099999904632568
vertex 19.084449768066406 -62.86479187011719 0
endloop
endfacet
facet normal -0.8320266678720447 0.5547356342887504 0
outer loop
vertex 19.084449768066406 -62.86479187011719 0
vertex 19.084449768066406 -62.86479187011719 -4.099999904632568
vertex 18.960430145263672 -63.050804138183594 0
endloop
endfacet
facet normal -0.6146957653337645 0.7887642969105139 0
outer loop
vertex 18.960430145263672 -63.050804138183594 0
vertex 18.960430145263672 -63.050804138183594 -4.099999904632568
vertex 18.784090042114258 -63.188228607177734 0
endloop
endfacet
facet normal -0.33467504280665805 0.9423336010789182 0
outer loop
vertex 18.784090042114258 -63.188228607177734 0
vertex 18.784090042114258 -63.188228607177734 -4.099999904632568
vertex 18.57341766357422 -63.2630500793457 0
endloop
endfacet
facet normal -0.09030043800262924 0.9959145700794487 0
outer loop
vertex 18.57341766357422 -63.2630500793457 0
vertex 18.57341766357422 -63.2630500793457 -4.099999904632568
vertex 18.44749641418457 -63.27446746826172 0
endloop
endfacet
facet normal -0.6427852274868182 0.7660464420155736 0
outer loop
vertex 56.52139663696289 35.11992645263672 -4.099999904632568
vertex 56.52139663696289 35.11992645263672 0
vertex 56.97023010253906 35.49654006958008 -4.099999904632568
endloop
endfacet
facet normal 0 1 0
outer loop
vertex 56.97023010253906 35.49654006958008 -4.099999904632568
vertex 56.97023010253906 35.49654006958008 0
vertex 57.08588409423828 35.49654006958008 -4.099999904632568
endloop
endfacet
facet normal 0 0 1
outer loop
vertex 14.026352882385254 10.543529510498047 -4.099999904632568
vertex 13.417621612548828 9.72710132598877 -4.099999904632568
vertex 14.434932708740234 10.851243019104004 -4.099999904632568
endloop
endfacet
facet normal 0 0 1
outer loop
vertex 14.434932708740234 10.851243019104004 -4.099999904632568
vertex 13.417621612548828 9.72710132598877 -4.099999904632568
vertex 14.894217491149902 11.076371192932129 -4.099999904632568
endloop
endfacet
facet normal 0 0 1
outer loop
vertex 14.894217491149902 11.076371192932129 -4.099999904632568
vertex 13.154642105102539 8.743255615234375 -4.099999904632568
vertex 15.387720108032227 11.210834503173828 -4.099999904632568
endloop
endfacet
facet normal 0 0 1
outer loop
vertex 13.14749526977539 6.500532627105713 -4.099999904632568
vertex 33.9793815612793 11.250533103942871 -4.099999904632568
vertex 13.154642105102539 8.743255615234375 -4.099999904632568
endloop
endfacet
facet normal 0.6400207461708586 0.7683576279772965 0
outer loop
vertex 57.08588409423828 35.49654006958008 -4.099999904632568
vertex 65.53550720214844 28.458236694335938 0
vertex 65.53550720214844 28.458236694335938 -4.099999904632568
endloop
endfacet
facet normal 0 0 1
outer loop
vertex 15.387720108032227 11.210834503173828 -4.099999904632568
vertex 13.154642105102539 8.743255615234375 -4.099999904632568
vertex 33.9793815612793 11.250533103942871 -4.099999904632568
endloop
endfacet
facet normal 0.9999949225812977 -0.003186661517050042 0
outer loop
vertex 13.14749526977539 6.500532627105713 -4.099999904632568
vertex 13.154642105102539 8.743255615234375 -4.099999904632568
vertex 13.154642105102539 8.743255615234375 0
endloop
endfacet
facet normal -0.8979291896529449 -0.4401399440737069 0
outer loop
vertex -57.8517951965332 17.08809471130371 0
vertex -57.8517951965332 17.08809471130371 -4.099999904632568
vertex -57.62666702270508 16.62881088256836 0
endloop
endfacet
facet normal 0 -1 0
outer loop
vertex -57.47246170043945 16.000532150268555 0
vertex -57.47246170043945 16.000532150268555 -4.099999904632568
vertex -49.84617614746094 16.000532150268555 0
endloop
endfacet
facet normal 0.054806974925854894 -0.9984969681974385 0
outer loop
vertex -3.443213701248169 6.4845757484436035 0
vertex -3.443213701248169 6.4845757484436035 -4.099999904632568
vertex -3.1525044441223145 6.500532627105713 0
endloop
endfacet
facet normal 0.20137529989435446 -0.9795141594650171 0
outer loop
vertex -3.944228410720825 6.381573677062988 0
vertex -3.944228410720825 6.381573677062988 -4.099999904632568
vertex -3.443213701248169 6.4845757484436035 0
endloop
endfacet
facet normal -0.17201822746933623 -0.9850937668152752 0
outer loop
vertex -44.09919738769531 38.880558013916016 -4.099999904632568
vertex -24.739662170410156 35.49997329711914 -4.099999904632568
vertex -44.09919738769531 38.880558013916016 0
endloop
endfacet
facet normal 0.38250524273583114 -0.9239533209419202 0
outer loop
vertex -4.416823863983154 6.185925006866455 0
vertex -4.416823863983154 6.185925006866455 -4.099999904632568
vertex -3.944228410720825 6.381573677062988 0
endloop
endfacet
facet normal 0.5499055899657493 -0.8352268207645283 0
outer loop
vertex -4.84403657913208 5.904652118682861 0
vertex -4.84403657913208 5.904652118682861 -4.099999904632568
vertex -4.416823863983154 6.185925006866455 0
endloop
endfacet
facet normal 0.8301418856418672 -0.557552194599721 0
outer loop
vertex 31.37160873413086 32.31389617919922 0
vertex 31.37160873413086 32.31389617919922 -4.099999904632568
vertex 31.65679168701172 32.73850631713867 0
endloop
endfacet
facet normal 0.9204042282644715 -0.390968101758804 0
outer loop
vertex 31.171630859375 31.843114852905273 0
vertex 31.171630859375 31.843114852905273 -4.099999904632568
vertex 31.37160873413086 32.31389617919922 0
endloop
endfacet
facet normal 0.9776241070115237 -0.21035946707938039 0
outer loop
vertex 31.06403350830078 31.343067169189453 0
vertex 31.06403350830078 31.343067169189453 -4.099999904632568
vertex 31.171630859375 31.843114852905273 0
endloop
endfacet
facet normal 0.9997536635006576 -0.022194871412421727 0
outer loop
vertex 31.05268096923828 30.83169937133789 0
vertex 31.05268096923828 30.83169937133789 -4.099999904632568
vertex 31.06403350830078 31.343067169189453 0
endloop
endfacet
facet normal 0.9859962090966692 0.16676772963315573 0
outer loop
vertex 31.137981414794922 30.327369689941406 0
vertex 31.137981414794922 30.327369689941406 -4.099999904632568
vertex 31.05268096923828 30.83169937133789 0
endloop
endfacet
facet normal 0.9862007514283084 -0.16555385191000418 0
outer loop
vertex 13.154642105102539 8.743255615234375 -4.099999904632568
vertex 13.2393217086792 9.247690200805664 -4.099999904632568
vertex 13.2393217086792 9.247690200805664 0
endloop
endfacet
facet normal 0.6975665344033094 -0.7165200137334313 0
outer loop
vertex -5.210531711578369 5.5478515625 0
vertex -5.210531711578369 5.5478515625 -4.099999904632568
vertex -4.84403657913208 5.904652118682861 0
endloop
endfacet
facet normal 0.820188001729261 -0.5720940847617303 0
outer loop
vertex -5.5031538009643555 5.128331184387207 0
vertex -5.5031538009643555 5.128331184387207 -4.099999904632568
vertex -5.210531711578369 5.5478515625 0
endloop
endfacet
facet normal 0.9133696435101123 -0.40713129861779285 0
outer loop
vertex -5.711398601531982 4.661149024963379 0
vertex -5.711398601531982 4.661149024963379 -4.099999904632568
vertex -5.5031538009643555 5.128331184387207 0
endloop
endfacet
facet normal -0.9958236841561188 -0.09129726213712237 0
outer loop
vertex -22.744176864624023 33.3815803527832 -4.099999904632568
vertex -22.697479248046875 32.87222671508789 -4.099999904632568
vertex -22.697479248046875 32.87222671508789 0
endloop
endfacet
facet normal -0.9607314151454519 -0.27747999558998354 0
outer loop
vertex -22.886106491088867 33.872989654541016 -4.099999904632568
vertex -22.744176864624023 33.3815803527832 -4.099999904632568
vertex -22.744176864624023 33.3815803527832 0
endloop
endfacet
facet normal -0.8911533841983479 -0.45370215541898395 0
outer loop
vertex -23.11817169189453 34.32880783081055 -4.099999904632568
vertex -22.886106491088867 33.872989654541016 -4.099999904632568
vertex -22.886106491088867 33.872989654541016 0
endloop
endfacet
facet normal -0.5060974643596045 -0.8624762933372598 0
outer loop
vertex -24.257604598999023 35.32896423339844 -4.099999904632568
vertex -23.81645393371582 35.070098876953125 -4.099999904632568
vertex -23.81645393371582 35.070098876953125 0
endloop
endfacet
facet normal -0.33433409589527574 -0.9424546208289758 0
outer loop
vertex -24.739662170410156 35.49997329711914 -4.099999904632568
vertex -24.257604598999023 35.32896423339844 -4.099999904632568
vertex -24.257604598999023 35.32896423339844 0
endloop
endfacet
facet normal -0.7895884899770248 -0.6136367137776241 0
outer loop
vertex -23.432043075561523 34.7326774597168 -4.099999904632568
vertex -23.11817169189453 34.32880783081055 -4.099999904632568
vertex -23.11817169189453 34.32880783081055 0
endloop
endfacet
facet normal -0.6596796550732861 -0.7515469065084295 0
outer loop
vertex -23.81645393371582 35.070098876953125 -4.099999904632568
vertex -23.432043075561523 34.7326774597168 -4.099999904632568
vertex -23.432043075561523 34.7326774597168 0
endloop
endfacet
facet normal 0.9753540618001185 -0.22064553956518226 0
outer loop
vertex -5.832566261291504 4.125532627105713 0
vertex -5.832566261291504 4.125532627105713 -4.099999904632568
vertex -5.711398601531982 4.661149024963379 0
endloop
endfacet
facet normal 0 -1 0
outer loop
vertex -12.652504920959473 4.125532627105713 0
vertex -12.652504920959473 4.125532627105713 -4.099999904632568
vertex -5.832566261291504 4.125532627105713 0
endloop
endfacet
facet normal 0.054806974925854894 -0.9984969681974385 0
outer loop
vertex -3.443213701248169 6.4845757484436035 -4.099999904632568
vertex -3.1525044441223145 6.500532627105713 -4.099999904632568
vertex -3.1525044441223145 6.500532627105713 0
endloop
endfacet
facet normal 0.20137529989435446 -0.9795141594650171 0
outer loop
vertex -3.944228410720825 6.381573677062988 -4.099999904632568
vertex -3.443213701248169 6.4845757484436035 -4.099999904632568
vertex -3.443213701248169 6.4845757484436035 0
endloop
endfacet
facet normal 0.38250524273583114 -0.9239533209419202 0
outer loop
vertex -4.416823863983154 6.185925006866455 -4.099999904632568
vertex -3.944228410720825 6.381573677062988 -4.099999904632568
vertex -3.944228410720825 6.381573677062988 0
endloop
endfacet
facet normal 0.5499055899657493 -0.8352268207645283 0
outer loop
vertex -4.84403657913208 5.904652118682861 -4.099999904632568
vertex -4.416823863983154 6.185925006866455 -4.099999904632568
vertex -4.416823863983154 6.185925006866455 0
endloop
endfacet
facet normal 0.6975665344033094 -0.7165200137334313 0
outer loop
vertex -5.210531711578369 5.5478515625 -4.099999904632568
vertex -4.84403657913208 5.904652118682861 -4.099999904632568
vertex -4.84403657913208 5.904652118682861 0
endloop
endfacet
facet normal 0.820188001729261 -0.5720940847617303 0
outer loop
vertex -5.5031538009643555 5.128331184387207 -4.099999904632568
vertex -5.210531711578369 5.5478515625 -4.099999904632568
vertex -5.210531711578369 5.5478515625 0
endloop
endfacet
facet normal 0.9133696435101123 -0.40713129861779285 0
outer loop
vertex -5.711398601531982 4.661149024963379 -4.099999904632568
vertex -5.5031538009643555 5.128331184387207 -4.099999904632568
vertex -5.5031538009643555 5.128331184387207 0
endloop
endfacet
facet normal 0.9753540618001185 -0.22064553956518226 0
outer loop
vertex -5.832566261291504 4.125532627105713 -4.099999904632568
vertex -5.711398601531982 4.661149024963379 -4.099999904632568
vertex -5.711398601531982 4.661149024963379 0
endloop
endfacet
facet normal 0 -1 0
outer loop
vertex -12.652504920959473 4.125532627105713 -4.099999904632568
vertex -5.832566261291504 4.125532627105713 -4.099999904632568
vertex -5.832566261291504 4.125532627105713 0
endloop
endfacet
facet normal 0 0 1
outer loop
vertex -3.443213701248169 6.4845757484436035 -4.099999904632568
vertex -5.832566261291504 4.125532627105713 -4.099999904632568
vertex -3.1525044441223145 6.500532627105713 -4.099999904632568
endloop
endfacet
facet normal 0 0 1
outer loop
vertex -3.944228410720825 6.381573677062988 -4.099999904632568
vertex -5.832566261291504 4.125532627105713 -4.099999904632568
vertex -3.443213701248169 6.4845757484436035 -4.099999904632568
endloop
endfacet
facet normal 0.9372765571684517 -0.3485866540509746 0
outer loop
vertex 13.2393217086792 9.247690200805664 -4.099999904632568
vertex 13.417621612548828 9.72710132598877 -4.099999904632568
vertex 13.417621612548828 9.72710132598877 0
endloop
endfacet
facet normal 0 0 1
outer loop
vertex -4.416823863983154 6.185925006866455 -4.099999904632568
vertex -5.832566261291504 4.125532627105713 -4.099999904632568
vertex -3.944228410720825 6.381573677062988 -4.099999904632568
endloop
endfacet
facet normal -0.17201822746933623 -0.9850937668152752 0
outer loop
vertex -44.09919738769531 38.880558013916016 0
vertex -24.739662170410156 35.49997329711914 -4.099999904632568
vertex -24.739662170410156 35.49997329711914 0
endloop
endfacet
facet normal -0.9958236841561188 -0.09129726213712237 0
outer loop
vertex -22.744176864624023 33.3815803527832 0
vertex -22.744176864624023 33.3815803527832 -4.099999904632568
vertex -22.697479248046875 32.87222671508789 0
endloop
endfacet
facet normal -0.9607314151454519 -0.27747999558998354 0
outer loop
vertex -22.886106491088867 33.872989654541016 0
vertex -22.886106491088867 33.872989654541016 -4.099999904632568
vertex -22.744176864624023 33.3815803527832 0
endloop
endfacet
facet normal -0.8911533841983479 -0.45370215541898395 0
outer loop
vertex -23.11817169189453 34.32880783081055 0
vertex -23.11817169189453 34.32880783081055 -4.099999904632568
vertex -22.886106491088867 33.872989654541016 0
endloop
endfacet
facet normal -0.5060974643596045 -0.8624762933372598 0
outer loop
vertex -24.257604598999023 35.32896423339844 0
vertex -24.257604598999023 35.32896423339844 -4.099999904632568
vertex -23.81645393371582 35.070098876953125 0
endloop
endfacet
facet normal -0.33433409589527574 -0.9424546208289758 0
outer loop
vertex -24.739662170410156 35.49997329711914 0
vertex -24.739662170410156 35.49997329711914 -4.099999904632568
vertex -24.257604598999023 35.32896423339844 0
endloop
endfacet
facet normal -0.7895884899770248 -0.6136367137776241 0
outer loop
vertex -23.432043075561523 34.7326774597168 0
vertex -23.432043075561523 34.7326774597168 -4.099999904632568
vertex -23.11817169189453 34.32880783081055 0
endloop
endfacet
facet normal -0.6596796550732861 -0.7515469065084295 0
outer loop
vertex -23.81645393371582 35.070098876953125 0
vertex -23.81645393371582 35.070098876953125 -4.099999904632568
vertex -23.432043075561523 34.7326774597168 0
endloop
endfacet
facet normal 0 0 1
outer loop
vertex -4.84403657913208 5.904652118682861 -4.099999904632568
vertex -5.832566261291504 4.125532627105713 -4.099999904632568
vertex -4.416823863983154 6.185925006866455 -4.099999904632568
endloop
endfacet
facet normal 0 0 1
outer loop
vertex -5.210531711578369 5.5478515625 -4.099999904632568
vertex -5.832566261291504 4.125532627105713 -4.099999904632568
vertex -4.84403657913208 5.904652118682861 -4.099999904632568
endloop
endfacet
facet normal 0.8547082494926859 -0.5191086670911483 0
outer loop
vertex 13.417621612548828 9.72710132598877 -4.099999904632568
vertex 13.683141708374023 10.164278030395508 -4.099999904632568
vertex 13.683141708374023 10.164278030395508 0
endloop
endfacet
facet normal 0 0 1
outer loop
vertex 37.5474967956543 6.26497745513916 -4.099999904632568
vertex 45.646942138671875 12.842246055603027 -4.099999904632568
vertex 56.502159118652344 35.01158142089844 -4.099999904632568
endloop
endfacet
facet normal 0 0 1
outer loop
vertex 39.68393325805664 15.341766357421875 -4.099999904632568
vertex 37.5474967956543 6.26497745513916 -4.099999904632568
vertex 56.52139663696289 35.11992645263672 -4.099999904632568
endloop
endfacet
facet normal 0 0 1
outer loop
vertex 56.52139663696289 35.11992645263672 -4.099999904632568
vertex 37.5474967956543 6.26497745513916 -4.099999904632568
vertex 56.502159118652344 35.01158142089844 -4.099999904632568
endloop
endfacet
facet normal 0 0 1
outer loop
vertex 45.646942138671875 12.842246055603027 -4.099999904632568
vertex 61.42805099487305 21.999353408813477 -4.099999904632568
vertex 62.12812042236328 25.252887725830078 -4.099999904632568
endloop
endfacet
facet normal -0.5018847614525875 0.8649344982261253 0
outer loop
vertex 45.646942138671875 12.842246055603027 -4.099999904632568
vertex 61.42805099487305 21.999353408813477 0
vertex 61.42805099487305 21.999353408813477 -4.099999904632568
endloop
endfacet
facet normal -0.7100873859922567 0.7041135592038289 0
outer loop
vertex 61.42805099487305 21.999353408813477 -4.099999904632568
vertex 61.42805099487305 21.999353408813477 0
vertex 61.78820037841797 22.362558364868164 -4.099999904632568
endloop
endfacet
facet normal 0 0 1
outer loop
vertex 56.502159118652344 35.01158142089844 -4.099999904632568
vertex 45.646942138671875 12.842246055603027 -4.099999904632568
vertex 62.12812042236328 25.252887725830078 -4.099999904632568
endloop
endfacet
facet normal 0 0 1
outer loop
vertex 62.12812042236328 25.252887725830078 -4.099999904632568
vertex 61.42805099487305 21.999353408813477 -4.099999904632568
vertex 61.78820037841797 22.362558364868164 -4.099999904632568
endloop
endfacet
facet normal 0 0 1
outer loop
vertex 62.12812042236328 25.252887725830078 -4.099999904632568
vertex 61.78820037841797 22.362558364868164 -4.099999904632568
vertex 62.07338333129883 22.78717041015625 -4.099999904632568
endloop
endfacet
facet normal 0 0 1
outer loop
vertex 62.12812042236328 25.252887725830078 -4.099999904632568
vertex 62.07338333129883 22.78717041015625 -4.099999904632568
vertex 62.27336120605469 23.257949829101562 -4.099999904632568
endloop
endfacet
facet normal 0 0 1
outer loop
vertex 62.12812042236328 25.252887725830078 -4.099999904632568
vertex 62.27336120605469 23.257949829101562 -4.099999904632568
vertex 62.380958557128906 23.757999420166016 -4.099999904632568
endloop
endfacet
facet normal 0 0 1
outer loop
vertex 62.12812042236328 25.252887725830078 -4.099999904632568
vertex 62.380958557128906 23.757999420166016 -4.099999904632568
vertex 62.392311096191406 24.269365310668945 -4.099999904632568
endloop
endfacet
facet normal 0 0 1
outer loop
vertex 62.12812042236328 25.252887725830078 -4.099999904632568
vertex 62.392311096191406 24.269365310668945 -4.099999904632568
vertex 62.307010650634766 24.773696899414062 -4.099999904632568
endloop
endfacet
facet normal -0.8301430448491288 0.5575504686471148 0
outer loop
vertex 62.07338333129883 22.78717041015625 -4.099999904632568
vertex 61.78820037841797 22.362558364868164 -4.099999904632568
vertex 61.78820037841797 22.362558364868164 0
endloop
endfacet
facet normal -0.9204036582651397 0.39096944362973957 0
outer loop
vertex 62.27336120605469 23.257949829101562 -4.099999904632568
vertex 62.07338333129883 22.78717041015625 -4.099999904632568
vertex 62.07338333129883 22.78717041015625 0
endloop
endfacet
facet normal -0.9776242720223023 0.21035870020720188 0
outer loop
vertex 62.380958557128906 23.757999420166016 -4.099999904632568
vertex 62.27336120605469 23.257949829101562 -4.099999904632568
vertex 62.27336120605469 23.257949829101562 0
endloop
endfacet
facet normal -0.9997536616637073 0.022194954156508455 0
outer loop
vertex 62.392311096191406 24.269365310668945 -4.099999904632568
vertex 62.380958557128906 23.757999420166016 -4.099999904632568
vertex 62.380958557128906 23.757999420166016 0
endloop
endfacet
facet normal -0.9859963128047117 -0.16676711646938455 0
outer loop
vertex 62.307010650634766 24.773696899414062 -4.099999904632568
vertex 62.392311096191406 24.269365310668945 -4.099999904632568
vertex 62.392311096191406 24.269365310668945 0
endloop
endfacet
facet normal -0.9368464346300807 -0.34974098690446065 0
outer loop
vertex 62.12812042236328 25.252887725830078 -4.099999904632568
vertex 62.307010650634766 24.773696899414062 -4.099999904632568
vertex 62.307010650634766 24.773696899414062 0
endloop
endfacet
facet normal -0.8663413383866653 -0.4994523855207835 0
outer loop
vertex 56.502159118652344 35.01158142089844 -4.099999904632568
vertex 62.12812042236328 25.252887725830078 -4.099999904632568
vertex 62.12812042236328 25.252887725830078 0
endloop
endfacet
facet normal -0.5018847614525875 0.8649344982261253 0
outer loop
vertex 45.646942138671875 12.842246055603027 -4.099999904632568
vertex 45.646942138671875 12.842246055603027 0
vertex 61.42805099487305 21.999353408813477 0
endloop
endfacet
facet normal 0.7414590488992137 -0.6709981213129239 0
outer loop
vertex 13.683141708374023 10.164278030395508 -4.099999904632568
vertex 14.026352882385254 10.543529510498047 -4.099999904632568
vertex 14.026352882385254 10.543529510498047 0
endloop
endfacet
facet normal 0.6015986830172765 -0.7987984881006465 0
outer loop
vertex 14.026352882385254 10.543529510498047 -4.099999904632568
vertex 14.434932708740234 10.851243019104004 -4.099999904632568
vertex 14.434932708740234 10.851243019104004 0
endloop
endfacet
facet normal 0.4401392071996678 -0.8979295508477533 0
outer loop
vertex 14.434932708740234 10.851243019104004 -4.099999904632568
vertex 14.894217491149902 11.076371192932129 -4.099999904632568
vertex 14.894217491149902 11.076371192932129 0
endloop
endfacet
facet normal 0.2628839064459747 -0.9648274725212295 0
outer loop
vertex 14.894217491149902 11.076371192932129 -4.099999904632568
vertex 15.387720108032227 11.210834503173828 -4.099999904632568
vertex 15.387720108032227 11.210834503173828 0
endloop
endfacet
facet normal 0 -1 0
outer loop
vertex -3.1525044441223145 6.500532627105713 0
vertex -3.1525044441223145 6.500532627105713 -4.099999904632568
vertex 13.14749526977539 6.500532627105713 0
endloop
endfacet
facet normal 0 0 1
outer loop
vertex 62.612701416015625 59.438072204589844 -4.099999904632568
vertex 39.68393325805664 15.341766357421875 -4.099999904632568
vertex 63.001827239990234 59.77004623413086 -4.099999904632568
endloop
endfacet
facet normal -0.8624783985809356 0.506093876648656 0
outer loop
vertex -26.249074935913086 13.030632972717285 -4.099999904632568
vertex -26.507938385009766 12.589481353759766 -4.099999904632568
vertex -26.507938385009766 12.589481353759766 0
endloop
endfacet
facet normal -0.6136373581304657 0.7895879892112484 0
outer loop
vertex -26.845359802246094 12.205070495605469 -4.099999904632568
vertex -27.24922752380371 11.891200065612793 -4.099999904632568
vertex -27.24922752380371 11.891200065612793 0
endloop
endfacet
facet normal -0.16555238169727243 -0.9862009982322876 0
outer loop
vertex -21.652503967285156 8.816802978515625 -4.099999904632568
vertex -21.652503967285156 8.816802978515625 0
vertex -21.959781646728516 8.868385314941406 -4.099999904632568
endloop
endfacet
facet normal -0.7100873859922567 0.7041135592038289 0
outer loop
vertex 61.78820037841797 22.362558364868164 0
vertex 61.78820037841797 22.362558364868164 -4.099999904632568
vertex 61.42805099487305 21.999353408813477 0
endloop
endfacet
facet normal -0.8301430448491288 0.5575504686471148 0
outer loop
vertex 62.07338333129883 22.78717041015625 0
vertex 62.07338333129883 22.78717041015625 -4.099999904632568
vertex 61.78820037841797 22.362558364868164 0
endloop
endfacet
facet normal -0.9204036582651397 0.39096944362973957 0
outer loop
vertex 62.27336120605469 23.257949829101562 0
vertex 62.27336120605469 23.257949829101562 -4.099999904632568
vertex 62.07338333129883 22.78717041015625 0
endloop
endfacet
facet normal -0.9776242720223023 0.21035870020720188 0
outer loop
vertex 62.380958557128906 23.757999420166016 0
vertex 62.380958557128906 23.757999420166016 -4.099999904632568
vertex 62.27336120605469 23.257949829101562 0
endloop
endfacet
facet normal -0.9997536616637073 0.022194954156508455 0
outer loop
vertex 62.392311096191406 24.269365310668945 0
vertex 62.392311096191406 24.269365310668945 -4.099999904632568
vertex 62.380958557128906 23.757999420166016 0
endloop
endfacet
facet normal -0.9859963128047117 -0.16676711646938455 0
outer loop
vertex 62.307010650634766 24.773696899414062 0
vertex 62.307010650634766 24.773696899414062 -4.099999904632568
vertex 62.392311096191406 24.269365310668945 0
endloop
endfacet
facet normal -0.9368464346300807 -0.34974098690446065 0
outer loop
vertex 62.12812042236328 25.252887725830078 0
vertex 62.12812042236328 25.252887725830078 -4.099999904632568
vertex 62.307010650634766 24.773696899414062 0
endloop
endfacet
facet normal 0 0 1
outer loop
vertex -5.5031538009643555 5.128331184387207 -4.099999904632568
vertex -5.832566261291504 4.125532627105713 -4.099999904632568
vertex -5.210531711578369 5.5478515625 -4.099999904632568
endloop
endfacet
facet normal 0 0 1
outer loop
vertex -5.832566261291504 4.125532627105713 -4.099999904632568
vertex -5.5031538009643555 5.128331184387207 -4.099999904632568
vertex -5.711398601531982 4.661149024963379 -4.099999904632568
endloop
endfacet
facet normal 0 0 1
outer loop
vertex 63.001827239990234 59.77004623413086 -4.099999904632568
vertex 39.68393325805664 15.341766357421875 -4.099999904632568
vertex 63.44658279418945 60.02267074584961 -4.099999904632568
endloop
endfacet
facet normal 0.9999949225812977 -0.003186661517050042 0
outer loop
vertex 13.14749526977539 6.500532627105713 0
vertex 13.14749526977539 6.500532627105713 -4.099999904632568
vertex 13.154642105102539 8.743255615234375 0
endloop
endfacet
facet normal 0.9862007514283084 -0.16555385191000418 0
outer loop
vertex 13.154642105102539 8.743255615234375 0
vertex 13.154642105102539 8.743255615234375 -4.099999904632568
vertex 13.2393217086792 9.247690200805664 0
endloop
endfacet
facet normal 0.9372765571684517 -0.3485866540509746 0
outer loop
vertex 13.2393217086792 9.247690200805664 0
vertex 13.2393217086792 9.247690200805664 -4.099999904632568
vertex 13.417621612548828 9.72710132598877 0
endloop
endfacet
facet normal 0.8547082494926859 -0.5191086670911483 0
outer loop
vertex 13.417621612548828 9.72710132598877 0
vertex 13.417621612548828 9.72710132598877 -4.099999904632568
vertex 13.683141708374023 10.164278030395508 0
endloop
endfacet
facet normal 0.7414590488992137 -0.6709981213129239 0
outer loop
vertex 13.683141708374023 10.164278030395508 0
vertex 13.683141708374023 10.164278030395508 -4.099999904632568
vertex 14.026352882385254 10.543529510498047 0
endloop
endfacet
facet normal 0 0 1
outer loop
vertex -21.652503967285156 8.816802978515625 -4.099999904632568
vertex -21.959781646728516 8.868385314941406 -4.099999904632568
vertex -19.626665115356445 7.128810882568359 -4.099999904632568
endloop
endfacet
facet normal 0 0 1
outer loop
vertex -21.959781646728516 8.868385314941406 -4.099999904632568
vertex -19.492202758789062 6.635308265686035 -4.099999904632568
vertex -19.626665115356445 7.128810882568359 -4.099999904632568
endloop
endfacet
facet normal 0 0 1
outer loop
vertex -21.959781646728516 8.868385314941406 -4.099999904632568
vertex -19.452505111694336 6.175532817840576 -4.099999904632568
vertex -19.492202758789062 6.635308265686035 -4.099999904632568
endloop
endfacet
facet normal 0.6015986830172765 -0.7987984881006465 0
outer loop
vertex 14.026352882385254 10.543529510498047 0
vertex 14.026352882385254 10.543529510498047 -4.099999904632568
vertex 14.434932708740234 10.851243019104004 0
endloop
endfacet
facet normal 0.4401392071996678 -0.8979295508477533 0
outer loop
vertex 14.434932708740234 10.851243019104004 0
vertex 14.434932708740234 10.851243019104004 -4.099999904632568
vertex 14.894217491149902 11.076371192932129 0
endloop
endfacet
facet normal 0.2628839064459747 -0.9648274725212295 0
outer loop
vertex 14.894217491149902 11.076371192932129 0
vertex 14.894217491149902 11.076371192932129 -4.099999904632568
vertex 15.387720108032227 11.210834503173828 0
endloop
endfacet
facet normal -0.9850937832614406 0.17201813328734247 0
outer loop
vertex -26.078062057495117 13.512691497802734 -4.099999904632568
vertex -26.078062057495117 13.512691497802734 0
vertex -22.697479248046875 32.87222671508789 0
endloop
endfacet
facet normal 0.08602347869802254 -0.9962931100397567 0
outer loop
vertex 15.387720108032227 11.210834503173828 0
vertex 15.387720108032227 11.210834503173828 -4.099999904632568
vertex 15.847495079040527 11.250533103942871 0
endloop
endfacet
facet normal 0 0 1
outer loop
vertex -19.452505111694336 4.125532627105713 -4.099999904632568
vertex 18.44749641418457 -30.574466705322266 -4.099999904632568
vertex -12.652504920959473 4.125532627105713 -4.099999904632568
endloop
endfacet
facet normal 0 0 1
outer loop
vertex -38.4525032043457 8.875533103942871 -4.099999904632568
vertex 18.44749641418457 -30.574466705322266 -4.099999904632568
vertex -19.452505111694336 4.125532627105713 -4.099999904632568
endloop
endfacet
facet normal 0 0 1
outer loop
vertex -14.052504539489746 -30.574466705322266 -4.099999904632568
vertex 18.44749641418457 -30.574466705322266 -4.099999904632568
vertex -38.4525032043457 8.875533103942871 -4.099999904632568
endloop
endfacet
facet normal 0 0 1
outer loop
vertex 63.44658279418945 60.02267074584961 -4.099999904632568
vertex 39.68393325805664 15.341766357421875 -4.099999904632568
vertex 63.930999755859375 60.1868782043457 -4.099999904632568
endloop
endfacet
facet normal 0 0 1
outer loop
vertex 63.930999755859375 60.1868782043457 -4.099999904632568
vertex 39.68393325805664 15.341766357421875 -4.099999904632568
vertex 64.43769836425781 60.256771087646484 -4.099999904632568
endloop
endfacet
facet normal -0.9850937832614406 0.17201813328734247 0
outer loop
vertex -22.697479248046875 32.87222671508789 -4.099999904632568
vertex -26.078062057495117 13.512691497802734 -4.099999904632568
vertex -22.697479248046875 32.87222671508789 0
endloop
endfacet
facet normal 0 0 1
outer loop
vertex 64.43769836425781 60.256771087646484 -4.099999904632568
vertex 39.68393325805664 15.341766357421875 -4.099999904632568
vertex 64.94847869873047 60.22984313964844 -4.099999904632568
endloop
endfacet
facet normal 0 0 1
outer loop
vertex -23.432043075561523 34.7326774597168 -4.099999904632568
vertex -49.75211715698242 16.13058090209961 -4.099999904632568
vertex -23.11817169189453 34.32880783081055 -4.099999904632568
endloop
endfacet
facet normal 0 0 1
outer loop
vertex 39.68393325805664 15.341766357421875 -4.099999904632568
vertex 66.28720092773438 59.627685546875 -4.099999904632568
vertex 65.90948486328125 59.89282989501953 -4.099999904632568
endloop
endfacet
facet normal 0 0 1
outer loop
vertex 68.83229064941406 28.912992477416992 -4.099999904632568
vertex 65.53550720214844 28.458236694335938 -4.099999904632568
vertex 65.9999771118164 28.244007110595703 -4.099999904632568
endloop
endfacet
facet normal 0 0 1
outer loop
vertex 65.9999771118164 28.244007110595703 -4.099999904632568
vertex 66.49651336669922 28.12122344970703 -4.099999904632568
vertex 68.83229064941406 28.912992477416992 -4.099999904632568
endloop
endfacet
facet normal 0 0 1
outer loop
vertex 66.49651336669922 28.12122344970703 -4.099999904632568
vertex 67.00729370117188 28.094295501708984 -4.099999904632568
vertex 68.83229064941406 28.912992477416992 -4.099999904632568
endloop
endfacet
facet normal 0 0 1
outer loop
vertex 68.83229064941406 28.912992477416992 -4.099999904632568
vertex 67.00729370117188 28.094295501708984 -4.099999904632568
vertex 67.51399230957031 28.164188385009766 -4.099999904632568
endloop
endfacet
facet normal 0 0 1
outer loop
vertex 64.94847869873047 60.22984313964844 -4.099999904632568
vertex 39.68393325805664 15.341766357421875 -4.099999904632568
vertex 65.44501495361328 60.107059478759766 -4.099999904632568
endloop
endfacet
facet normal 0 0 1
outer loop
vertex 65.44501495361328 60.107059478759766 -4.099999904632568
vertex 39.68393325805664 15.341766357421875 -4.099999904632568
vertex 65.90948486328125 59.89282989501953 -4.099999904632568
endloop
endfacet
facet normal 0 0 1
outer loop
vertex 66.28720092773438 59.627685546875 -4.099999904632568
vertex 56.52139663696289 35.11992645263672 -4.099999904632568
vertex 56.97023010253906 35.49654006958008 -4.099999904632568
endloop
endfacet
facet normal 0 0 1
outer loop
vertex 66.28720092773438 59.627685546875 -4.099999904632568
vertex 56.97023010253906 35.49654006958008 -4.099999904632568
vertex 57.08588409423828 35.49654006958008 -4.099999904632568
endloop
endfacet
facet normal 0 0 1
outer loop
vertex 68.83229064941406 28.912992477416992 -4.099999904632568
vertex 67.51399230957031 28.164188385009766 -4.099999904632568
vertex 67.9984130859375 28.328393936157227 -4.099999904632568
endloop
endfacet
facet normal 0 0 1
outer loop
vertex 68.83229064941406 28.912992477416992 -4.099999904632568
vertex 67.9984130859375 28.328393936157227 -4.099999904632568
vertex 68.44316101074219 28.581018447875977 -4.099999904632568
endloop
endfacet
facet normal 0.41883067882588043 0.9080643493025436 0
outer loop
vertex 65.53550720214844 28.458236694335938 -4.099999904632568
vertex 65.53550720214844 28.458236694335938 0
vertex 65.9999771118164 28.244007110595703 -4.099999904632568
endloop
endfacet
facet normal 0.24005000599573753 0.970760523827296 0
outer loop
vertex 65.9999771118164 28.244007110595703 -4.099999904632568
vertex 65.9999771118164 28.244007110595703 0
vertex 66.49651336669922 28.12122344970703 -4.099999904632568
endloop
endfacet
facet normal 0.05264612465571162 0.9986132312155368 0
outer loop
vertex 66.49651336669922 28.12122344970703 -4.099999904632568
vertex 66.49651336669922 28.12122344970703 0
vertex 67.00729370117188 28.094295501708984 -4.099999904632568
endloop
endfacet
facet normal -0.9845997905647336 0.17482348932532749 0
outer loop
vertex 56.52139663696289 35.11992645263672 0
vertex 56.52139663696289 35.11992645263672 -4.099999904632568
vertex 56.502159118652344 35.01158142089844 0
endloop
endfacet
facet normal -0.6427852274868182 0.7660464420155736 0
outer loop
vertex 56.97023010253906 35.49654006958008 0
vertex 56.97023010253906 35.49654006958008 -4.099999904632568
vertex 56.52139663696289 35.11992645263672 0
endloop
endfacet
facet normal 0 1 0
outer loop
vertex 57.08588409423828 35.49654006958008 0
vertex 57.08588409423828 35.49654006958008 -4.099999904632568
vertex 56.97023010253906 35.49654006958008 0
endloop
endfacet
facet normal -0.8663413383866653 -0.4994523855207835 0
outer loop
vertex 56.502159118652344 35.01158142089844 -4.099999904632568
vertex 62.12812042236328 25.252887725830078 0
vertex 56.502159118652344 35.01158142089844 0
endloop
endfacet
facet normal 0.6400207461708586 0.7683576279772965 0
outer loop
vertex 57.08588409423828 35.49654006958008 0
vertex 65.53550720214844 28.458236694335938 0
vertex 57.08588409423828 35.49654006958008 -4.099999904632568
endloop
endfacet
facet normal 0.764672143712943 -0.6444195160215526 0
outer loop
vertex 48.454444885253906 42.63779830932617 -4.099999904632568
vertex 62.612701416015625 59.438072204589844 -4.099999904632568
vertex 48.454444885253906 42.63779830932617 0
endloop
endfacet
facet normal 0.6490287556046638 -0.7607638755870719 0
outer loop
vertex 62.612701416015625 59.438072204589844 -4.099999904632568
vertex 63.001827239990234 59.77004623413086 -4.099999904632568
vertex 63.001827239990234 59.77004623413086 0
endloop
endfacet
facet normal 0.764672143712943 -0.6444195160215526 0
outer loop
vertex 48.454444885253906 42.63779830932617 0
vertex 62.612701416015625 59.438072204589844 -4.099999904632568
vertex 62.612701416015625 59.438072204589844 0
endloop
endfacet
facet normal 0.6490287556046638 -0.7607638755870719 0
outer loop
vertex 62.612701416015625 59.438072204589844 0
vertex 62.612701416015625 59.438072204589844 -4.099999904632568
vertex 63.001827239990234 59.77004623413086 0
endloop
endfacet
facet normal 0.4938948521050489 -0.869521635765397 0
outer loop
vertex 63.001827239990234 59.77004623413086 0
vertex 63.001827239990234 59.77004623413086 -4.099999904632568
vertex 63.44658279418945 60.02267074584961 0
endloop
endfacet
facet normal 0 0 1
outer loop
vertex 68.83229064941406 28.912992477416992 -4.099999904632568
vertex 57.08588409423828 35.49654006958008 -4.099999904632568
vertex 65.53550720214844 28.458236694335938 -4.099999904632568
endloop
endfacet
facet normal 0 0 1
outer loop
vertex 57.08588409423828 35.49654006958008 -4.099999904632568
vertex 68.83229064941406 28.912992477416992 -4.099999904632568
vertex 81.43978881835938 43.98854446411133 -4.099999904632568
endloop
endfacet
facet normal 0.0021351905788642147 -0.9999531371735827 0.00944269124254557
outer loop
vertex 15.387720108032227 11.210834503173828 -4.099999904632568
vertex 33.9793815612793 11.250533103942871 -4.099999904632568
vertex 15.847495079040527 11.250533103942871 0
endloop
endfacet
facet normal 0 0 1
outer loop
vertex 57.08588409423828 35.49654006958008 -4.099999904632568
vertex 81.43978881835938 43.98854446411133 -4.099999904632568
vertex 81.65402221679688 44.45301055908203 -4.099999904632568
endloop
endfacet
facet normal -0.13664395870878202 0.9906202241769512 0
outer loop
vertex 67.00729370117188 28.094295501708984 -4.099999904632568
vertex 67.00729370117188 28.094295501708984 0
vertex 67.51399230957031 28.164188385009766 -4.099999904632568
endloop
endfacet
facet normal 0 0 1
outer loop
vertex 57.08588409423828 35.49654006958008 -4.099999904632568
vertex 81.65402221679688 44.45301055908203 -4.099999904632568
vertex 81.77680206298828 44.94955062866211 -4.099999904632568
endloop
endfacet
facet normal 0 0 1
outer loop
vertex 57.08588409423828 35.49654006958008 -4.099999904632568
vertex 81.77680206298828 44.94955062866211 -4.099999904632568
vertex 81.8037338256836 45.460330963134766 -4.099999904632568
endloop
endfacet
facet normal 0 0 1
outer loop
vertex 57.08588409423828 35.49654006958008 -4.099999904632568
vertex 81.8037338256836 45.460330963134766 -4.099999904632568
vertex 81.73384094238281 45.9670295715332 -4.099999904632568
endloop
endfacet
facet normal 0 0 1
outer loop
vertex 57.08588409423828 35.49654006958008 -4.099999904632568
vertex 81.56963348388672 46.451446533203125 -4.099999904632568
vertex 81.31700897216797 46.896202087402344 -4.099999904632568
endloop
endfacet
facet normal 0 0 1
outer loop
vertex 33.9793815612793 11.250533103942871 -4.099999904632568
vertex 37.5474967956543 6.26497745513916 -4.099999904632568
vertex 39.68393325805664 15.341766357421875 -4.099999904632568
endloop
endfacet
facet normal -0.6303887678792179 0.7762795896658121 0
outer loop
vertex 37.5474967956543 6.26497745513916 0
vertex 45.646942138671875 12.842246055603027 -4.099999904632568
vertex 37.5474967956543 6.26497745513916 -4.099999904632568
endloop
endfacet
facet normal 0.5827985360748856 -0.8126166786061988 0
outer loop
vertex 33.9793815612793 11.250533103942871 -4.099999904632568
vertex 39.68393325805664 15.341766357421875 -4.099999904632568
vertex 39.68393325805664 15.341766357421875 0
endloop
endfacet
facet normal 0 -1 0
outer loop
vertex 15.847495079040527 11.250533103942871 0
vertex 33.9793815612793 11.250533103942871 -4.099999904632568
vertex 33.9793815612793 11.250533103942871 0
endloop
endfacet
facet normal 0 0 1
outer loop
vertex 81.56963348388672 46.451446533203125 -4.099999904632568
vertex 57.08588409423828 35.49654006958008 -4.099999904632568
vertex 81.73384094238281 45.9670295715332 -4.099999904632568
endloop
endfacet
facet normal -0.9999995824426126 0.0009138460486168551 0
outer loop
vertex 19.14749526977539 -58.27446746826172 -4.099999904632568
vertex 19.143497467041016 -62.649166107177734 -4.099999904632568
vertex 19.143497467041016 -62.649166107177734 0
endloop
endfacet
facet normal -0.9644900292770331 0.2641192598527943 0
outer loop
vertex 19.143497467041016 -62.649166107177734 -4.099999904632568
vertex 19.084449768066406 -62.86479187011719 -4.099999904632568
vertex 19.084449768066406 -62.86479187011719 0
endloop
endfacet
facet normal -0.8320266678720447 0.5547356342887504 0
outer loop
vertex 19.084449768066406 -62.86479187011719 -4.099999904632568
vertex 18.960430145263672 -63.050804138183594 -4.099999904632568
vertex 18.960430145263672 -63.050804138183594 0
endloop
endfacet
facet normal -0.6146957653337645 0.7887642969105139 0
outer loop
vertex 18.960430145263672 -63.050804138183594 -4.099999904632568
vertex 18.784090042114258 -63.188228607177734 -4.099999904632568
vertex 18.784090042114258 -63.188228607177734 0
endloop
endfacet
facet normal -0.33467504280665805 0.9423336010789182 0
outer loop
vertex 18.784090042114258 -63.188228607177734 -4.099999904632568
vertex 18.57341766357422 -63.2630500793457 -4.099999904632568
vertex 18.57341766357422 -63.2630500793457 0
endloop
endfacet
facet normal 0 0 1
outer loop
vertex 57.08588409423828 35.49654006958008 -4.099999904632568
vertex 81.31700897216797 46.896202087402344 -4.099999904632568
vertex 80.98503875732422 47.28532791137695 -4.099999904632568
endloop
endfacet
facet normal -0.7671055493226447 0.641520908621382 0
outer loop
vertex 81.43978881835938 43.98854446411133 -4.099999904632568
vertex 68.83229064941406 28.912992477416992 -4.099999904632568
vertex 81.43978881835938 43.98854446411133 0
endloop
endfacet
facet normal -0.9080602045327348 0.4188396649601944 0
outer loop
vertex 81.65402221679688 44.45301055908203 -4.099999904632568
vertex 81.43978881835938 43.98854446411133 -4.099999904632568
vertex 81.43978881835938 43.98854446411133 0
endloop
endfacet
facet normal -0.3210307211370302 0.947068781074658 0
outer loop
vertex 67.51399230957031 28.164188385009766 -4.099999904632568
vertex 67.51399230957031 28.164188385009766 0
vertex 67.9984130859375 28.328393936157227 -4.099999904632568
endloop
endfacet
facet normal -0.49390125783612726 0.8695179972305872 0
outer loop
vertex 67.9984130859375 28.328393936157227 -4.099999904632568
vertex 67.9984130859375 28.328393936157227 0
vertex 68.44316101074219 28.581018447875977 -4.099999904632568
endloop
endfacet
facet normal -0.9707626914756728 0.24004123987120968 0
outer loop
vertex 81.77680206298828 44.94955062866211 -4.099999904632568
vertex 81.65402221679688 44.45301055908203 -4.099999904632568
vertex 81.65402221679688 44.45301055908203 0
endloop
endfacet
facet normal -0.9986128390969269 0.052653561995132894 0
outer loop
vertex 81.8037338256836 45.460330963134766 -4.099999904632568
vertex 81.77680206298828 44.94955062866211 -4.099999904632568
vertex 81.77680206298828 44.94955062866211 0
endloop
endfacet
facet normal -0.9906202241769512 -0.13664395870878202 0
outer loop
vertex 81.73384094238281 45.9670295715332 -4.099999904632568
vertex 81.8037338256836 45.460330963134766 -4.099999904632568
vertex 81.8037338256836 45.460330963134766 0
endloop
endfacet
facet normal -0.9470668786771541 -0.3210363333218107 0
outer loop
vertex 81.56963348388672 46.451446533203125 -4.099999904632568
vertex 81.73384094238281 45.9670295715332 -4.099999904632568
vertex 81.73384094238281 45.9670295715332 0
endloop
endfacet
facet normal -0.09030043800262924 0.9959145700794487 0
outer loop
vertex 18.57341766357422 -63.2630500793457 -4.099999904632568
vertex 18.44749641418457 -63.27446746826172 -4.099999904632568
vertex 18.44749641418457 -63.27446746826172 0
endloop
endfacet
facet normal -0.649025073194499 0.7607670171378852 0
outer loop
vertex 68.44316101074219 28.581018447875977 -4.099999904632568
vertex 68.44316101074219 28.581018447875977 0
vertex 68.83229064941406 28.912992477416992 -4.099999904632568
endloop
endfacet
facet normal -0.7671055493226447 0.641520908621382 0
outer loop
vertex 68.83229064941406 28.912992477416992 -4.099999904632568
vertex 68.83229064941406 28.912992477416992 0
vertex 81.43978881835938 43.98854446411133 0
endloop
endfacet
facet normal 0 0 1
outer loop
vertex 19.14749526977539 -58.27446746826172 -4.099999904632568
vertex 18.57341766357422 -63.2630500793457 -4.099999904632568
vertex 19.143497467041016 -62.649166107177734 -4.099999904632568
endloop
endfacet
facet normal 0 0 1
outer loop
vertex 18.44749641418457 -63.27446746826172 -4.099999904632568
vertex 18.57341766357422 -63.2630500793457 -4.099999904632568
vertex 19.14749526977539 -58.27446746826172 -4.099999904632568
endloop
endfacet
facet normal 0 0 1
outer loop
vertex 19.143497467041016 -62.649166107177734 -4.099999904632568
vertex 18.960430145263672 -63.050804138183594 -4.099999904632568
vertex 19.084449768066406 -62.86479187011719 -4.099999904632568
endloop
endfacet
facet normal 0 0 1
outer loop
vertex 19.143497467041016 -62.649166107177734 -4.099999904632568
vertex 18.784090042114258 -63.188228607177734 -4.099999904632568
vertex 18.960430145263672 -63.050804138183594 -4.099999904632568
endloop
endfacet
facet normal 0 0 1
outer loop
vertex 18.57341766357422 -63.2630500793457 -4.099999904632568
vertex 18.784090042114258 -63.188228607177734 -4.099999904632568
vertex 19.143497467041016 -62.649166107177734 -4.099999904632568
endloop
endfacet
facet normal 0 0 1
outer loop
vertex -49.84617614746094 16.000532150268555 -4.099999904632568
vertex -38.4525032043457 12.015510559082031 -4.099999904632568
vertex -37.306549072265625 12.946712493896484 -4.099999904632568
endloop
endfacet
facet normal 0 0 1
outer loop
vertex -57.47246170043945 16.000532150268555 -4.099999904632568
vertex -14.052504539489746 -30.574466705322266 -4.099999904632568
vertex -38.4525032043457 8.875533103942871 -4.099999904632568
endloop
endfacet
facet normal 0.7186648534065891 0.6953566196406601 0
outer loop
vertex -81.5713882446289 -63.13530349731445 0
vertex -81.5713882446289 -63.13530349731445 -4.099999904632568
vertex -81.72684478759766 -62.97463607788086 0
endloop
endfacet
facet normal 0.9896670868305367 0.1433842991556568 0
outer loop
vertex -81.82371520996094 -62.77315139770508 0
vertex -81.82371520996094 -62.77315139770508 -4.099999904632568
vertex -81.85250091552734 -62.574466705322266 0
endloop
endfacet
facet normal 0.9012475551074499 0.4333045631110338 0
outer loop
vertex -81.72684478759766 -62.97463607788086 0
vertex -81.72684478759766 -62.97463607788086 -4.099999904632568
vertex -81.82371520996094 -62.77315139770508 0
endloop
endfacet
facet normal 0.043460802218388134 0.9990551329483944 0
outer loop
vertex -80.55250549316406 -63.27446746826172 0
vertex -81.37319946289062 -63.238765716552734 -4.099999904632568
vertex -81.37319946289062 -63.238765716552734 0
endloop
endfacet
facet normal 0.41883067882588043 0.9080643493025436 0
outer loop
vertex 65.9999771118164 28.244007110595703 0
vertex 65.9999771118164 28.244007110595703 -4.099999904632568
vertex 65.53550720214844 28.458236694335938 0
endloop
endfacet
facet normal 0.24005000599573753 0.970760523827296 0
outer loop
vertex 66.49651336669922 28.12122344970703 0
vertex 66.49651336669922 28.12122344970703 -4.099999904632568
vertex 65.9999771118164 28.244007110595703 0
endloop
endfacet
facet normal 0.4627747521682153 0.8864759042160407 0
outer loop
vertex -81.37319946289062 -63.238765716552734 0
vertex -81.37319946289062 -63.238765716552734 -4.099999904632568
vertex -81.5713882446289 -63.13530349731445 0
endloop
endfacet
facet normal 0.05264612465571162 0.9986132312155368 0
outer loop
vertex 67.00729370117188 28.094295501708984 0
vertex 67.00729370117188 28.094295501708984 -4.099999904632568
vertex 66.49651336669922 28.12122344970703 0
endloop
endfacet
facet normal -0.13664395870878202 0.9906202241769512 0
outer loop
vertex 67.51399230957031 28.164188385009766 0
vertex 67.51399230957031 28.164188385009766 -4.099999904632568
vertex 67.00729370117188 28.094295501708984 0
endloop
endfacet
facet normal -0.3210307211370302 0.947068781074658 0
outer loop
vertex 67.9984130859375 28.328393936157227 0
vertex 67.9984130859375 28.328393936157227 -4.099999904632568
vertex 67.51399230957031 28.164188385009766 0
endloop
endfacet
facet normal -0.49390125783612726 0.8695179972305872 0
outer loop
vertex 68.44316101074219 28.581018447875977 0
vertex 68.44316101074219 28.581018447875977 -4.099999904632568
vertex 67.9984130859375 28.328393936157227 0
endloop
endfacet
facet normal -0.649025073194499 0.7607670171378852 0
outer loop
vertex 68.83229064941406 28.912992477416992 -4.099999904632568
vertex 68.44316101074219 28.581018447875977 0
vertex 68.83229064941406 28.912992477416992 0
endloop
endfacet
facet normal -0.9080602045327348 0.4188396649601944 0
outer loop
vertex 81.65402221679688 44.45301055908203 0
vertex 81.65402221679688 44.45301055908203 -4.099999904632568
vertex 81.43978881835938 43.98854446411133 0
endloop
endfacet
facet normal -0.9470668786771541 -0.3210363333218107 0
outer loop
vertex 81.56963348388672 46.451446533203125 -4.099999904632568
vertex 81.73384094238281 45.9670295715332 0
vertex 81.56963348388672 46.451446533203125 0
endloop
endfacet
facet normal -0.9707626914756728 0.24004123987120968 0
outer loop
vertex 81.77680206298828 44.94955062866211 0
vertex 81.77680206298828 44.94955062866211 -4.099999904632568
vertex 81.65402221679688 44.45301055908203 0
endloop
endfacet
facet normal -0.9986128390969269 0.052653561995132894 0
outer loop
vertex 81.8037338256836 45.460330963134766 0
vertex 81.8037338256836 45.460330963134766 -4.099999904632568
vertex 81.77680206298828 44.94955062866211 0
endloop
endfacet
facet normal -0.9906202241769512 -0.13664395870878202 0
outer loop
vertex 81.73384094238281 45.9670295715332 0
vertex 81.73384094238281 45.9670295715332 -4.099999904632568
vertex 81.8037338256836 45.460330963134766 0
endloop
endfacet
facet normal 0 0 1
outer loop
vertex -80.55250549316406 -30.574466705322266 -4.099999904632568
vertex -81.37319946289062 -63.238765716552734 -4.099999904632568
vertex -80.55250549316406 -63.27446746826172 -4.099999904632568
endloop
endfacet
facet normal 0 0 1
outer loop
vertex -81.85250091552734 -62.574466705322266 -4.099999904632568
vertex -81.37319946289062 -63.238765716552734 -4.099999904632568
vertex -80.55250549316406 -30.574466705322266 -4.099999904632568
endloop
endfacet
facet normal 0 0 1
outer loop
vertex -49.75211715698242 16.13058090209961 -4.099999904632568
vertex -26.078062057495117 13.512691497802734 -4.099999904632568
vertex -22.697479248046875 32.87222671508789 -4.099999904632568
endloop
endfacet
facet normal 0.4627747521682153 0.8864759042160407 0
outer loop
vertex -81.37319946289062 -63.238765716552734 -4.099999904632568
vertex -81.5713882446289 -63.13530349731445 -4.099999904632568
vertex -81.5713882446289 -63.13530349731445 0
endloop
endfacet
facet normal 0.7186648534065891 0.6953566196406601 0
outer loop
vertex -81.5713882446289 -63.13530349731445 -4.099999904632568
vertex -81.72684478759766 -62.97463607788086 -4.099999904632568
vertex -81.72684478759766 -62.97463607788086 0
endloop
endfacet
facet normal 0.9896670868305367 0.1433842991556568 0
outer loop
vertex -81.82371520996094 -62.77315139770508 -4.099999904632568
vertex -81.85250091552734 -62.574466705322266 -4.099999904632568
vertex -81.85250091552734 -62.574466705322266 0
endloop
endfacet
facet normal 0.9012475551074499 0.4333045631110338 0
outer loop
vertex -81.72684478759766 -62.97463607788086 -4.099999904632568
vertex -81.82371520996094 -62.77315139770508 -4.099999904632568
vertex -81.82371520996094 -62.77315139770508 0
endloop
endfacet
facet normal 0.043460802218388134 0.9990551329483944 0
outer loop
vertex -81.37319946289062 -63.238765716552734 -4.099999904632568
vertex -80.55250549316406 -63.27446746826172 0
vertex -80.55250549316406 -63.27446746826172 -4.099999904632568
endloop
endfacet
facet normal 0 0 1
outer loop
vertex -81.82371520996094 -62.77315139770508 -4.099999904632568
vertex -81.37319946289062 -63.238765716552734 -4.099999904632568
vertex -81.85250091552734 -62.574466705322266 -4.099999904632568
endloop
endfacet
facet normal 0 0 1
outer loop
vertex -81.5713882446289 -63.13530349731445 -4.099999904632568
vertex -81.82371520996094 -62.77315139770508 -4.099999904632568
vertex -81.72684478759766 -62.97463607788086 -4.099999904632568
endloop
endfacet
facet normal 0 0 1
outer loop
vertex -81.82371520996094 -62.77315139770508 -4.099999904632568
vertex -81.5713882446289 -63.13530349731445 -4.099999904632568
vertex -81.37319946289062 -63.238765716552734 -4.099999904632568
endloop
endfacet
facet normal 0 0 1
outer loop
vertex -44.09919738769531 38.880558013916016 -4.099999904632568
vertex -49.75211715698242 16.13058090209961 -4.099999904632568
vertex -24.739662170410156 35.49997329711914 -4.099999904632568
endloop
endfacet
facet normal 0 0 1
outer loop
vertex -49.75211715698242 16.13058090209961 -4.099999904632568
vertex -22.697479248046875 32.87222671508789 -4.099999904632568
vertex -22.744176864624023 33.3815803527832 -4.099999904632568
endloop
endfacet
facet normal 0 0 1
outer loop
vertex -24.257604598999023 35.32896423339844 -4.099999904632568
vertex -49.75211715698242 16.13058090209961 -4.099999904632568
vertex -23.81645393371582 35.070098876953125 -4.099999904632568
endloop
endfacet
facet normal 0 0 1
outer loop
vertex -24.739662170410156 35.49997329711914 -4.099999904632568
vertex -49.75211715698242 16.13058090209961 -4.099999904632568
vertex -24.257604598999023 35.32896423339844 -4.099999904632568
endloop
endfacet
facet normal 0 0 1
outer loop
vertex -49.75211715698242 16.13058090209961 -4.099999904632568
vertex -23.432043075561523 34.7326774597168 -4.099999904632568
vertex -23.81645393371582 35.070098876953125 -4.099999904632568
endloop
endfacet
facet normal 0 0 1
outer loop
vertex -49.75211715698242 16.13058090209961 -4.099999904632568
vertex -22.886106491088867 33.872989654541016 -4.099999904632568
vertex -23.11817169189453 34.32880783081055 -4.099999904632568
endloop
endfacet
facet normal -0.7515469065084295 0.6596796550732861 0
outer loop
vertex -26.507938385009766 12.589481353759766 -4.099999904632568
vertex -26.845359802246094 12.205070495605469 -4.099999904632568
vertex -26.845359802246094 12.205070495605469 0
endloop
endfacet
facet normal 0 1 0
outer loop
vertex -14.052504539489746 -45.574466705322266 -8.199999809265137
vertex -19.55250358581543 -45.574466705322266 -11.899999618530273
vertex -19.55250358581543 -45.574466705322266 -8.199999809265137
endloop
endfacet
facet normal 1 0 0
outer loop
vertex -80.55250549316406 -63.574466705322266 0
vertex -80.55250549316406 -63.27446746826172 -4.099999904632568
vertex -80.55250549316406 -63.27446746826172 0
endloop
endfacet
facet normal 0 1 0
outer loop
vertex -78.11908721923828 -63.574466705322266 -5
vertex -80.55250549316406 -63.574466705322266 -11.899999618530273
vertex -80.55250549316406 -63.574466705322266 0
endloop
endfacet
facet normal 1 0 0
outer loop
vertex -80.55250549316406 -63.574466705322266 -11.899999618530273
vertex -80.55250549316406 -30.574466705322266 -4.099999904632568
vertex -80.55250549316406 -63.27446746826172 -4.099999904632568
endloop
endfacet
facet normal 0 1 0
outer loop
vertex -66.11908721923828 -63.574466705322266 -5
vertex -80.55250549316406 -63.574466705322266 -11.899999618530273
vertex -78.11908721923828 -63.574466705322266 -5
endloop
endfacet
facet normal 1 0 0
outer loop
vertex -80.55250549316406 -63.574466705322266 -11.899999618530273
vertex -80.55250549316406 -30.574466705322266 -11.899999618530273
vertex -80.55250549316406 -30.574466705322266 -4.099999904632568
endloop
endfacet
facet normal 0 1 0
outer loop
vertex -80.55250549316406 -63.574466705322266 -11.899999618530273
vertex -66.11908721923828 -63.574466705322266 -5
vertex -19.55250358581543 -63.574466705322266 -11.899999618530273
endloop
endfacet
facet normal 0 0 1
outer loop
vertex -80.55250549316406 -30.574466705322266 -11.899999618530273
vertex -80.55250549316406 -63.574466705322266 -11.899999618530273
vertex -19.55250358581543 -45.574466705322266 -11.899999618530273
endloop
endfacet
facet normal 0 0 1
outer loop
vertex -19.55250358581543 -45.574466705322266 -11.899999618530273
vertex -80.55250549316406 -63.574466705322266 -11.899999618530273
vertex -19.55250358581543 -63.574466705322266 -11.899999618530273
endloop
endfacet
facet normal 0 0 1
outer loop
vertex -80.55250549316406 -30.574466705322266 -11.899999618530273
vertex -19.55250358581543 -45.574466705322266 -11.899999618530273
vertex -14.052504539489746 -30.574466705322266 -11.899999618530273
endloop
endfacet
facet normal 0 1 0
outer loop
vertex -19.55250358581543 -63.574466705322266 -8.199999809265137
vertex -19.55250358581543 -63.574466705322266 -11.899999618530273
vertex -66.11908721923828 -63.574466705322266 0
endloop
endfacet
facet normal -1 0 0
outer loop
vertex -19.55250358581543 -45.574466705322266 -11.899999618530273
vertex -19.55250358581543 -63.574466705322266 -11.899999618530273
vertex -19.55250358581543 -45.574466705322266 -8.199999809265137
endloop
endfacet
facet normal -1 0 0
outer loop
vertex -19.55250358581543 -45.574466705322266 -8.199999809265137
vertex -19.55250358581543 -63.574466705322266 -11.899999618530273
vertex -19.55250358581543 -63.574466705322266 -8.199999809265137
endloop
endfacet
facet normal 0 -1 0
outer loop
vertex -80.55250549316406 -30.574466705322266 -4.099999904632568
vertex -80.55250549316406 -30.574466705322266 -11.899999618530273
vertex -14.052504539489746 -30.574466705322266 -4.099999904632568
endloop
endfacet
facet normal 0 0 1
outer loop
vertex -14.052504539489746 -30.574466705322266 -11.899999618530273
vertex -19.55250358581543 -45.574466705322266 -11.899999618530273
vertex -14.052504539489746 -45.574466705322266 -11.899999618530273
endloop
endfacet
facet normal -1 0 0
outer loop
vertex -14.052504539489746 -30.574466705322266 -11.899999618530273
vertex -14.052504539489746 -45.574466705322266 -11.899999618530273
vertex -14.052504539489746 -30.574466705322266 -8.199999809265137
endloop
endfacet
facet normal -1 0 0
outer loop
vertex -14.052504539489746 -30.574466705322266 -8.199999809265137
vertex -14.052504539489746 -45.574466705322266 -11.899999618530273
vertex -14.052504539489746 -45.574466705322266 -8.199999809265137
endloop
endfacet
facet normal 0 -1 0
outer loop
vertex -14.052504539489746 -30.574466705322266 -4.099999904632568
vertex -80.55250549316406 -30.574466705322266 -11.899999618530273
vertex -14.052504539489746 -30.574466705322266 -8.199999809265137
endloop
endfacet
facet normal 1 0 0
outer loop
vertex -80.55250549316406 -63.574466705322266 0
vertex -80.55250549316406 -63.574466705322266 -11.899999618530273
vertex -80.55250549316406 -63.27446746826172 -4.099999904632568
endloop
endfacet
facet normal 0 1 0
outer loop
vertex -14.052504539489746 -45.574466705322266 -11.899999618530273
vertex -19.55250358581543 -45.574466705322266 -11.899999618530273
vertex -14.052504539489746 -45.574466705322266 -8.199999809265137
endloop
endfacet
facet normal 0 1 0
outer loop
vertex -19.55250358581543 -63.574466705322266 -8.199999809265137
vertex -66.11908721923828 -63.574466705322266 0
vertex -19.55250358581543 -63.574466705322266 0
endloop
endfacet
facet normal 0 -1 0
outer loop
vertex -80.55250549316406 -30.574466705322266 -11.899999618530273
vertex -14.052504539489746 -30.574466705322266 -11.899999618530273
vertex -14.052504539489746 -30.574466705322266 -8.199999809265137
endloop
endfacet
facet normal 0 1 0
outer loop
vertex -80.55250549316406 -63.574466705322266 0
vertex -78.11908721923828 -63.574466705322266 0
vertex -78.11908721923828 -63.574466705322266 -5
endloop
endfacet
facet normal 0 1 0
outer loop
vertex -66.11908721923828 -63.574466705322266 -5
vertex -66.11908721923828 -63.574466705322266 0
vertex -19.55250358581543 -63.574466705322266 -11.899999618530273
endloop
endfacet
facet normal 0 1 0
outer loop
vertex 18.44749641418457 -63.574466705322266 0
vertex 14.824383735656738 -63.574466705322266 -5
vertex 14.824383735656738 -63.574466705322266 0
endloop
endfacet
facet normal 0 0 1
outer loop
vertex -19.55250358581543 -45.574466705322266 -8.199999809265137
vertex -19.55250358581543 -63.574466705322266 -8.199999809265137
vertex -17.05250358581543 -54.574466705322266 -8.199999809265137
endloop
endfacet
facet normal 0 -1 0
outer loop
vertex 18.44749641418457 -30.574466705322266 -4.099999904632568
vertex -14.052504539489746 -30.574466705322266 -8.199999809265137
vertex 18.44749641418457 -30.574466705322266 -8.199999809265137
endloop
endfacet
facet normal 0 0 1
outer loop
vertex 18.44749641418457 -30.574466705322266 -8.199999809265137
vertex -9.60250473022461 -32.674468994140625 -8.199999809265137
vertex -5.502504348754883 -32.674468994140625 -8.199999809265137
endloop
endfacet
facet normal 0 1 0
outer loop
vertex -8.302504539489746 -63.574466705322266 -5.699999809265137
vertex -15.802504539489746 -63.574466705322266 -5.699999809265137
vertex 2.8243839740753174 -63.574466705322266 -5
endloop
endfacet
facet normal 0 1 0
outer loop
vertex 2.8243839740753174 -63.574466705322266 -5
vertex -7.302504539489746 -63.574466705322266 -6.699999809265137
vertex -7.37862491607666 -63.574466705322266 -6.31731653213501
endloop
endfacet
facet normal 0 1 0
outer loop
vertex 2.8243839740753174 -63.574466705322266 -5
vertex -7.37862491607666 -63.574466705322266 -6.31731653213501
vertex -7.595397472381592 -63.574466705322266 -5.992893218994141
endloop
endfacet
facet normal 0 1 0
outer loop
vertex 2.8243839740753174 -63.574466705322266 -5
vertex -7.595397472381592 -63.574466705322266 -5.992893218994141
vertex -7.919821262359619 -63.574466705322266 -5.776120662689209
endloop
endfacet
facet normal 0 1 0
outer loop
vertex 14.824383735656738 -63.574466705322266 -5
vertex -7.052504539489746 -63.574466705322266 -8.199999809265137
vertex 2.8243839740753174 -63.574466705322266 -5
endloop
endfacet
facet normal 0 1 0
outer loop
vertex -7.919821262359619 -63.574466705322266 -5.776120662689209
vertex -8.302504539489746 -63.574466705322266 -5.699999809265137
vertex 2.8243839740753174 -63.574466705322266 -5
endloop
endfacet
facet normal 0 1 0
outer loop
vertex 18.44749641418457 -63.574466705322266 -8.199999809265137
vertex -7.052504539489746 -63.574466705322266 -8.199999809265137
vertex 14.824383735656738 -63.574466705322266 -5
endloop
endfacet
facet normal 0 -1 0
outer loop
vertex -14.052504539489746 -30.574466705322266 -4.099999904632568
vertex -14.052504539489746 -30.574466705322266 -8.199999809265137
vertex 18.44749641418457 -30.574466705322266 -4.099999904632568
endloop
endfacet
facet normal 0 0 1
outer loop
vertex -14.052504539489746 -30.574466705322266 -8.199999809265137
vertex -9.60250473022461 -32.674468994140625 -8.199999809265137
vertex 18.44749641418457 -30.574466705322266 -8.199999809265137
endloop
endfacet
facet normal 0 0 1
outer loop
vertex -7.052504539489746 -54.574466705322266 -8.199999809265137
vertex -7.052504539489746 -63.574466705322266 -8.199999809265137
vertex 18.44749641418457 -63.574466705322266 -8.199999809265137
endloop
endfacet
facet normal 0 1 0
outer loop
vertex -16.80250358581543 -63.574466705322266 -6.699999809265137
vertex -19.55250358581543 -63.574466705322266 -8.199999809265137
vertex -19.55250358581543 -63.574466705322266 0
endloop
endfacet
facet normal -1 0 0
outer loop
vertex 18.44749641418457 -63.27446746826172 -4.099999904632568
vertex 18.44749641418457 -63.574466705322266 -8.199999809265137
vertex 18.44749641418457 -63.574466705322266 0
endloop
endfacet
facet normal 0 0 1
outer loop
vertex -14.052504539489746 -45.574466705322266 -8.199999809265137
vertex -19.55250358581543 -45.574466705322266 -8.199999809265137
vertex 18.44749641418457 -63.574466705322266 -8.199999809265137
endloop
endfacet
facet normal 0 0 1
outer loop
vertex -19.55250358581543 -45.574466705322266 -8.199999809265137
vertex -7.052504539489746 -54.574466705322266 -8.199999809265137
vertex 18.44749641418457 -63.574466705322266 -8.199999809265137
endloop
endfacet
facet normal 0 1 0
outer loop
vertex -7.052504539489746 -63.574466705322266 -8.199999809265137
vertex -7.302504539489746 -63.574466705322266 -6.699999809265137
vertex 2.8243839740753174 -63.574466705322266 -5
endloop
endfacet
facet normal -1 0 0
outer loop
vertex 18.44749641418457 -30.574466705322266 -8.199999809265137
vertex 18.44749641418457 -63.574466705322266 -8.199999809265137
vertex 18.44749641418457 -30.574466705322266 -4.099999904632568
endloop
endfacet
facet normal 0 1 0
outer loop
vertex -16.80250358581543 -63.574466705322266 -8.199999809265137
vertex -17.05250358581543 -63.574466705322266 -8.199999809265137
vertex -16.80250358581543 -63.574466705322266 -6.699999809265137
endloop
endfacet
facet normal -1 0 0
outer loop
vertex 18.44749641418457 -63.27446746826172 0
vertex 18.44749641418457 -63.27446746826172 -4.099999904632568
vertex 18.44749641418457 -63.574466705322266 0
endloop
endfacet
facet normal 0 1 0
outer loop
vertex 2.8243839740753174 -63.574466705322266 0
vertex -15.802504539489746 -63.574466705322266 -5.699999809265137
vertex -19.55250358581543 -63.574466705322266 0
endloop
endfacet
facet normal 0 0 1
outer loop
vertex -19.55250358581543 -63.574466705322266 -8.199999809265137
vertex -17.05250358581543 -63.574466705322266 -8.199999809265137
vertex -17.05250358581543 -54.574466705322266 -8.199999809265137
endloop
endfacet
facet normal 0 1 0
outer loop
vertex 2.8243839740753174 -63.574466705322266 -5
vertex -15.802504539489746 -63.574466705322266 -5.699999809265137
vertex 2.8243839740753174 -63.574466705322266 0
endloop
endfacet
facet normal 0 1 0
outer loop
vertex -19.55250358581543 -63.574466705322266 -8.199999809265137
vertex -16.80250358581543 -63.574466705322266 -6.699999809265137
vertex -17.05250358581543 -63.574466705322266 -8.199999809265137
endloop
endfacet
facet normal 0 1 0
outer loop
vertex 14.824383735656738 -63.574466705322266 -5
vertex 18.44749641418457 -63.574466705322266 0
vertex 18.44749641418457 -63.574466705322266 -8.199999809265137
endloop
endfacet
facet normal 0 0 1
outer loop
vertex -9.60250473022461 -42.47446823120117 -8.199999809265137
vertex -9.60250473022461 -32.674468994140625 -8.199999809265137
vertex -14.052504539489746 -45.574466705322266 -8.199999809265137
endloop
endfacet
facet normal 0 0 1
outer loop
vertex -14.052504539489746 -30.574466705322266 -8.199999809265137
vertex -14.052504539489746 -45.574466705322266 -8.199999809265137
vertex -9.60250473022461 -32.674468994140625 -8.199999809265137
endloop
endfacet
facet normal 0 0 1
outer loop
vertex -9.60250473022461 -42.47446823120117 -8.199999809265137
vertex -14.052504539489746 -45.574466705322266 -8.199999809265137
vertex 18.44749641418457 -63.574466705322266 -8.199999809265137
endloop
endfacet
facet normal -1 0 0
outer loop
vertex 18.44749641418457 -63.574466705322266 -8.199999809265137
vertex 18.44749641418457 -63.27446746826172 -4.099999904632568
vertex 18.44749641418457 -30.574466705322266 -4.099999904632568
endloop
endfacet
facet normal 0 1 0
outer loop
vertex -16.726383209228516 -63.574466705322266 -6.31731653213501
vertex -16.80250358581543 -63.574466705322266 -6.699999809265137
vertex -19.55250358581543 -63.574466705322266 0
endloop
endfacet
facet normal 0 1 0
outer loop
vertex -16.509611129760742 -63.574466705322266 -5.992893218994141
vertex -16.726383209228516 -63.574466705322266 -6.31731653213501
vertex -19.55250358581543 -63.574466705322266 0
endloop
endfacet
facet normal 0 1 0
outer loop
vertex -16.18518829345703 -63.574466705322266 -5.776120662689209
vertex -16.509611129760742 -63.574466705322266 -5.992893218994141
vertex -19.55250358581543 -63.574466705322266 0
endloop
endfacet
facet normal 0 0 1
outer loop
vertex -5.502504348754883 -42.47446823120117 -8.199999809265137
vertex -9.60250473022461 -42.47446823120117 -8.199999809265137
vertex 18.44749641418457 -63.574466705322266 -8.199999809265137
endloop
endfacet
facet normal 0 1 0
outer loop
vertex -15.802504539489746 -63.574466705322266 -5.699999809265137
vertex -16.18518829345703 -63.574466705322266 -5.776120662689209
vertex -19.55250358581543 -63.574466705322266 0
endloop
endfacet
facet normal 0 0 1
outer loop
vertex -19.55250358581543 -45.574466705322266 -8.199999809265137
vertex -17.05250358581543 -54.574466705322266 -8.199999809265137
vertex -7.052504539489746 -54.574466705322266 -8.199999809265137
endloop
endfacet
facet normal 0 0 1
outer loop
vertex -5.502504348754883 -42.47446823120117 -8.199999809265137
vertex 18.44749641418457 -63.574466705322266 -8.199999809265137
vertex 18.44749641418457 -30.574466705322266 -8.199999809265137
endloop
endfacet
facet normal 0 0 1
outer loop
vertex -5.502504348754883 -32.674468994140625 -8.199999809265137
vertex -5.502504348754883 -42.47446823120117 -8.199999809265137
vertex 18.44749641418457 -30.574466705322266 -8.199999809265137
endloop
endfacet
facet normal 0 1 0
outer loop
vertex -7.052504539489746 -63.574466705322266 -8.199999809265137
vertex -7.302504539489746 -63.574466705322266 -8.199999809265137
vertex -7.302504539489746 -63.574466705322266 -6.699999809265137
endloop
endfacet
facet normal 0 0 1
outer loop
vertex -17.05250358581543 -63.574466705322266 -9.5
vertex -7.052504539489746 -63.574466705322266 -9.5
vertex -17.05250358581543 -54.574466705322266 -9.5
endloop
endfacet
facet normal 0 1 0
outer loop
vertex -15.802504539489746 -63.574466705322266 -9.199999809265137
vertex -8.302504539489746 -63.574466705322266 -9.199999809265137
vertex -17.05250358581543 -63.574466705322266 -9.5
endloop
endfacet
facet normal 0 1 0
outer loop
vertex -17.05250358581543 -63.574466705322266 -9.5
vertex -8.302504539489746 -63.574466705322266 -9.199999809265137
vertex -7.052504539489746 -63.574466705322266 -9.5
endloop
endfacet
facet normal -1 0 0
outer loop
vertex -7.052504539489746 -54.574466705322266 -8.199999809265137
vertex -7.052504539489746 -54.574466705322266 -9.5
vertex -7.052504539489746 -63.574466705322266 -8.199999809265137
endloop
endfacet
facet normal 1 0 0
outer loop
vertex -17.05250358581543 -63.574466705322266 -9.5
vertex -17.05250358581543 -54.574466705322266 -9.5
vertex -17.05250358581543 -54.574466705322266 -8.199999809265137
endloop
endfacet
facet normal 0 1 0
outer loop
vertex -7.052504539489746 -63.574466705322266 -9.5
vertex -8.302504539489746 -63.574466705322266 -9.199999809265137
vertex -7.919821262359619 -63.574466705322266 -9.123879432678223
endloop
endfacet
facet normal 0 1 0
outer loop
vertex -7.919821262359619 -63.574466705322266 -9.123879432678223
vertex -7.595397472381592 -63.574466705322266 -8.907106399536133
vertex -7.052504539489746 -63.574466705322266 -9.5
endloop
endfacet
facet normal 0 1 0
outer loop
vertex -7.052504539489746 -63.574466705322266 -8.199999809265137
vertex -7.052504539489746 -63.574466705322266 -9.5
vertex -7.302504539489746 -63.574466705322266 -8.199999809265137
endloop
endfacet
facet normal 0 1 0
outer loop
vertex -16.80250358581543 -63.574466705322266 -8.199999809265137
vertex -16.726383209228516 -63.574466705322266 -8.582683563232422
vertex -17.05250358581543 -63.574466705322266 -8.199999809265137
endloop
endfacet
facet normal 1 0 0
outer loop
vertex -17.05250358581543 -63.574466705322266 -8.199999809265137
vertex -17.05250358581543 -63.574466705322266 -9.5
vertex -17.05250358581543 -54.574466705322266 -8.199999809265137
endloop
endfacet
facet normal 0 1 0
outer loop
vertex -17.05250358581543 -63.574466705322266 -9.5
vertex -16.18518829345703 -63.574466705322266 -9.123879432678223
vertex -15.802504539489746 -63.574466705322266 -9.199999809265137
endloop
endfacet
facet normal 0 1 0
outer loop
vertex -16.18518829345703 -63.574466705322266 -9.123879432678223
vertex -17.05250358581543 -63.574466705322266 -9.5
vertex -16.509611129760742 -63.574466705322266 -8.907106399536133
endloop
endfacet
facet normal 0 1 0
outer loop
vertex -16.509611129760742 -63.574466705322266 -8.907106399536133
vertex -17.05250358581543 -63.574466705322266 -9.5
vertex -16.726383209228516 -63.574466705322266 -8.582683563232422
endloop
endfacet
facet normal 0 1 0
outer loop
vertex -16.726383209228516 -63.574466705322266 -8.582683563232422
vertex -17.05250358581543 -63.574466705322266 -9.5
vertex -17.05250358581543 -63.574466705322266 -8.199999809265137
endloop
endfacet
facet normal 0 -1 0
outer loop
vertex -17.05250358581543 -54.574466705322266 -9.5
vertex -7.052504539489746 -54.574466705322266 -9.5
vertex -7.052504539489746 -54.574466705322266 -8.199999809265137
endloop
endfacet
facet normal 0 0 1
outer loop
vertex -17.05250358581543 -54.574466705322266 -9.5
vertex -7.052504539489746 -63.574466705322266 -9.5
vertex -7.052504539489746 -54.574466705322266 -9.5
endloop
endfacet
facet normal -1 0 0
outer loop
vertex -7.052504539489746 -63.574466705322266 -9.5
vertex -7.052504539489746 -63.574466705322266 -8.199999809265137
vertex -7.052504539489746 -54.574466705322266 -9.5
endloop
endfacet
facet normal 0 1 0
outer loop
vertex -7.37862491607666 -63.574466705322266 -8.582683563232422
vertex -7.302504539489746 -63.574466705322266 -8.199999809265137
vertex -7.052504539489746 -63.574466705322266 -9.5
endloop
endfacet
facet normal 0 1 0
outer loop
vertex -7.595397472381592 -63.574466705322266 -8.907106399536133
vertex -7.37862491607666 -63.574466705322266 -8.582683563232422
vertex -7.052504539489746 -63.574466705322266 -9.5
endloop
endfacet
facet normal 0 -1 0
outer loop
vertex -17.05250358581543 -54.574466705322266 -8.199999809265137
vertex -17.05250358581543 -54.574466705322266 -9.5
vertex -7.052504539489746 -54.574466705322266 -8.199999809265137
endloop
endfacet
facet normal 1 0 0
outer loop
vertex -9.60250473022461 -32.674468994140625 -8.199999809265137
vertex -9.60250473022461 -42.47446823120117 -10
vertex -9.60250473022461 -32.674468994140625 -10
endloop
endfacet
facet normal 0 0 1
outer loop
vertex -5.502504348754883 -32.674468994140625 -10
vertex -8.802504539489746 -34.324466705322266 -10
vertex -6.302504539489746 -34.324466705322266 -10
endloop
endfacet
facet normal 0 -1 0
outer loop
vertex -9.60250473022461 -32.674468994140625 -8.199999809265137
vertex -9.60250473022461 -32.674468994140625 -10
vertex -5.502504348754883 -32.674468994140625 -8.199999809265137
endloop
endfacet
facet normal 0 0 1
outer loop
vertex -9.60250473022461 -42.47446823120117 -10
vertex -8.802504539489746 -40.824466705322266 -10
vertex -8.802504539489746 -34.324466705322266 -10
endloop
endfacet
facet normal 0 0 1
outer loop
vertex -6.302504539489746 -40.824466705322266 -10
vertex -9.60250473022461 -42.47446823120117 -10
vertex -5.502504348754883 -42.47446823120117 -10
endloop
endfacet
facet normal 0 0 1
outer loop
vertex -9.60250473022461 -42.47446823120117 -10
vertex -8.802504539489746 -34.324466705322266 -10
vertex -9.60250473022461 -32.674468994140625 -10
endloop
endfacet
facet normal 0 0 1
outer loop
vertex -6.302504539489746 -40.824466705322266 -10
vertex -5.502504348754883 -42.47446823120117 -10
vertex -5.502504348754883 -32.674468994140625 -10
endloop
endfacet
facet normal 0 0 1
outer loop
vertex -6.302504539489746 -34.324466705322266 -10
vertex -6.302504539489746 -40.824466705322266 -10
vertex -5.502504348754883 -32.674468994140625 -10
endloop
endfacet
facet normal 0 -1 0
outer loop
vertex -9.60250473022461 -32.674468994140625 -10
vertex -5.502504348754883 -32.674468994140625 -10
vertex -5.502504348754883 -32.674468994140625 -8.199999809265137
endloop
endfacet
facet normal 0 0 1
outer loop
vertex -9.60250473022461 -32.674468994140625 -10
vertex -8.802504539489746 -34.324466705322266 -10
vertex -5.502504348754883 -32.674468994140625 -10
endloop
endfacet
facet normal -1 0 0
outer loop
vertex -5.502504348754883 -32.674468994140625 -10
vertex -5.502504348754883 -42.47446823120117 -8.199999809265137
vertex -5.502504348754883 -32.674468994140625 -8.199999809265137
endloop
endfacet
facet normal 0 1 0
outer loop
vertex -5.502504348754883 -42.47446823120117 -10
vertex -9.60250473022461 -42.47446823120117 -10
vertex -9.60250473022461 -42.47446823120117 -8.199999809265137
endloop
endfacet
facet normal 0 0 1
outer loop
vertex -6.302504539489746 -40.824466705322266 -10
vertex -8.802504539489746 -40.824466705322266 -10
vertex -9.60250473022461 -42.47446823120117 -10
endloop
endfacet
facet normal -1 0 0
outer loop
vertex -5.502504348754883 -32.674468994140625 -10
vertex -5.502504348754883 -42.47446823120117 -10
vertex -5.502504348754883 -42.47446823120117 -8.199999809265137
endloop
endfacet
facet normal 1 0 0
outer loop
vertex -9.60250473022461 -42.47446823120117 -8.199999809265137
vertex -9.60250473022461 -42.47446823120117 -10
vertex -9.60250473022461 -32.674468994140625 -8.199999809265137
endloop
endfacet
facet normal 0 1 0
outer loop
vertex -5.502504348754883 -42.47446823120117 -8.199999809265137
vertex -5.502504348754883 -42.47446823120117 -10
vertex -9.60250473022461 -42.47446823120117 -8.199999809265137
endloop
endfacet
facet normal -1 0 0
outer loop
vertex -6.302504539489746 -34.324466705322266 -10
vertex -6.302504539489746 -40.824466705322266 -11.699999809265137
vertex -6.302504539489746 -40.824466705322266 -10
endloop
endfacet
facet normal 1 0 0
outer loop
vertex -8.802504539489746 -40.824466705322266 -11.699999809265137
vertex -8.802504539489746 -34.324466705322266 -11.699999809265137
vertex -8.802504539489746 -40.824466705322266 -10
endloop
endfacet
facet normal 0 -1 0
outer loop
vertex -8.802504539489746 -34.324466705322266 -10
vertex -6.302504539489746 -34.324466705322266 -11.699999809265137
vertex -6.302504539489746 -34.324466705322266 -10
endloop
endfacet
facet normal 0 1 0
outer loop
vertex -6.302504539489746 -40.824466705322266 -11.699999809265137
vertex -8.802504539489746 -40.824466705322266 -11.699999809265137
vertex -6.302504539489746 -40.824466705322266 -10
endloop
endfacet
facet normal 0 -1 0
outer loop
vertex -8.802504539489746 -34.324466705322266 -10
vertex -8.802504539489746 -34.324466705322266 -11.699999809265137
vertex -6.302504539489746 -34.324466705322266 -11.699999809265137
endloop
endfacet
facet normal 0 1 0
outer loop
vertex -6.302504539489746 -40.824466705322266 -10
vertex -8.802504539489746 -40.824466705322266 -11.699999809265137
vertex -8.802504539489746 -40.824466705322266 -10
endloop
endfacet
facet normal 1 0 0
outer loop
vertex -8.802504539489746 -34.324466705322266 -10
vertex -8.802504539489746 -40.824466705322266 -10
vertex -8.802504539489746 -34.324466705322266 -11.699999809265137
endloop
endfacet
facet normal -1 0 0
outer loop
vertex -6.302504539489746 -40.824466705322266 -11.699999809265137
vertex -6.302504539489746 -34.324466705322266 -10
vertex -6.302504539489746 -34.324466705322266 -11.699999809265137
endloop
endfacet
facet normal 0.19509511019462944 -0.980784327963159 0
outer loop
vertex -11.552504539489746 -30.074466705322266 -11.699999809265137
vertex -11.74384593963623 -30.11252784729004 -11.699999809265137
vertex -11.74384593963623 -30.11252784729004 -14.566184997558594
endloop
endfacet
facet normal 0 0 -1
outer loop
vertex 7.801048755645752 -44.92802047729492 -11.699999809265137
vertex 7.6388373374938965 -45.036407470703125 -11.699999809265137
vertex 7.801048755645752 -30.220914840698242 -11.699999809265137
endloop
endfacet
facet normal 0 -1 0
outer loop
vertex -11.552504539489746 -30.074466705322266 -11.699999809265137
vertex -11.552504539489746 -30.074466705322266 -14.562989234924316
vertex 7.447495460510254 -30.074466705322266 -11.699999809265137
endloop
endfacet
facet normal 0 1 0
outer loop
vertex 7.447495460510254 -45.074466705322266 -15.822574615478516
vertex -11.552504539489746 -45.074466705322266 -11.699999809265137
vertex 7.447495460510254 -45.074466705322266 -11.699999809265137
endloop
endfacet
facet normal -0.19508523787394733 0.9807862916882889 0
outer loop
vertex 7.6388373374938965 -45.036407470703125 -11.699999809265137
vertex 7.6388373374938965 -45.036407470703125 -15.819378852844238
vertex 7.447495460510254 -45.074466705322266 -11.699999809265137
endloop
endfacet
facet normal 0 0 -1
outer loop
vertex -8.802504539489746 -40.824466705322266 -11.699999809265137
vertex -11.552504539489746 -45.074466705322266 -11.699999809265137
vertex -8.802504539489746 -34.324466705322266 -11.699999809265137
endloop
endfacet
facet normal 0 0 -1
outer loop
vertex -8.802504539489746 -40.824466705322266 -11.699999809265137
vertex -6.302504539489746 -40.824466705322266 -11.699999809265137
vertex -11.552504539489746 -45.074466705322266 -11.699999809265137
endloop
endfacet
facet normal 0 0 -1
outer loop
vertex -11.552504539489746 -30.074466705322266 -11.699999809265137
vertex -11.74384593963623 -45.036407470703125 -11.699999809265137
vertex -11.74384593963623 -30.11252784729004 -11.699999809265137
endloop
endfacet
facet normal 0 0 -1
outer loop
vertex -11.74384593963623 -30.11252784729004 -11.699999809265137
vertex -11.906058311462402 -44.92802047729492 -11.699999809265137
vertex -11.906058311462402 -30.220914840698242 -11.699999809265137
endloop
endfacet
facet normal 0 0 -1
outer loop
vertex -11.552504539489746 -45.074466705322266 -11.699999809265137
vertex -11.552504539489746 -30.074466705322266 -11.699999809265137
vertex -8.802504539489746 -34.324466705322266 -11.699999809265137
endloop
endfacet
facet normal 0 0 -1
outer loop
vertex -11.906058311462402 -30.220914840698242 -11.699999809265137
vertex -12.014444351196289 -44.76580810546875 -11.699999809265137
vertex -12.014444351196289 -30.38312530517578 -11.699999809265137
endloop
endfacet
facet normal 0 0 -1
outer loop
vertex -12.014444351196289 -30.38312530517578 -11.699999809265137
vertex -12.052504539489746 -44.574466705322266 -11.699999809265137
vertex -12.052504539489746 -30.574466705322266 -11.699999809265137
endloop
endfacet
facet normal 0 0 -1
outer loop
vertex -11.552504539489746 -45.074466705322266 -11.699999809265137
vertex -11.74384593963623 -45.036407470703125 -11.699999809265137
vertex -11.552504539489746 -30.074466705322266 -11.699999809265137
endloop
endfacet
facet normal 0 0 -1
outer loop
vertex -11.74384593963623 -45.036407470703125 -11.699999809265137
vertex -11.906058311462402 -44.92802047729492 -11.699999809265137
vertex -11.74384593963623 -30.11252784729004 -11.699999809265137
endloop
endfacet
facet normal 0 0 -1
outer loop
vertex -12.014444351196289 -44.76580810546875 -11.699999809265137
vertex -12.052504539489746 -44.574466705322266 -11.699999809265137
vertex -12.014444351196289 -30.38312530517578 -11.699999809265137
endloop
endfacet
facet normal 0 0 -1
outer loop
vertex -11.906058311462402 -44.92802047729492 -11.699999809265137
vertex -12.014444351196289 -44.76580810546875 -11.699999809265137
vertex -11.906058311462402 -30.220914840698242 -11.699999809265137
endloop
endfacet
facet normal -0.5555730288971555 0.8314677441500905 0
outer loop
vertex 7.801048755645752 -44.92802047729492 -11.699999809265137
vertex 7.801048755645752 -44.92802047729492 -15.810276985168457
vertex 7.6388373374938965 -45.036407470703125 -11.699999809265137
endloop
endfacet
facet normal 1 0 0
outer loop
vertex -12.052504539489746 -44.574466705322266 -11.699999809265137
vertex -12.052504539489746 -44.574466705322266 -15.780588150024414
vertex -12.052504539489746 -30.574466705322266 -11.699999809265137
endloop
endfacet
facet normal 0.9807852633251952 0.19509040787318935 0
outer loop
vertex -12.014444351196289 -44.76580810546875 -11.699999809265137
vertex -12.014444351196289 -44.76580810546875 -15.796655654907227
vertex -12.052504539489746 -44.574466705322266 -11.699999809265137
endloop
endfacet
facet normal 0.8314715111157753 0.5555673912342672 0
outer loop
vertex -11.906058311462402 -44.92802047729492 -11.699999809265137
vertex -11.906058311462402 -44.92802047729492 -15.810276985168457
vertex -12.014444351196289 -44.76580810546875 -11.699999809265137
endloop
endfacet
facet normal 0.19508570553829574 0.9807861986664705 0
outer loop
vertex -11.552504539489746 -45.074466705322266 -11.699999809265137
vertex -11.552504539489746 -45.074466705322266 -15.822574615478516
vertex -11.74384593963623 -45.036407470703125 -11.699999809265137
endloop
endfacet
facet normal 0.5555707707654927 0.831469252991977 0
outer loop
vertex -11.74384593963623 -45.036407470703125 -11.699999809265137
vertex -11.74384593963623 -45.036407470703125 -15.819378852844238
vertex -11.906058311462402 -44.92802047729492 -11.699999809265137
endloop
endfacet
facet normal -0.83147038205406 0.5555690810033217 0
outer loop
vertex 7.909435272216797 -44.76580810546875 -11.699999809265137
vertex 7.909435272216797 -44.76580810546875 -15.796655654907227
vertex 7.801048755645752 -44.92802047729492 -11.699999809265137
endloop
endfacet
facet normal -0.9807852633251953 0.19509040787318935 0
outer loop
vertex 7.947495460510254 -44.574466705322266 -11.699999809265137
vertex 7.947495460510254 -44.574466705322266 -15.780588150024414
vertex 7.909435272216797 -44.76580810546875 -11.699999809265137
endloop
endfacet
facet normal -1 0 0
outer loop
vertex 7.947495460510254 -30.574466705322266 -14.604975700378418
vertex 7.947495460510254 -44.574466705322266 -11.699999809265137
vertex 7.947495460510254 -30.574466705322266 -11.699999809265137
endloop
endfacet
facet normal 0 0 -1
outer loop
vertex 7.447495460510254 -45.074466705322266 -11.699999809265137
vertex -11.552504539489746 -45.074466705322266 -11.699999809265137
vertex 7.447495460510254 -30.074466705322266 -11.699999809265137
endloop
endfacet
facet normal 0 0 -1
outer loop
vertex 7.909435272216797 -44.76580810546875 -11.699999809265137
vertex 7.801048755645752 -44.92802047729492 -11.699999809265137
vertex 7.909435272216797 -30.38312530517578 -11.699999809265137
endloop
endfacet
facet normal 0 0 -1
outer loop
vertex 7.447495460510254 -30.074466705322266 -11.699999809265137
vertex -6.302504539489746 -34.324466705322266 -11.699999809265137
vertex -8.802504539489746 -34.324466705322266 -11.699999809265137
endloop
endfacet
facet normal 0 0 -1
outer loop
vertex 7.947495460510254 -44.574466705322266 -11.699999809265137
vertex 7.909435272216797 -44.76580810546875 -11.699999809265137
vertex 7.947495460510254 -30.574466705322266 -11.699999809265137
endloop
endfacet
facet normal 0 0 -1
outer loop
vertex 7.6388373374938965 -30.11252784729004 -11.699999809265137
vertex 7.447495460510254 -45.074466705322266 -11.699999809265137
vertex 7.447495460510254 -30.074466705322266 -11.699999809265137
endloop
endfacet
facet normal 0 0 -1
outer loop
vertex 7.801048755645752 -30.220914840698242 -11.699999809265137
vertex 7.6388373374938965 -45.036407470703125 -11.699999809265137
vertex 7.6388373374938965 -30.11252784729004 -11.699999809265137
endloop
endfacet
facet normal 0 0 -1
outer loop
vertex 7.909435272216797 -30.38312530517578 -11.699999809265137
vertex 7.801048755645752 -44.92802047729492 -11.699999809265137
vertex 7.801048755645752 -30.220914840698242 -11.699999809265137
endloop
endfacet
facet normal 0 0 -1
outer loop
vertex 7.947495460510254 -30.574466705322266 -11.699999809265137
vertex 7.909435272216797 -44.76580810546875 -11.699999809265137
vertex 7.909435272216797 -30.38312530517578 -11.699999809265137
endloop
endfacet
facet normal 0.9807852633251952 -0.19509040787318932 0
outer loop
vertex -12.052504539489746 -30.574466705322266 -14.604975700378418
vertex -12.014444351196289 -30.38312530517578 -14.588908195495605
vertex -12.014444351196289 -30.38312530517578 -11.699999809265137
endloop
endfacet
facet normal 0.8314684934421213 -0.5555719075089102 0
outer loop
vertex -12.014444351196289 -30.38312530517578 -14.588908195495605
vertex -11.906058311462402 -30.220914840698242 -14.575286865234375
vertex -11.906058311462402 -30.220914840698242 -11.699999809265137
endloop
endfacet
facet normal 0.5555707707654927 -0.831469252991977 0
outer loop
vertex -11.906058311462402 -30.220914840698242 -14.575286865234375
vertex -11.74384593963623 -30.11252784729004 -14.566184997558594
vertex -11.74384593963623 -30.11252784729004 -11.699999809265137
endloop
endfacet
facet normal 0.19509511019462947 -0.9807843279631591 0
outer loop
vertex -11.74384593963623 -30.11252784729004 -14.566184997558594
vertex -11.552504539489746 -30.074466705322266 -14.562989234924316
vertex -11.552504539489746 -30.074466705322266 -11.699999809265137
endloop
endfacet
facet normal -1 0 0
outer loop
vertex 7.947495460510254 -30.574466705322266 -14.604975700378418
vertex 7.947495460510254 -44.574466705322266 -15.780588150024414
vertex 7.947495460510254 -44.574466705322266 -11.699999809265137
endloop
endfacet
facet normal -0.9807852633251952 0.19509040787318935 0
outer loop
vertex 7.947495460510254 -44.574466705322266 -15.780588150024414
vertex 7.909435272216797 -44.76580810546875 -15.796655654907227
vertex 7.909435272216797 -44.76580810546875 -11.699999809265137
endloop
endfacet
facet normal 0 0 -1
outer loop
vertex -8.802504539489746 -34.324466705322266 -11.699999809265137
vertex -11.552504539489746 -30.074466705322266 -11.699999809265137
vertex 7.447495460510254 -30.074466705322266 -11.699999809265137
endloop
endfacet
facet normal 0 -1 0
outer loop
vertex 7.447495460510254 -30.074466705322266 -11.699999809265137
vertex -11.552504539489746 -30.074466705322266 -14.562989234924316
vertex 7.447495460510254 -30.074466705322266 -14.562989234924316
endloop
endfacet
facet normal -0.8314673643661472 -0.5555735972794356 0
outer loop
vertex 7.801048755645752 -30.220914840698242 -14.575286865234375
vertex 7.909435272216797 -30.38312530517578 -14.588908195495605
vertex 7.909435272216797 -30.38312530517578 -11.699999809265137
endloop
endfacet
facet normal -0.5555730288971555 -0.8314677441500905 0
outer loop
vertex 7.6388373374938965 -30.11252784729004 -14.566184997558594
vertex 7.801048755645752 -30.220914840698242 -14.575286865234375
vertex 7.801048755645752 -30.220914840698242 -11.699999809265137
endloop
endfacet
facet normal -0.19509464250952005 -0.9807844209937691 0
outer loop
vertex 7.447495460510254 -30.074466705322266 -14.562989234924316
vertex 7.6388373374938965 -30.11252784729004 -14.566184997558594
vertex 7.6388373374938965 -30.11252784729004 -11.699999809265137
endloop
endfacet
facet normal 0 1 0
outer loop
vertex 7.447495460510254 -45.074466705322266 -15.822574615478516
vertex -11.552504539489746 -45.074466705322266 -15.822574615478516
vertex -11.552504539489746 -45.074466705322266 -11.699999809265137
endloop
endfacet
facet normal -0.83147038205406 0.5555690810033217 0
outer loop
vertex 7.909435272216797 -44.76580810546875 -15.796655654907227
vertex 7.801048755645752 -44.92802047729492 -15.810276985168457
vertex 7.801048755645752 -44.92802047729492 -11.699999809265137
endloop
endfacet
facet normal -0.9807852633251952 -0.19509040787318935 0
outer loop
vertex 7.909435272216797 -30.38312530517578 -14.588908195495605
vertex 7.947495460510254 -30.574466705322266 -14.604975700378418
vertex 7.947495460510254 -30.574466705322266 -11.699999809265137
endloop
endfacet
facet normal -0.5555730288971555 0.8314677441500905 0
outer loop
vertex 7.801048755645752 -44.92802047729492 -15.810276985168457
vertex 7.6388373374938965 -45.036407470703125 -15.819378852844238
vertex 7.6388373374938965 -45.036407470703125 -11.699999809265137
endloop
endfacet
facet normal -0.19508523787394735 0.980786291688289 0
outer loop
vertex 7.6388373374938965 -45.036407470703125 -15.819378852844238
vertex 7.447495460510254 -45.074466705322266 -15.822574615478516
vertex 7.447495460510254 -45.074466705322266 -11.699999809265137
endloop
endfacet
facet normal 1 0 0
outer loop
vertex -12.052504539489746 -44.574466705322266 -15.780588150024414
vertex -12.052504539489746 -30.574466705322266 -14.604975700378418
vertex -12.052504539489746 -30.574466705322266 -11.699999809265137
endloop
endfacet
facet normal 0.9807852633251953 0.19509040787318935 0
outer loop
vertex -12.014444351196289 -44.76580810546875 -15.796655654907227
vertex -12.052504539489746 -44.574466705322266 -15.780588150024414
vertex -12.052504539489746 -44.574466705322266 -11.699999809265137
endloop
endfacet
facet normal 0.8314715111157752 0.5555673912342671 0
outer loop
vertex -11.906058311462402 -44.92802047729492 -15.810276985168457
vertex -12.014444351196289 -44.76580810546875 -15.796655654907227
vertex -12.014444351196289 -44.76580810546875 -11.699999809265137
endloop
endfacet
facet normal 0.19508570553829574 0.9807861986664704 0
outer loop
vertex -11.552504539489746 -45.074466705322266 -15.822574615478516
vertex -11.74384593963623 -45.036407470703125 -15.819378852844238
vertex -11.74384593963623 -45.036407470703125 -11.699999809265137
endloop
endfacet
facet normal 0.5555707707654928 0.8314692529919772 0
outer loop
vertex -11.74384593963623 -45.036407470703125 -15.819378852844238
vertex -11.906058311462402 -44.92802047729492 -15.810276985168457
vertex -11.906058311462402 -44.92802047729492 -11.699999809265137
endloop
endfacet
facet normal -0.8314673643661473 -0.5555735972794356 0
outer loop
vertex 7.909435272216797 -30.38312530517578 -11.699999809265137
vertex 7.801048755645752 -30.220914840698242 -11.699999809265137
vertex 7.801048755645752 -30.220914840698242 -14.575286865234375
endloop
endfacet
facet normal -0.19509464250952005 -0.980784420993769 0
outer loop
vertex 7.6388373374938965 -30.11252784729004 -11.699999809265137
vertex 7.447495460510254 -30.074466705322266 -11.699999809265137
vertex 7.447495460510254 -30.074466705322266 -14.562989234924316
endloop
endfacet
facet normal -0.5555730288971555 -0.8314677441500905 0
outer loop
vertex 7.6388373374938965 -30.11252784729004 -11.699999809265137
vertex 7.6388373374938965 -30.11252784729004 -14.566184997558594
vertex 7.801048755645752 -30.220914840698242 -11.699999809265137
endloop
endfacet
facet normal -0.9807852633251952 -0.19509040787318932 0
outer loop
vertex 7.909435272216797 -30.38312530517578 -11.699999809265137
vertex 7.909435272216797 -30.38312530517578 -14.588908195495605
vertex 7.947495460510254 -30.574466705322266 -11.699999809265137
endloop
endfacet
facet normal 0.9807852633251952 -0.19509040787318935 0
outer loop
vertex -12.052504539489746 -30.574466705322266 -11.699999809265137
vertex -12.052504539489746 -30.574466705322266 -14.604975700378418
vertex -12.014444351196289 -30.38312530517578 -11.699999809265137
endloop
endfacet
facet normal 0.8314684934421214 -0.5555719075089102 0
outer loop
vertex -11.906058311462402 -30.220914840698242 -11.699999809265137
vertex -12.014444351196289 -30.38312530517578 -11.699999809265137
vertex -12.014444351196289 -30.38312530517578 -14.588908195495605
endloop
endfacet
facet normal 0.5555707707654927 -0.831469252991977 0
outer loop
vertex -11.74384593963623 -30.11252784729004 -11.699999809265137
vertex -11.906058311462402 -30.220914840698242 -11.699999809265137
vertex -11.906058311462402 -30.220914840698242 -14.575286865234375
endloop
endfacet
facet normal 0 0 -1
outer loop
vertex 7.6388373374938965 -45.036407470703125 -11.699999809265137
vertex 7.447495460510254 -45.074466705322266 -11.699999809265137
vertex 7.6388373374938965 -30.11252784729004 -11.699999809265137
endloop
endfacet
facet normal 0 0 -1
outer loop
vertex 7.447495460510254 -30.074466705322266 -11.699999809265137
vertex -6.302504539489746 -40.824466705322266 -11.699999809265137
vertex -6.302504539489746 -34.324466705322266 -11.699999809265137
endloop
endfacet
facet normal 0 0 -1
outer loop
vertex -11.552504539489746 -45.074466705322266 -11.699999809265137
vertex -6.302504539489746 -40.824466705322266 -11.699999809265137
vertex 7.447495460510254 -30.074466705322266 -11.699999809265137
endloop
endfacet
facet normal 0 0 1
outer loop
vertex -4.131333827972412 24.957530975341797 -4.099999904632568
vertex -3.350961208343506 18.951751708984375 -4.099999904632568
vertex -0.9955061674118042 21.82170295715332 -4.099999904632568
endloop
endfacet
facet normal -1 0 0
outer loop
vertex -12.652504920959473 24.400531768798828 -4.099999904632568
vertex -12.652504920959473 4.125532627105713 0
vertex -12.652504920959473 24.400531768798828 0
endloop
endfacet
facet normal 0 0 1
outer loop
vertex 18.962146759033203 30.844425201416016 -4.099999904632568
vertex 18.55605697631836 28.742666244506836 -4.099999904632568
vertex 22.847496032714844 32.300533294677734 -4.099999904632568
endloop
endfacet
facet normal 1 0 0
outer loop
vertex -18.652503967285156 32.300533294677734 0
vertex -18.652503967285156 32.300533294677734 -4.099999904632568
vertex -18.652503967285156 39.800533294677734 0
endloop
endfacet
facet normal 0 0 1
outer loop
vertex -3.350961208343506 18.951751708984375 -4.099999904632568
vertex -1.1433477401733398 17.59892463684082 -4.099999904632568
vertex -0.6443172097206116 21.597925186157227 -4.099999904632568
endloop
endfacet
facet normal 0 -1 0
outer loop
vertex -21.652503967285156 32.300533294677734 0
vertex -21.652503967285156 32.300533294677734 -4.099999904632568
vertex -18.652503967285156 32.300533294677734 0
endloop
endfacet
facet normal 0 0 1
outer loop
vertex -1.1433477401733398 47.002140045166016 -4.099999904632568
vertex -0.6443172097206116 43.00313949584961 -4.099999904632568
vertex 1.2487151622772217 47.99296569824219 -4.099999904632568
endloop
endfacet
facet normal 0 0 1
outer loop
vertex -0.9955061674118042 42.779361724853516 -4.099999904632568
vertex -1.1433477401733398 47.002140045166016 -4.099999904632568
vertex -3.350961208343506 45.649314880371094 -4.099999904632568
endloop
endfacet
facet normal 0 0 1
outer loop
vertex -0.6443172097206116 43.00313949584961 -4.099999904632568
vertex -1.1433477401733398 47.002140045166016 -4.099999904632568
vertex -0.9955061674118042 42.779361724853516 -4.099999904632568
endloop
endfacet
facet normal 0 0 1
outer loop
vertex -3.350961208343506 45.649314880371094 -4.099999904632568
vertex -4.131333827972412 39.64353561401367 -4.099999904632568
vertex -0.9955061674118042 42.779361724853516 -4.099999904632568
endloop
endfacet
facet normal 0 0 1
outer loop
vertex -4.355112075805664 39.2923469543457 -4.099999904632568
vertex -3.350961208343506 45.649314880371094 -4.099999904632568
vertex -5.319766521453857 43.967796325683594 -4.099999904632568
endloop
endfacet
facet normal 0 0 1
outer loop
vertex -4.355112075805664 39.2923469543457 -4.099999904632568
vertex -4.131333827972412 39.64353561401367 -4.099999904632568
vertex -3.350961208343506 45.649314880371094 -4.099999904632568
endloop
endfacet
facet normal 0 0 1
outer loop
vertex -5.319766521453857 43.967796325683594 -4.099999904632568
vertex -5.861064910888672 35.8583984375 -4.099999904632568
vertex -4.355112075805664 39.2923469543457 -4.099999904632568
endloop
endfacet
facet normal 0 0 1
outer loop
vertex -5.319766521453857 43.967796325683594 -4.099999904632568
vertex -6.26715612411499 33.75664138793945 -4.099999904632568
vertex -5.861064910888672 35.8583984375 -4.099999904632568
endloop
endfacet
facet normal 0 0 1
outer loop
vertex -0.6443172097206116 21.597925186157227 -4.099999904632568
vertex -1.1433477401733398 17.59892463684082 -4.099999904632568
vertex 1.2487151622772217 16.60810089111328 -4.099999904632568
endloop
endfacet
facet normal 0 0 1
outer loop
vertex -0.6443172097206116 21.597925186157227 -4.099999904632568
vertex -0.9955061674118042 21.82170295715332 -4.099999904632568
vertex -3.350961208343506 18.951751708984375 -4.099999904632568
endloop
endfacet
facet normal 0 0 1
outer loop
vertex -7.001285076141357 22.602075576782227 -4.099999904632568
vertex -5.319766521453857 20.633270263671875 -4.099999904632568
vertex -4.131333827972412 24.957530975341797 -4.099999904632568
endloop
endfacet
facet normal 0 0 1
outer loop
vertex 22.64435386657715 29.719364166259766 -4.099999904632568
vertex 17.05010414123535 25.308719635009766 -4.099999904632568
vertex 22.039928436279297 27.201751708984375 -4.099999904632568
endloop
endfacet
facet normal 0 0 1
outer loop
vertex -7.001285076141357 22.602075576782227 -4.099999904632568
vertex -5.861064910888672 28.742666244506836 -4.099999904632568
vertex -8.348501205444336 24.800533294677734 -4.099999904632568
endloop
endfacet
facet normal 0 0 1
outer loop
vertex -4.355112075805664 25.308719635009766 -4.099999904632568
vertex -5.861064910888672 28.742666244506836 -4.099999904632568
vertex -7.001285076141357 22.602075576782227 -4.099999904632568
endloop
endfacet
facet normal 0 0 1
outer loop
vertex -8.652504920959473 24.800533294677734 -4.099999904632568
vertex -8.348501205444336 24.800533294677734 -4.099999904632568
vertex -8.348501205444336 39.800533294677734 -4.099999904632568
endloop
endfacet
facet normal 0 0 1
outer loop
vertex -5.861064910888672 28.742666244506836 -4.099999904632568
vertex -6.26715612411499 30.844425201416016 -4.099999904632568
vertex -8.348501205444336 24.800533294677734 -4.099999904632568
endloop
endfacet
facet normal 0 0 1
outer loop
vertex 18.55605697631836 28.742666244506836 -4.099999904632568
vertex 17.05010414123535 25.308719635009766 -4.099999904632568
vertex 22.64435386657715 29.719364166259766 -4.099999904632568
endloop
endfacet
facet normal 0 0 1
outer loop
vertex 17.05010414123535 25.308719635009766 -4.099999904632568
vertex 16.826324462890625 24.957530975341797 -4.099999904632568
vertex 22.039928436279297 27.201751708984375 -4.099999904632568
endloop
endfacet
facet normal 0 0 1
outer loop
vertex 22.039928436279297 27.201751708984375 -4.099999904632568
vertex 13.690497398376465 21.82170295715332 -4.099999904632568
vertex 21.049102783203125 24.809688568115234 -4.099999904632568
endloop
endfacet
facet normal 0 0 1
outer loop
vertex 16.826324462890625 24.957530975341797 -4.099999904632568
vertex 13.690497398376465 21.82170295715332 -4.099999904632568
vertex 22.039928436279297 27.201751708984375 -4.099999904632568
endloop
endfacet
facet normal 0 0 1
outer loop
vertex 13.690497398376465 21.82170295715332 -4.099999904632568
vertex 13.33930778503418 21.597925186157227 -4.099999904632568
vertex 21.049102783203125 24.809688568115234 -4.099999904632568
endloop
endfacet
facet normal 0 0 1
outer loop
vertex 13.33930778503418 21.597925186157227 -4.099999904632568
vertex 9.905362129211426 20.09197235107422 -4.099999904632568
vertex 21.049102783203125 24.809688568115234 -4.099999904632568
endloop
endfacet
facet normal 0 0 1
outer loop
vertex 9.905362129211426 20.09197235107422 -4.099999904632568
vertex 3.766326904296875 16.00367546081543 -4.099999904632568
vertex 21.049102783203125 24.809688568115234 -4.099999904632568
endloop
endfacet
facet normal 0 0 1
outer loop
vertex 9.905362129211426 20.09197235107422 -4.099999904632568
vertex 7.803602695465088 19.685880661010742 -4.099999904632568
vertex 3.766326904296875 16.00367546081543 -4.099999904632568
endloop
endfacet
facet normal 0 0 1
outer loop
vertex 6.3474955558776855 19.532724380493164 -4.099999904632568
vertex 3.766326904296875 16.00367546081543 -4.099999904632568
vertex 7.803602695465088 19.685880661010742 -4.099999904632568
endloop
endfacet
facet normal 0 0 1
outer loop
vertex 4.891387939453125 19.685880661010742 -4.099999904632568
vertex 1.2487151622772217 16.60810089111328 -4.099999904632568
vertex 6.3474955558776855 19.532724380493164 -4.099999904632568
endloop
endfacet
facet normal 0 0 1
outer loop
vertex 4.891387939453125 19.685880661010742 -4.099999904632568
vertex 2.789628505706787 20.09197235107422 -4.099999904632568
vertex 1.2487151622772217 16.60810089111328 -4.099999904632568
endloop
endfacet
facet normal 0 0 1
outer loop
vertex 2.789628505706787 20.09197235107422 -4.099999904632568
vertex -0.6443172097206116 21.597925186157227 -4.099999904632568
vertex 1.2487151622772217 16.60810089111328 -4.099999904632568
endloop
endfacet
facet normal 0 0 1
outer loop
vertex 1.2487151622772217 16.60810089111328 -4.099999904632568
vertex 3.766326904296875 16.00367546081543 -4.099999904632568
vertex 6.3474955558776855 19.532724380493164 -4.099999904632568
endloop
endfacet
facet normal 0 0 1
outer loop
vertex -7.001285076141357 41.99898910522461 -4.099999904632568
vertex -8.348501205444336 24.800533294677734 -4.099999904632568
vertex -5.319766521453857 43.967796325683594 -4.099999904632568
endloop
endfacet
facet normal 0 0 1
outer loop
vertex -8.348501205444336 39.800533294677734 -4.099999904632568
vertex -8.348501205444336 24.800533294677734 -4.099999904632568
vertex -7.001285076141357 41.99898910522461 -4.099999904632568
endloop
endfacet
facet normal 0 0 1
outer loop
vertex -8.652504920959473 39.800533294677734 -4.099999904632568
vertex -8.652504920959473 24.800533294677734 -4.099999904632568
vertex -8.348501205444336 39.800533294677734 -4.099999904632568
endloop
endfacet
facet normal 0 0 1
outer loop
vertex -8.348501205444336 24.800533294677734 -4.099999904632568
vertex -6.26715612411499 33.75664138793945 -4.099999904632568
vertex -5.319766521453857 43.967796325683594 -4.099999904632568
endloop
endfacet
facet normal 0 0 1
outer loop
vertex -6.420313358306885 32.300533294677734 -4.099999904632568
vertex -6.26715612411499 33.75664138793945 -4.099999904632568
vertex -8.348501205444336 24.800533294677734 -4.099999904632568
endloop
endfacet
facet normal 0 -1 0
outer loop
vertex -21.652503967285156 32.300533294677734 -4.099999904632568
vertex -18.652503967285156 32.300533294677734 -4.099999904632568
vertex -18.652503967285156 32.300533294677734 0
endloop
endfacet
facet normal 1 0 0
outer loop
vertex -21.652503967285156 8.816802978515625 -4.099999904632568
vertex -21.652503967285156 32.300533294677734 -4.099999904632568
vertex -21.652503967285156 32.300533294677734 0
endloop
endfacet
facet normal 0 0 1
outer loop
vertex 18.55605697631836 28.742666244506836 -4.099999904632568
vertex 22.64435386657715 29.719364166259766 -4.099999904632568
vertex 22.847496032714844 32.300533294677734 -4.099999904632568
endloop
endfacet
facet normal 1 0 0
outer loop
vertex -21.652503967285156 8.816802978515625 0
vertex -21.652503967285156 8.816802978515625 -4.099999904632568
vertex -21.652503967285156 32.300533294677734 0
endloop
endfacet
facet normal 0 0 1
outer loop
vertex -19.452505111694336 6.175532817840576 -4.099999904632568
vertex -19.452505111694336 4.125532627105713 -4.099999904632568
vertex -18.652503967285156 24.400531768798828 -4.099999904632568
endloop
endfacet
facet normal 0 0 1
outer loop
vertex -21.652503967285156 8.816802978515625 -4.099999904632568
vertex -19.626665115356445 7.128810882568359 -4.099999904632568
vertex -18.652503967285156 24.400531768798828 -4.099999904632568
endloop
endfacet
facet normal 0 0 1
outer loop
vertex -19.492202758789062 6.635308265686035 -4.099999904632568
vertex -19.452505111694336 6.175532817840576 -4.099999904632568
vertex -18.652503967285156 24.400531768798828 -4.099999904632568
endloop
endfacet
facet normal 0 0 1
outer loop
vertex -19.626665115356445 7.128810882568359 -4.099999904632568
vertex -19.492202758789062 6.635308265686035 -4.099999904632568
vertex -18.652503967285156 24.400531768798828 -4.099999904632568
endloop
endfacet
facet normal 0 0 1
outer loop
vertex -18.652503967285156 24.400531768798828 -4.099999904632568
vertex -19.452505111694336 4.125532627105713 -4.099999904632568
vertex -12.652504920959473 4.125532627105713 -4.099999904632568
endloop
endfacet
facet normal -1 0 0
outer loop
vertex -12.652504920959473 4.125532627105713 0
vertex -12.652504920959473 24.400531768798828 -4.099999904632568
vertex -12.652504920959473 4.125532627105713 -4.099999904632568
endloop
endfacet
facet normal 0 0 1
outer loop
vertex 1.2487151622772217 47.99296569824219 -4.099999904632568
vertex -0.6443172097206116 43.00313949584961 -4.099999904632568
vertex 2.789628505706787 44.50909423828125 -4.099999904632568
endloop
endfacet
facet normal 0 0 1
outer loop
vertex 4.891387939453125 44.915184020996094 -4.099999904632568
vertex 3.766326904296875 48.597389221191406 -4.099999904632568
vertex 2.789628505706787 44.50909423828125 -4.099999904632568
endloop
endfacet
facet normal 0 0 1
outer loop
vertex 6.3474955558776855 45.06834030151367 -4.099999904632568
vertex 6.3474955558776855 48.800533294677734 -4.099999904632568
vertex 4.891387939453125 44.915184020996094 -4.099999904632568
endloop
endfacet
facet normal 0 0 1
outer loop
vertex 6.3474955558776855 48.800533294677734 -4.099999904632568
vertex 6.3474955558776855 45.06834030151367 -4.099999904632568
vertex 7.803602695465088 44.915184020996094 -4.099999904632568
endloop
endfacet
facet normal 0 0 1
outer loop
vertex 9.905362129211426 44.50909423828125 -4.099999904632568
vertex 8.928664207458496 48.597389221191406 -4.099999904632568
vertex 7.803602695465088 44.915184020996094 -4.099999904632568
endloop
endfacet
facet normal 0 0 1
outer loop
vertex -5.319766521453857 20.633270263671875 -4.099999904632568
vertex -3.350961208343506 18.951751708984375 -4.099999904632568
vertex -4.131333827972412 24.957530975341797 -4.099999904632568
endloop
endfacet
facet normal 0 0 1
outer loop
vertex 19.115304946899414 32.300533294677734 -4.099999904632568
vertex 18.962146759033203 30.844425201416016 -4.099999904632568
vertex 22.64435386657715 34.8817024230957 -4.099999904632568
endloop
endfacet
facet normal 0 0 1
outer loop
vertex 18.962146759033203 33.75664138793945 -4.099999904632568
vertex 19.115304946899414 32.300533294677734 -4.099999904632568
vertex 22.64435386657715 34.8817024230957 -4.099999904632568
endloop
endfacet
facet normal 0 0 1
outer loop
vertex -21.652503967285156 8.816802978515625 -4.099999904632568
vertex -18.652503967285156 24.400531768798828 -4.099999904632568
vertex -18.652503967285156 32.300533294677734 -4.099999904632568
endloop
endfacet
facet normal 0 0 1
outer loop
vertex -12.652504920959473 24.400531768798828 -4.099999904632568
vertex -18.652503967285156 24.400531768798828 -4.099999904632568
vertex -12.652504920959473 4.125532627105713 -4.099999904632568
endloop
endfacet
facet normal 0 0 1
outer loop
vertex 18.55605697631836 35.8583984375 -4.099999904632568
vertex 18.962146759033203 33.75664138793945 -4.099999904632568
vertex 22.039928436279297 37.399314880371094 -4.099999904632568
endloop
endfacet
facet normal 0 0 1
outer loop
vertex -6.26715612411499 30.844425201416016 -4.099999904632568
vertex -6.420313358306885 32.300533294677734 -4.099999904632568
vertex -8.348501205444336 24.800533294677734 -4.099999904632568
endloop
endfacet
facet normal 0 0 1
outer loop
vertex -4.355112075805664 25.308719635009766 -4.099999904632568
vertex -7.001285076141357 22.602075576782227 -4.099999904632568
vertex -4.131333827972412 24.957530975341797 -4.099999904632568
endloop
endfacet
facet normal 0 0 1
outer loop
vertex 18.55605697631836 35.8583984375 -4.099999904632568
vertex 22.039928436279297 37.399314880371094 -4.099999904632568
vertex 21.049102783203125 39.79137420654297 -4.099999904632568
endloop
endfacet
facet normal 0 0 1
outer loop
vertex 22.64435386657715 34.8817024230957 -4.099999904632568
vertex 18.962146759033203 30.844425201416016 -4.099999904632568
vertex 22.847496032714844 32.300533294677734 -4.099999904632568
endloop
endfacet
facet normal 0 0 1
outer loop
vertex 13.33930778503418 43.00313949584961 -4.099999904632568
vertex 11.44627571105957 47.99296569824219 -4.099999904632568
vertex 9.905362129211426 44.50909423828125 -4.099999904632568
endloop
endfacet
facet normal 0 0 1
outer loop
vertex 22.039928436279297 37.399314880371094 -4.099999904632568
vertex 18.962146759033203 33.75664138793945 -4.099999904632568
vertex 22.64435386657715 34.8817024230957 -4.099999904632568
endloop
endfacet
facet normal 0 0 1
outer loop
vertex 11.44627571105957 47.99296569824219 -4.099999904632568
vertex 13.33930778503418 43.00313949584961 -4.099999904632568
vertex 13.838338851928711 47.002140045166016 -4.099999904632568
endloop
endfacet
facet normal 0 0 1
outer loop
vertex 13.33930778503418 43.00313949584961 -4.099999904632568
vertex 13.690497398376465 42.779361724853516 -4.099999904632568
vertex 16.04595184326172 45.649314880371094 -4.099999904632568
endloop
endfacet
facet normal 0 0 1
outer loop
vertex 16.04595184326172 45.649314880371094 -4.099999904632568
vertex 13.690497398376465 42.779361724853516 -4.099999904632568
vertex 16.826324462890625 39.64353561401367 -4.099999904632568
endloop
endfacet
facet normal 0 0 1
outer loop
vertex 13.838338851928711 47.002140045166016 -4.099999904632568
vertex 13.33930778503418 43.00313949584961 -4.099999904632568
vertex 16.04595184326172 45.649314880371094 -4.099999904632568
endloop
endfacet
facet normal 0 0 1
outer loop
vertex 16.826324462890625 39.64353561401367 -4.099999904632568
vertex 17.05010414123535 39.2923469543457 -4.099999904632568
vertex 19.69627571105957 41.99898910522461 -4.099999904632568
endloop
endfacet
facet normal 0 0 1
outer loop
vertex 16.826324462890625 39.64353561401367 -4.099999904632568
vertex 19.69627571105957 41.99898910522461 -4.099999904632568
vertex 18.01475715637207 43.967796325683594 -4.099999904632568
endloop
endfacet
facet normal 0 0 1
outer loop
vertex 17.05010414123535 39.2923469543457 -4.099999904632568
vertex 18.55605697631836 35.8583984375 -4.099999904632568
vertex 19.69627571105957 41.99898910522461 -4.099999904632568
endloop
endfacet
facet normal 0 0 1
outer loop
vertex -21.652503967285156 32.300533294677734 -4.099999904632568
vertex -21.652503967285156 8.816802978515625 -4.099999904632568
vertex -18.652503967285156 32.300533294677734 -4.099999904632568
endloop
endfacet
facet normal 0 0 1
outer loop
vertex 19.69627571105957 41.99898910522461 -4.099999904632568
vertex 18.55605697631836 35.8583984375 -4.099999904632568
vertex 21.049102783203125 39.79137420654297 -4.099999904632568
endloop
endfacet
facet normal 0 0 1
outer loop
vertex 16.04595184326172 45.649314880371094 -4.099999904632568
vertex 16.826324462890625 39.64353561401367 -4.099999904632568
vertex 18.01475715637207 43.967796325683594 -4.099999904632568
endloop
endfacet
facet normal 0 0 1
outer loop
vertex 1.2487151622772217 47.99296569824219 -4.099999904632568
vertex 2.789628505706787 44.50909423828125 -4.099999904632568
vertex 3.766326904296875 48.597389221191406 -4.099999904632568
endloop
endfacet
facet normal 0 0 1
outer loop
vertex 3.766326904296875 48.597389221191406 -4.099999904632568
vertex 4.891387939453125 44.915184020996094 -4.099999904632568
vertex 6.3474955558776855 48.800533294677734 -4.099999904632568
endloop
endfacet
facet normal 0 0 1
outer loop
vertex 6.3474955558776855 48.800533294677734 -4.099999904632568
vertex 7.803602695465088 44.915184020996094 -4.099999904632568
vertex 8.928664207458496 48.597389221191406 -4.099999904632568
endloop
endfacet
facet normal 0 0 1
outer loop
vertex 8.928664207458496 48.597389221191406 -4.099999904632568
vertex 9.905362129211426 44.50909423828125 -4.099999904632568
vertex 11.44627571105957 47.99296569824219 -4.099999904632568
endloop
endfacet
facet normal 0 -1 0
outer loop
vertex -18.652503967285156 40.200531005859375 0
vertex -18.652503967285156 40.200531005859375 -4.900000095367432
vertex -10.156932830810547 40.200531005859375 0
endloop
endfacet
facet normal 0 1 0
outer loop
vertex -12.652504920959473 24.400531768798828 -4.099999904632568
vertex -12.652504920959473 24.400531768798828 0
vertex -8.652504920959473 24.400531768798828 -4.900000095367432
endloop
endfacet
facet normal -1 0 0
outer loop
vertex -8.652504920959473 24.800533294677734 -4.099999904632568
vertex -8.652504920959473 40.200531005859375 -4.900000095367432
vertex -8.652504920959473 24.400531768798828 -4.900000095367432
endloop
endfacet
facet normal -1 0 0
outer loop
vertex -8.652504920959473 24.400531768798828 -4.900000095367432
vertex -8.652504920959473 24.400531768798828 -4.099999904632568
vertex -8.652504920959473 24.800533294677734 -4.099999904632568
endloop
endfacet
facet normal 0 1 0
outer loop
vertex -10.156932830810547 24.400531768798828 0
vertex -8.652504920959473 24.400531768798828 -4.099999904632568
vertex -12.652504920959473 24.400531768798828 0
endloop
endfacet
facet normal 0 0 1
outer loop
vertex -8.652504920959473 24.400531768798828 -4.900000095367432
vertex -18.652503967285156 40.200531005859375 -4.900000095367432
vertex -18.652503967285156 24.400531768798828 -4.900000095367432
endloop
endfacet
facet normal 0 1 0
outer loop
vertex -18.652503967285156 24.400531768798828 -4.900000095367432
vertex -12.652504920959473 24.400531768798828 -4.099999904632568
vertex -8.652504920959473 24.400531768798828 -4.900000095367432
endloop
endfacet
facet normal 1 0 0
outer loop
vertex -18.652503967285156 24.400531768798828 -4.099999904632568
vertex -18.652503967285156 24.400531768798828 -4.900000095367432
vertex -18.652503967285156 32.300533294677734 -4.099999904632568
endloop
endfacet
facet normal 0 1 0
outer loop
vertex -18.652503967285156 24.400531768798828 -4.900000095367432
vertex -18.652503967285156 24.400531768798828 -4.099999904632568
vertex -12.652504920959473 24.400531768798828 -4.099999904632568
endloop
endfacet
facet normal 0 -1 0
outer loop
vertex -8.652504920959473 40.200531005859375 -4.099999904632568
vertex -10.156932830810547 40.200531005859375 0
vertex -18.652503967285156 40.200531005859375 -4.900000095367432
endloop
endfacet
facet normal 1 0 0
outer loop
vertex -18.652503967285156 32.300533294677734 -4.099999904632568
vertex -18.652503967285156 40.200531005859375 -4.900000095367432
vertex -18.652503967285156 39.800533294677734 0
endloop
endfacet
facet normal -1 0 0
outer loop
vertex -8.652504920959473 40.200531005859375 -4.900000095367432
vertex -8.652504920959473 39.800533294677734 -4.099999904632568
vertex -8.652504920959473 40.200531005859375 -4.099999904632568
endloop
endfacet
facet normal -1 0 0
outer loop
vertex -8.652504920959473 40.200531005859375 -4.900000095367432
vertex -8.652504920959473 24.800533294677734 -4.099999904632568
vertex -8.652504920959473 39.800533294677734 -4.099999904632568
endloop
endfacet
facet normal 0 -1 0
outer loop
vertex -8.652504920959473 40.200531005859375 -4.900000095367432
vertex -8.652504920959473 40.200531005859375 -4.099999904632568
vertex -18.652503967285156 40.200531005859375 -4.900000095367432
endloop
endfacet
facet normal 0 0 1
outer loop
vertex -18.652503967285156 40.200531005859375 -4.900000095367432
vertex -8.652504920959473 24.400531768798828 -4.900000095367432
vertex -8.652504920959473 40.200531005859375 -4.900000095367432
endloop
endfacet
facet normal 1 0 0
outer loop
vertex -18.652503967285156 32.300533294677734 -4.099999904632568
vertex -18.652503967285156 24.400531768798828 -4.900000095367432
vertex -18.652503967285156 40.200531005859375 -4.900000095367432
endloop
endfacet
facet normal 0 1 0
outer loop
vertex -8.652504920959473 24.400531768798828 -4.099999904632568
vertex -8.652504920959473 24.400531768798828 -4.900000095367432
vertex -12.652504920959473 24.400531768798828 0
endloop
endfacet
facet normal 1 0 0
outer loop
vertex -18.652503967285156 39.800533294677734 0
vertex -18.652503967285156 40.200531005859375 -4.900000095367432
vertex -18.652503967285156 40.200531005859375 0
endloop
endfacet
facet normal 0.9659257888806904 0.2588191847124241 -1.1036008416740098e-7
outer loop
vertex -4.0473856925964355 28.75575065612793 -5.575359344482422
vertex -3.9891233444213867 28.538311004638672 -9.64113712310791
vertex -4.220017910003662 29.400022506713867 -5.536246299743652
endloop
endfacet
facet normal -0.25881607934713774 -0.9659266209550736 0.000001299839980498492
outer loop
vertex 9.248005867004395 42.868045806884766 -5.536246299743652
vertex 10.10971736907959 42.637149810791016 -8.457223892211914
vertex 9.892278671264648 42.69541549682617 -5.575359344482422
endloop
endfacet
facet normal -0.25882053002886035 -0.9659254284030314 0
outer loop
vertex 8.257625579833984 43.133419036865234 -5.442880630493164
vertex 8.257625579833984 43.133419036865234 -8.41555118560791
vertex 9.248005867004395 42.868045806884766 -5.536246299743652
endloop
endfacet
facet normal -0.9063078173730271 -0.42261819668404477 -2.564867053536329e-7
outer loop
vertex 15.873774528503418 37.800533294677734 -5.386653900146484
vertex 16.684114456176758 36.0627555847168 -9.009291648864746
vertex 16.606225967407227 36.22978591918945 -5.549038887023926
endloop
endfacet
facet normal 0.9961946956732182 -0.08715577039154772 0
outer loop
vertex -4.6525044441223145 32.300533294677734 -9.325214385986328
vertex -4.485389709472656 34.210662841796875 -9.164815902709961
vertex -4.6525044441223145 32.300533294677734 -5.504171371459961
endloop
endfacet
facet normal 0.965925880907015 -0.25881884126541876 -1.812453289208385e-7
outer loop
vertex -4.485389709472656 34.210662841796875 -9.164815902709961
vertex -3.9891233444213867 36.0627555847168 -9.009291648864746
vertex -4.220017910003662 35.20104217529297 -5.536246299743652
endloop
endfacet
facet normal 0.9063077136508285 -0.4226184191170272 -1.8096840190690045e-7
outer loop
vertex -3.9891233444213867 36.0627555847168 -9.009291648864746
vertex -3.178783893585205 37.800533294677734 -8.86336612701416
vertex -3.9112350940704346 36.22978591918945 -5.549038887023926
endloop
endfacet
facet normal 0.8191519992174643 -0.5735765007198529 0
outer loop
vertex -3.178783893585205 37.800533294677734 -8.86336612701416
vertex -2.078993320465088 39.37119674682617 -8.731473922729492
vertex -3.178783893585205 37.800533294677734 -5.386653900146484
endloop
endfacet
facet normal 0.9961947032294127 0.08715568402383327 0
outer loop
vertex -4.485389709472656 30.39040184020996 -5.442880630493164
vertex -4.6525044441223145 32.300533294677734 -9.325214385986328
vertex -4.6525044441223145 32.300533294677734 -5.504171371459961
endloop
endfacet
facet normal 0.9961946956732182 -0.08715577039154772 0
outer loop
vertex -4.6525044441223145 32.300533294677734 -5.504171371459961
vertex -4.485389709472656 34.210662841796875 -9.164815902709961
vertex -4.485389709472656 34.210662841796875 -5.442880630493164
endloop
endfacet
facet normal 0.9659257148945087 -0.25881946083231894 0
outer loop
vertex -4.485389709472656 34.210662841796875 -5.442880630493164
vertex -4.485389709472656 34.210662841796875 -9.164815902709961
vertex -4.220017910003662 35.20104217529297 -5.536246299743652
endloop
endfacet
facet normal 0.9659257863809937 -0.25881919404129144 -2.750584559877893e-7
outer loop
vertex -4.220017910003662 35.20104217529297 -5.536246299743652
vertex -3.9891233444213867 36.0627555847168 -9.009291648864746
vertex -4.0473856925964355 35.845314025878906 -5.575359344482422
endloop
endfacet
facet normal 0.9659268723352213 -0.25881514117357374 0
outer loop
vertex -4.0473856925964355 35.845314025878906 -5.575359344482422
vertex -3.9891233444213867 36.0627555847168 -9.009291648864746
vertex -3.9891233444213867 36.0627555847168 -5.545279026031494
endloop
endfacet
facet normal 0.906306277697874 -0.42262149851305975 0
outer loop
vertex -3.9891233444213867 36.0627555847168 -5.545279026031494
vertex -3.9891233444213867 36.0627555847168 -9.009291648864746
vertex -3.9112350940704346 36.22978591918945 -5.549038887023926
endloop
endfacet
facet normal 0.9063078599075536 -0.4226181054685069 0
outer loop
vertex -3.9112350940704346 36.22978591918945 -5.549038887023926
vertex -3.178783893585205 37.800533294677734 -8.86336612701416
vertex -3.178783893585205 37.800533294677734 -5.386653900146484
endloop
endfacet
facet normal 0.9659263047690934 0.25881725938415384 0
outer loop
vertex -3.9891233444213867 28.538311004638672 -9.64113712310791
vertex -4.0473856925964355 28.75575065612793 -5.575359344482422
vertex -3.9891233444213867 28.538311004638672 -5.545279026031494
endloop
endfacet
facet normal -0.08715550200261715 -0.9961947191541781 0
outer loop
vertex 6.3474955558776855 43.300533294677734 -5.504171371459961
vertex 8.257625579833984 43.133419036865234 -8.41555118560791
vertex 8.257625579833984 43.133419036865234 -5.442880630493164
endloop
endfacet
facet normal 0.08715550200261715 -0.9961947191541781 0
outer loop
vertex 4.437365531921387 43.133419036865234 -5.442880630493164
vertex 6.3474955558776855 43.300533294677734 -8.401518821716309
vertex 6.3474955558776855 43.300533294677734 -5.504171371459961
endloop
endfacet
facet normal 0.2588204718956999 -0.9659254439798588 0
outer loop
vertex 3.4469850063323975 42.868045806884766 -5.536246299743652
vertex 4.437365531921387 43.133419036865234 -8.41555118560791
vertex 4.437365531921387 43.133419036865234 -5.442880630493164
endloop
endfacet
facet normal 0.2588162588924144 -0.9659265728466541 0.0000012853205051608477
outer loop
vertex 2.8027126789093018 42.69541549682617 -5.575359344482422
vertex 2.5852739810943604 42.637149810791016 -8.457223892211914
vertex 3.4469850063323975 42.868045806884766 -5.536246299743652
endloop
endfacet
facet normal 0.2588321529039201 -0.9659223139689453 0
outer loop
vertex 2.5852739810943604 42.637149810791016 -5.545279026031494
vertex 2.5852739810943604 42.637149810791016 -8.457223892211914
vertex 2.8027126789093018 42.69541549682617 -5.575359344482422
endloop
endfacet
facet normal 0.42260209089889483 -0.9063153274483899 0
outer loop
vertex 2.4182419776916504 42.55926513671875 -5.549038887023926
vertex 2.5852739810943604 42.637149810791016 -8.457223892211914
vertex 2.5852739810943604 42.637149810791016 -5.545279026031494
endloop
endfacet
facet normal 0.9063076613858154 0.42261853119967635 4.952874693857781e-8
outer loop
vertex -3.178783893585205 26.800533294677734 -5.386653900146484
vertex -3.9891233444213867 28.538311004638672 -9.64113712310791
vertex -3.9112350940704346 28.371278762817383 -5.549038887023926
endloop
endfacet
facet normal -0.8191519992174643 -0.5735765007198528 0
outer loop
vertex 14.7739839553833 39.37119674682617 -8.731473922729492
vertex 15.873774528503418 37.800533294677734 -8.86336612701416
vertex 14.7739839553833 39.37119674682617 -5.446519374847412
endloop
endfacet
facet normal -0.42261888120830726 -0.9063074981739028 0
outer loop
vertex 10.276748657226562 42.55926513671875 -5.549038887023926
vertex 11.847495079040527 41.826812744140625 -8.525270462036133
vertex 11.847495079040527 41.826812744140625 -5.386653900146484
endloop
endfacet
facet normal -0.5735769345142162 -0.8191516954711591 0
outer loop
vertex 11.847495079040527 41.826812744140625 -5.386653900146484
vertex 13.418159484863281 40.727020263671875 -8.617622375488281
vertex 13.418159484863281 40.727020263671875 -5.446519374847412
endloop
endfacet
facet normal 0.4226189814978401 -0.9063074514072658 0.0000011810436647984787
outer loop
vertex 0.8474955558776855 41.826812744140625 -5.386653900146484
vertex 2.5852739810943604 42.637149810791016 -8.457223892211914
vertex 2.4182419776916504 42.55926513671875 -5.549038887023926
endloop
endfacet
facet normal -0.7071067811865475 -0.7071067811865475 0
outer loop
vertex 13.418159484863281 40.727020263671875 -5.446519374847412
vertex 13.418159484863281 40.727020263671875 -8.617622375488281
vertex 13.576709747314453 40.5684700012207 -5.481316566467285
endloop
endfacet
facet normal 0.5735770951749799 -0.8191515829751124 0
outer loop
vertex 0.8474955558776855 41.826812744140625 -5.386653900146484
vertex -0.7231681942939758 40.727020263671875 -5.446519374847412
vertex 0.8474955558776855 41.826812744140625 -8.525270462036133
endloop
endfacet
facet normal -0.7071067811865475 -0.7071067811865475 0
outer loop
vertex 14.615433692932129 39.529747009277344 -5.481316566467285
vertex 14.7739839553833 39.37119674682617 -8.731473922729492
vertex 14.7739839553833 39.37119674682617 -5.446519374847412
endloop
endfacet
facet normal -0.7071064565815146 -0.7071071057914308 3.166997511953269e-8
outer loop
vertex 13.576709747314453 40.5684700012207 -5.481316566467285
vertex 14.7739839553833 39.37119674682617 -8.731473922729492
vertex 14.615433692932129 39.529747009277344 -5.481316566467285
endloop
endfacet
facet normal -0.7071065335514778 -0.7071070288215301 -2.5037480894727217e-8
outer loop
vertex 13.418159484863281 40.727020263671875 -8.617622375488281
vertex 14.7739839553833 39.37119674682617 -8.731473922729492
vertex 13.576709747314453 40.5684700012207 -5.481316566467285
endloop
endfacet
facet normal -0.8191519992174643 0.5735765007198529 0
outer loop
vertex 15.873774528503418 26.800533294677734 -5.386653900146484
vertex 14.7739839553833 25.229869842529297 -9.918954849243164
vertex 14.7739839553833 25.229869842529297 -5.446519374847412
endloop
endfacet
facet normal -0.5735769345142163 -0.8191516954711591 0
outer loop
vertex 11.847495079040527 41.826812744140625 -8.525270462036133
vertex 13.418159484863281 40.727020263671875 -8.617622375488281
vertex 11.847495079040527 41.826812744140625 -5.386653900146484
endloop
endfacet
facet normal -0.7071110343708785 0.707102527976634 0
outer loop
vertex 14.7739839553833 25.229869842529297 -9.918954849243164
vertex 14.615433692932129 25.071317672729492 -5.481316566467285
vertex 14.7739839553833 25.229869842529297 -5.446519374847412
endloop
endfacet
facet normal -0.42261737921230963 -0.9063081985653598 9.650654409702285e-7
outer loop
vertex 10.10971736907959 42.637149810791016 -8.457223892211914
vertex 11.847495079040527 41.826812744140625 -8.525270462036133
vertex 10.276748657226562 42.55926513671875 -5.549038887023926
endloop
endfacet
facet normal 0.7071063641759284 -0.7071071981969178 -6.305551394290217e-8
outer loop
vertex -2.078993320465088 39.37119674682617 -8.731473922729492
vertex -0.7231681942939758 40.727020263671875 -8.617622375488281
vertex -1.9204425811767578 39.529747009277344 -5.481316566467285
endloop
endfacet
facet normal 0.5735770951749799 -0.8191515829751123 0
outer loop
vertex -0.7231681942939758 40.727020263671875 -8.617622375488281
vertex 0.8474955558776855 41.826812744140625 -8.525270462036133
vertex -0.7231681942939758 40.727020263671875 -5.446519374847412
endloop
endfacet
facet normal 0.7071057178816706 -0.7071078444898254 0
outer loop
vertex -2.078993320465088 39.37119674682617 -8.731473922729492
vertex -1.9204425811767578 39.529747009277344 -5.481316566467285
vertex -2.078993320465088 39.37119674682617 -5.446519374847412
endloop
endfacet
facet normal 0.8191519992174643 0.5735765007198529 0
outer loop
vertex -2.078993320465088 25.229869842529297 -5.446519374847412
vertex -3.178783893585205 26.800533294677734 -9.787062644958496
vertex -3.178783893585205 26.800533294677734 -5.386653900146484
endloop
endfacet
facet normal 0.7071099710723974 0.7071035912863074 0
outer loop
vertex -1.9204425811767578 25.071317672729492 -5.481316566467285
vertex -2.078993320465088 25.229869842529297 -9.918954849243164
vertex -2.078993320465088 25.229869842529297 -5.446519374847412
endloop
endfacet
facet normal 0.7071065580205506 0.707107004352432 2.4388894819923543e-7
outer loop
vertex -0.8817189335823059 24.032594680786133 -5.481316566467285
vertex -2.078993320465088 25.229869842529297 -9.918954849243164
vertex -1.9204425811767578 25.071317672729492 -5.481316566467285
endloop
endfacet
facet normal -0.2588321529039201 -0.9659223139689453 0
outer loop
vertex 9.892278671264648 42.69541549682617 -5.575359344482422
vertex 10.10971736907959 42.637149810791016 -8.457223892211914
vertex 10.10971736907959 42.637149810791016 -5.545279026031494
endloop
endfacet
facet normal 0.8191519992174643 -0.5735765007198528 0
outer loop
vertex -3.178783893585205 37.800533294677734 -5.386653900146484
vertex -2.078993320465088 39.37119674682617 -8.731473922729492
vertex -2.078993320465088 39.37119674682617 -5.446519374847412
endloop
endfacet
facet normal 0.707106558020569 -0.7071070043524504 8.49434528873478e-8
outer loop
vertex -1.9204425811767578 39.529747009277344 -5.481316566467285
vertex -0.7231681942939758 40.727020263671875 -8.617622375488281
vertex -0.8817189335823059 40.5684700012207 -5.481316566467285
endloop
endfacet
facet normal 0.7071057178816705 -0.7071078444898253 0
outer loop
vertex -0.8817189335823059 40.5684700012207 -5.481316566467285
vertex -0.7231681942939758 40.727020263671875 -8.617622375488281
vertex -0.7231681942939758 40.727020263671875 -5.446519374847412
endloop
endfacet
facet normal -0.9063076106562932 0.42261863998938914 0
outer loop
vertex 16.606225967407227 28.371278762817383 -5.549038887023926
vertex 15.873774528503418 26.800533294677734 -9.787062644958496
vertex 15.873774528503418 26.800533294677734 -5.386653900146484
endloop
endfacet
facet normal 0.5735764276922123 0.8191520503519725 0
outer loop
vertex -0.7231681942939758 23.87404441833496 -10.032806396484375
vertex -0.7231681942939758 23.87404441833496 -5.446519374847412
vertex 0.8474955558776855 22.774253845214844 -5.386653900146484
endloop
endfacet
facet normal -0.7071064565815147 0.707107105791431 -2.2615101088120805e-8
outer loop
vertex 14.615433692932129 25.071317672729492 -5.481316566467285
vertex 13.418159484863281 23.87404441833496 -10.032806396484375
vertex 13.576709747314453 24.032594680786133 -5.481316566467285
endloop
endfacet
facet normal -0.7071067811865475 0.7071067811865475 0
outer loop
vertex 13.418159484863281 23.87404441833496 -10.032806396484375
vertex 13.418159484863281 23.87404441833496 -5.446519374847412
vertex 13.576709747314453 24.032594680786133 -5.481316566467285
endloop
endfacet
facet normal -0.5735762670314524 0.8191521628478217 0
outer loop
vertex 13.418159484863281 23.87404441833496 -5.446519374847412
vertex 11.847495079040527 22.774253845214844 -10.125158309936523
vertex 11.847495079040527 22.774253845214844 -5.386653900146484
endloop
endfacet
facet normal -0.906305782194501 -0.4226225611119381 0
outer loop
vertex 16.684114456176758 36.0627555847168 -9.009291648864746
vertex 16.684114456176758 36.0627555847168 -5.545279026031494
vertex 16.606225967407227 36.22978591918945 -5.549038887023926
endloop
endfacet
facet normal -0.9659274018819565 -0.2588131648382155 0
outer loop
vertex 16.74237632751465 35.845314025878906 -5.575359344482422
vertex 16.684114456176758 36.0627555847168 -5.545279026031494
vertex 16.684114456176758 36.0627555847168 -9.009291648864746
endloop
endfacet
facet normal -0.4226188748716578 0.906307501128733 -7.462230474470115e-8
outer loop
vertex 11.847495079040527 22.774253845214844 -5.386653900146484
vertex 10.10971736907959 21.963912963867188 -10.193204879760742
vertex 10.276748657226562 22.04180145263672 -5.549038887023926
endloop
endfacet
facet normal -0.9659259326723527 0.25881864807435184 -1.0182428200434477e-7
outer loop
vertex 17.18037986755371 30.39040184020996 -9.485612869262695
vertex 16.684114456176758 28.538311004638672 -9.64113712310791
vertex 16.915008544921875 29.400022506713867 -5.536246299743652
endloop
endfacet
facet normal -0.9063076126396713 0.42261863573602554 1.9192152585544753e-9
outer loop
vertex 16.684114456176758 28.538311004638672 -9.64113712310791
vertex 15.873774528503418 26.800533294677734 -9.787062644958496
vertex 16.606225967407227 28.371278762817383 -5.549038887023926
endloop
endfacet
facet normal -0.8191519992174643 0.5735765007198529 0
outer loop
vertex 15.873774528503418 26.800533294677734 -9.787062644958496
vertex 14.7739839553833 25.229869842529297 -9.918954849243164
vertex 15.873774528503418 26.800533294677734 -5.386653900146484
endloop
endfacet
facet normal -0.7071070418510215 0.70710652052192 2.852963014645036e-7
outer loop
vertex 14.7739839553833 25.229869842529297 -9.918954849243164
vertex 13.418159484863281 23.87404441833496 -10.032806396484375
vertex 14.615433692932129 25.071317672729492 -5.481316566467285
endloop
endfacet
facet normal -0.5735762670314523 0.8191521628478216 0
outer loop
vertex 13.418159484863281 23.87404441833496 -10.032806396484375
vertex 11.847495079040527 22.774253845214844 -10.125158309936523
vertex 13.418159484863281 23.87404441833496 -5.446519374847412
endloop
endfacet
facet normal -0.4226190444065459 0.9063074220731604 0
outer loop
vertex 11.847495079040527 22.774253845214844 -10.125158309936523
vertex 10.10971736907959 21.963912963867188 -10.193204879760742
vertex 11.847495079040527 22.774253845214844 -5.386653900146484
endloop
endfacet
facet normal 0.42261888120830726 0.9063074981739028 0
outer loop
vertex 2.4182419776916504 22.04180145263672 -5.549038887023926
vertex 0.8474955558776855 22.774253845214844 -10.125158309936523
vertex 0.8474955558776855 22.774253845214844 -5.386653900146484
endloop
endfacet
facet normal 0.42261890125847573 0.9063074888243388 -8.378680128048359e-9
outer loop
vertex 2.4182419776916504 22.04180145263672 -5.549038887023926
vertex 2.5852739810943604 21.963912963867188 -10.193204879760742
vertex 0.8474955558776855 22.774253845214844 -10.125158309936523
endloop
endfacet
facet normal 0.5735764276922123 0.8191520503519725 0
outer loop
vertex 0.8474955558776855 22.774253845214844 -10.125158309936523
vertex -0.7231681942939758 23.87404441833496 -10.032806396484375
vertex 0.8474955558776855 22.774253845214844 -5.386653900146484
endloop
endfacet
facet normal 0.7071057178816706 0.7071078444898254 0
outer loop
vertex -0.7231681942939758 23.87404441833496 -10.032806396484375
vertex -0.8817189335823059 24.032594680786133 -5.481316566467285
vertex -0.7231681942939758 23.87404441833496 -5.446519374847412
endloop
endfacet
facet normal 0.9659258084959287 0.25881911150739534 -9.38893252218304e-8
outer loop
vertex -3.9891233444213867 28.538311004638672 -9.64113712310791
vertex -4.485389709472656 30.39040184020996 -9.485612869262695
vertex -4.220017910003662 29.400022506713867 -5.536246299743652
endloop
endfacet
facet normal -0.2588187943906356 0.9659258934670806 0
outer loop
vertex 9.248005867004395 21.73301887512207 -5.536246299743652
vertex 8.257625579833984 21.467647552490234 -10.234877586364746
vertex 8.257625579833984 21.467647552490234 -5.442880630493164
endloop
endfacet
facet normal -0.08715550200261715 0.9961947191541781 0
outer loop
vertex 8.257625579833984 21.467647552490234 -5.442880630493164
vertex 6.3474955558776855 21.300533294677734 -10.248909950256348
vertex 6.3474955558776855 21.300533294677734 -5.504171371459961
endloop
endfacet
facet normal -0.4226205791053225 0.9063067064281727 0
outer loop
vertex 10.10971736907959 21.963912963867188 -10.193204879760742
vertex 10.10971736907959 21.963912963867188 -5.545279026031494
vertex 10.276748657226562 22.04180145263672 -5.549038887023926
endloop
endfacet
facet normal -0.25881634214584237 0.965926550540074 0
outer loop
vertex 9.892278671264648 21.905651092529297 -5.575359344482422
vertex 10.10971736907959 21.963912963867188 -5.545279026031494
vertex 10.10971736907959 21.963912963867188 -10.193204879760742
endloop
endfacet
facet normal -0.9659257843373883 -0.25881920166794725 -4.097048852827381e-7
outer loop
vertex 16.684114456176758 36.0627555847168 -9.009291648864746
vertex 16.915008544921875 35.20104217529297 -5.536246299743652
vertex 16.74237632751465 35.845314025878906 -5.575359344482422
endloop
endfacet
facet normal -0.965925831160472 -0.2588190269221939 0
outer loop
vertex 16.915008544921875 35.20104217529297 -5.536246299743652
vertex 17.18037986755371 34.210662841796875 -9.164815902709961
vertex 17.18037986755371 34.210662841796875 -5.442880630493164
endloop
endfacet
facet normal -0.9961946308970974 -0.08715651078258997 0
outer loop
vertex 17.18037986755371 34.210662841796875 -5.442880630493164
vertex 17.347496032714844 32.300533294677734 -9.325214385986328
vertex 17.347496032714844 32.300533294677734 -5.504171371459961
endloop
endfacet
facet normal -0.25881882811851337 0.9659258844297235 -1.254601288633125e-7
outer loop
vertex 10.10971736907959 21.963912963867188 -10.193204879760742
vertex 9.248005867004395 21.73301887512207 -5.536246299743652
vertex 9.892278671264648 21.905651092529297 -5.575359344482422
endloop
endfacet
facet normal 0.08715550200261715 0.9961947191541781 0
outer loop
vertex 6.3474955558776855 21.300533294677734 -5.504171371459961
vertex 4.437365531921387 21.467647552490234 -10.234877586364746
vertex 4.437365531921387 21.467647552490234 -5.442880630493164
endloop
endfacet
facet normal 0.25881873625780893 0.9659259090437065 0
outer loop
vertex 4.437365531921387 21.467647552490234 -10.234877586364746
vertex 3.4469850063323975 21.73301887512207 -5.536246299743652
vertex 4.437365531921387 21.467647552490234 -5.442880630493164
endloop
endfacet
facet normal 0.25881900735536056 0.9659258364033793 -1.345057175529083e-7
outer loop
vertex 3.4469850063323975 21.73301887512207 -5.536246299743652
vertex 2.5852739810943604 21.963912963867188 -10.193204879760742
vertex 2.8027126789093018 21.905651092529297 -5.575359344482422
endloop
endfacet
facet normal -0.9961946384534199 0.08715642441415304 0
outer loop
vertex 17.347496032714844 32.300533294677734 -5.504171371459961
vertex 17.18037986755371 30.39040184020996 -9.485612869262695
vertex 17.18037986755371 30.39040184020996 -5.442880630493164
endloop
endfacet
facet normal 0.25881634214584237 0.965926550540074 0
outer loop
vertex 2.5852739810943604 21.963912963867188 -10.193204879760742
vertex 2.5852739810943604 21.963912963867188 -5.545279026031494
vertex 2.8027126789093018 21.905651092529297 -5.575359344482422
endloop
endfacet
facet normal 0.42261909261123437 0.906307399594893 0
outer loop
vertex 2.5852739810943604 21.963912963867188 -10.193204879760742
vertex 2.4182419776916504 22.04180145263672 -5.549038887023926
vertex 2.5852739810943604 21.963912963867188 -5.545279026031494
endloop
endfacet
facet normal -0.25881851442608755 0.9659259684832315 -6.324788785183859e-8
outer loop
vertex 10.10971736907959 21.963912963867188 -10.193204879760742
vertex 8.257625579833984 21.467647552490234 -10.234877586364746
vertex 9.248005867004395 21.73301887512207 -5.536246299743652
endloop
endfacet
facet normal -0.08715550200261715 0.9961947191541781 0
outer loop
vertex 8.257625579833984 21.467647552490234 -10.234877586364746
vertex 6.3474955558776855 21.300533294677734 -10.248909950256348
vertex 8.257625579833984 21.467647552490234 -5.442880630493164
endloop
endfacet
facet normal 0.08715550200261715 0.9961947191541781 0
outer loop
vertex 6.3474955558776855 21.300533294677734 -10.248909950256348
vertex 4.437365531921387 21.467647552490234 -10.234877586364746
vertex 6.3474955558776855 21.300533294677734 -5.504171371459961
endloop
endfacet
facet normal 0.258818545936936 0.9659259600399445 -4.299614356100223e-8
outer loop
vertex 4.437365531921387 21.467647552490234 -10.234877586364746
vertex 2.5852739810943604 21.963912963867188 -10.193204879760742
vertex 3.4469850063323975 21.73301887512207 -5.536246299743652
endloop
endfacet
facet normal -0.8191519992174643 -0.5735765007198529 0
outer loop
vertex 15.873774528503418 37.800533294677734 -8.86336612701416
vertex 15.873774528503418 37.800533294677734 -5.386653900146484
vertex 14.7739839553833 39.37119674682617 -5.446519374847412
endloop
endfacet
facet normal -0.906307612577943 -0.42261863586840237 0
outer loop
vertex 15.873774528503418 37.800533294677734 -8.86336612701416
vertex 16.684114456176758 36.0627555847168 -9.009291648864746
vertex 15.873774528503418 37.800533294677734 -5.386653900146484
endloop
endfacet
facet normal 0.9659257148945086 0.25881946083231894 0
outer loop
vertex -4.220017910003662 29.400022506713867 -5.536246299743652
vertex -4.485389709472656 30.39040184020996 -9.485612869262695
vertex -4.485389709472656 30.39040184020996 -5.442880630493164
endloop
endfacet
facet normal 0.9063081261439295 0.42261753452203005 0
outer loop
vertex -3.9112350940704346 28.371278762817383 -5.549038887023926
vertex -3.9891233444213867 28.538311004638672 -9.64113712310791
vertex -3.9891233444213867 28.538311004638672 -5.545279026031494
endloop
endfacet
facet normal -0.4226035773591874 -0.9063146343313767 0
outer loop
vertex 10.10971736907959 42.637149810791016 -5.545279026031494
vertex 10.10971736907959 42.637149810791016 -8.457223892211914
vertex 10.276748657226562 42.55926513671875 -5.549038887023926
endloop
endfacet
facet normal 0.906307707830295 0.42261843159923396 0
outer loop
vertex -3.178783893585205 26.800533294677734 -9.787062644958496
vertex -3.9891233444213867 28.538311004638672 -9.64113712310791
vertex -3.178783893585205 26.800533294677734 -5.386653900146484
endloop
endfacet
facet normal 0.8191519992174643 0.5735765007198529 0
outer loop
vertex -2.078993320465088 25.229869842529297 -9.918954849243164
vertex -3.178783893585205 26.800533294677734 -9.787062644958496
vertex -2.078993320465088 25.229869842529297 -5.446519374847412
endloop
endfacet
facet normal -0.96592600543924 -0.25881837650398226 -1.902703868518547e-7
outer loop
vertex 16.684114456176758 36.0627555847168 -9.009291648864746
vertex 17.18037986755371 34.210662841796875 -9.164815902709961
vertex 16.915008544921875 35.20104217529297 -5.536246299743652
endloop
endfacet
facet normal -0.9961946308970975 -0.08715651078258997 0
outer loop
vertex 17.18037986755371 34.210662841796875 -9.164815902709961
vertex 17.347496032714844 32.300533294677734 -9.325214385986328
vertex 17.18037986755371 34.210662841796875 -5.442880630493164
endloop
endfacet
facet normal -0.9961946384534199 0.08715642441415306 0
outer loop
vertex 17.347496032714844 32.300533294677734 -9.325214385986328
vertex 17.18037986755371 30.39040184020996 -9.485612869262695
vertex 17.347496032714844 32.300533294677734 -5.504171371459961
endloop
endfacet
facet normal -0.2588203731847949 -0.9659254704295152 -5.782228034641661e-8
outer loop
vertex 8.257625579833984 43.133419036865234 -8.41555118560791
vertex 10.10971736907959 42.637149810791016 -8.457223892211914
vertex 9.248005867004395 42.868045806884766 -5.536246299743652
endloop
endfacet
facet normal 0.7071068622483716 0.7071067001247097 7.972764730721393e-8
outer loop
vertex -0.7231681942939758 23.87404441833496 -10.032806396484375
vertex -2.078993320465088 25.229869842529297 -9.918954849243164
vertex -0.8817189335823059 24.032594680786133 -5.481316566467285
endloop
endfacet
facet normal -0.08715550200261715 -0.9961947191541781 0
outer loop
vertex 6.3474955558776855 43.300533294677734 -8.401518821716309
vertex 8.257625579833984 43.133419036865234 -8.41555118560791
vertex 6.3474955558776855 43.300533294677734 -5.504171371459961
endloop
endfacet
facet normal 0.08715550200261715 -0.9961947191541781 0
outer loop
vertex 4.437365531921387 43.133419036865234 -8.41555118560791
vertex 6.3474955558776855 43.300533294677734 -8.401518821716309
vertex 4.437365531921387 43.133419036865234 -5.442880630493164
endloop
endfacet
facet normal 0.2588204035854943 -0.9659254622836285 -2.5183310089014693e-8
outer loop
vertex 2.5852739810943604 42.637149810791016 -8.457223892211914
vertex 4.437365531921387 43.133419036865234 -8.41555118560791
vertex 3.4469850063323975 42.868045806884766 -5.536246299743652
endloop
endfacet
facet normal -0.9659258311604718 0.25881902692219383 0
outer loop
vertex 16.915008544921875 29.400022506713867 -5.536246299743652
vertex 17.18037986755371 30.39040184020996 -5.442880630493164
vertex 17.18037986755371 30.39040184020996 -9.485612869262695
endloop
endfacet
facet normal -0.965925787155727 0.2588191911499977 -2.2401351451163616e-7
outer loop
vertex 16.915008544921875 29.400022506713867 -5.536246299743652
vertex 16.684114456176758 28.538311004638672 -9.64113712310791
vertex 16.74237632751465 28.75575065612793 -5.575359344482422
endloop
endfacet
facet normal 0.4226172673741553 -0.9063082507167204 0
outer loop
vertex 0.8474955558776855 41.826812744140625 -8.525270462036133
vertex 2.5852739810943604 42.637149810791016 -8.457223892211914
vertex 0.8474955558776855 41.826812744140625 -5.386653900146484
endloop
endfacet
facet normal 0.9961947032294127 0.08715568402383327 0
outer loop
vertex -4.485389709472656 30.39040184020996 -5.442880630493164
vertex -4.485389709472656 30.39040184020996 -9.485612869262695
vertex -4.6525044441223145 32.300533294677734 -9.325214385986328
endloop
endfacet
facet normal -0.9659268343241852 0.2588152830349432 0
outer loop
vertex 16.684114456176758 28.538311004638672 -9.64113712310791
vertex 16.684114456176758 28.538311004638672 -5.545279026031494
vertex 16.74237632751465 28.75575065612793 -5.575359344482422
endloop
endfacet
facet normal -0.906307630648841 0.42261859711527605 0
outer loop
vertex 16.684114456176758 28.538311004638672 -9.64113712310791
vertex 16.606225967407227 28.371278762817383 -5.549038887023926
vertex 16.684114456176758 28.538311004638672 -5.545279026031494
endloop
endfacet
facet normal 0.31321890716405476 -0.4915547288119112 0.8125686831139898
outer loop
vertex -0.9955061674118042 42.779361724853516 -4.099999904632568
vertex -0.7231681942939758 40.727020263671875 -5.446519374847412
vertex -0.6443172097206116 43.00313949584961 -4.099999904632568
endloop
endfacet
facet normal 0.7051591102900211 -0.07417046817953847 0.7051591102900211
outer loop
vertex -6.26715612411499 33.75664138793945 -4.099999904632568
vertex -6.420313358306885 32.300533294677734 -4.099999904632568
vertex -5.865468978881836 32.300533294677734 -4.654844284057617
endloop
endfacet
facet normal 0.6258856673966909 0.12093027732790217 0.7704823160675368
outer loop
vertex -6.26715612411499 30.844425201416016 -4.099999904632568
vertex -4.220017910003662 29.400022506713867 -5.536246299743652
vertex -5.865468978881836 32.300533294677734 -4.654844284057617
endloop
endfacet
facet normal 0.6071082076618445 0.2662454086877537 0.748687522630312
outer loop
vertex -5.861064910888672 28.742666244506836 -4.099999904632568
vertex -3.9891233444213867 28.538311004638672 -5.545279026031494
vertex -4.0473856925964355 28.75575065612793 -5.575359344482422
endloop
endfacet
facet normal 0.2662468125095867 0.6071076740830779 0.7486874560842597
outer loop
vertex 2.5852739810943604 21.963912963867188 -5.545279026031494
vertex 2.4182419776916504 22.04180145263672 -5.549038887023926
vertex -0.6443172097206116 21.597925186157227 -4.099999904632568
endloop
endfacet
facet normal 0.2662456085792775 0.6071106045713045 0.7486855078932109
outer loop
vertex 2.8027126789093018 21.905651092529297 -5.575359344482422
vertex 2.5852739810943604 21.963912963867188 -5.545279026031494
vertex -0.6443172097206116 21.597925186157227 -4.099999904632568
endloop
endfacet
facet normal 0.07624302270573284 0.5719068355940579 0.816767759457659
outer loop
vertex 4.437365531921387 21.467647552490234 -5.442880630493164
vertex 3.4469850063323975 21.73301887512207 -5.536246299743652
vertex 6.3474955558776855 20.087568283081055 -4.654844284057617
endloop
endfacet
facet normal 0.12093047253430035 0.625885836132229 0.7704821483601625
outer loop
vertex 3.4469850063323975 21.73301887512207 -5.536246299743652
vertex 2.8027126789093018 21.905651092529297 -5.575359344482422
vertex 2.789628505706787 20.09197235107422 -4.099999904632568
endloop
endfacet
facet normal 0.26624654904026573 0.6071081212007258 0.7486871872125729
outer loop
vertex 2.8027126789093018 21.905651092529297 -5.575359344482422
vertex -0.6443172097206116 21.597925186157227 -4.099999904632568
vertex 2.789628505706787 20.09197235107422 -4.099999904632568
endloop
endfacet
facet normal 0.12093014422934334 0.6258856258849492 0.7704823706790932
outer loop
vertex 6.3474955558776855 20.087568283081055 -4.654844284057617
vertex 3.4469850063323975 21.73301887512207 -5.536246299743652
vertex 4.891387939453125 19.685880661010742 -4.099999904632568
endloop
endfacet
facet normal 0.12093059611043964 0.6258857972788255 0.7704821605261362
outer loop
vertex 4.891387939453125 19.685880661010742 -4.099999904632568
vertex 3.4469850063323975 21.73301887512207 -5.536246299743652
vertex 2.789628505706787 20.09197235107422 -4.099999904632568
endloop
endfacet
facet normal 0.4915543025064277 0.31321973787469987 0.8125686207903451
outer loop
vertex -3.178783893585205 26.800533294677734 -5.386653900146484
vertex -3.9112350940704346 28.371278762817383 -5.549038887023926
vertex -4.355112075805664 25.308719635009766 -4.099999904632568
endloop
endfacet
facet normal 0.45490743021018093 0.45490737832992034 0.7655837688199563
outer loop
vertex -0.9955061674118042 21.82170295715332 -4.099999904632568
vertex -0.8817189335823059 24.032594680786133 -5.481316566467285
vertex -4.131333827972412 24.957530975341797 -4.099999904632568
endloop
endfacet
facet normal 0.49155456572577133 0.31321973647026913 0.812568462100052
outer loop
vertex -4.131333827972412 24.957530975341797 -4.099999904632568
vertex -2.078993320465088 25.229869842529297 -5.446519374847412
vertex -4.355112075805664 25.308719635009766 -4.099999904632568
endloop
endfacet
facet normal 0.45490743911365444 0.45490772625523285 0.7655835567933462
outer loop
vertex -0.8817189335823059 24.032594680786133 -5.481316566467285
vertex -1.9204425811767578 25.071317672729492 -5.481316566467285
vertex -4.131333827972412 24.957530975341797 -4.099999904632568
endloop
endfacet
facet normal 0.31321856718732444 0.4915548226587458 0.812568757392289
outer loop
vertex -0.7231681942939758 23.87404441833496 -5.446519374847412
vertex -0.8817189335823059 24.032594680786133 -5.481316566467285
vertex -0.9955061674118042 21.82170295715332 -4.099999904632568
endloop
endfacet
facet normal 0.3132193711879886 0.4915546007230902 0.8125685817336062
outer loop
vertex 0.8474955558776855 22.774253845214844 -5.386653900146484
vertex -0.7231681942939758 23.87404441833496 -5.446519374847412
vertex -0.9955061674118042 21.82170295715332 -4.099999904632568
endloop
endfacet
facet normal 0.0762430231261095 0.5719068359936974 0.8167677591385875
outer loop
vertex 4.437365531921387 21.467647552490234 -5.442880630493164
vertex 6.3474955558776855 20.087568283081055 -4.654844284057617
vertex 6.3474955558776855 21.300533294677734 -5.504171371459961
endloop
endfacet
facet normal -0.0762430231261095 0.5719068359936974 0.8167677591385875
outer loop
vertex 8.257625579833984 21.467647552490234 -5.442880630493164
vertex 6.3474955558776855 21.300533294677734 -5.504171371459961
vertex 6.3474955558776855 20.087568283081055 -4.654844284057617
endloop
endfacet
facet normal 0.49155460836184484 0.3132194371127479 0.8125685517007206
outer loop
vertex -2.078993320465088 25.229869842529297 -5.446519374847412
vertex -3.178783893585205 26.800533294677734 -5.386653900146484
vertex -4.355112075805664 25.308719635009766 -4.099999904632568
endloop
endfacet
facet normal -0.07624304994918024 0.5719068614935843 0.816767738779517
outer loop
vertex 8.257625579833984 21.467647552490234 -5.442880630493164
vertex 6.3474955558776855 20.087568283081055 -4.654844284057617
vertex 9.248005867004395 21.73301887512207 -5.536246299743652
endloop
endfacet
facet normal -0.1209303416883677 0.6258857097503577 0.770482271560758
outer loop
vertex 9.892278671264648 21.905651092529297 -5.575359344482422
vertex 9.248005867004395 21.73301887512207 -5.536246299743652
vertex 7.803602695465088 19.685880661010742 -4.099999904632568
endloop
endfacet
facet normal -0.26624528286577304 0.6071084106700066 0.7486874027559585
outer loop
vertex 10.10971736907959 21.963912963867188 -5.545279026031494
vertex 9.892278671264648 21.905651092529297 -5.575359344482422
vertex 9.905362129211426 20.09197235107422 -4.099999904632568
endloop
endfacet
facet normal 0.4915551746426754 0.3132175305639015 0.8125689440468793
outer loop
vertex -1.9204425811767578 25.071317672729492 -5.481316566467285
vertex -2.078993320465088 25.229869842529297 -5.446519374847412
vertex -4.131333827972412 24.957530975341797 -4.099999904632568
endloop
endfacet
facet normal 0.6258857407098676 0.12093047061861813 0.770482226175283
outer loop
vertex -4.220017910003662 29.400022506713867 -5.536246299743652
vertex -6.26715612411499 30.844425201416016 -4.099999904632568
vertex -5.861064910888672 28.742666244506836 -4.099999904632568
endloop
endfacet
facet normal -0.26624817779147625 0.6071081162120079 0.7486866120428664
outer loop
vertex 10.276748657226562 22.04180145263672 -5.549038887023926
vertex 10.10971736907959 21.963912963867188 -5.545279026031494
vertex 9.905362129211426 20.09197235107422 -4.099999904632568
endloop
endfacet
facet normal -0.1209301710265021 0.6258856450200309 0.770482350929183
outer loop
vertex 7.803602695465088 19.685880661010742 -4.099999904632568
vertex 9.248005867004395 21.73301887512207 -5.536246299743652
vertex 6.3474955558776855 20.087568283081055 -4.654844284057617
endloop
endfacet
facet normal -0.1209306070547897 0.6258858539221687 0.7704821127952796
outer loop
vertex 9.905362129211426 20.09197235107422 -4.099999904632568
vertex 9.892278671264648 21.905651092529297 -5.575359344482422
vertex 7.803602695465088 19.685880661010742 -4.099999904632568
endloop
endfacet
facet normal 0.3132198704648178 0.4915541910246184 0.8125686371206654
outer loop
vertex 0.8474955558776855 22.774253845214844 -5.386653900146484
vertex -0.6443172097206116 21.597925186157227 -4.099999904632568
vertex 2.4182419776916504 22.04180145263672 -5.549038887023926
endloop
endfacet
facet normal -0.266246583671855 0.6071081896314642 0.7486871194066798
outer loop
vertex 10.276748657226562 22.04180145263672 -5.549038887023926
vertex 9.905362129211426 20.09197235107422 -4.099999904632568
vertex 13.33930778503418 21.597925186157227 -4.099999904632568
endloop
endfacet
facet normal -0.3132198731236031 0.4915541978719369 0.8125686319535789
outer loop
vertex 11.847495079040527 22.774253845214844 -5.386653900146484
vertex 10.276748657226562 22.04180145263672 -5.549038887023926
vertex 13.33930778503418 21.597925186157227 -4.099999904632568
endloop
endfacet
facet normal -0.3132193404254102 0.4915547395910915 0.8125685095848874
outer loop
vertex 13.418159484863281 23.87404441833496 -5.446519374847412
vertex 11.847495079040527 22.774253845214844 -5.386653900146484
vertex 13.33930778503418 21.597925186157227 -4.099999904632568
endloop
endfacet
facet normal -0.3132193402388229 0.49155461577829634 0.8125685845560409
outer loop
vertex 13.576709747314453 24.032594680786133 -5.481316566467285
vertex 13.418159484863281 23.87404441833496 -5.446519374847412
vertex 13.690497398376465 21.82170295715332 -4.099999904632568
endloop
endfacet
facet normal -0.4549070234529213 0.4549074411130174 0.7655839732081714
outer loop
vertex 14.615433692932129 25.071317672729492 -5.481316566467285
vertex 13.576709747314453 24.032594680786133 -5.481316566467285
vertex 13.690497398376465 21.82170295715332 -4.099999904632568
endloop
endfacet
facet normal 0.31322000398765154 -0.49155453489346973 0.812568377632086
outer loop
vertex 0.8474955558776855 41.826812744140625 -5.386653900146484
vertex 2.4182419776916504 42.55926513671875 -5.549038887023926
vertex -0.6443172097206116 43.00313949584961 -4.099999904632568
endloop
endfacet
facet normal 0.26623338415405023 -0.6071087974873862 0.7486913203552595
outer loop
vertex 2.4182419776916504 42.55926513671875 -5.549038887023926
vertex 2.5852739810943604 42.637149810791016 -5.545279026031494
vertex 2.789628505706787 44.50909423828125 -4.099999904632568
endloop
endfacet
facet normal 0.0762449374550333 -0.5719092205359597 0.8167659107592756
outer loop
vertex 4.437365531921387 43.133419036865234 -5.442880630493164
vertex 6.3474955558776855 44.51349639892578 -4.654844284057617
vertex 3.4469850063323975 42.868045806884766 -5.536246299743652
endloop
endfacet
facet normal 0.2662551629429815 -0.6071065822889595 0.7486853718002144
outer loop
vertex 2.789628505706787 44.50909423828125 -4.099999904632568
vertex 2.5852739810943604 42.637149810791016 -5.545279026031494
vertex 2.8027126789093018 42.69541549682617 -5.575359344482422
endloop
endfacet
facet normal 0.1209286492278099 -0.6258859842205416 0.7704823142371413
outer loop
vertex 2.789628505706787 44.50909423828125 -4.099999904632568
vertex 2.8027126789093018 42.69541549682617 -5.575359344482422
vertex 3.4469850063323975 42.868045806884766 -5.536246299743652
endloop
endfacet
facet normal 0.26624690967766423 -0.6071081746169422 0.7486870156483134
outer loop
vertex -0.6443172097206116 43.00313949584961 -4.099999904632568
vertex 2.4182419776916504 42.55926513671875 -5.549038887023926
vertex 2.789628505706787 44.50909423828125 -4.099999904632568
endloop
endfacet
facet normal 0.12093014422934334 -0.6258856258849492 0.7704823706790932
outer loop
vertex 3.4469850063323975 42.868045806884766 -5.536246299743652
vertex 6.3474955558776855 44.51349639892578 -4.654844284057617
vertex 4.891387939453125 44.915184020996094 -4.099999904632568
endloop
endfacet
facet normal 0.12092998320200425 -0.6258855648088881 0.7704824455668162
outer loop
vertex 2.789628505706787 44.50909423828125 -4.099999904632568
vertex 3.4469850063323975 42.868045806884766 -5.536246299743652
vertex 4.891387939453125 44.915184020996094 -4.099999904632568
endloop
endfacet
facet normal 0.3132190779974601 0.49155499691184484 0.8125684550789658
outer loop
vertex -0.9955061674118042 21.82170295715332 -4.099999904632568
vertex -0.6443172097206116 21.597925186157227 -4.099999904632568
vertex 0.8474955558776855 22.774253845214844 -5.386653900146484
endloop
endfacet
facet normal 0.07624306213434091 -0.5719074377262281 0.8167673341593673
outer loop
vertex 4.437365531921387 43.133419036865234 -5.442880630493164
vertex 6.3474955558776855 43.300533294677734 -5.504171371459961
vertex 6.3474955558776855 44.51349639892578 -4.654844284057617
endloop
endfacet
facet normal -0.07624306213434091 -0.5719074377262281 0.8167673341593673
outer loop
vertex 6.3474955558776855 44.51349639892578 -4.654844284057617
vertex 6.3474955558776855 43.300533294677734 -5.504171371459961
vertex 8.257625579833984 43.133419036865234 -5.442880630493164
endloop
endfacet
facet normal -0.07624496469923998 -0.5719092464361574 0.8167658900804062
outer loop
vertex 8.257625579833984 43.133419036865234 -5.442880630493164
vertex 9.248005867004395 42.868045806884766 -5.536246299743652
vertex 6.3474955558776855 44.51349639892578 -4.654844284057617
endloop
endfacet
facet normal -0.12092857012135905 -0.6258860193607388 0.7704822981076025
outer loop
vertex 9.248005867004395 42.868045806884766 -5.536246299743652
vertex 9.892278671264648 42.69541549682617 -5.575359344482422
vertex 9.905362129211426 44.50909423828125 -4.099999904632568
endloop
endfacet
facet normal -0.1209301710265021 -0.6258856450200309 0.770482350929183
outer loop
vertex 6.3474955558776855 44.51349639892578 -4.654844284057617
vertex 9.248005867004395 42.868045806884766 -5.536246299743652
vertex 7.803602695465088 44.915184020996094 -4.099999904632568
endloop
endfacet
facet normal -0.12092998507243609 -0.6258855744895004 0.770482437409399
outer loop
vertex 7.803602695465088 44.915184020996094 -4.099999904632568
vertex 9.248005867004395 42.868045806884766 -5.536246299743652
vertex 9.905362129211426 44.50909423828125 -4.099999904632568
endloop
endfacet
facet normal -0.5719062174175775 0.07624290701338288 0.8167682031086098
outer loop
vertex 17.18037986755371 30.39040184020996 -5.442880630493164
vertex 16.915008544921875 29.400022506713867 -5.536246299743652
vertex 18.560461044311523 32.300533294677734 -4.654844284057617
endloop
endfacet
facet normal -0.5719068135823195 0.076243534113025 0.8167677271318169
outer loop
vertex 17.347496032714844 32.300533294677734 -5.504171371459961
vertex 17.18037986755371 30.39040184020996 -5.442880630493164
vertex 18.560461044311523 32.300533294677734 -4.654844284057617
endloop
endfacet
facet normal -0.5719068102626199 -0.07624360980299297 0.8167677223907936
outer loop
vertex 17.18037986755371 34.210662841796875 -5.442880630493164
vertex 17.347496032714844 32.300533294677734 -5.504171371459961
vertex 18.560461044311523 32.300533294677734 -4.654844284057617
endloop
endfacet
facet normal -0.571906106669312 -0.07624286969958871 0.8167682841383603
outer loop
vertex 17.18037986755371 34.210662841796875 -5.442880630493164
vertex 18.560461044311523 32.300533294677734 -4.654844284057617
vertex 16.915008544921875 35.20104217529297 -5.536246299743652
endloop
endfacet
facet normal -0.6258858493370782 0.12093075701518052 0.7704820929829191
outer loop
vertex 18.560461044311523 32.300533294677734 -4.654844284057617
vertex 16.915008544921875 29.400022506713867 -5.536246299743652
vertex 18.962146759033203 30.844425201416016 -4.099999904632568
endloop
endfacet
facet normal -0.6258857899988812 -0.1209307897913862 0.7704821360407443
outer loop
vertex 18.560461044311523 32.300533294677734 -4.654844284057617
vertex 18.962146759033203 33.75664138793945 -4.099999904632568
vertex 16.915008544921875 35.20104217529297 -5.536246299743652
endloop
endfacet
facet normal -0.6258856856594384 -0.12093051469913056 0.7704822639757634
outer loop
vertex 16.74237632751465 35.845314025878906 -5.575359344482422
vertex 16.915008544921875 35.20104217529297 -5.536246299743652
vertex 18.962146759033203 33.75664138793945 -4.099999904632568
endloop
endfacet
facet normal -0.6071085348153745 -0.2662419623872824 0.7486884828942529
outer loop
vertex 16.684114456176758 36.0627555847168 -5.545279026031494
vertex 16.74237632751465 35.845314025878906 -5.575359344482422
vertex 18.55605697631836 35.8583984375 -4.099999904632568
endloop
endfacet
facet normal -0.6071077642406266 -0.2662495382960283 0.7486864136311673
outer loop
vertex 16.606225967407227 36.22978591918945 -5.549038887023926
vertex 16.684114456176758 36.0627555847168 -5.545279026031494
vertex 18.55605697631836 35.8583984375 -4.099999904632568
endloop
endfacet
facet normal -0.49155425895583565 -0.3132194269512954 0.8125687669869432
outer loop
vertex 15.873774528503418 37.800533294677734 -5.386653900146484
vertex 16.606225967407227 36.22978591918945 -5.549038887023926
vertex 17.05010414123535 39.2923469543457 -4.099999904632568
endloop
endfacet
facet normal -0.6258854604782013 -0.12093010022405577 0.7704825119506542
outer loop
vertex 18.55605697631836 35.8583984375 -4.099999904632568
vertex 16.74237632751465 35.845314025878906 -5.575359344482422
vertex 18.962146759033203 33.75664138793945 -4.099999904632568
endloop
endfacet
facet normal -0.6071079160620293 -0.2662462418728308 0.748687462792996
outer loop
vertex 17.05010414123535 39.2923469543457 -4.099999904632568
vertex 16.606225967407227 36.22978591918945 -5.549038887023926
vertex 18.55605697631836 35.8583984375 -4.099999904632568
endloop
endfacet
facet normal -0.3132197685727724 -0.49155449754120567 0.8125684909730574
outer loop
vertex 11.847495079040527 41.826812744140625 -5.386653900146484
vertex 13.418159484863281 40.727020263671875 -5.446519374847412
vertex 13.690497398376465 42.779361724853516 -4.099999904632568
endloop
endfacet
facet normal -0.45490724428651075 -0.4549076619468096 0.7655837107708994
outer loop
vertex 13.576709747314453 40.5684700012207 -5.481316566467285
vertex 14.615433692932129 39.529747009277344 -5.481316566467285
vertex 16.826324462890625 39.64353561401367 -4.099999904632568
endloop
endfacet
facet normal -0.49155465999696135 -0.31321939495739487 0.8125685367141625
outer loop
vertex 16.826324462890625 39.64353561401367 -4.099999904632568
vertex 14.615433692932129 39.529747009277344 -5.481316566467285
vertex 14.7739839553833 39.37119674682617 -5.446519374847412
endloop
endfacet
facet normal -0.3132193402388229 -0.49155461577829634 0.8125685845560409
outer loop
vertex 13.418159484863281 40.727020263671875 -5.446519374847412
vertex 13.576709747314453 40.5684700012207 -5.481316566467285
vertex 13.690497398376465 42.779361724853516 -4.099999904632568
endloop
endfacet
facet normal -0.4549072369512491 -0.45490737529863606 0.765583885454942
outer loop
vertex 13.690497398376465 42.779361724853516 -4.099999904632568
vertex 13.576709747314453 40.5684700012207 -5.481316566467285
vertex 16.826324462890625 39.64353561401367 -4.099999904632568
endloop
endfacet
facet normal -0.26625299768553623 -0.6070919996868102 0.7486979665657815
outer loop
vertex 9.892278671264648 42.69541549682617 -5.575359344482422
vertex 10.10971736907959 42.637149810791016 -5.545279026031494
vertex 13.33930778503418 43.00313949584961 -4.099999904632568
endloop
endfacet
facet normal -0.2662408140994225 -0.6071216558625766 0.7486782512470627
outer loop
vertex 13.33930778503418 43.00313949584961 -4.099999904632568
vertex 10.10971736907959 42.637149810791016 -5.545279026031494
vertex 10.276748657226562 42.55926513671875 -5.549038887023926
endloop
endfacet
facet normal -0.31322000664643856 -0.4915545417407938 0.8125683724649903
outer loop
vertex 13.33930778503418 43.00313949584961 -4.099999904632568
vertex 10.276748657226562 42.55926513671875 -5.549038887023926
vertex 11.847495079040527 41.826812744140625 -5.386653900146484
endloop
endfacet
facet normal -0.26624689176704575 -0.6071081232384772 0.7486870636803076
outer loop
vertex 9.905362129211426 44.50909423828125 -4.099999904632568
vertex 9.892278671264648 42.69541549682617 -5.575359344482422
vertex 13.33930778503418 43.00313949584961 -4.099999904632568
endloop
endfacet
facet normal -0.3132189123158981 -0.4915556546035643 0.8125681210796466
outer loop
vertex 13.33930778503418 43.00313949584961 -4.099999904632568
vertex 11.847495079040527 41.826812744140625 -5.386653900146484
vertex 13.690497398376465 42.779361724853516 -4.099999904632568
endloop
endfacet
facet normal -0.49155440238209597 -0.3132192859134277 0.8125687345884426
outer loop
vertex 14.7739839553833 39.37119674682617 -5.446519374847412
vertex 15.873774528503418 37.800533294677734 -5.386653900146484
vertex 17.05010414123535 39.2923469543457 -4.099999904632568
endloop
endfacet
facet normal 0.6071081364051645 0.2662464863876326 0.7486871971637342
outer loop
vertex -4.355112075805664 25.308719635009766 -4.099999904632568
vertex -3.9112350940704346 28.371278762817383 -5.549038887023926
vertex -5.861064910888672 28.742666244506836 -4.099999904632568
endloop
endfacet
facet normal 0.6071081681469738 0.26624579717622987 0.748687416519885
outer loop
vertex -3.9112350940704346 28.371278762817383 -5.549038887023926
vertex -3.9891233444213867 28.538311004638672 -5.545279026031494
vertex -5.861064910888672 28.742666244506836 -4.099999904632568
endloop
endfacet
facet normal 0.6258856080587436 -0.12093031010402273 0.7704823591251664
outer loop
vertex -4.220017910003662 35.20104217529297 -5.536246299743652
vertex -6.26715612411499 33.75664138793945 -4.099999904632568
vertex -5.865468978881836 32.300533294677734 -4.654844284057617
endloop
endfacet
facet normal 0.6258857230817623 0.12093052668614279 0.7704822316950805
outer loop
vertex -4.0473856925964355 28.75575065612793 -5.575359344482422
vertex -4.220017910003662 29.400022506713867 -5.536246299743652
vertex -5.861064910888672 28.742666244506836 -4.099999904632568
endloop
endfacet
facet normal 0.6258857081812823 -0.12093057407824263 0.7704822363607879
outer loop
vertex -6.26715612411499 33.75664138793945 -4.099999904632568
vertex -4.220017910003662 35.20104217529297 -5.536246299743652
vertex -5.861064910888672 35.8583984375 -4.099999904632568
endloop
endfacet
facet normal 0.5719074367046915 0.0762435956216399 0.8167672850748574
outer loop
vertex -5.865468978881836 32.300533294677734 -4.654844284057617
vertex -4.220017910003662 29.400022506713867 -5.536246299743652
vertex -4.485389709472656 30.39040184020996 -5.442880630493164
endloop
endfacet
facet normal 0.5719069826912131 0.0762431180496462 0.8167676475590229
outer loop
vertex -4.485389709472656 30.39040184020996 -5.442880630493164
vertex -4.6525044441223145 32.300533294677734 -5.504171371459961
vertex -5.865468978881836 32.300533294677734 -4.654844284057617
endloop
endfacet
facet normal 0.5719069793715488 -0.07624319373920597 0.8167676428180519
outer loop
vertex -5.865468978881836 32.300533294677734 -4.654844284057617
vertex -4.6525044441223145 32.300533294677734 -5.504171371459961
vertex -4.485389709472656 34.210662841796875 -5.442880630493164
endloop
endfacet
facet normal 0.5719073259553238 -0.07624355830739328 0.8167673661057094
outer loop
vertex -4.485389709472656 34.210662841796875 -5.442880630493164
vertex -4.220017910003662 35.20104217529297 -5.536246299743652
vertex -5.865468978881836 32.300533294677734 -4.654844284057617
endloop
endfacet
facet normal -0.49155550692763816 0.3132163267995594 0.8125692070435011
outer loop
vertex 14.7739839553833 25.229869842529297 -5.446519374847412
vertex 14.615433692932129 25.071317672729492 -5.481316566467285
vertex 16.826324462890625 24.957530975341797 -4.099999904632568
endloop
endfacet
facet normal -0.31321841340052287 0.4915548716218725 0.8125687870523108
outer loop
vertex 13.690497398376465 21.82170295715332 -4.099999904632568
vertex 13.418159484863281 23.87404441833496 -5.446519374847412
vertex 13.33930778503418 21.597925186157227 -4.099999904632568
endloop
endfacet
facet normal -0.4549075940625178 0.45490745571510643 0.7655836254773609
outer loop
vertex 16.826324462890625 24.957530975341797 -4.099999904632568
vertex 14.615433692932129 25.071317672729492 -5.481316566467285
vertex 13.690497398376465 21.82170295715332 -4.099999904632568
endloop
endfacet
facet normal -0.4915546416211705 0.3132194615267379 0.812568522170028
outer loop
vertex 15.873774528503418 26.800533294677734 -5.386653900146484
vertex 14.7739839553833 25.229869842529297 -5.446519374847412
vertex 16.826324462890625 24.957530975341797 -4.099999904632568
endloop
endfacet
facet normal 0.6258857230817623 -0.12093052668614279 0.7704822316950805
outer loop
vertex -5.861064910888672 35.8583984375 -4.099999904632568
vertex -4.220017910003662 35.20104217529297 -5.536246299743652
vertex -4.0473856925964355 35.845314025878906 -5.575359344482422
endloop
endfacet
facet normal 0.6071140063528073 -0.2662440436387603 0.7486833058891627
outer loop
vertex -3.9891233444213867 36.0627555847168 -5.545279026031494
vertex -4.355112075805664 39.2923469543457 -4.099999904632568
vertex -4.0473856925964355 35.845314025878906 -5.575359344482422
endloop
endfacet
facet normal 0.6071054773276674 -0.26624754761824804 0.7486889760013926
outer loop
vertex -4.355112075805664 39.2923469543457 -4.099999904632568
vertex -3.9891233444213867 36.0627555847168 -5.545279026031494
vertex -3.9112350940704346 36.22978591918945 -5.549038887023926
endloop
endfacet
facet normal -0.4915529530354777 0.31322071112341365 0.8125690619790078
outer loop
vertex 15.873774528503418 26.800533294677734 -5.386653900146484
vertex 16.826324462890625 24.957530975341797 -4.099999904632568
vertex 17.05010414123535 25.308719635009766 -4.099999904632568
endloop
endfacet
facet normal -0.49155399229378205 0.3132196891726959 0.8125688272230263
outer loop
vertex 16.606225967407227 28.371278762817383 -5.549038887023926
vertex 15.873774528503418 26.800533294677734 -5.386653900146484
vertex 17.05010414123535 25.308719635009766 -4.099999904632568
endloop
endfacet
facet normal -0.6071077419830785 0.2662464625745729 0.7486875254675573
outer loop
vertex 16.684114456176758 28.538311004638672 -5.545279026031494
vertex 16.606225967407227 28.371278762817383 -5.549038887023926
vertex 17.05010414123535 25.308719635009766 -4.099999904632568
endloop
endfacet
facet normal -0.607112018745672 0.2662447055505107 0.7486846822667583
outer loop
vertex 16.74237632751465 28.75575065612793 -5.575359344482422
vertex 16.684114456176758 28.538311004638672 -5.545279026031494
vertex 17.05010414123535 25.308719635009766 -4.099999904632568
endloop
endfacet
facet normal -0.6258854333778875 0.12093043388902791 0.7704824815949973
outer loop
vertex 16.915008544921875 29.400022506713867 -5.536246299743652
vertex 16.74237632751465 28.75575065612793 -5.575359344482422
vertex 18.55605697631836 28.742666244506836 -4.099999904632568
endloop
endfacet
facet normal 0.49155456916865053 -0.31321947565325925 0.8125685605540739
outer loop
vertex -4.355112075805664 39.2923469543457 -4.099999904632568
vertex -3.9112350940704346 36.22978591918945 -5.549038887023926
vertex -3.178783893585205 37.800533294677734 -5.386653900146484
endloop
endfacet
facet normal -0.6071077563780992 0.26624631972725565 0.7486875645936978
outer loop
vertex 18.55605697631836 28.742666244506836 -4.099999904632568
vertex 16.74237632751465 28.75575065612793 -5.575359344482422
vertex 17.05010414123535 25.308719635009766 -4.099999904632568
endloop
endfacet
facet normal -0.6258855663574034 0.12093001093722365 0.7704824399557693
outer loop
vertex 16.915008544921875 29.400022506713867 -5.536246299743652
vertex 18.55605697631836 28.742666244506836 -4.099999904632568
vertex 18.962146759033203 30.844425201416016 -4.099999904632568
endloop
endfacet
facet normal 0.6071080484410333 -0.2662462999274392 0.7486873348020975
outer loop
vertex -5.861064910888672 35.8583984375 -4.099999904632568
vertex -4.0473856925964355 35.845314025878906 -5.575359344482422
vertex -4.355112075805664 39.2923469543457 -4.099999904632568
endloop
endfacet
facet normal 0.4915546416211705 -0.3132194615267379 0.812568522170028
outer loop
vertex -3.178783893585205 37.800533294677734 -5.386653900146484
vertex -2.078993320465088 39.37119674682617 -5.446519374847412
vertex -4.131333827972412 39.64353561401367 -4.099999904632568
endloop
endfacet
facet normal 0.49155432770727553 -0.3132205987301543 0.8125682737120444
outer loop
vertex -2.078993320465088 39.37119674682617 -5.446519374847412
vertex -1.9204425811767578 39.529747009277344 -5.481316566467285
vertex -4.131333827972412 39.64353561401367 -4.099999904632568
endloop
endfacet
facet normal 0.45490717107209694 -0.45490745821350614 0.7655838753323564
outer loop
vertex -1.9204425811767578 39.529747009277344 -5.481316566467285
vertex -0.8817189335823059 40.5684700012207 -5.481316566467285
vertex -0.9955061674118042 42.779361724853516 -4.099999904632568
endloop
endfacet
facet normal 0.31321856718732444 -0.4915548226587458 0.812568757392289
outer loop
vertex -0.9955061674118042 42.779361724853516 -4.099999904632568
vertex -0.8817189335823059 40.5684700012207 -5.481316566467285
vertex -0.7231681942939758 40.727020263671875 -5.446519374847412
endloop
endfacet
facet normal 0.31321996087372606 -0.4915545787375592 0.8125683677281575
outer loop
vertex -0.7231681942939758 40.727020263671875 -5.446519374847412
vertex 0.8474955558776855 41.826812744140625 -5.386653900146484
vertex -0.6443172097206116 43.00313949584961 -4.099999904632568
endloop
endfacet
facet normal 0.4915544068713177 -0.313219635247834 0.8125685972153986
outer loop
vertex -4.355112075805664 39.2923469543457 -4.099999904632568
vertex -3.178783893585205 37.800533294677734 -5.386653900146484
vertex -4.131333827972412 39.64353561401367 -4.099999904632568
endloop
endfacet
facet normal 0.4549072350358633 -0.45490745985036607 0.7655838363526973
outer loop
vertex -4.131333827972412 39.64353561401367 -4.099999904632568
vertex -1.9204425811767578 39.529747009277344 -5.481316566467285
vertex -0.9955061674118042 42.779361724853516 -4.099999904632568
endloop
endfacet
facet normal -0.7051593874771331 -0.07417095917715846 0.7051587814582009
outer loop
vertex 18.962146759033203 33.75664138793945 -4.099999904632568
vertex 18.560461044311523 32.300533294677734 -4.654844284057617
vertex 19.115304946899414 32.300533294677734 -4.099999904632568
endloop
endfacet
facet normal -0.7051593874771331 0.07417095917715846 0.7051587814582009
outer loop
vertex 18.962146759033203 30.844425201416016 -4.099999904632568
vertex 19.115304946899414 32.300533294677734 -4.099999904632568
vertex 18.560461044311523 32.300533294677734 -4.654844284057617
endloop
endfacet
facet normal -0.07417008888411937 -0.7051594332470295 0.7051588272280578
outer loop
vertex 6.3474955558776855 45.06834030151367 -4.099999904632568
vertex 6.3474955558776855 44.51349639892578 -4.654844284057617
vertex 7.803602695465088 44.915184020996094 -4.099999904632568
endloop
endfacet
facet normal 0.0741700647289726 -0.7051594345173738 0.7051588284984011
outer loop
vertex 4.891387939453125 44.915184020996094 -4.099999904632568
vertex 6.3474955558776855 44.51349639892578 -4.654844284057617
vertex 6.3474955558776855 45.06834030151367 -4.099999904632568
endloop
endfacet
facet normal -0.49155409569416375 -0.3132214392328961 0.812568090076866
outer loop
vertex 16.826324462890625 39.64353561401367 -4.099999904632568
vertex 14.7739839553833 39.37119674682617 -5.446519374847412
vertex 17.05010414123535 39.2923469543457 -4.099999904632568
endloop
endfacet
facet normal 0.7051591102900211 0.07417046817953847 0.7051591102900211
outer loop
vertex -6.420313358306885 32.300533294677734 -4.099999904632568
vertex -6.26715612411499 30.844425201416016 -4.099999904632568
vertex -5.865468978881836 32.300533294677734 -4.654844284057617
endloop
endfacet
facet normal -0.07417008888411937 0.7051594332470295 0.7051588272280578
outer loop
vertex 7.803602695465088 19.685880661010742 -4.099999904632568
vertex 6.3474955558776855 20.087568283081055 -4.654844284057617
vertex 6.3474955558776855 19.532724380493164 -4.099999904632568
endloop
endfacet
facet normal 0.0741700647289726 0.7051594345173738 0.7051588284984011
outer loop
vertex 4.891387939453125 19.685880661010742 -4.099999904632568
vertex 6.3474955558776855 19.532724380493164 -4.099999904632568
vertex 6.3474955558776855 20.087568283081055 -4.654844284057617
endloop
endfacet
facet normal 0.08271344239434618 -0.9454217400643462 0.3151764900194507
outer loop
vertex 3.560175895690918 50.33915328979492 -0.25256648659706116
vertex 3.1748037338256836 50.29376220703125 -0.2875889539718628
vertex 6.277935028076172 50.57096862792969 -0.2704356908798218
endloop
endfacet
facet normal -0.9167609388184977 -0.24566435501849357 0.31495778404410696
outer loop
vertex 23.677637100219727 38.00349426269531 -0.24425669014453888
vertex 23.512514114379883 38.54808807373047 -0.3001086711883545
vertex 23.714609146118164 37.87238693237305 -0.23890317976474762
endloop
endfacet
facet normal -0.9454325348207512 -0.08271412031109542 0.3151439296632112
outer loop
vertex 24.462759017944336 34.514286041259766 -0.1731766164302826
vertex 23.347496032714844 32.300533294677734 -4.099999904632568
vertex 24.535694122314453 34.08373260498047 -0.06737615913152695
endloop
endfacet
facet normal -0.9454328522796932 -0.08271285848284626 0.3151433084675612
outer loop
vertex 23.347496032714844 32.300533294677734 -4.099999904632568
vertex 24.462759017944336 34.514286041259766 -0.1731766164302826
vertex 24.453706741333008 34.565826416015625 -0.18680618703365326
endloop
endfacet
facet normal -0.9454326830923032 -0.08271392235701389 0.3151435368037974
outer loop
vertex 24.33953285217285 35.47301483154297 -0.2912198305130005
vertex 23.347496032714844 32.300533294677734 -4.099999904632568
vertex 24.441429138183594 34.65913391113281 -0.19914497435092926
endloop
endfacet
facet normal 0.5443453510346977 -0.7774056967195975 0.3151642770283921
outer loop
vertex -5.391386032104492 46.29038619995117 -0.312626451253891
vertex -2.784428834915161 48.117488861083984 -0.30845406651496887
vertex -4.309497833251953 47.083866119384766 -0.22399014234542847
endloop
endfacet
facet normal 0 0 1
outer loop
vertex 1.2487151622772217 16.60810089111328 -4.099999904632568
vertex 3.3954765796661377 15.55880069732666 -4.099999904632568
vertex 3.766326904296875 16.00367546081543 -4.099999904632568
endloop
endfacet
facet normal 0 0 1
outer loop
vertex 3.3954765796661377 15.55880069732666 -4.099999904632568
vertex 6.3474955558776855 15.300532341003418 -4.099999904632568
vertex 3.766326904296875 16.00367546081543 -4.099999904632568
endloop
endfacet
facet normal 0 0 1
outer loop
vertex 1.2487151622772217 16.60810089111328 -4.099999904632568
vertex 0.5331531167030334 16.32575798034668 -4.099999904632568
vertex 3.3954765796661377 15.55880069732666 -4.099999904632568
endloop
endfacet
facet normal 0 0 1
outer loop
vertex 1.2487151622772217 16.60810089111328 -4.099999904632568
vertex -1.1433477401733398 17.59892463684082 -4.099999904632568
vertex 0.5331531167030334 16.32575798034668 -4.099999904632568
endloop
endfacet
facet normal 0 0 1
outer loop
vertex 22.847496032714844 32.300533294677734 -4.099999904632568
vertex 23.0892276763916 29.348514556884766 -4.099999904632568
vertex 23.0892276763916 35.2525520324707 -4.099999904632568
endloop
endfacet
facet normal -0.08271227122831117 -0.9454326574011716 0.31514404723493206
outer loop
vertex 6.3474955558776855 50.575531005859375 -0.2750000059604645
vertex 7.310107707977295 49.71631622314453 -2.5999999046325684
vertex 7.351794719696045 50.246002197265625 -1
endloop
endfacet
facet normal 0.0826883921155282 -0.9454346529562171 0.3151443269343522
outer loop
vertex 6.277935028076172 50.57096862792969 -0.2704356908798218
vertex 6.3474955558776855 49.300533294677734 -4.099999904632568
vertex 6.3474955558776855 50.575531005859375 -0.2750000059604645
endloop
endfacet
facet normal 0.08271457812025557 -0.9454324476604378 0.3151440709852902
outer loop
vertex 3.1748037338256836 50.29376220703125 -0.2875889539718628
vertex 6.3474955558776855 49.300533294677734 -4.099999904632568
vertex 6.277935028076172 50.57096862792969 -0.2704356908798218
endloop
endfacet
facet normal 0.2456309850930666 -0.9167056971198531 0.3151445446619916
outer loop
vertex 0.0999399721622467 49.46554946899414 -0.3001086711883545
vertex 3.3954765796661377 49.04226303100586 -4.099999904632568
vertex 3.1748037338256836 50.29376220703125 -0.2875889539718628
endloop
endfacet
facet normal 0 0 1
outer loop
vertex 3.766326904296875 16.00367546081543 -4.099999904632568
vertex 6.3474955558776855 15.300532341003418 -4.099999904632568
vertex 21.049102783203125 24.809688568115234 -4.099999904632568
endloop
endfacet
facet normal 0 0 1
outer loop
vertex 23.0892276763916 35.2525520324707 -4.099999904632568
vertex 23.0892276763916 29.348514556884766 -4.099999904632568
vertex 23.347496032714844 32.300533294677734 -4.099999904632568
endloop
endfacet
facet normal -0.5443491140087978 -0.7774112537783548 0.31514406955645397
outer loop
vertex 14.847495079040527 47.02296447753906 -4.099999904632568
vertex 17.274885177612305 45.32328796386719 -4.099999904632568
vertex 15.479419708251953 48.117488861083984 -0.30845406651496887
endloop
endfacet
facet normal -0.9454323920985294 0.08271484603923025 0.3151441673513233
outer loop
vertex 23.347496032714844 32.300533294677734 -4.099999904632568
vertex 24.435131072998047 29.111194610595703 0
vertex 24.714162826538086 32.300533294677734 0
endloop
endfacet
facet normal 0 0 1
outer loop
vertex 22.847496032714844 32.300533294677734 -4.099999904632568
vertex 23.0892276763916 35.2525520324707 -4.099999904632568
vertex 22.64435386657715 34.8817024230957 -4.099999904632568
endloop
endfacet
facet normal 0.8613628969639807 0.39848014744980564 0.31506750359597546
outer loop
vertex -9.558504104614258 23.117198944091797 0
vertex -8.3749361038208 23.800533294677734 -4.099999904632568
vertex -8.652504920959473 24.400531768798828 -4.099999904632568
endloop
endfacet
facet normal 0.2456306235035659 0.9167059397467918 0.3151441207292318
outer loop
vertex 3.3954765796661377 15.55880069732666 -4.099999904632568
vertex 0.5331531167030334 16.32575798034668 -4.099999904632568
vertex 0.06572556495666504 15.041511535644531 0
endloop
endfacet
facet normal -0.9454313930463304 -0.08272000536081123 0.3151458103094225
outer loop
vertex 24.554811477661133 33.97488021850586 -0.03859128803014755
vertex 23.347496032714844 32.300533294677734 -4.099999904632568
vertex 24.567541122436523 33.91683578491211 -0.01563819870352745
endloop
endfacet
facet normal -0.9454345882678445 -0.08270399147188244 0.31514042758971794
outer loop
vertex 24.567541122436523 33.91683578491211 -0.01563819870352745
vertex 23.347496032714844 32.300533294677734 -4.099999904632568
vertex 24.577037811279297 33.867862701416016 0
endloop
endfacet
facet normal -0.9454292749074209 -0.08272681588450222 0.3151503769339962
outer loop
vertex 24.441429138183594 34.65913391113281 -0.19914497435092926
vertex 23.347496032714844 32.300533294677734 -4.099999904632568
vertex 24.453706741333008 34.565826416015625 -0.18680618703365326
endloop
endfacet
facet normal 0.8601260329636055 -0.40108270150660075 0.3151442113865615
outer loop
vertex -10.156932830810547 40.200531005859375 0
vertex -8.3749361038208 40.800533294677734 -4.099999904632568
vertex -9.558504104614258 41.48386764526367 0
endloop
endfacet
facet normal 0.7774099564846587 -0.544350888536647 0.3151442046236676
outer loop
vertex -9.558504104614258 41.48386764526367 0
vertex -8.3749361038208 40.800533294677734 -4.099999904632568
vertex -9.227798461914062 41.930091857910156 -0.045031171292066574
endloop
endfacet
facet normal -0.9454323411748156 -0.08271549276903055 0.31514415037675
outer loop
vertex 23.347496032714844 32.300533294677734 -4.099999904632568
vertex 24.714162826538086 32.300533294677734 0
vertex 24.577037811279297 33.867862701416016 0
endloop
endfacet
facet normal -0.40107993777277196 -0.8601191080121428 0.3151666282279664
outer loop
vertex 12.595050811767578 49.46554946899414 -0.3001086711883545
vertex 15.479419708251953 48.117488861083984 -0.30845406651496887
vertex 14.685731887817383 48.5152702331543 -0.2329159379005432
endloop
endfacet
facet normal 0.4010834864841541 -0.8601265211788846 0.31514187984846653
outer loop
vertex -1.8679156303405762 48.573848724365234 -0.22935029864311218
vertex -2.784428834915161 48.117488861083984 -0.30845406651496887
vertex 0.0999399721622467 49.46554946899414 -0.3001086711883545
endloop
endfacet
facet normal 0.7774007702409089 -0.5443607474978752 0.3151498358121039
outer loop
vertex -8.3749361038208 40.800533294677734 -4.099999904632568
vertex -8.495328903198242 42.87457275390625 -0.2205146998167038
vertex -8.542564392089844 42.80911636352539 -0.2170591503381729
endloop
endfacet
facet normal 0 0 1
outer loop
vertex 23.0892276763916 35.2525520324707 -4.099999904632568
vertex 22.322269439697266 38.11487579345703 -4.099999904632568
vertex 22.64435386657715 34.8817024230957 -4.099999904632568
endloop
endfacet
facet normal -0.2456303387425335 -0.9167060456846805 0.31514403452133544
outer loop
vertex 10.089638710021973 49.34621810913086 -2.5999999046325684
vertex 12.161837577819824 48.275306701660156 -4.099999904632568
vertex 12.595050811767578 49.46554946899414 -0.3001086711883545
endloop
endfacet
facet normal 0 0 1
outer loop
vertex 22.039928436279297 37.399314880371094 -4.099999904632568
vertex 22.64435386657715 34.8817024230957 -4.099999904632568
vertex 22.322269439697266 38.11487579345703 -4.099999904632568
endloop
endfacet
facet normal 0 0 1
outer loop
vertex -3.350961208343506 18.951751708984375 -4.099999904632568
vertex -4.579894065856934 19.27777671813965 -4.099999904632568
vertex -2.1525044441223145 17.578100204467773 -4.099999904632568
endloop
endfacet
facet normal 0.40108317662448273 -0.8601258716064534 0.31514404709918414
outer loop
vertex -2.784428834915161 48.117488861083984 -0.30845406651496887
vertex 0.5331531167030334 48.275306701660156 -4.099999904632568
vertex 0.0999399721622467 49.46554946899414 -0.3001086711883545
endloop
endfacet
facet normal 0.7774111599495798 0.5443491504413267 0.31514423808734743
outer loop
vertex -7.722187519073486 20.494667053222656 0
vertex -6.675260066986084 21.373144149780273 -4.099999904632568
vertex -9.558504104614258 23.117198944091797 0
endloop
endfacet
facet normal -0.4010831463068261 -0.8601258823227 0.3151440564364397
outer loop
vertex 14.847495079040527 47.02296447753906 -4.099999904632568
vertex 12.595050811767578 49.46554946899414 -0.3001086711883545
vertex 12.161837577819824 48.275306701660156 -4.099999904632568
endloop
endfacet
facet normal 0.6710752876800637 0.6710754290314436 0.31514397791387905
outer loop
vertex -5.458370208740234 18.230850219726562 0
vertex -4.579894065856934 19.27777671813965 -4.099999904632568
vertex -7.722187519073486 20.494667053222656 0
endloop
endfacet
facet normal 0.544349227628592 0.7774112096651092 0.31514398212116773
outer loop
vertex -2.8358378410339355 16.394533157348633 0
vertex -2.1525044441223145 17.578100204467773 -4.099999904632568
vertex -5.458370208740234 18.230850219726562 0
endloop
endfacet
facet normal 0.4010833457188001 0.8601257659313718 0.3151441203132056
outer loop
vertex 0.5331531167030334 16.32575798034668 -4.099999904632568
vertex -2.8358378410339355 16.394533157348633 0
vertex 0.06572556495666504 15.041511535644531 0
endloop
endfacet
facet normal -0.9167059778195749 -0.2456304924835066 0.31514411210137994
outer loop
vertex 23.512514114379883 38.54808807373047 -0.3001086711883545
vertex 23.0892276763916 35.2525520324707 -4.099999904632568
vertex 24.33953285217285 35.47301483154297 -0.2912198305130005
endloop
endfacet
facet normal 0.8599995203414419 0.4010248998383069 0.3155627587694175
outer loop
vertex -9.558504104614258 23.117198944091797 0
vertex -8.652504920959473 24.400531768798828 -4.099999904632568
vertex -10.156932830810547 24.400531768798828 0
endloop
endfacet
facet normal 0.5443492306492212 -0.7774111860292908 0.315144035209509
outer loop
vertex -5.391386032104492 46.29038619995117 -0.312626451253891
vertex -2.1525044441223145 47.02296447753906 -4.099999904632568
vertex -2.784428834915161 48.117488861083984 -0.30845406651496887
endloop
endfacet
facet normal -0.08271533743603854 -0.9454318901872009 0.3151455441060511
outer loop
vertex 7.351794719696045 50.246002197265625 -1
vertex 9.478951454162598 50.059898376464844 -1
vertex 9.520187377929688 50.29376220703125 -0.2875889539718628
endloop
endfacet
facet normal 0.7774062516864344 -0.5443552309584312 0.31514584301088483
outer loop
vertex -8.95181941986084 42.26719665527344 -0.1435505449771881
vertex -8.3749361038208 40.800533294677734 -4.099999904632568
vertex -8.85286808013916 42.39325714111328 -0.16989931464195251
endloop
endfacet
facet normal 0.08271467320258509 0.9454324501123333 0.3151440386737149
outer loop
vertex 6.3474955558776855 15.300532341003418 -4.099999904632568
vertex 3.3954765796661377 15.55880069732666 -4.099999904632568
vertex 3.1581573486328125 14.212897300720215 0
endloop
endfacet
facet normal -0.08271466270954822 0.945432406533895 0.31514417216311236
outer loop
vertex 6.3474955558776855 13.933865547180176 0
vertex 9.299514770507812 15.55880069732666 -4.099999904632568
vertex 6.3474955558776855 15.300532341003418 -4.099999904632568
endloop
endfacet
facet normal 0.40108314441145526 -0.8601258973474281 0.3151440178415282
outer loop
vertex -2.1525044441223145 47.02296447753906 -4.099999904632568
vertex 0.5331531167030334 48.275306701660156 -4.099999904632568
vertex -2.784428834915161 48.117488861083984 -0.30845406651496887
endloop
endfacet
facet normal -0.08271408028128496 -0.9454332453715129 0.31514180850770973
outer loop
vertex 9.520187377929688 50.29376220703125 -0.2875889539718628
vertex 6.3474955558776855 50.575531005859375 -0.2750000059604645
vertex 7.351794719696045 50.246002197265625 -1
endloop
endfacet
facet normal 0 0 1
outer loop
vertex 21.049102783203125 24.809688568115234 -4.099999904632568
vertex 6.3474955558776855 15.300532341003418 -4.099999904632568
vertex 9.299514770507812 15.55880069732666 -4.099999904632568
endloop
endfacet
facet normal 0.7774129903602396 -0.5443468393070641 0.3151437147644853
outer loop
vertex -9.227798461914062 41.930091857910156 -0.045031171292066574
vertex -8.3749361038208 40.800533294677734 -4.099999904632568
vertex -8.95181941986084 42.26719665527344 -0.1435505449771881
endloop
endfacet
facet normal -0.08270556529215839 -0.9453014302993274 0.3155392136387334
outer loop
vertex 6.417056083679199 50.57096862792969 -0.2704356908798218
vertex 6.3474955558776855 50.575531005859375 -0.2750000059604645
vertex 9.134815216064453 50.33915328979492 -0.25256648659706116
endloop
endfacet
facet normal -0.8601259143837044 -0.4010831612571128 0.315143949904797
outer loop
vertex 21.069927215576172 40.800533294677734 -4.099999904632568
vertex 22.322269439697266 38.11487579345703 -4.099999904632568
vertex 22.164451599121094 41.432456970214844 -0.30845406651496887
endloop
endfacet
facet normal 0 0 1
outer loop
vertex 21.049102783203125 24.809688568115234 -4.099999904632568
vertex 9.299514770507812 15.55880069732666 -4.099999904632568
vertex 12.161837577819824 16.32575798034668 -4.099999904632568
endloop
endfacet
facet normal 0 0 1
outer loop
vertex 21.049102783203125 24.809688568115234 -4.099999904632568
vertex 12.161837577819824 16.32575798034668 -4.099999904632568
vertex 14.847495079040527 17.578100204467773 -4.099999904632568
endloop
endfacet
facet normal 0 0 1
outer loop
vertex 21.049102783203125 24.809688568115234 -4.099999904632568
vertex 14.847495079040527 17.578100204467773 -4.099999904632568
vertex 17.274885177612305 19.27777671813965 -4.099999904632568
endloop
endfacet
facet normal 0 0 1
outer loop
vertex 21.049102783203125 24.809688568115234 -4.099999904632568
vertex 17.274885177612305 19.27777671813965 -4.099999904632568
vertex 19.370250701904297 21.373144149780273 -4.099999904632568
endloop
endfacet
facet normal -0.24563067283647663 0.9167059138766794 0.3151441575302036
outer loop
vertex 12.161837577819824 16.32575798034668 -4.099999904632568
vertex 9.299514770507812 15.55880069732666 -4.099999904632568
vertex 12.629265785217285 15.041511535644531 0
endloop
endfacet
facet normal -0.4010831283911613 0.8601258439024195 0.3151441840985012
outer loop
vertex 14.847495079040527 17.578100204467773 -4.099999904632568
vertex 12.161837577819824 16.32575798034668 -4.099999904632568
vertex 12.629265785217285 15.041511535644531 0
endloop
endfacet
facet normal -0.5443491300721649 0.777411276719225 0.3151439852186012
outer loop
vertex 17.274885177612305 19.27777671813965 -4.099999904632568
vertex 14.847495079040527 17.578100204467773 -4.099999904632568
vertex 15.530828475952148 16.394533157348633 0
endloop
endfacet
facet normal -0.08271389757689643 -0.945431433175765 0.3151472930406635
outer loop
vertex 6.3474955558776855 50.575531005859375 -0.2750000059604645
vertex 9.520187377929688 50.29376220703125 -0.2875889539718628
vertex 9.272250175476074 50.32471466064453 -0.25980648398399353
endloop
endfacet
facet normal 0 0 1
outer loop
vertex 13.838338851928711 47.002140045166016 -4.099999904632568
vertex 16.04595184326172 45.649314880371094 -4.099999904632568
vertex 14.847495079040527 47.02296447753906 -4.099999904632568
endloop
endfacet
facet normal 0.6710755200282922 0.6710750618837122 0.31514426495896936
outer loop
vertex -4.579894065856934 19.27777671813965 -4.099999904632568
vertex -6.675260066986084 21.373144149780273 -4.099999904632568
vertex -7.722187519073486 20.494667053222656 0
endloop
endfacet
facet normal 0.40108315264609756 0.860125915006682 0.3151439591637214
outer loop
vertex 0.5331531167030334 16.32575798034668 -4.099999904632568
vertex -2.1525044441223145 17.578100204467773 -4.099999904632568
vertex -2.8358378410339355 16.394533157348633 0
endloop
endfacet
facet normal 0 0 1
outer loop
vertex 13.838338851928711 47.002140045166016 -4.099999904632568
vertex 14.847495079040527 47.02296447753906 -4.099999904632568
vertex 12.161837577819824 48.275306701660156 -4.099999904632568
endloop
endfacet
facet normal 0.5443492063844474 0.7774112329895804 0.31514396127840155
outer loop
vertex -4.579894065856934 19.27777671813965 -4.099999904632568
vertex -5.458370208740234 18.230850219726562 0
vertex -2.1525044441223145 17.578100204467773 -4.099999904632568
endloop
endfacet
facet normal -0.9454324292040708 -0.08271467805376441 0.31514410012524735
outer loop
vertex 23.0892276763916 35.2525520324707 -4.099999904632568
vertex 23.347496032714844 32.300533294677734 -4.099999904632568
vertex 24.33953285217285 35.47301483154297 -0.2912198305130005
endloop
endfacet
facet normal -0.9167057775046371 -0.24563085988574337 0.3151444084247869
outer loop
vertex 22.322269439697266 38.11487579345703 -4.099999904632568
vertex 23.0892276763916 35.2525520324707 -4.099999904632568
vertex 23.512514114379883 38.54808807373047 -0.3001086711883545
endloop
endfacet
facet normal 0.7774126686039557 -0.5443474423164482 0.31514346691247946
outer loop
vertex -8.85286808013916 42.39325714111328 -0.16989931464195251
vertex -8.3749361038208 40.800533294677734 -4.099999904632568
vertex -8.542564392089844 42.80911636352539 -0.2170591503381729
endloop
endfacet
facet normal 0.7774132907044186 -0.5443453501781736 0.3151455460188653
outer loop
vertex -8.495328903198242 42.87457275390625 -0.2205146998167038
vertex -6.675260066986084 43.22792053222656 -4.099999904632568
vertex -8.357604026794434 43.0682258605957 -0.22576618194580078
endloop
endfacet
facet normal 0.7774106931885275 -0.5443498194966483 0.3151442338518976
outer loop
vertex -8.357604026794434 43.0682258605957 -0.22576618194580078
vertex -6.675260066986084 43.22792053222656 -4.099999904632568
vertex -7.642358779907227 44.03941345214844 -0.312626451253891
endloop
endfacet
facet normal 0.6710753515737886 -0.6710753515737886 0.31514400679726107
outer loop
vertex -7.642358779907227 44.03941345214844 -0.312626451253891
vertex -4.579894065856934 45.32328796386719 -4.099999904632568
vertex -5.391386032104492 46.29038619995117 -0.312626451253891
endloop
endfacet
facet normal 0 0 1
outer loop
vertex 12.161837577819824 48.275306701660156 -4.099999904632568
vertex 11.44627571105957 47.99296569824219 -4.099999904632568
vertex 13.838338851928711 47.002140045166016 -4.099999904632568
endloop
endfacet
facet normal -0.6710757000651703 0.6710750892055665 0.31514382340414443
outer loop
vertex 19.370250701904297 21.373144149780273 -4.099999904632568
vertex 17.274885177612305 19.27777671813965 -4.099999904632568
vertex 18.15336036682129 18.230850219726562 0
endloop
endfacet
facet normal -0.7774110624988266 0.544349193937658 0.31514440335165017
outer loop
vertex 19.370250701904297 21.373144149780273 -4.099999904632568
vertex 20.417179107666016 20.494667053222656 0
vertex 21.069927215576172 23.800533294677734 -4.099999904632568
endloop
endfacet
facet normal 0 0 1
outer loop
vertex 21.049102783203125 24.809688568115234 -4.099999904632568
vertex 21.069927215576172 23.800533294677734 -4.099999904632568
vertex 22.322269439697266 26.486190795898438 -4.099999904632568
endloop
endfacet
facet normal 0 0 1
outer loop
vertex 22.039928436279297 27.201751708984375 -4.099999904632568
vertex 21.049102783203125 24.809688568115234 -4.099999904632568
vertex 22.322269439697266 26.486190795898438 -4.099999904632568
endloop
endfacet
facet normal -0.24560725211456577 -0.916590558294572 0.31549774350061033
outer loop
vertex 11.918641090393066 49.6678466796875 -0.23887430131435394
vertex 9.520187377929688 50.29376220703125 -0.2875889539718628
vertex 12.050458908081055 49.630672454833984 -0.24425669014453888
endloop
endfacet
facet normal 0 0 1
outer loop
vertex 21.049102783203125 24.809688568115234 -4.099999904632568
vertex 19.370250701904297 21.373144149780273 -4.099999904632568
vertex 21.069927215576172 23.800533294677734 -4.099999904632568
endloop
endfacet
facet normal -0.24563241118153373 -0.9167106594491452 0.315128998077707
outer loop
vertex 9.520187377929688 50.29376220703125 -0.2875889539718628
vertex 12.595050811767578 49.46554946899414 -0.3001086711883545
vertex 12.050458908081055 49.630672454833984 -0.24425669014453888
endloop
endfacet
facet normal 0 0 1
outer loop
vertex 22.039928436279297 27.201751708984375 -4.099999904632568
vertex 22.322269439697266 26.486190795898438 -4.099999904632568
vertex 23.0892276763916 29.348514556884766 -4.099999904632568
endloop
endfacet
facet normal 0 0 1
outer loop
vertex 12.161837577819824 48.275306701660156 -4.099999904632568
vertex 9.299514770507812 49.04226303100586 -4.099999904632568
vertex 11.44627571105957 47.99296569824219 -4.099999904632568
endloop
endfacet
facet normal -0.24563093300343364 -0.9167054193314754 0.3151453933031016
outer loop
vertex 12.595050811767578 49.46554946899414 -0.3001086711883545
vertex 9.520187377929688 50.29376220703125 -0.2875889539718628
vertex 9.478951454162598 50.059898376464844 -1
endloop
endfacet
facet normal 0.24563052249500042 0.916705992715534 0.3151440453796649
outer loop
vertex 3.1581573486328125 14.212897300720215 0
vertex 3.3954765796661377 15.55880069732666 -4.099999904632568
vertex 0.06572556495666504 15.041511535644531 0
endloop
endfacet
facet normal 0.08271485832129655 0.9454323911314394 0.31514416702895987
outer loop
vertex 3.1581573486328125 14.212897300720215 0
vertex 6.3474955558776855 13.933865547180176 0
vertex 6.3474955558776855 15.300532341003418 -4.099999904632568
endloop
endfacet
facet normal -0.08271486201791423 0.9454324333838492 0.3151440393014771
outer loop
vertex 9.299514770507812 15.55880069732666 -4.099999904632568
vertex 6.3474955558776855 13.933865547180176 0
vertex 9.536833763122559 14.212897300720215 0
endloop
endfacet
facet normal -0.2456305058906311 0.916706001422839 0.3151440329932692
outer loop
vertex 12.629265785217285 15.041511535644531 0
vertex 9.299514770507812 15.55880069732666 -4.099999904632568
vertex 9.536833763122559 14.212897300720215 0
endloop
endfacet
facet normal 0 0 1
outer loop
vertex -6.675260066986084 21.373144149780273 -4.099999904632568
vertex -7.001285076141357 22.602075576782227 -4.099999904632568
vertex -8.3749361038208 23.800533294677734 -4.099999904632568
endloop
endfacet
facet normal 0.6710755250506844 -0.671075066906101 0.3151442435693859
outer loop
vertex -4.579894065856934 45.32328796386719 -4.099999904632568
vertex -7.642358779907227 44.03941345214844 -0.312626451253891
vertex -6.675260066986084 43.22792053222656 -4.099999904632568
endloop
endfacet
facet normal -0.6710756239207185 -0.6710750130611841 0.3151441476917349
outer loop
vertex 19.370250701904297 43.22792053222656 -4.099999904632568
vertex 18.08637809753418 46.29038619995117 -0.312626451253891
vertex 17.274885177612305 45.32328796386719 -4.099999904632568
endloop
endfacet
facet normal -0.7774109342786505 -0.5443495318857432 0.31514413591207446
outer loop
vertex 19.370250701904297 43.22792053222656 -4.099999904632568
vertex 21.069927215576172 40.800533294677734 -4.099999904632568
vertex 20.33734893798828 44.03941345214844 -0.312626451253891
endloop
endfacet
facet normal -0.24563153049460898 -0.9167052934614951 0.3151452937401256
outer loop
vertex 10.132034301757812 49.88490676879883 -1
vertex 10.089638710021973 49.34621810913086 -2.5999999046325684
vertex 12.595050811767578 49.46554946899414 -0.3001086711883545
endloop
endfacet
facet normal -0.4010831672441773 -0.8601258781010211 0.31514404131178936
outer loop
vertex 12.595050811767578 49.46554946899414 -0.3001086711883545
vertex 14.847495079040527 47.02296447753906 -4.099999904632568
vertex 15.479419708251953 48.117488861083984 -0.30845406651496887
endloop
endfacet
facet normal 0 0 1
outer loop
vertex -3.350961208343506 45.649314880371094 -4.099999904632568
vertex -2.1525044441223145 47.02296447753906 -4.099999904632568
vertex -4.579894065856934 45.32328796386719 -4.099999904632568
endloop
endfacet
facet normal -0.6710755976826912 -0.6710750290506964 0.3151441695152012
outer loop
vertex 18.08637809753418 46.29038619995117 -0.312626451253891
vertex 19.370250701904297 43.22792053222656 -4.099999904632568
vertex 20.33734893798828 44.03941345214844 -0.312626451253891
endloop
endfacet
facet normal -0.7774010975158355 -0.5443398607199684 0.3151851037288085
outer loop
vertex 21.052595138549805 43.0682258605957 -0.22576618194580078
vertex 20.33734893798828 44.03941345214844 -0.312626451253891
vertex 21.130826950073242 42.95752716064453 -0.22399014234542847
endloop
endfacet
facet normal -0.6710763813042455 -0.6710758126715867 0.31514083217312294
outer loop
vertex 18.08637809753418 46.29038619995117 -0.312626451253891
vertex 20.33734893798828 44.03941345214844 -0.312626451253891
vertex 19.280818939208984 45.13813018798828 -0.22279392182826996
endloop
endfacet
facet normal -0.6710776677052476 -0.6710776677052476 0.3151341425719697
outer loop
vertex 19.280818939208984 45.13813018798828 -0.22279392182826996
vertex 19.18509292602539 45.233856201171875 -0.22279392182826996
vertex 18.08637809753418 46.29038619995117 -0.312626451253891
endloop
endfacet
facet normal 0 0 1
outer loop
vertex -1.1433477401733398 17.59892463684082 -4.099999904632568
vertex -2.1525044441223145 17.578100204467773 -4.099999904632568
vertex 0.5331531167030334 16.32575798034668 -4.099999904632568
endloop
endfacet
facet normal 0 0 1
outer loop
vertex -1.1433477401733398 17.59892463684082 -4.099999904632568
vertex -3.350961208343506 18.951751708984375 -4.099999904632568
vertex -2.1525044441223145 17.578100204467773 -4.099999904632568
endloop
endfacet
facet normal -0.40108344834211784 0.8601257739806341 0.3151439677357174
outer loop
vertex 15.530828475952148 16.394533157348633 0
vertex 14.847495079040527 17.578100204467773 -4.099999904632568
vertex 12.629265785217285 15.041511535644531 0
endloop
endfacet
facet normal -0.544349319175391 0.7774111990560815 0.3151438501628646
outer loop
vertex 18.15336036682129 18.230850219726562 0
vertex 17.274885177612305 19.27777671813965 -4.099999904632568
vertex 15.530828475952148 16.394533157348633 0
endloop
endfacet
facet normal 0 0 1
outer loop
vertex 18.01475715637207 43.967796325683594 -4.099999904632568
vertex 19.69627571105957 41.99898910522461 -4.099999904632568
vertex 19.370250701904297 43.22792053222656 -4.099999904632568
endloop
endfacet
facet normal -0.6710749796884456 0.6710755450937055 0.31514438661245164
outer loop
vertex 20.417179107666016 20.494667053222656 0
vertex 19.370250701904297 21.373144149780273 -4.099999904632568
vertex 18.15336036682129 18.230850219726562 0
endloop
endfacet
facet normal -0.2456294806147207 -0.9167091084697155 0.3151357940659895
outer loop
vertex 10.132034301757812 49.88490676879883 -1
vertex 12.595050811767578 49.46554946899414 -0.3001086711883545
vertex 9.478951454162598 50.059898376464844 -1
endloop
endfacet
facet normal 0 0 1
outer loop
vertex -8.652504920959473 40.200531005859375 -4.099999904632568
vertex -8.652504920959473 39.800533294677734 -4.099999904632568
vertex -8.348501205444336 39.800533294677734 -4.099999904632568
endloop
endfacet
facet normal 0 0 1
outer loop
vertex -8.652504920959473 40.200531005859375 -4.099999904632568
vertex -8.348501205444336 39.800533294677734 -4.099999904632568
vertex -8.3749361038208 40.800533294677734 -4.099999904632568
endloop
endfacet
facet normal -0.0827132059683897 -0.9454326994468247 0.31514367576570645
outer loop
vertex 7.310107707977295 49.71631622314453 -2.5999999046325684
vertex 6.3474955558776855 50.575531005859375 -0.2750000059604645
vertex 6.3474955558776855 49.300533294677734 -4.099999904632568
endloop
endfacet
facet normal 0.861093293623469 -0.39835289199949436 0.3159641009866872
outer loop
vertex -10.156932830810547 40.200531005859375 0
vertex -8.652504920959473 40.200531005859375 -4.099999904632568
vertex -8.3749361038208 40.800533294677734 -4.099999904632568
endloop
endfacet
facet normal 0 0 1
outer loop
vertex -8.348501205444336 24.800533294677734 -4.099999904632568
vertex -8.3749361038208 23.800533294677734 -4.099999904632568
vertex -7.001285076141357 22.602075576782227 -4.099999904632568
endloop
endfacet
facet normal 0 0 1
outer loop
vertex 16.04595184326172 45.649314880371094 -4.099999904632568
vertex 18.01475715637207 43.967796325683594 -4.099999904632568
vertex 17.274885177612305 45.32328796386719 -4.099999904632568
endloop
endfacet
facet normal 0 0 1
outer loop
vertex 0.5331531167030334 48.275306701660156 -4.099999904632568
vertex -1.1433477401733398 47.002140045166016 -4.099999904632568
vertex 1.2487151622772217 47.99296569824219 -4.099999904632568
endloop
endfacet
facet normal 0 0 1
outer loop
vertex 0.5331531167030334 48.275306701660156 -4.099999904632568
vertex 1.2487151622772217 47.99296569824219 -4.099999904632568
vertex 3.3954765796661377 49.04226303100586 -4.099999904632568
endloop
endfacet
facet normal -0.40110883030600847 -0.8602011048453123 0.314905962905515
outer loop
vertex 14.562906265258789 48.573848724365234 -0.22935029864311218
vertex 12.595050811767578 49.46554946899414 -0.3001086711883545
vertex 14.685731887817383 48.5152702331543 -0.2329159379005432
endloop
endfacet
facet normal 0 0 1
outer loop
vertex -8.3749361038208 40.800533294677734 -4.099999904632568
vertex -8.348501205444336 39.800533294677734 -4.099999904632568
vertex -7.001285076141357 41.99898910522461 -4.099999904632568
endloop
endfacet
facet normal -0.5443502624569994 -0.7774129991167223 0.3151377802919523
outer loop
vertex 15.479419708251953 48.117488861083984 -0.30845406651496887
vertex 18.08637809753418 46.29038619995117 -0.312626451253891
vertex 17.115188598632812 47.00563049316406 -0.22576618194580078
endloop
endfacet
facet normal 0 0 1
outer loop
vertex -8.3749361038208 40.800533294677734 -4.099999904632568
vertex -7.001285076141357 41.99898910522461 -4.099999904632568
vertex -5.319766521453857 43.967796325683594 -4.099999904632568
endloop
endfacet
facet normal 0.24569969254221452 -0.9168138634430136 0.3147761123137466
outer loop
vertex 0.644532322883606 49.630672454833984 -0.24425669014453888
vertex 0.0999399721622467 49.46554946899414 -0.3001086711883545
vertex 0.7763501405715942 49.6678466796875 -0.23887430131435394
endloop
endfacet
facet normal 0 0 1
outer loop
vertex 22.64435386657715 29.719364166259766 -4.099999904632568
vertex 22.039928436279297 27.201751708984375 -4.099999904632568
vertex 23.0892276763916 29.348514556884766 -4.099999904632568
endloop
endfacet
facet normal 0.245628162399786 -0.9166956906796149 0.31517585016229954
outer loop
vertex 3.1748037338256836 50.29376220703125 -0.2875889539718628
vertex 0.7763501405715942 49.6678466796875 -0.23887430131435394
vertex 0.0999399721622467 49.46554946899414 -0.3001086711883545
endloop
endfacet
facet normal 0 0 1
outer loop
vertex 3.3954765796661377 49.04226303100586 -4.099999904632568
vertex 1.2487151622772217 47.99296569824219 -4.099999904632568
vertex 3.766326904296875 48.597389221191406 -4.099999904632568
endloop
endfacet
facet normal 0 0 1
outer loop
vertex 3.3954765796661377 49.04226303100586 -4.099999904632568
vertex 3.766326904296875 48.597389221191406 -4.099999904632568
vertex 6.3474955558776855 49.300533294677734 -4.099999904632568
endloop
endfacet
facet normal 0 0 1
outer loop
vertex -8.652504920959473 24.800533294677734 -4.099999904632568
vertex -8.652504920959473 24.400531768798828 -4.099999904632568
vertex -8.348501205444336 24.800533294677734 -4.099999904632568
endloop
endfacet
facet normal 0 0 1
outer loop
vertex -8.652504920959473 24.400531768798828 -4.099999904632568
vertex -8.3749361038208 23.800533294677734 -4.099999904632568
vertex -8.348501205444336 24.800533294677734 -4.099999904632568
endloop
endfacet
facet normal 0 0 1
outer loop
vertex 6.3474955558776855 49.300533294677734 -4.099999904632568
vertex 3.766326904296875 48.597389221191406 -4.099999904632568
vertex 6.3474955558776855 48.800533294677734 -4.099999904632568
endloop
endfacet
facet normal 0 0 1
outer loop
vertex 6.3474955558776855 49.300533294677734 -4.099999904632568
vertex 6.3474955558776855 48.800533294677734 -4.099999904632568
vertex 8.928664207458496 48.597389221191406 -4.099999904632568
endloop
endfacet
facet normal 0 0 1
outer loop
vertex 8.928664207458496 48.597389221191406 -4.099999904632568
vertex 9.299514770507812 49.04226303100586 -4.099999904632568
vertex 6.3474955558776855 49.300533294677734 -4.099999904632568
endloop
endfacet
facet normal 0 0 1
outer loop
vertex 9.299514770507812 49.04226303100586 -4.099999904632568
vertex 8.928664207458496 48.597389221191406 -4.099999904632568
vertex 11.44627571105957 47.99296569824219 -4.099999904632568
endloop
endfacet
facet normal 0 0 1
outer loop
vertex -5.319766521453857 20.633270263671875 -4.099999904632568
vertex -4.579894065856934 19.27777671813965 -4.099999904632568
vertex -3.350961208343506 18.951751708984375 -4.099999904632568
endloop
endfacet
facet normal -0.0827152528185117 -0.9454321693551807 0.31514472881443945
outer loop
vertex 6.3474955558776855 49.300533294677734 -4.099999904632568
vertex 9.299514770507812 49.04226303100586 -4.099999904632568
vertex 9.386338233947754 49.53466796875 -2.5999999046325684
endloop
endfacet
facet normal -0.777407337574683 -0.5443466604854482 0.31515796785641187
outer loop
vertex 21.130826950073242 42.95752716064453 -0.22399014234542847
vertex 20.33734893798828 44.03941345214844 -0.312626451253891
vertex 22.164451599121094 41.432456970214844 -0.30845406651496887
endloop
endfacet
facet normal -0.860208073090847 -0.40115353474783655 0.31482997403145774
outer loop
vertex 22.562231063842773 40.63876724243164 -0.2329159379005432
vertex 22.164451599121094 41.432456970214844 -0.30845406651496887
vertex 22.620813369750977 40.51594543457031 -0.22935029864311218
endloop
endfacet
facet normal 0.5443491988196747 -0.7774112221859655 0.31514400099589673
outer loop
vertex -4.579894065856934 45.32328796386719 -4.099999904632568
vertex -2.1525044441223145 47.02296447753906 -4.099999904632568
vertex -5.391386032104492 46.29038619995117 -0.312626451253891
endloop
endfacet
facet normal -0.8601257777827621 0.4010830975590694 0.3151444037993072
outer loop
vertex 22.322269439697266 26.486190795898438 -4.099999904632568
vertex 21.069927215576172 23.800533294677734 -4.099999904632568
vertex 22.253496170043945 23.117198944091797 0
endloop
endfacet
facet normal -0.9167058561664829 0.24563088096314606 0.3151441631814626
outer loop
vertex 23.0892276763916 29.348514556884766 -4.099999904632568
vertex 22.322269439697266 26.486190795898438 -4.099999904632568
vertex 23.606515884399414 26.018762588500977 0
endloop
endfacet
facet normal -0.9454324451753873 0.08271467945107454 0.31514405184454036
outer loop
vertex 23.0892276763916 29.348514556884766 -4.099999904632568
vertex 24.435131072998047 29.111194610595703 0
vertex 23.347496032714844 32.300533294677734 -4.099999904632568
endloop
endfacet
facet normal -0.7774110441133596 0.5443492106833018 0.3151444197809036
outer loop
vertex 21.069927215576172 23.800533294677734 -4.099999904632568
vertex 20.417179107666016 20.494667053222656 0
vertex 22.253496170043945 23.117198944091797 0
endloop
endfacet
facet normal 0 0 1
outer loop
vertex -8.3749361038208 40.800533294677734 -4.099999904632568
vertex -5.319766521453857 43.967796325683594 -4.099999904632568
vertex -6.675260066986084 43.22792053222656 -4.099999904632568
endloop
endfacet
facet normal 0 0 1
outer loop
vertex -5.319766521453857 43.967796325683594 -4.099999904632568
vertex -4.579894065856934 45.32328796386719 -4.099999904632568
vertex -6.675260066986084 43.22792053222656 -4.099999904632568
endloop
endfacet
facet normal -0.8601259734609307 0.40108284412930595 0.3151441922724155
outer loop
vertex 23.606515884399414 26.018762588500977 0
vertex 22.322269439697266 26.486190795898438 -4.099999904632568
vertex 22.253496170043945 23.117198944091797 0
endloop
endfacet
facet normal -0.9167059165331548 0.24563076584722252 0.31514407730816657
outer loop
vertex 24.435131072998047 29.111194610595703 0
vertex 23.0892276763916 29.348514556884766 -4.099999904632568
vertex 23.606515884399414 26.018762588500977 0
endloop
endfacet
facet normal -0.5443490473588815 -0.7774112798607766 0.31514412033973815
outer loop
vertex 15.479419708251953 48.117488861083984 -0.30845406651496887
vertex 17.274885177612305 45.32328796386719 -4.099999904632568
vertex 18.08637809753418 46.29038619995117 -0.312626451253891
endloop
endfacet
facet normal -0.24563187098235764 -0.9167054417022601 0.3151445971473583
outer loop
vertex 10.089638710021973 49.34621810913086 -2.5999999046325684
vertex 9.386338233947754 49.53466796875 -2.5999999046325684
vertex 9.299514770507812 49.04226303100586 -4.099999904632568
endloop
endfacet
facet normal 0 0 1
outer loop
vertex -4.579894065856934 45.32328796386719 -4.099999904632568
vertex -5.319766521453857 43.967796325683594 -4.099999904632568
vertex -3.350961208343506 45.649314880371094 -4.099999904632568
endloop
endfacet
facet normal -0.08271532997045546 -0.9454321134150637 0.315144876384505
outer loop
vertex 6.3474955558776855 49.300533294677734 -4.099999904632568
vertex 9.386338233947754 49.53466796875 -2.5999999046325684
vertex 7.310107707977295 49.71631622314453 -2.5999999046325684
endloop
endfacet
facet normal -0.5443172162238725 -0.7773482665292151 0.3153544682517098
outer loop
vertex 17.004487991333008 47.083866119384766 -0.22399014234542847
vertex 15.479419708251953 48.117488861083984 -0.30845406651496887
vertex 17.115188598632812 47.00563049316406 -0.22576618194580078
endloop
endfacet
facet normal 0 0 1
outer loop
vertex 21.049102783203125 39.79137420654297 -4.099999904632568
vertex 22.039928436279297 37.399314880371094 -4.099999904632568
vertex 22.322269439697266 38.11487579345703 -4.099999904632568
endloop
endfacet
facet normal 0 0 1
outer loop
vertex 21.069927215576172 40.800533294677734 -4.099999904632568
vertex 21.049102783203125 39.79137420654297 -4.099999904632568
vertex 22.322269439697266 38.11487579345703 -4.099999904632568
endloop
endfacet
facet normal 0 0 1
outer loop
vertex -2.1525044441223145 47.02296447753906 -4.099999904632568
vertex -1.1433477401733398 47.002140045166016 -4.099999904632568
vertex 0.5331531167030334 48.275306701660156 -4.099999904632568
endloop
endfacet
facet normal 0 0 1
outer loop
vertex -2.1525044441223145 47.02296447753906 -4.099999904632568
vertex -3.350961208343506 45.649314880371094 -4.099999904632568
vertex -1.1433477401733398 47.002140045166016 -4.099999904632568
endloop
endfacet
facet normal 0.4010323132978403 -0.8600644072733094 0.3153764401990007
outer loop
vertex -2.784428834915161 48.117488861083984 -0.30845406651496887
vertex -1.8679156303405762 48.573848724365234 -0.22935029864311218
vertex -1.9907405376434326 48.5152702331543 -0.2329159379005432
endloop
endfacet
facet normal 0.5444237412026717 -0.7774776185105259 0.31485130257009836
outer loop
vertex -4.420197010040283 47.00563049316406 -0.22576618194580078
vertex -5.391386032104492 46.29038619995117 -0.312626451253891
vertex -4.309497833251953 47.083866119384766 -0.22399014234542847
endloop
endfacet
facet normal 0.6710645020211711 -0.6710678447749271 0.31518309256083515
outer loop
vertex -6.58582878112793 45.13813018798828 -0.22279392182826996
vertex -7.642358779907227 44.03941345214844 -0.312626451253891
vertex -6.490102291107178 45.233856201171875 -0.22279392182826996
endloop
endfacet
facet normal 0.7774111730217306 0.5443491186117256 0.3151442608197307
outer loop
vertex -6.675260066986084 21.373144149780273 -4.099999904632568
vertex -8.3749361038208 23.800533294677734 -4.099999904632568
vertex -9.558504104614258 23.117198944091797 0
endloop
endfacet
facet normal 0 0 1
outer loop
vertex 22.847496032714844 32.300533294677734 -4.099999904632568
vertex 22.64435386657715 29.719364166259766 -4.099999904632568
vertex 23.0892276763916 29.348514556884766 -4.099999904632568
endloop
endfacet
facet normal -0.08271051345084056 -0.9453831441268702 0.3152930093825294
outer loop
vertex 6.3474955558776855 50.575531005859375 -0.2750000059604645
vertex 9.272250175476074 50.32471466064453 -0.25980648398399353
vertex 9.134815216064453 50.33915328979492 -0.25256648659706116
endloop
endfacet
facet normal 0 0 1
outer loop
vertex 19.69627571105957 41.99898910522461 -4.099999904632568
vertex 21.049102783203125 39.79137420654297 -4.099999904632568
vertex 21.069927215576172 40.800533294677734 -4.099999904632568
endloop
endfacet
facet normal 0 0 1
outer loop
vertex 19.69627571105957 41.99898910522461 -4.099999904632568
vertex 21.069927215576172 40.800533294677734 -4.099999904632568
vertex 19.370250701904297 43.22792053222656 -4.099999904632568
endloop
endfacet
facet normal 0.700841440430576 -0.46480276875758736 0.541091176725768
outer loop
vertex -9.558504104614258 41.48386764526367 0
vertex -9.227798461914062 41.930091857910156 -0.045031171292066574
vertex -9.344929695129395 41.80590057373047 0
endloop
endfacet
facet normal 0 0 1
outer loop
vertex 18.01475715637207 43.967796325683594 -4.099999904632568
vertex 19.370250701904297 43.22792053222656 -4.099999904632568
vertex 17.274885177612305 45.32328796386719 -4.099999904632568
endloop
endfacet
facet normal 0 0 1
outer loop
vertex -6.675260066986084 21.373144149780273 -4.099999904632568
vertex -4.579894065856934 19.27777671813965 -4.099999904632568
vertex -5.319766521453857 20.633270263671875 -4.099999904632568
endloop
endfacet
facet normal 0 0 1
outer loop
vertex -6.675260066986084 21.373144149780273 -4.099999904632568
vertex -5.319766521453857 20.633270263671875 -4.099999904632568
vertex -7.001285076141357 22.602075576782227 -4.099999904632568
endloop
endfacet
facet normal 0 0 1
outer loop
vertex 16.04595184326172 45.649314880371094 -4.099999904632568
vertex 17.274885177612305 45.32328796386719 -4.099999904632568
vertex 14.847495079040527 47.02296447753906 -4.099999904632568
endloop
endfacet
facet normal -0.8601199704949251 -0.40108092006860996 0.31516302434252413
outer loop
vertex 22.164451599121094 41.432456970214844 -0.30845406651496887
vertex 23.512514114379883 38.54808807373047 -0.3001086711883545
vertex 22.620813369750977 40.51594543457031 -0.22935029864311218
endloop
endfacet
facet normal 0.08271526370981093 -0.9454322174848754 0.3151445815670132
outer loop
vertex 6.3474955558776855 49.300533294677734 -4.099999904632568
vertex 3.1748037338256836 50.29376220703125 -0.2875889539718628
vertex 3.3954765796661377 49.04226303100586 -4.099999904632568
endloop
endfacet
facet normal 0.6710754077287717 -0.6710754077287717 0.31514376764157226
outer loop
vertex -7.642358779907227 44.03941345214844 -0.312626451253891
vertex -5.391386032104492 46.29038619995117 -0.312626451253891
vertex -6.490102291107178 45.233856201171875 -0.22279392182826996
endloop
endfacet
facet normal 0.24563034637335596 -0.916706045362464 0.3151440295109797
outer loop
vertex 0.0999399721622467 49.46554946899414 -0.3001086711883545
vertex 0.5331531167030334 48.275306701660156 -4.099999904632568
vertex 3.3954765796661377 49.04226303100586 -4.099999904632568
endloop
endfacet
facet normal -0.7774111418291288 -0.5443493491743869 0.31514393951550385
outer loop
vertex 20.33734893798828 44.03941345214844 -0.312626451253891
vertex 21.069927215576172 40.800533294677734 -4.099999904632568
vertex 22.164451599121094 41.432456970214844 -0.30845406651496887
endloop
endfacet
facet normal -0.8601255706233533 -0.4010835914488907 0.3151443406287192
outer loop
vertex 22.164451599121094 41.432456970214844 -0.30845406651496887
vertex 22.322269439697266 38.11487579345703 -4.099999904632568
vertex 23.512514114379883 38.54808807373047 -0.3001086711883545
endloop
endfacet
facet normal -0.9167041812390804 -0.24562999307487923 0.3151497272739134
outer loop
vertex 23.512514114379883 38.54808807373047 -0.3001086711883545
vertex 24.33953285217285 35.47301483154297 -0.2912198305130005
vertex 23.714609146118164 37.87238693237305 -0.23890317976474762
endloop
endfacet
facet normal -0.2456304057062002 -0.916706056812853 0.3151439499581705
outer loop
vertex 10.089638710021973 49.34621810913086 -2.5999999046325684
vertex 9.299514770507812 49.04226303100586 -4.099999904632568
vertex 12.161837577819824 48.275306701660156 -4.099999904632568
endloop
endfacet
facet normal 0.08273512575044066 -0.9454759460618473 0.31500814971285046
outer loop
vertex 3.4227406978607178 50.32471466064453 -0.25980648398399353
vertex 3.1748037338256836 50.29376220703125 -0.2875889539718628
vertex 3.560175895690918 50.33915328979492 -0.25256648659706116
endloop
endfacet
facet normal -0.945433980268077 -0.08270736195730913 0.3151413670601241
outer loop
vertex 24.535694122314453 34.08373260498047 -0.06737615913152695
vertex 23.347496032714844 32.300533294677734 -4.099999904632568
vertex 24.554811477661133 33.97488021850586 -0.03859128803014755
endloop
endfacet
facet normal 0.7774110141880882 -0.5443494351239819 0.31514410592497166
outer loop
vertex -8.3749361038208 40.800533294677734 -4.099999904632568
vertex -6.675260066986084 43.22792053222656 -4.099999904632568
vertex -8.495328903198242 42.87457275390625 -0.2205146998167038
endloop
endfacet
facet normal 0.11202018381485465 -0.6981768757049706 0.7071071549976935
outer loop
vertex 18.578216552734375 -65.68891906738281 -1
vertex 18.331544876098633 -64.71570587158203 0
vertex 18.12391471862793 -65.76181030273438 -1
endloop
endfacet
facet normal 0.11203110986472475 -0.6981771400707432 0.7071051629744446
outer loop
vertex 18.331544876098633 -64.71570587158203 0
vertex 18.013364791870117 -64.76676177978516 0
vertex 18.12391471862793 -65.76181030273438 -1
endloop
endfacet
facet normal 0.23405722430054002 -0.6672452180466318 0.7071075128625274
outer loop
vertex 18.578216552734375 -65.68891906738281 -1
vertex 19.22248649597168 -65.46292114257812 -1
vertex 18.79020118713379 -64.55481719970703 0
endloop
endfacet
facet normal 0.23405802340159101 -0.6672451722701749 0.7071072915502179
outer loop
vertex 18.331544876098633 -64.71570587158203 0
vertex 18.578216552734375 -65.68891906738281 -1
vertex 18.79020118713379 -64.55481719970703 0
endloop
endfacet
facet normal 0.3703230135169265 -0.6023785028478347 0.707107491804848
outer loop
vertex 18.79020118713379 -64.55481719970703 0
vertex 19.22248649597168 -65.46292114257812 -1
vertex 19.18897819519043 -64.30966186523438 0
endloop
endfacet
facet normal 0.3703201648413414 -0.602379294480583 0.7071083093083809
outer loop
vertex 19.18897819519043 -64.30966186523438 0
vertex 19.22248649597168 -65.46292114257812 -1
vertex 19.6535587310791 -65.19791412353516 -1
endloop
endfacet
facet normal 0.37033517005015243 -0.6023707723514183 0.7071077106358554
outer loop
vertex 19.18897819519043 -64.30966186523438 0
vertex 19.6535587310791 -65.19791412353516 -1
vertex 19.80412483215332 -65.1053466796875 -1
endloop
endfacet
facet normal 0.48971162571164006 -0.510078768233195 0.7071083183222845
outer loop
vertex 20.028921127319336 -64.8895263671875 -1
vertex 19.526649475097656 -63.985469818115234 0
vertex 19.80412483215332 -65.1053466796875 -1
endloop
endfacet
facet normal 0.489723240130588 -0.5100702304948739 0.7071064333174356
outer loop
vertex 19.526649475097656 -63.985469818115234 0
vertex 20.028921127319336 -64.8895263671875 -1
vertex 20.296634674072266 -64.63249206542969 -1
endloop
endfacet
facet normal 0.4897154187235081 -0.510076769927362 0.7071071329331421
outer loop
vertex 19.18897819519043 -64.30966186523438 0
vertex 19.80412483215332 -65.1053466796875 -1
vertex 19.526649475097656 -63.985469818115234 0
endloop
endfacet
facet normal 0.5868081504710967 -0.394534241714421 0.7071060222169782
outer loop
vertex 19.526649475097656 -63.985469818115234 0
vertex 20.296634674072266 -64.63249206542969 -1
vertex 19.79355239868164 -63.58849334716797 0
endloop
endfacet
facet normal 0.5868043992620985 -0.394537363010235 0.7071073936790491
outer loop
vertex 20.67758560180664 -64.0658950805664 -1
vertex 19.79355239868164 -63.58849334716797 0
vertex 20.296634674072266 -64.63249206542969 -1
endloop
endfacet
facet normal 0.6517342006712392 -0.2743040617792411 0.7071066492169559
outer loop
vertex 20.894207000732422 -63.551212310791016 -1
vertex 19.9378604888916 -63.245628356933594 0
vertex 20.67758560180664 -64.0658950805664 -1
endloop
endfacet
facet normal 0.6517321571813564 -0.2743068718301304 0.7071074425874078
outer loop
vertex 19.79355239868164 -63.58849334716797 0
vertex 20.67758560180664 -64.0658950805664 -1
vertex 19.9378604888916 -63.245628356933594 0
endloop
endfacet
facet normal 0.6894978068638631 -0.15641486277907174 0.7071966947262459
outer loop
vertex 19.9378604888916 -63.245628356933594 0
vertex 20.894207000732422 -63.551212310791016 -1
vertex 20.162479400634766 -62.25547790527344 0
endloop
endfacet
facet normal 0.691051773423622 -0.15466331620900856 0.7060642357939532
outer loop
vertex 20.894207000732422 -63.551212310791016 -1
vertex 21.135465621948242 -62.473243713378906 -1
vertex 20.162479400634766 -62.25547790527344 0
endloop
endfacet
facet normal 0.6420781008422772 -0.2994025785147866 0.7057576130637709
outer loop
vertex 20.19577407836914 -62.131221771240234 0
vertex 21.135465621948242 -62.473243713378906 -1
vertex 20.221982955932617 -62.075016021728516 0
endloop
endfacet
facet normal 0.68431311188781 -0.18336305653629711 0.7057574331143021
outer loop
vertex 20.162479400634766 -62.25547790527344 0
vertex 21.135465621948242 -62.473243713378906 -1
vertex 20.19577407836914 -62.131221771240234 0
endloop
endfacet
facet normal 0.6493217510562903 -0.28306801484310024 0.7058709248708145
outer loop
vertex 20.391328811645508 -61.686553955078125 0
vertex 21.135465621948242 -62.473243713378906 -1
vertex 21.304813385009766 -62.084781646728516 -1
endloop
endfacet
facet normal 0.6493234866066226 -0.283065583267976 0.705870303462456
outer loop
vertex 21.135465621948242 -62.473243713378906 -1
vertex 20.391328811645508 -61.686553955078125 0
vertex 20.221982955932617 -62.075016021728516 0
endloop
endfacet
facet normal 0.6420729043096612 -0.2994126092625847 0.7057580852997203
outer loop
vertex 20.391328811645508 -61.686553955078125 0
vertex 21.304813385009766 -62.084781646728516 -1
vertex 20.43878746032715 -61.584781646728516 0
endloop
endfacet
facet normal 0.5803319890943395 -0.406350490043916 0.7057577925002859
outer loop
vertex 21.304813385009766 -62.084781646728516 -1
vertex 20.471601486206055 -61.53791809082031 0
vertex 20.43878746032715 -61.584781646728516 0
endloop
endfacet
facet normal 0.5921449234066631 -0.3886445194057752 0.7059177198651206
outer loop
vertex 20.471601486206055 -61.53791809082031 0
vertex 21.304813385009766 -62.084781646728516 -1
vertex 20.704126358032227 -61.18363952636719 0
endloop
endfacet
facet normal 0.5921468579184391 -0.3886426011175543 0.7059171532509332
outer loop
vertex 21.537336349487305 -61.73050308227539 -1
vertex 20.704126358032227 -61.18363952636719 0
vertex 21.304813385009766 -62.084781646728516 -1
endloop
endfacet
facet normal 0.5803358085955304 -0.4063458435513204 0.7057573270539512
outer loop
vertex 20.704126358032227 -61.18363952636719 0
vertex 21.537336349487305 -61.73050308227539 -1
vertex 20.771291732788086 -61.08771514892578 0
endloop
endfacet
facet normal 0.5009398089416688 -0.5009655960213014 0.7057568840758882
outer loop
vertex 20.771291732788086 -61.08771514892578 0
vertex 21.537336349487305 -61.73050308227539 -1
vertex 20.808345794677734 -61.050662994384766 0
endloop
endfacet
facet normal 0.5215981894311607 -0.47911613192001307 0.7059625067354071
outer loop
vertex 21.09502601623535 -60.738563537597656 0
vertex 20.808345794677734 -61.050662994384766 0
vertex 21.537336349487305 -61.73050308227539 -1
endloop
endfacet
facet normal 0.5171270835913674 -0.4822640673511229 0.7071074520596135
outer loop
vertex 21.537336349487305 -61.73050308227539 -1
vertex 21.757568359375 -61.49435043334961 -1
vertex 21.09502601623535 -60.738563537597656 0
endloop
endfacet
facet normal 0.5171392138376774 -0.4822523076758503 0.7071066010529572
outer loop
vertex 21.09502601623535 -60.738563537597656 0
vertex 21.757568359375 -61.49435043334961 -1
vertex 21.826356887817383 -61.42058563232422 -1
endloop
endfacet
facet normal 0.4063107165993862 -0.5803627566241408 0.7057553912653602
outer loop
vertex 21.183568954467773 -60.654541015625 0
vertex 21.826356887817383 -61.42058563232422 -1
vertex 21.22255516052246 -60.62724685668945 0
endloop
endfacet
facet normal 0.4871892607131917 -0.5134000694821526 0.7064467374837644
outer loop
vertex 21.09502601623535 -60.738563537597656 0
vertex 21.826356887817383 -61.42058563232422 -1
vertex 21.183568954467773 -60.654541015625 0
endloop
endfacet
facet normal 0.4288891503094653 -0.5635297950835528 0.7060370151769055
outer loop
vertex 21.826356887817383 -61.42058563232422 -1
vertex 22.163570404052734 -61.1639404296875 -1
vertex 21.55976676940918 -60.37059783935547 0
endloop
endfacet
facet normal 0.4288956217436371 -0.563526734506964 0.70603552682925
outer loop
vertex 21.55976676940918 -60.37059783935547 0
vertex 21.22255516052246 -60.62724685668945 0
vertex 21.826356887817383 -61.42058563232422 -1
endloop
endfacet
facet normal 0.2993888697301605 -0.6420845700574986 0.7057575430526931
outer loop
vertex 21.663570404052734 -60.29791259765625 0
vertex 22.163570404052734 -61.1639404296875 -1
vertex 21.702341079711914 -60.27983474731445 0
endloop
endfacet
facet normal 0.40635625507069645 -0.5803276600638321 0.7057580328481969
outer loop
vertex 21.55976676940918 -60.37059783935547 0
vertex 22.163570404052734 -61.1639404296875 -1
vertex 21.663570404052734 -60.29791259765625 0
endloop
endfacet
facet normal 0.32752151834167864 -0.6278058826630001 0.7061086522036766
outer loop
vertex 22.163570404052734 -61.1639404296875 -1
vertex 22.539283752441406 -60.967933654785156 -1
vertex 22.07805633544922 -60.08382797241211 0
endloop
endfacet
facet normal 0.3275200668904828 -0.6278062875743253 0.7061089654339459
outer loop
vertex 22.07805633544922 -60.08382797241211 0
vertex 21.702341079711914 -60.27983474731445 0
vertex 22.163570404052734 -61.1639404296875 -1
endloop
endfacet
facet normal 0.18336579435625125 -0.6843117484642164 0.7057580437897595
outer loop
vertex 22.197263717651367 -60.02824020385742 0
vertex 22.539283752441406 -60.967933654785156 -1
vertex 22.233936309814453 -60.01841354370117 0
endloop
endfacet
facet normal 0.29940730024653606 -0.6420757911785704 0.7057577112164581
outer loop
vertex 22.07805633544922 -60.08382797241211 0
vertex 22.539283752441406 -60.967933654785156 -1
vertex 22.197263717651367 -60.02824020385742 0
endloop
endfacet
facet normal 0.2167568369159087 -0.6740277841048977 0.7061890822611546
outer loop
vertex 22.233936309814453 -60.01841354370117 0
vertex 22.539283752441406 -60.967933654785156 -1
vertex 22.637357711791992 -59.88867950439453 0
endloop
endfacet
facet normal 0.2167558448733925 -0.6740278859885802 0.7061892895130791
outer loop
vertex 22.539283752441406 -60.967933654785156 -1
vertex 22.942707061767578 -60.838199615478516 -1
vertex 22.637357711791992 -59.88867950439453 0
endloop
endfacet
facet normal 0.06171433702462426 -0.7057609189196463 0.7057569453652636
outer loop
vertex 22.769058227539062 -59.853389739990234 0
vertex 22.942707061767578 -60.838199615478516 -1
vertex 22.802082061767578 -59.850502014160156 0
endloop
endfacet
facet normal 0.18336455758902068 -0.6843119304380223 0.705758188673975
outer loop
vertex 22.637357711791992 -59.88867950439453 0
vertex 22.942707061767578 -60.838199615478516 -1
vertex 22.769058227539062 -59.853389739990234 0
endloop
endfacet
facet normal 0.1036576726507857 -0.7003106246534361 0.7062719843644775
outer loop
vertex 22.802082061767578 -59.850502014160156 0
vertex 22.942707061767578 -60.838199615478516 -1
vertex 23.221290588378906 -59.7884521484375 0
endloop
endfacet
facet normal 0.09967353070405065 -0.7000475809480898 0.7071057712151106
outer loop
vertex 23.221290588378906 -59.7884521484375 0
vertex 22.942707061767578 -60.838199615478516 -1
vertex 23.362245559692383 -60.778465270996094 -1
endloop
endfacet
facet normal 0.0500080014895196 -0.7062241099242157 0.7062200127076359
outer loop
vertex 23.221290588378906 -59.7884521484375 0
vertex 23.362245559692383 -60.778465270996094 -1
vertex 23.361896514892578 -59.77849578857422 0
endloop
endfacet
facet normal 0.000246551818339238 -0.707107865348403 0.7071056540394975
outer loop
vertex 34.804046630859375 -59.774478912353516 0
vertex 23.362245559692383 -60.778465270996094 -1
vertex 26.30524253845215 -60.77743911743164 -1
endloop
endfacet
facet normal 0.0002482403626335055 -0.7071175057511264 0.7070960128844088
outer loop
vertex 23.361896514892578 -59.77849578857422 0
vertex 23.362245559692383 -60.778465270996094 -1
vertex 34.804046630859375 -59.774478912353516 0
endloop
endfacet
facet normal 0.00024622366246661716 -0.7071064730009617 0.7071070465028955
outer loop
vertex 34.804046630859375 -59.774478912353516 0
vertex 26.30524253845215 -60.77743911743164 -1
vertex 34.83924102783203 -60.77446746826172 -1
endloop
endfacet
facet normal 0.049459785541051175 -0.7053747874466195 0.707106879367518
outer loop
vertex 35.569664001464844 -60.72325134277344 -1
vertex 35.41762161254883 -59.7314567565918 0
vertex 34.83924102783203 -60.77446746826172 -1
endloop
endfacet
facet normal 0.049458884774808545 -0.7053745630079873 0.7071071662613265
outer loop
vertex 34.804046630859375 -59.774478912353516 0
vertex 34.83924102783203 -60.77446746826172 -1
vertex 35.41762161254883 -59.7314567565918 0
endloop
endfacet
facet normal 0.16411107046854173 -0.6877987246718442 0.7071071141555951
outer loop
vertex 35.569664001464844 -60.72325134277344 -1
vertex 36.527801513671875 -60.49463653564453 -1
vertex 36.203155517578125 -59.54402542114258 0
endloop
endfacet
facet normal 0.1641113681639903 -0.687798780201762 0.7071069910503726
outer loop
vertex 35.41762161254883 -59.7314567565918 0
vertex 35.569664001464844 -60.72325134277344 -1
vertex 36.203155517578125 -59.54402542114258 0
endloop
endfacet
facet normal 0.29088785261983646 -0.6445027790208381 0.7071070817299436
outer loop
vertex 36.203155517578125 -59.54402542114258 0
vertex 36.527801513671875 -60.49463653564453 -1
vertex 36.92751693725586 -59.21709442138672 0
endloop
endfacet
facet normal 0.29088883476880173 -0.6445027737880688 0.7071066824647708
outer loop
vertex 36.92751693725586 -59.21709442138672 0
vertex 36.527801513671875 -60.49463653564453 -1
vertex 37.425628662109375 -60.089412689208984 -1
endloop
endfacet
facet normal 0.4072291423705607 -0.5780698795940963 0.7071065265645655
outer loop
vertex 36.92751693725586 -59.21709442138672 0
vertex 37.425628662109375 -60.089412689208984 -1
vertex 37.577213287353516 -58.75940704345703 0
endloop
endfacet
facet normal 0.4072285434932503 -0.578069997925017 0.707106774725951
outer loop
vertex 37.425628662109375 -60.089412689208984 -1
vertex 38.23091125488281 -59.52212142944336 -1
vertex 37.577213287353516 -58.75940704345703 0
endloop
endfacet
facet normal 0.5089470509480779 -0.49089013581053836 0.707106621306268
outer loop
vertex 37.577213287353516 -58.75940704345703 0
vertex 38.23091125488281 -59.52212142944336 -1
vertex 38.12892532348633 -58.187400817871094 0
endloop
endfacet
facet normal 0.5089443999618415 -0.4908916678639738 0.7071074657852278
outer loop
vertex 38.12892532348633 -58.187400817871094 0
vertex 38.47628402709961 -59.267723083496094 -1
vertex 38.91474914550781 -58.813133239746094 -1
endloop
endfacet
facet normal 0.5089467346207349 -0.4908902639267276 0.7071067600446477
outer loop
vertex 38.12892532348633 -58.187400817871094 0
vertex 38.23091125488281 -59.52212142944336 -1
vertex 38.47628402709961 -59.267723083496094 -1
endloop
endfacet
facet normal 0.5923970177983795 -0.38608851794816695 0.7071077920742879
outer loop
vertex 38.12892532348633 -58.187400817871094 0
vertex 38.91474914550781 -58.813133239746094 -1
vertex 38.5628547668457 -57.52159881591797 0
endloop
endfacet
facet normal 0.5924007161265411 -0.3860861235567258 0.7071060010562079
outer loop
vertex 38.91474914550781 -58.813133239746094 -1
vertex 39.45258712768555 -57.98788833618164 -1
vertex 38.5628547668457 -57.52159881591797 0
endloop
endfacet
facet normal 0.6545862859476567 -0.2674287583862749 0.7071058290222391
outer loop
vertex 38.5628547668457 -57.52159881591797 0
vertex 39.45258712768555 -57.98788833618164 -1
vertex 38.86341857910156 -56.78590774536133 0
endloop
endfacet
facet normal 0.6545857002421008 -0.26742931989208407 0.7071061588620312
outer loop
vertex 38.86341857910156 -56.78590774536133 0
vertex 39.45258712768555 -57.98788833618164 -1
vertex 39.825130462646484 -57.07601547241211 -1
endloop
endfacet
facet normal 0.6932761907973237 -0.13916676591122518 0.7071073005841213
outer loop
vertex 39.825130462646484 -57.07601547241211 -1
vertex 40.01899719238281 -56.11024475097656 -1
vertex 39.01904296875 -56.0106315612793 0
endloop
endfacet
facet normal 0.6932777831640937 -0.1391645120499639 0.7071061829435346
outer loop
vertex 38.86341857910156 -56.78590774536133 0
vertex 39.825130462646484 -57.07601547241211 -1
vertex 39.01904296875 -56.0106315612793 0
endloop
endfacet
facet normal 0.7071214973725191 -0.0003359084659859697 0.7070919849065955
outer loop
vertex 39.04753875732422 3.8847947120666504 0
vertex 40.01899719238281 -56.11024475097656 -1
vertex 40.0474967956543 3.88431978225708 -1
endloop
endfacet
facet normal 0.7071061700067615 -0.00033641212983578017 0.7071073123403885
outer loop
vertex 39.01904296875 -56.0106315612793 0
vertex 40.01899719238281 -56.11024475097656 -1
vertex 39.04753875732422 3.8847947120666504 0
endloop
endfacet
facet normal 0.7057577711426197 -0.06174420737230221 0.7057574805326317
outer loop
vertex 39.04753875732422 3.8847947120666504 0
vertex 40.0474967956543 3.88431978225708 -1
vertex 39.05417251586914 3.960620880126953 0
endloop
endfacet
facet normal 0.7063530796782496 -0.05425505266773619 0.7057773842289604
outer loop
vertex 40.0474967956543 3.88431978225708 -1
vertex 40.07682418823242 4.266136646270752 -1
vertex 39.083499908447266 4.342437744140625 0
endloop
endfacet
facet normal 0.7063530796782496 -0.05425505266773619 0.7057773842289604
outer loop
vertex 39.05417251586914 3.960620880126953 0
vertex 40.0474967956543 3.88431978225708 -1
vertex 39.083499908447266 4.342437744140625 0
endloop
endfacet
facet normal 0.6843211291801317 -0.1833295052010458 0.7057583755651569
outer loop
vertex 39.092018127441406 4.439784526824951 0
vertex 40.07682418823242 4.266136646270752 -1
vertex 39.108482360839844 4.501241207122803 0
endloop
endfacet
facet normal 0.7057567660044333 -0.061756439438960364 0.7057574154245818
outer loop
vertex 39.083499908447266 4.342437744140625 0
vertex 40.07682418823242 4.266136646270752 -1
vertex 39.092018127441406 4.439784526824951 0
endloop
endfacet
facet normal 0.6883564253206014 -0.16712760518379483 0.705856781015365
outer loop
vertex 40.07682418823242 4.266136646270752 -1
vertex 40.17680740356445 4.677942276000977 -1
vertex 39.208465576171875 4.913046836853027 0
endloop
endfacet
facet normal 0.6883564253206014 -0.16712760518379483 0.705856781015365
outer loop
vertex 39.108482360839844 4.501241207122803 0
vertex 40.07682418823242 4.266136646270752 -1
vertex 39.208465576171875 4.913046836853027 0
endloop
endfacet
facet normal 0.642080492007374 -0.29939595401644464 0.7057582479164882
outer loop
vertex 39.26197052001953 5.073269367218018 0
vertex 39.23711395263672 5.019962310791016 0
vertex 40.17680740356445 4.677942276000977 -1
endloop
endfacet
facet normal 0.684312347149767 -0.18336389503410963 0.7057579567644254
outer loop
vertex 39.23711395263672 5.019962310791016 0
vertex 39.208465576171875 4.913046836853027 0
vertex 40.17680740356445 4.677942276000977 -1
endloop
endfacet
facet normal 0.6501974379211545 -0.2809743158836967 0.7059013568016816
outer loop
vertex 39.43007278442383 5.462271690368652 0
vertex 39.26197052001953 5.073269367218018 0
vertex 40.17680740356445 4.677942276000977 -1
endloop
endfacet
facet normal 0.6502008980717222 -0.28096943503767247 0.7059001124247941
outer loop
vertex 40.17680740356445 4.677942276000977 -1
vertex 40.344905853271484 5.066944599151611 -1
vertex 39.43007278442383 5.462271690368652 0
endloop
endfacet
facet normal 0.5803296352170583 -0.4063552131401425 0.7057570086387137
outer loop
vertex 39.50986099243164 5.611186981201172 0
vertex 39.4788818359375 5.566944599151611 0
vertex 40.344905853271484 5.066944599151611 -1
endloop
endfacet
facet normal 0.6420791380993374 -0.29940195693163646 0.7057569330889485
outer loop
vertex 39.4788818359375 5.566944599151611 0
vertex 39.43007278442383 5.462271690368652 0
vertex 40.344905853271484 5.066944599151611 -1
endloop
endfacet
facet normal 0.5933612687505558 -0.38672054667426387 0.7059529896010707
outer loop
vertex 39.50986099243164 5.611186981201172 0
vertex 40.344905853271484 5.066944599151611 -1
vertex 39.74124526977539 5.966209411621094 0
endloop
endfacet
facet normal 0.5933574041515778 -0.3867244035331778 0.7059541250325045
outer loop
vertex 40.344905853271484 5.066944599151611 -1
vertex 40.5762939453125 5.421967029571533 -1
vertex 39.74124526977539 5.966209411621094 0
endloop
endfacet
facet normal 0.5009522251504392 -0.5009522251504392 0.7057575619386925
outer loop
vertex 39.81024932861328 6.064754486083984 0
vertex 40.5762939453125 5.421967029571533 -1
vertex 39.84503936767578 6.099544525146484 0
endloop
endfacet
facet normal 0.5803250252305847 -0.4063600581193066 0.7057580097004886
outer loop
vertex 39.74124526977539 5.966209411621094 0
vertex 40.5762939453125 5.421967029571533 -1
vertex 39.81024932861328 6.064754486083984 0
endloop
endfacet
facet normal 0.5194771123158203 -0.4813403723830746 0.7060134387489657
outer loop
vertex 40.5762939453125 5.421967029571533 -1
vertex 40.864315032958984 5.7328081130981445 -1
vertex 40.13306427001953 6.410385608673096 0
endloop
endfacet
facet normal 0.5194732072263711 -0.48134312904864446 0.7060144326369028
outer loop
vertex 39.84503936767578 6.099544525146484 0
vertex 40.5762939453125 5.421967029571533 -1
vertex 40.13306427001953 6.410385608673096 0
endloop
endfacet
facet normal 0.4914326863023778 -0.510746109463146 0.705430596516687
outer loop
vertex 40.13306427001953 6.410385608673096 0
vertex 40.864315032958984 5.7328081130981445 -1
vertex 40.234310150146484 6.507802963256836 0
endloop
endfacet
facet normal 0.44639723131056075 -0.5489530885766526 0.706668252025248
outer loop
vertex 40.234310150146484 6.507802963256836 0
vertex 40.864315032958984 5.7328081130981445 -1
vertex 46.28396987915039 11.427260398864746 0
endloop
endfacet
facet normal 0.4460335288506379 -0.5486839490963183 0.7071067918957615
outer loop
vertex 40.864315032958984 5.7328081130981445 -1
vertex 46.914756774902344 10.651304244995117 -1
vertex 46.28396987915039 11.427260398864746 0
endloop
endfacet
facet normal 0.3924725599201429 -0.5901333631047597 0.705484162444768
outer loop
vertex 46.28396987915039 11.427260398864746 0
vertex 46.914756774902344 10.651304244995117 -1
vertex 46.32683563232422 11.455768585205078 0
endloop
endfacet
facet normal 0.4179774772021405 -0.5719256068114256 0.7058299574438003
outer loop
vertex 46.914756774902344 10.651304244995117 -1
vertex 47.12031173706055 10.801528930664062 -1
vertex 46.53239440917969 11.605993270874023 0
endloop
endfacet
facet normal 0.41797195059462877 -0.5719286583395885 0.705830757537527
outer loop
vertex 46.32683563232422 11.455768585205078 0
vertex 46.914756774902344 10.651304244995117 -1
vertex 46.53239440917969 11.605993270874023 0
endloop
endfacet
facet normal 0.4063502442762058 -0.580332722764919 0.7057573307199322
outer loop
vertex 46.53239440917969 11.605993270874023 0
vertex 47.12031173706055 10.801528930664062 -1
vertex 46.62012481689453 11.6674222946167 0
endloop
endfacet
facet normal 0.35369415870236287 -0.6122912598302374 0.7071066788224593
outer loop
vertex 61.753929138183594 20.409589767456055 0
vertex 47.12031173706055 10.801528930664062 -1
vertex 62.2926025390625 19.56590461730957 -1
endloop
endfacet
facet normal 0.3536985180153315 -0.6122971422137984 0.7070994046034645
outer loop
vertex 46.62012481689453 11.6674222946167 0
vertex 47.12031173706055 10.801528930664062 -1
vertex 61.753929138183594 20.409589767456055 0
endloop
endfacet
facet normal 0.40660603983178273 -0.5785084011201101 0.7071064687907817
outer loop
vertex 62.2926025390625 19.56590461730957 -1
vertex 63.059303283691406 20.104782104492188 -1
vertex 62.40849685668945 20.869653701782227 0
endloop
endfacet
facet normal 0.4066055932649887 -0.578508497748254 0.7071066465241895
outer loop
vertex 61.753929138183594 20.409589767456055 0
vertex 62.2926025390625 19.56590461730957 -1
vertex 62.40849685668945 20.869653701782227 0
endloop
endfacet
facet normal 0.505947342492993 -0.49398168581323615 0.7071063432789945
outer loop
vertex 62.40849685668945 20.869653701782227 0
vertex 63.059303283691406 20.104782104492188 -1
vertex 62.96551513671875 21.44016456604004 0
endloop
endfacet
facet normal 0.5059463218229712 -0.4939820919303945 0.707106789873975
outer loop
vertex 63.059303283691406 20.104782104492188 -1
vertex 63.74750900268555 20.809656143188477 -1
vertex 62.96551513671875 21.44016456604004 0
endloop
endfacet
facet normal 0.590035628875967 -0.38968955262862 0.7071067877124698
outer loop
vertex 63.74750900268555 20.809656143188477 -1
vertex 63.40353775024414 22.103382110595703 0
vertex 62.96551513671875 21.44016456604004 0
endloop
endfacet
facet normal 0.5900375267543011 -0.38968834033359184 0.7071058721504994
outer loop
vertex 63.74750900268555 20.809656143188477 -1
vertex 64.29041290283203 21.631681442260742 -1
vertex 63.40353775024414 22.103382110595703 0
endloop
endfacet
facet normal 0.6529428789521903 -0.2714133367437303 0.7071070622354582
outer loop
vertex 64.29041290283203 21.631681442260742 -1
vertex 64.66854095458984 22.541349411010742 -1
vertex 63.70848846435547 22.83701515197754 0
endloop
endfacet
facet normal 0.6529452737391579 -0.27141106830102313 0.707105721590056
outer loop
vertex 63.40353775024414 22.103382110595703 0
vertex 64.29041290283203 21.631681442260742 -1
vertex 63.70848846435547 22.83701515197754 0
endloop
endfacet
facet normal 0.6925071473782956 -0.1429450784783192 0.7071071738914851
outer loop
vertex 63.70848846435547 22.83701515197754 0
vertex 64.66854095458984 22.541349411010742 -1
vertex 64.88919067382812 23.610301971435547 -1
endloop
endfacet
facet normal 0.6929350528398883 -0.14456762335995055 0.7063577102444886
outer loop
vertex 63.70848846435547 22.83701515197754 0
vertex 64.88919067382812 23.610301971435547 -1
vertex 63.91190719604492 23.81203269958496 -2.613982215225871e-15
endloop
endfacet
facet normal 0.6843112696873517 -0.18336990071027087 0.7057574411172651
outer loop
vertex 63.91190719604492 23.81203269958496 -2.613982215225871e-15
vertex 64.88919067382812 23.610301971435547 -1
vertex 63.933780670166016 23.893661499023438 -2.109473213511917e-13
endloop
endfacet
facet normal 0.6790939358396662 -0.2014005272824996 0.7058818979943617
outer loop
vertex 64.88919067382812 23.610301971435547 -1
vertex 65.00968170166016 24.01658058166504 -1
vertex 63.933780670166016 23.893661499023438 -2.109473213511917e-13
endloop
endfacet
facet normal 0.6790934394511895 -0.20140675632180577 0.7058805982616906
outer loop
vertex 63.933780670166016 23.893661499023438 -2.109473213511917e-13
vertex 65.00968170166016 24.01658058166504 -1
vertex 64.05427551269531 24.29994010925293 -3.475824500182717e-13
endloop
endfacet
facet normal 0.6420672999119015 -0.29943099092835945 0.7057553854243701
outer loop
vertex 64.06999206542969 24.358600616455078 -2.0230536267474425e-13
vertex 65.00968170166016 24.01658058166504 -1
vertex 64.115966796875 24.457183837890625 -7.606086171053211e-14
endloop
endfacet
facet normal 0.684319494278588 -0.18334555789007706 0.7057557907323707
outer loop
vertex 64.05427551269531 24.29994010925293 -3.475824500182717e-13
vertex 65.00968170166016 24.01658058166504 -1
vertex 64.06999206542969 24.358600616455078 -2.0230536267474425e-13
endloop
endfacet
facet normal 0.635358599349943 -0.3132220076685931 0.7058409340241854
outer loop
vertex 64.115966796875 24.457183837890625 -7.606086171053211e-14
vertex 65.19706726074219 24.396669387817383 -1
vertex 64.3033447265625 24.83727264404297 0
endloop
endfacet
facet normal 0.6353557151917769 -0.3132333391040614 0.7058385016750401
outer loop
vertex 65.00968170166016 24.01658058166504 -1
vertex 65.19706726074219 24.396669387817383 -1
vertex 64.115966796875 24.457183837890625 -7.606086171053211e-14
endloop
endfacet
facet normal 0.5803418627103932 -0.40633808106641883 0.7057568180762349
outer loop
vertex 64.33104705810547 24.896669387817383 0
vertex 65.19706726074219 24.396669387817383 -1
vertex 64.39067840576172 24.981836318969727 0
endloop
endfacet
facet normal 0.6420549495599248 -0.2994510801646815 0.7057580976041351
outer loop
vertex 64.3033447265625 24.83727264404297 0
vertex 65.19706726074219 24.396669387817383 -1
vertex 64.33104705810547 24.896669387817383 0
endloop
endfacet
facet normal 0.5722916289652359 -0.4153076613915735 0.7071080807102821
outer loop
vertex 65.19706726074219 24.396669387817383 -1
vertex 65.31681823730469 24.56168556213379 -1
vertex 64.63660430908203 25.326967239379883 0
endloop
endfacet
facet normal 0.5769335513843419 -0.4110987929200185 0.705794204954075
outer loop
vertex 64.39067840576172 24.981836318969727 0
vertex 65.19706726074219 24.396669387817383 -1
vertex 64.63660430908203 25.326967239379883 0
endloop
endfacet
facet normal 0.5723117724757022 -0.4152854780469748 0.7071048060995032
outer loop
vertex 64.63660430908203 25.326967239379883 0
vertex 65.31681823730469 24.56168556213379 -1
vertex 65.44595336914062 24.739648818969727 -1
endloop
endfacet
facet normal 0.5009456243980797 -0.5009592507513261 0.7057572603119914
outer loop
vertex 64.6799087524414 25.382436752319336 0
vertex 65.44595336914062 24.739648818969727 -1
vertex 64.75003051757812 25.452556610107422 0
endloop
endfacet
facet normal 0.5575423409246522 -0.4352672205609416 0.7068868260064065
outer loop
vertex 64.63660430908203 25.326967239379883 0
vertex 65.44595336914062 24.739648818969727 -1
vertex 64.6799087524414 25.382436752319336 0
endloop
endfacet
facet normal 0.4948556128455192 -0.5069401936563835 0.7057829429016501
outer loop
vertex 65.05327606201172 25.748573303222656 0
vertex 64.75003051757812 25.452556610107422 0
vertex 65.44595336914062 24.739648818969727 -1
endloop
endfacet
facet normal 0.4948556128455192 -0.5069401936563835 0.7057829429016501
outer loop
vertex 65.44595336914062 24.739648818969727 -1
vertex 65.74919891357422 25.03566551208496 -1
vertex 65.05327606201172 25.748573303222656 0
endloop
endfacet
facet normal 0.5009796141540357 -0.5009256660998175 0.7057569718001571
outer loop
vertex 65.05327606201172 25.748573303222656 0
vertex 65.74919891357422 25.03566551208496 -1
vertex 65.10640716552734 25.80171012878418 0
endloop
endfacet
facet normal 0.40633295161322797 -0.5803447231104067 0.7057574192250389
outer loop
vertex 65.10640716552734 25.80171012878418 0
vertex 65.74919891357422 25.03566551208496 -1
vertex 65.18370819091797 25.855833053588867 0
endloop
endfacet
facet normal 0.4021419718050682 -0.5832455227473805 0.705766600731337
outer loop
vertex 65.53258514404297 26.09638023376465 0
vertex 65.18370819091797 25.855833053588867 0
vertex 65.74919891357422 25.03566551208496 -1
endloop
endfacet
facet normal 0.40213949483323286 -0.583246554961236 0.7057671590695632
outer loop
vertex 65.74919891357422 25.03566551208496 -1
vertex 66.09807586669922 25.27621078491211 -1
vertex 65.53258514404297 26.09638023376465 0
endloop
endfacet
facet normal 0.4063483000537816 -0.5803333845206989 0.7057579059806219
outer loop
vertex 65.53258514404297 26.09638023376465 0
vertex 66.09807586669922 25.27621078491211 -1
vertex 65.59807586669922 26.142236709594727 0
endloop
endfacet
facet normal 0.29940299792691777 -0.6420779066608503 0.7057576117977009
outer loop
vertex 65.59807586669922 26.142236709594727 0
vertex 66.09807586669922 25.27621078491211 -1
vertex 65.67924499511719 26.180086135864258 0
endloop
endfacet
facet normal 0.2978534186886488 -0.6427970770432216 0.7057586405565116
outer loop
vertex 65.67924499511719 26.180086135864258 0
vertex 66.09807586669922 25.27621078491211 -1
vertex 66.0637435913086 26.358251571655273 0
endloop
endfacet
facet normal 0.2978534186886488 -0.6427970770432216 0.7057586405565116
outer loop
vertex 66.09807586669922 25.27621078491211 -1
vertex 66.48257446289062 25.454376220703125 -1
vertex 66.0637435913086 26.358251571655273 0
endloop
endfacet
facet normal 0.29940347703011533 -0.642077683953182 0.7057576111609388
outer loop
vertex 66.0637435913086 26.358251571655273 0
vertex 66.48257446289062 25.454376220703125 -1
vertex 66.14055633544922 26.39406967163086 0
endloop
endfacet
facet normal 0.1833703411584612 -0.6843104984367581 0.7057580744934239
outer loop
vertex 66.14055633544922 26.39406967163086 0
vertex 66.48257446289062 25.454376220703125 -1
vertex 66.22241973876953 26.416006088256836 0
endloop
endfacet
facet normal 0.19114062976679225 -0.6821946026748797 0.7057448432214131
outer loop
vertex 66.22241973876953 26.416006088256836 0
vertex 66.48257446289062 25.454376220703125 -1
vertex 66.6304931640625 26.53034210205078 0
endloop
endfacet
facet normal 0.1846585942880305 -0.6825694041772001 0.707106931119156
outer loop
vertex 66.6304931640625 26.53034210205078 0
vertex 66.48257446289062 25.454376220703125 -1
vertex 66.89163970947266 25.56504249572754 -1
endloop
endfacet
facet normal 0.1219793300998305 -0.6979993681893869 0.7056329959941028
outer loop
vertex 66.6304931640625 26.53034210205078 0
vertex 66.89163970947266 25.56504249572754 -1
vertex 66.76631164550781 26.5540771484375 0
endloop
endfacet
facet normal 0.0912643414206263 -0.7022847408330416 0.7060219279725858
outer loop
vertex 66.76631164550781 26.5540771484375 0
vertex 66.89163970947266 25.56504249572754 -1
vertex 67.71739196777344 26.67767333984375 0
endloop
endfacet
facet normal 0.0888895130997978 -0.7014973477406592 0.7071068699805578
outer loop
vertex 66.89163970947266 25.56504249572754 -1
vertex 67.9271240234375 25.696252822875977 -1
vertex 67.71739196777344 26.67767333984375 0
endloop
endfacet
facet normal 0.2056056766786836 -0.6765547581069254 0.7071067564380786
outer loop
vertex 67.9271240234375 25.696252822875977 -1
vertex 68.86959838867188 25.9826717376709 -1
vertex 68.48778533935547 26.91179656982422 0
endloop
endfacet
facet normal 0.20560558866340248 -0.6765547471719097 0.7071067924928519
outer loop
vertex 67.71739196777344 26.67767333984375 0
vertex 67.9271240234375 25.696252822875977 -1
vertex 68.48778533935547 26.91179656982422 0
endloop
endfacet
facet normal 0.3295179664728247 -0.6256342436125524 0.7071065711694128
outer loop
vertex 68.86959838867188 25.9826717376709 -1
vertex 69.1909408569336 27.28214454650879 0
vertex 68.48778533935547 26.91179656982422 0
endloop
endfacet
facet normal 0.3295183947880805 -0.625634215244509 0.7071063966700303
outer loop
vertex 69.1909408569336 27.28214454650879 0
vertex 68.86959838867188 25.9826717376709 -1
vertex 69.74114227294922 26.441709518432617 -1
endloop
endfacet
facet normal 0.4416045403860902 -0.5522543672759482 0.7071071656651713
outer loop
vertex 69.74114227294922 26.441709518432617 -1
vertex 69.88726806640625 26.558557510375977 -1
vertex 69.80888366699219 27.77627944946289 0
endloop
endfacet
facet normal 0.4416069569388098 -0.5522537312802211 0.7071061531837476
outer loop
vertex 69.1909408569336 27.28214454650879 0
vertex 69.74114227294922 26.441709518432617 -1
vertex 69.80888366699219 27.77627944946289 0
endloop
endfacet
facet normal 0.44160600138250217 -0.5522538534755661 0.7071066545185001
outer loop
vertex 69.80888366699219 27.77627944946289 0
vertex 69.88726806640625 26.558557510375977 -1
vertex 70.51045989990234 27.056888580322266 -1
endloop
endfacet
facet normal 0.5410097006551423 -0.45531168817578593 0.7071066188401499
outer loop
vertex 69.80888366699219 27.77627944946289 0
vertex 70.51045989990234 27.056888580322266 -1
vertex 82.29627990722656 42.61403274536133 0
endloop
endfacet
facet normal 0.5410093080241206 -0.45531142108970707 0.7071070912220677
outer loop
vertex 82.29627990722656 42.61403274536133 0
vertex 70.51045989990234 27.056888580322266 -1
vertex 83.08438873291016 41.997459411621094 -1
endloop
endfacet
facet normal 0.5721225910497129 -0.41554217991680215 0.7071070905602311
outer loop
vertex 82.29627990722656 42.61403274536133 0
vertex 83.08438873291016 41.997459411621094 -1
vertex 82.65721893310547 43.11097717285156 0
endloop
endfacet
facet normal 0.5721241419571864 -0.41554105284936493 0.7071064980514566
outer loop
vertex 83.08438873291016 41.997459411621094 -1
vertex 83.51468658447266 42.589900970458984 -1
vertex 82.65721893310547 43.11097717285156 0
endloop
endfacet
facet normal 0.6323599849114118 -0.31641823032709016 0.7071070307948519
outer loop
vertex 83.51468658447266 42.589900970458984 -1
vertex 83.95547485351562 43.4708137512207 -1
vertex 83.01860046386719 43.83319854736328 0
endloop
endfacet
facet normal 0.6323608117715723 -0.3164175503753744 0.7071065956063807
outer loop
vertex 82.65721893310547 43.11097717285156 0
vertex 83.51468658447266 42.589900970458984 -1
vertex 83.01860046386719 43.83319854736328 0
endloop
endfacet
facet normal 0.6806925783321351 -0.19146746485762 0.7071052423115997
outer loop
vertex 83.95547485351562 43.4708137512207 -1
vertex 84.22219848632812 44.41905212402344 -1
vertex 83.23379516601562 44.598228454589844 0
endloop
endfacet
facet normal 0.6806898515379071 -0.1914707496706844 0.7071069777861397
outer loop
vertex 83.01860046386719 43.83319854736328 0
vertex 83.95547485351562 43.4708137512207 -1
vertex 83.23379516601562 44.598228454589844 0
endloop
endfacet
facet normal 0.7045860619088984 -0.059652713252663 0.7071068060521731
outer loop
vertex 83.30083465576172 45.39011764526367 0
vertex 84.22219848632812 44.41905212402344 -1
vertex 84.3052978515625 45.400577545166016 -1
endloop
endfacet
facet normal 0.704588219148773 -0.05964879335282957 0.7071049871753925
outer loop
vertex 83.23379516601562 44.598228454589844 0
vertex 84.22219848632812 44.41905212402344 -1
vertex 83.30083465576172 45.39011764526367 0
endloop
endfacet
facet normal 0.7031919483964104 0.07431393149156433 0.7071057369988785
outer loop
vertex 84.3052978515625 45.400577545166016 -1
vertex 84.20177459716797 46.38016128540039 -1
vertex 83.21731567382812 46.18043899536133 0
endloop
endfacet
facet normal 0.7031910946521436 0.07431129669324944 0.7071068629179665
outer loop
vertex 83.30083465576172 45.39011764526367 0
vertex 84.3052978515625 45.400577545166016 -1
vertex 83.21731567382812 46.18043899536133 0
endloop
endfacet
facet normal 0.6765547591028948 0.20561046604592967 0.7071053628615751
outer loop
vertex 83.21731567382812 46.18043899536133 0
vertex 84.20177459716797 46.38016128540039 -1
vertex 82.9862289428711 46.94082260131836 0
endloop
endfacet
facet normal 0.6765536797539808 0.205601778411707 0.7071089216841288
outer loop
vertex 82.9862289428711 46.94082260131836 0
vertex 84.20177459716797 46.38016128540039 -1
vertex 83.91535949707031 47.32263946533203 -1
endloop
endfacet
facet normal 0.6256320698284037 0.32951691215731144 0.7071089858038423
outer loop
vertex 82.61588287353516 47.64397430419922 0
vertex 82.9862289428711 46.94082260131836 0
vertex 83.91535949707031 47.32263946533203 -1
endloop
endfacet
facet normal 0.6256319549496548 0.32951864658624047 0.7071082791891532
outer loop
vertex 83.91535949707031 47.32263946533203 -1
vertex 83.4563217163086 48.19417953491211 -1
vertex 82.61588287353516 47.64397430419922 0
endloop
endfacet
facet normal 0.5522555338403251 0.4416012415457101 0.7071083147637461
outer loop
vertex 82.61588287353516 47.64397430419922 0
vertex 83.4563217163086 48.19417953491211 -1
vertex 82.12174987792969 48.261924743652344 0
endloop
endfacet
facet normal 0.5522544625006034 0.4416053123106331 0.7071066092091048
outer loop
vertex 83.4563217163086 48.19417953491211 -1
vertex 82.84114074707031 48.9635009765625 -1
vertex 82.12174987792969 48.261924743652344 0
endloop
endfacet
facet normal 0.45531168817578593 0.5410097006551423 0.7071066188401499
outer loop
vertex 82.84114074707031 48.9635009765625 -1
vertex 67.28399658203125 60.74932098388672 0
vertex 82.12174987792969 48.261924743652344 0
endloop
endfacet
facet normal 0.45531191120855014 0.5410100285254463 0.7071062243726277
outer loop
vertex 82.84114074707031 48.9635009765625 -1
vertex 67.90056610107422 61.53742980957031 -1
vertex 67.28399658203125 60.74932098388672 0
endloop
endfacet
facet normal 0.4155377467736186 0.5721269259060029 0.7071061883901533
outer loop
vertex 67.90056610107422 61.53742980957031 -1
vertex 66.78704833984375 61.11025619506836 -4.075427929156605e-12
vertex 67.28399658203125 60.74932098388672 0
endloop
endfacet
facet normal 0.41553990730848805 0.572123952913035 0.7071073241999521
outer loop
vertex 67.90056610107422 61.53742980957031 -1
vertex 67.3081283569336 61.96772384643555 -1
vertex 66.78704833984375 61.11025619506836 -4.075427929156605e-12
endloop
endfacet
facet normal 0.3164192619170764 0.6323601878373015 0.7071063877000585
outer loop
vertex 66.84074401855469 62.20158767700195 -1
vertex 66.42721557617188 62.40850830078125 -1
vertex 66.06483459472656 61.47163391113281 -4.295898489367622e-13
endloop
endfacet
facet normal 0.31641728227629656 0.6323602709615632 0.7071071992182663
outer loop
vertex 66.78704833984375 61.11025619506836 -4.075427929156605e-12
vertex 67.3081283569336 61.96772384643555 -1
vertex 66.06483459472656 61.47163391113281 -4.295898489367622e-13
endloop
endfacet
facet normal 0.3164142403189258 0.6323639701229149 0.7071052522883579
outer loop
vertex 67.3081283569336 61.96772384643555 -1
vertex 66.84074401855469 62.20158767700195 -1
vertex 66.06483459472656 61.47163391113281 -4.295898489367622e-13
endloop
endfacet
facet normal 0.19146896151818638 0.6806909022803549 0.7071064504923595
outer loop
vertex 66.42721557617188 62.40850830078125 -1
vertex 65.47897338867188 62.675235748291016 -1
vertex 65.29979705810547 61.68682861328125 -4.5937568121179675e-14
endloop
endfacet
facet normal 0.19146910278742452 0.6806907850093397 0.7071065251298049
outer loop
vertex 66.06483459472656 61.47163391113281 -4.295898489367622e-13
vertex 66.42721557617188 62.40850830078125 -1
vertex 65.29979705810547 61.68682861328125 -4.5937568121179675e-14
endloop
endfacet
facet normal 0.059650214523282084 0.7045861541954956 0.7071069248871261
outer loop
vertex 65.47897338867188 62.675235748291016 -1
vertex 64.49745178222656 62.758331298828125 -1
vertex 64.5079116821289 61.753868103027344 -4.912267204197065e-15
endloop
endfacet
facet normal 0.05964896413520669 0.704586842317724 0.7071063446967051
outer loop
vertex 65.29979705810547 61.68682861328125 -4.5937568121179675e-14
vertex 65.47897338867188 62.675235748291016 -1
vertex 64.5079116821289 61.753868103027344 -4.912267204197065e-15
endloop
endfacet
facet normal -0.07431129669324536 0.7031910946521421 0.7071068629179685
outer loop
vertex 64.5079116821289 61.753868103027344 -4.912267204197065e-15
vertex 64.49745178222656 62.758331298828125 -1
vertex 63.71759033203125 61.67034912109375 -5.252861587507743e-16
endloop
endfacet
facet normal -0.07431109602749872 0.7031910296308896 0.7071069486674848
outer loop
vertex 64.49745178222656 62.758331298828125 -1
vertex 63.51786804199219 62.65481185913086 -1
vertex 63.71759033203125 61.67034912109375 -5.252861587507743e-16
endloop
endfacet
facet normal -0.20560499944051278 0.6765552679936909 0.7071064655022267
outer loop
vertex 63.51786804199219 62.65481185913086 -1
vertex 62.57538986206055 62.36839294433594 -1
vertex 62.95720672607422 61.43927001953125 -5.617071196448311e-17
endloop
endfacet
facet normal -0.20560378661644718 0.6765551173114187 0.7071069623251569
outer loop
vertex 63.51786804199219 62.65481185913086 -1
vertex 62.95720672607422 61.43927001953125 -5.617071196448311e-17
vertex 63.71759033203125 61.67034912109375 -5.252861587507743e-16
endloop
endfacet
facet normal -0.32952074797563224 0.6256329084009309 0.7071064563270316
outer loop
vertex 62.95720672607422 61.43927001953125 -5.617071196448311e-17
vertex 62.57538986206055 62.36839294433594 -1
vertex 62.25405502319336 61.06892013549805 -6.006533967745633e-18
endloop
endfacet
facet normal -0.32951920267649565 0.6256330107558652 0.7071070858929346
outer loop
vertex 62.57538986206055 62.36839294433594 -1
vertex 61.70384979248047 61.90935516357422 -1
vertex 62.25405502319336 61.06892013549805 -6.006533967745633e-18
endloop
endfacet
facet normal -0.4416038243399985 0.5522549310955726 0.7071071725056338
outer loop
vertex 61.55773162841797 61.79251480102539 -1
vertex 60.93452835083008 61.2941780090332 -1
vertex 61.63607406616211 60.57476043701172 -6.656693069526214e-19
endloop
endfacet
facet normal -0.4416032008347659 0.552255413616014 0.7071071850464361
outer loop
vertex 62.25405502319336 61.06892013549805 -6.006533967745633e-18
vertex 61.70384979248047 61.90935516357422 -1
vertex 61.63607406616211 60.57476043701172 -6.656693069526214e-19
endloop
endfacet
facet normal -0.4416002256790962 0.5522561965592119 0.7071084316016354
outer loop
vertex 61.70384979248047 61.90935516357422 -1
vertex 61.55773162841797 61.79251480102539 -1
vertex 61.63607406616211 60.57476043701172 -6.656693069526214e-19
endloop
endfacet
facet normal -0.5409741932261048 0.45535233449996226 0.7071076111376537
outer loop
vertex 48.998043060302734 47.113224029541016 -1
vertex 49.763099670410156 46.46925735473633 0
vertex 60.93452835083008 61.2941780090332 -1
endloop
endfacet
facet normal -0.5409746181276317 0.45535262034375856 0.7071071019921493
outer loop
vertex 60.93452835083008 61.2941780090332 -1
vertex 49.763099670410156 46.46925735473633 0
vertex 61.63607406616211 60.57476043701172 -6.656693069526214e-19
endloop
endfacet
facet normal -0.5373536175041744 0.45963643506060037 0.7070964837417594
outer loop
vertex 48.998043060302734 47.113224029541016 -1
vertex 47.114654541015625 44.91138458251953 -1
vertex 49.763099670410156 46.46925735473633 0
endloop
endfacet
facet normal -0.5374368684031327 0.45994912893517464 0.7068298319063848
outer loop
vertex 49.763099670410156 46.46925735473633 0
vertex 47.114654541015625 44.91138458251953 -1
vertex 47.87398147583008 44.261878967285156 0
endloop
endfacet
facet normal -0.5009521406968298 0.5009521406968298 0.705757681830334
outer loop
vertex 47.114654541015625 44.91138458251953 -1
vertex 47.83230972290039 44.22020721435547 0
vertex 47.87398147583008 44.261878967285156 0
endloop
endfacet
facet normal -0.5102289228607604 0.49141047261864745 0.7058202275913219
outer loop
vertex 47.114654541015625 44.91138458251953 -1
vertex 47.644039154052734 44.02472686767578 0
vertex 47.83230972290039 44.22020721435547 0
endloop
endfacet
facet normal -0.5102291322033842 0.4914103070006366 0.7058201915675988
outer loop
vertex 47.114654541015625 44.91138458251953 -1
vertex 46.926387786865234 44.71590805053711 -1
vertex 47.644039154052734 44.02472686767578 0
endloop
endfacet
facet normal -0.40636393153588657 0.5803219315153414 0.7057583233295947
outer loop
vertex 46.926387786865234 44.71590805053711 -1
vertex 47.54201889038086 43.93084716796875 0
vertex 47.569175720214844 43.94986343383789 0
endloop
endfacet
facet normal -0.5009521406968299 0.5009521406968299 0.7057576818303342
outer loop
vertex 47.644039154052734 44.02472686767578 0
vertex 46.926387786865234 44.71590805053711 -1
vertex 47.569175720214844 43.94986343383789 0
endloop
endfacet
facet normal -0.4368534952525663 0.5570740782920502 0.7062772083117781
outer loop
vertex 46.926387786865234 44.71590805053711 -1
vertex 46.59292221069336 44.45440673828125 -1
vertex 47.20855712890625 43.669349670410156 0
endloop
endfacet
facet normal -0.43685250215969107 0.5570745656643238 0.706277438154952
outer loop
vertex 46.926387786865234 44.71590805053711 -1
vertex 47.20855712890625 43.669349670410156 0
vertex 47.54201889038086 43.93084716796875 0
endloop
endfacet
facet normal -0.40635266539277287 0.5803306952364551 0.7057576039225946
outer loop
vertex 47.20855712890625 43.669349670410156 0
vertex 46.59292221069336 44.45440673828125 -1
vertex 47.09346389770508 43.58876037597656 0
endloop
endfacet
facet normal -0.3539559139096534 0.6121398692485355 0.707106775165369
outer loop
vertex 30.906030654907227 35.383819580078125 -1
vertex 31.47055435180664 34.55510330200195 0
vertex 46.59292221069336 44.45440673828125 -1
endloop
endfacet
facet normal -0.3539679736867676 0.6121562496527496 0.7070865573712771
outer loop
vertex 46.59292221069336 44.45440673828125 -1
vertex 31.47055435180664 34.55510330200195 0
vertex 47.09346389770508 43.58876037597656 0
endloop
endfacet
facet normal -0.44006849430644196 0.5534799806102617 0.7071065205345836
outer loop
vertex 30.906030654907227 35.383819580078125 -1
vertex 30.141569137573242 34.7760009765625 -1
vertex 30.83423614501953 34.049171447753906 0
endloop
endfacet
facet normal -0.4400679183210934 0.5534801303760669 0.7071067617718215
outer loop
vertex 30.906030654907227 35.383819580078125 -1
vertex 30.83423614501953 34.049171447753906 0
vertex 31.47055435180664 34.55510330200195 0
endloop
endfacet
facet normal -0.5316689554325805 0.4661849840907777 0.7071065566359217
outer loop
vertex 29.365880966186523 33.891353607177734 -1
vertex 30.83423614501953 34.049171447753906 0
vertex 30.141569137573242 34.7760009765625 -1
endloop
endfacet
facet normal -0.53139694990773 0.4673866596081546 0.7065175100796106
outer loop
vertex 29.365880966186523 33.891353607177734 -1
vertex 30.11652374267578 33.2331657409668 0
vertex 30.83423614501953 34.049171447753906 0
endloop
endfacet
facet normal -0.5009570500285522 0.5009475980087403 0.7057574215521677
outer loop
vertex 29.365880966186523 33.891353607177734 -1
vertex 30.01543617248535 33.132076263427734 0
vertex 30.11652374267578 33.2331657409668 0
endloop
endfacet
facet normal -0.4598454356078812 0.5375281140226903 0.7068279153979472
outer loop
vertex 29.365880966186523 33.891353607177734 -1
vertex 29.249752044677734 33.79200744628906 -1
vertex 30.01543617248535 33.132076263427734 0
endloop
endfacet
facet normal -0.46078258780027265 0.5365928220474656 0.7069282496174707
outer loop
vertex 30.01543617248535 33.132076263427734 0
vertex 29.249752044677734 33.79200744628906 -1
vertex 29.693937301635742 32.85599899291992 0
endloop
endfacet
facet normal -0.45966874672996366 0.537312265653705 0.7071069031326076
outer loop
vertex 29.249752044677734 33.79200744628906 -1
vertex 29.043869018554688 33.615875244140625 -1
vertex 29.693937301635742 32.85599899291992 0
endloop
endfacet
facet normal -0.4094298683659832 0.5783330516605664 0.7056189228236374
outer loop
vertex 29.043869018554688 33.615875244140625 -1
vertex 29.555665969848633 32.75811004638672 0
vertex 29.693937301635742 32.85599899291992 0
endloop
endfacet
facet normal -0.3623150517491048 0.6072298678301699 0.7071065626134424
outer loop
vertex 29.043869018554688 33.615875244140625 -1
vertex 28.679954528808594 33.398738861083984 -1
vertex 29.19234275817871 32.53998565673828 0
endloop
endfacet
facet normal -0.3641738748726647 0.6065934306487794 0.7066978128974032
outer loop
vertex 29.043869018554688 33.615875244140625 -1
vertex 29.19234275817871 32.53998565673828 0
vertex 29.555665969848633 32.75811004638672 0
endloop
endfacet
facet normal -0.3046180171217735 0.6398462588382744 0.7055527114932398
outer loop
vertex 28.679954528808594 33.398738861083984 -1
vertex 29.039403915405273 32.4671745300293 0
vertex 29.19234275817871 32.53998565673828 0
endloop
endfacet
facet normal -0.2569332991345287 0.6589697664991523 0.7069258282421852
outer loop
vertex 29.039403915405273 32.4671745300293 0
vertex 28.4188175201416 33.29798126220703 -1
vertex 28.644580841064453 32.313232421875 0
endloop
endfacet
facet normal -0.2547313641207527 0.6601962252136518 0.7065782874861254
outer loop
vertex 28.679954528808594 33.398738861083984 -1
vertex 28.4188175201416 33.29798126220703 -1
vertex 29.039403915405273 32.4671745300293 0
endloop
endfacet
facet normal -0.2545570763878406 0.6596978722283543 0.7071063655761113
outer loop
vertex 28.4188175201416 33.29798126220703 -1
vertex 28.284595489501953 33.24618911743164 -1
vertex 28.644580841064453 32.313232421875 0
endloop
endfacet
facet normal -0.19091716564325215 0.6825208856877684 0.7054898131530543
outer loop
vertex 28.284595489501953 33.24618911743164 -1
vertex 28.481477737426758 32.267608642578125 0
vertex 28.644580841064453 32.313232421875 0
endloop
endfacet
facet normal -0.13958965965925835 0.6938449210600608 0.7064658183064276
outer loop
vertex 28.284595489501953 33.24618911743164 -1
vertex 28.07238006591797 33.203495025634766 -1
vertex 28.481477737426758 32.267608642578125 0
endloop
endfacet
facet normal -0.13947577341162526 0.6932150227170759 0.707106385850526
outer loop
vertex 28.07238006591797 33.203495025634766 -1
vertex 27.869152069091797 33.16260528564453 -1
vertex 28.066390991210938 32.1822509765625 0
endloop
endfacet
facet normal -0.1424915154993099 0.6929235801871944 0.7067906903965776
outer loop
vertex 28.481477737426758 32.267608642578125 0
vertex 28.07238006591797 33.203495025634766 -1
vertex 28.066390991210938 32.1822509765625 0
endloop
endfacet
facet normal -0.07168872559227389 0.7051440359509978 0.7054308011319704
outer loop
vertex 27.869152069091797 33.16260528564453 -1
vertex 27.897916793823242 32.165122985839844 0
vertex 28.066390991210938 32.1822509765625 0
endloop
endfacet
facet normal -0.02040296495502968 0.7075566008803507 0.7063620711587564
outer loop
vertex 27.869152069091797 33.16260528564453 -1
vertex 27.445558547973633 33.150390625 -1
vertex 27.474323272705078 32.15290832519531 0
endloop
endfacet
facet normal -0.02040296495502968 0.7075566008803507 0.7063620711587564
outer loop
vertex 27.869152069091797 33.16260528564453 -1
vertex 27.474323272705078 32.15290832519531 0
vertex 27.897916793823242 32.165122985839844 0
endloop
endfacet
facet normal 0.040836117315379596 0.7079939845953739 0.7050368283284001
outer loop
vertex 27.30547523498535 32.16264724731445 0
vertex 27.474323272705078 32.15290832519531 0
vertex 27.445558547973633 33.150390625 -1
endloop
endfacet
facet normal 0.09929355241635868 0.7001003730414417 0.7071069637019379
outer loop
vertex 27.291969299316406 33.17217254638672 -1
vertex 27.02598762512207 33.209896087646484 -1
vertex 26.88557243347168 32.21980285644531 0
endloop
endfacet
facet normal 0.09940575022228791 0.7009324025087332 0.7062664256044452
outer loop
vertex 27.445558547973633 33.150390625 -1
vertex 27.291969299316406 33.17217254638672 -1
vertex 27.30547523498535 32.16264724731445 0
endloop
endfacet
facet normal 0.09544184368777485 0.7011787321585675 0.7065686378845173
outer loop
vertex 27.30547523498535 32.16264724731445 0
vertex 27.291969299316406 33.17217254638672 -1
vertex 26.88557243347168 32.21980285644531 0
endloop
endfacet
facet normal 0.16928832841282196 0.6883737165864712 0.7053248104073195
outer loop
vertex 27.02598762512207 33.209896087646484 -1
vertex 26.72116470336914 32.26023483276367 0
vertex 26.88557243347168 32.21980285644531 0
endloop
endfacet
facet normal 0.2163905720092783 0.6741562832652174 0.7061787493825663
outer loop
vertex 27.02598762512207 33.209896087646484 -1
vertex 26.622495651245117 33.33940887451172 -1
vertex 26.317670822143555 32.38975143432617 0
endloop
endfacet
facet normal 0.21639509298277385 0.6741536983863522 0.7061798316894784
outer loop
vertex 27.02598762512207 33.209896087646484 -1
vertex 26.317670822143555 32.38975143432617 0
vertex 26.72116470336914 32.26023483276367 0
endloop
endfacet
facet normal 0.2741092316111496 0.6542429023472962 0.7048619395837253
outer loop
vertex 26.622495651245117 33.33940887451172 -1
vertex 26.161758422851562 32.455074310302734 0
vertex 26.317670822143555 32.38975143432617 0
endloop
endfacet
facet normal 0.32718528439246153 0.6279906217869647 0.7061002539474442
outer loop
vertex 26.246673583984375 33.535213470458984 -1
vertex 26.161758422851562 32.455074310302734 0
vertex 26.622495651245117 33.33940887451172 -1
endloop
endfacet
facet normal 0.32718528439246153 0.6279906217869647 0.7061002539474442
outer loop
vertex 26.161758422851562 32.455074310302734 0
vertex 26.246673583984375 33.535213470458984 -1
vertex 25.78593635559082 32.65087890625 0
endloop
endfacet
facet normal 0.38062954609853433 0.5986616951225843 0.7047874313789779
outer loop
vertex 25.643314361572266 32.74155807495117 0
vertex 25.78593635559082 32.65087890625 0
vertex 26.246673583984375 33.535213470458984 -1
endloop
endfacet
facet normal 0.42793823305977696 0.5629109574821486 0.7071068679006071
outer loop
vertex 26.246673583984375 33.535213470458984 -1
vertex 25.90932273864746 33.79167556762695 -1
vertex 25.304122924804688 32.995601654052734 0
endloop
endfacet
facet normal 0.42454025369556214 0.5668335296091102 0.7060207664814017
outer loop
vertex 25.304122924804688 32.995601654052734 0
vertex 25.643314361572266 32.74155807495117 0
vertex 26.246673583984375 33.535213470458984 -1
endloop
endfacet
facet normal 0.4852619282777378 0.516932024159936 0.705196528183515
outer loop
vertex 25.304122924804688 32.995601654052734 0
vertex 25.90932273864746 33.79167556762695 -1
vertex 25.180713653564453 33.1114501953125 0
endloop
endfacet
facet normal 0.517697249338946 0.4833243589815561 0.705965383033727
outer loop
vertex 25.90932273864746 33.79167556762695 -1
vertex 25.64466667175293 34.07515335083008 -1
vertex 24.891525268554688 33.42121124267578 0
endloop
endfacet
facet normal 0.5177010190539748 0.48331810242928475 0.7059669020107326
outer loop
vertex 25.90932273864746 33.79167556762695 -1
vertex 24.891525268554688 33.42121124267578 0
vertex 25.180713653564453 33.1114501953125 0
endloop
endfacet
facet normal 0.5177009172277725 0.4833202858398053 0.7059654818737613
outer loop
vertex 24.891525268554688 33.42121124267578 0
vertex 25.64466667175293 34.07515335083008 -1
vertex 25.620132446289062 34.10143280029297 -1
endloop
endfacet
facet normal 0.5803315562090147 0.40635265844984164 0.705756899958314
outer loop
vertex 24.854087829589844 33.458648681640625 0
vertex 25.620132446289062 34.10143280029297 -1
vertex 24.787233352661133 33.55412673950195 0
endloop
endfacet
facet normal 0.5009528163261001 0.5009528163261001 0.7057567226955032
outer loop
vertex 24.891525268554688 33.42121124267578 0
vertex 25.620132446289062 34.10143280029297 -1
vertex 24.854087829589844 33.458648681640625 0
endloop
endfacet
facet normal 0.5873398454553254 0.39350355642182544 0.7072388967130482
outer loop
vertex 24.787233352661133 33.55412673950195 0
vertex 25.38741683959961 34.45558547973633 -1
vertex 24.577037811279297 33.867862701416016 0
endloop
endfacet
facet normal 0.6195337197928777 0.34524995392841373 0.7049683959951882
outer loop
vertex 24.577037811279297 33.867862701416016 0
vertex 25.38741683959961 34.45558547973633 -1
vertex 24.567541122436523 33.91683578491211 -0.01563819870352745
endloop
endfacet
facet normal 0.591940741271129 0.3889674050910202 0.7059111251426377
outer loop
vertex 25.620132446289062 34.10143280029297 -1
vertex 25.38741683959961 34.45558547973633 -1
vertex 24.787233352661133 33.55412673950195 0
endloop
endfacet
facet normal 0.6420809100530124 0.29939656584920116 0.705757608037774
outer loop
vertex 24.554811477661133 33.97488021850586 -0.03859128803014755
vertex 25.38741683959961 34.45558547973633 -1
vertex 24.535694122314453 34.08373260498047 -0.06737615913152695
endloop
endfacet
facet normal 0.580328178403439 0.40635583813787646 0.7057578466883738
outer loop
vertex 25.38741683959961 34.45558547973633 -1
vertex 24.554811477661133 33.97488021850586 -0.03859128803014755
vertex 24.567541122436523 33.91683578491211 -0.01563819870352745
endloop
endfacet
facet normal 0.6491732081693531 0.28342219710447075 0.7058654290894151
outer loop
vertex 24.462759017944336 34.514286041259766 -0.1731766164302826
vertex 24.535694122314453 34.08373260498047 -0.06737615913152695
vertex 25.38741683959961 34.45558547973633 -1
endloop
endfacet
facet normal 0.6491729560610507 0.2834237515736099 0.7058650367902476
outer loop
vertex 25.38741683959961 34.45558547973633 -1
vertex 25.217857360839844 34.843955993652344 -1
vertex 24.462759017944336 34.514286041259766 -0.1731766164302826
endloop
endfacet
facet normal 0.6420776383205257 0.29940471100901034 0.7057571291842166
outer loop
vertex 24.462759017944336 34.514286041259766 -0.1731766164302826
vertex 25.217857360839844 34.843955993652344 -1
vertex 24.453706741333008 34.565826416015625 -0.18680618703365326
endloop
endfacet
facet normal 0.6843109917561078 0.18337100896147218 0.7057574226561304
outer loop
vertex 25.217857360839844 34.843955993652344 -1
vertex 24.441429138183594 34.65913391113281 -0.19914497435092926
vertex 24.453706741333008 34.565826416015625 -0.18680618703365326
endloop
endfacet
facet normal 0.6885730664209123 0.1660664372134702 0.705895934703499
outer loop
vertex 24.441429138183594 34.65913391113281 -0.19914497435092926
vertex 25.217857360839844 34.843955993652344 -1
vertex 24.33953285217285 35.47301483154297 -0.2912198305130005
endloop
endfacet
facet normal 0.6878873014169196 0.1637443670822726 0.7071059629208156
outer loop
vertex 24.33953285217285 35.47301483154297 -0.2912198305130005
vertex 24.447921752929688 38.07843780517578 -1
vertex 23.714609146118164 37.87238693237305 -0.23890317976474762
endloop
endfacet
facet normal 0.6878868603957645 0.16374449413977915 0.7071063625323744
outer loop
vertex 25.217857360839844 34.843955993652344 -1
vertex 24.447921752929688 38.07843780517578 -1
vertex 24.33953285217285 35.47301483154297 -0.2912198305130005
endloop
endfacet
facet normal 0.6724969166560404 0.21851627023622852 0.7071057464977683
outer loop
vertex 23.714609146118164 37.87238693237305 -0.23890317976474762
vertex 24.447921752929688 38.07843780517578 -1
vertex 23.677637100219727 38.00349426269531 -0.24425669014453888
endloop
endfacet
facet normal 0.6724997312345455 0.2185026843276765 0.7071072679806535
outer loop
vertex 24.387216567993164 38.26527404785156 -1
vertex 23.677637100219727 38.00349426269531 -0.24425669014453888
vertex 24.447921752929688 38.07843780517578 -1
endloop
endfacet
facet normal 0.6532821385938793 0.27059811325060484 0.7071061508001613
outer loop
vertex 23.512514114379883 38.54808807373047 -0.3001086711883545
vertex 23.321212768554688 40.83883285522461 -1
vertex 22.620813369750977 40.51594543457031 -0.22935029864311218
endloop
endfacet
facet normal 0.6532862512814918 0.27059738136715017 0.7071026312239381
outer loop
vertex 23.512514114379883 38.54808807373047 -0.3001086711883545
vertex 23.677637100219727 38.00349426269531 -0.24425669014453888
vertex 23.321212768554688 40.83883285522461 -1
endloop
endfacet
facet normal 0.6532807954188595 0.2705979781855238 0.7071074434191801
outer loop
vertex 23.677637100219727 38.00349426269531 -0.24425669014453888
vertex 24.387216567993164 38.26527404785156 -1
vertex 23.321212768554688 40.83883285522461 -1
endloop
endfacet
facet normal 0.6300307383513128 0.32103368615262073 0.7071058202898348
outer loop
vertex 22.620813369750977 40.51594543457031 -0.22935029864311218
vertex 23.321212768554688 40.83883285522461 -1
vertex 22.562231063842773 40.63876724243164 -0.2329159379005432
endloop
endfacet
facet normal 0.6300364781896032 0.32101858650613113 0.707107561314435
outer loop
vertex 22.562231063842773 40.63876724243164 -0.2329159379005432
vertex 23.321212768554688 40.83883285522461 -1
vertex 23.232027053833008 41.01387023925781 -1
endloop
endfacet
facet normal 0.6029082236747405 0.36946222584489274 0.7071063127275179
outer loop
vertex 22.164451599121094 41.432456970214844 -0.30845406651496887
vertex 21.776554107666016 43.38898468017578 -1
vertex 21.130826950073242 42.95752716064453 -0.22399014234542847
endloop
endfacet
facet normal 0.602907265225886 0.3694613917979221 0.7071075657271569
outer loop
vertex 22.562231063842773 40.63876724243164 -0.2329159379005432
vertex 23.232027053833008 41.01387023925781 -1
vertex 22.164451599121094 41.432456970214844 -0.30845406651496887
endloop
endfacet
facet normal 0.6029072968287901 0.3694623065159848 0.7071070608433278
outer loop
vertex 22.164451599121094 41.432456970214844 -0.30845406651496887
vertex 23.232027053833008 41.01387023925781 -1
vertex 21.776554107666016 43.38898468017578 -1
endloop
endfacet
facet normal 0.5720623438682806 0.41562658054083684 0.707106229838106
outer loop
vertex 21.776554107666016 43.38898468017578 -1
vertex 21.052595138549805 43.0682258605957 -0.22576618194580078
vertex 21.130826950073242 42.95752716064453 -0.22399014234542847
endloop
endfacet
facet normal 0.5720723226671308 0.41561201598690467 0.7071067174094268
outer loop
vertex 21.661083221435547 43.54792022705078 -1
vertex 21.052595138549805 43.0682258605957 -0.22576618194580078
vertex 21.685291290283203 43.51459884643555 -1
endloop
endfacet
facet normal 0.5720641676384918 0.4156234063161127 0.7071066201261809
outer loop
vertex 21.776554107666016 43.38898468017578 -1
vertex 21.685291290283203 43.51459884643555 -1
vertex 21.052595138549805 43.0682258605957 -0.22576618194580078
endloop
endfacet
facet normal 0.5376872424052063 0.4592297854399495 0.707107087731033
outer loop
vertex 21.661083221435547 43.54792022705078 -1
vertex 20.33734893798828 44.03941345214844 -0.312626451253891
vertex 21.052595138549805 43.0682258605957 -0.22576618194580078
endloop
endfacet
facet normal 0.5376872079243602 0.4592283731620512 0.707108031150433
outer loop
vertex 21.661083221435547 43.54792022705078 -1
vertex 19.851980209350586 45.666107177734375 -1
vertex 20.33734893798828 44.03941345214844 -0.312626451253891
endloop
endfacet
facet normal 0.5376876775518045 0.4592283647094887 0.7071076795334609
outer loop
vertex 20.33734893798828 44.03941345214844 -0.312626451253891
vertex 19.851980209350586 45.666107177734375 -1
vertex 19.280818939208984 45.13813018798828 -0.22279392182826996
endloop
endfacet
facet normal 0.4999932115398443 0.500006942336009 0.7071066723132143
outer loop
vertex 19.851980209350586 45.666107177734375 -1
vertex 19.71306800842285 45.805015563964844 -1
vertex 19.18509292602539 45.233856201171875 -0.22279392182826996
endloop
endfacet
facet normal 0.499999344171655 0.499999344171655 0.7071077086666712
outer loop
vertex 19.851980209350586 45.666107177734375 -1
vertex 19.18509292602539 45.233856201171875 -0.22279392182826996
vertex 19.280818939208984 45.13813018798828 -0.22279392182826996
endloop
endfacet
facet normal 0.45922969522368046 0.5376881889712366 0.7071064265480815
outer loop
vertex 18.08637809753418 46.29038619995117 -0.312626451253891
vertex 19.71306800842285 45.805015563964844 -1
vertex 17.594881057739258 47.61412048339844 -1
endloop
endfacet
facet normal 0.4592296962772658 0.5376881304334324 0.7071064703763432
outer loop
vertex 19.18509292602539 45.233856201171875 -0.22279392182826996
vertex 19.71306800842285 45.805015563964844 -1
vertex 18.08637809753418 46.29038619995117 -0.312626451253891
endloop
endfacet
facet normal 0.45922851483674115 0.5376881601499199 0.7071072150639075
outer loop
vertex 17.115188598632812 47.00563049316406 -0.22576618194580078
vertex 18.08637809753418 46.29038619995117 -0.312626451253891
vertex 17.594881057739258 47.61412048339844 -1
endloop
endfacet
facet normal 0.4156341775553726 0.5720553050209964 0.7071074589093258
outer loop
vertex 17.115188598632812 47.00563049316406 -0.22576618194580078
vertex 17.594881057739258 47.61412048339844 -1
vertex 17.004487991333008 47.083866119384766 -0.22399014234542847
endloop
endfacet
facet normal 0.41562942845152206 0.5720595967497866 0.7071067783379907
outer loop
vertex 17.594881057739258 47.61412048339844 -1
vertex 17.561330795288086 47.63849639892578 -1
vertex 17.004487991333008 47.083866119384766 -0.22399014234542847
endloop
endfacet
facet normal 0.4156270865370856 0.5720616030276771 0.7071065317744551
outer loop
vertex 17.004487991333008 47.083866119384766 -0.22399014234542847
vertex 17.561330795288086 47.63849639892578 -1
vertex 17.435949325561523 47.729591369628906 -1
endloop
endfacet
facet normal 0.3694619616346622 0.6029077662082309 0.7071068408316161
outer loop
vertex 17.435949325561523 47.729591369628906 -1
vertex 15.060833930969238 49.185062408447266 -1
vertex 15.479419708251953 48.117488861083984 -0.30845406651496887
endloop
endfacet
facet normal 0.3694638443319784 0.6029078312513705 0.7071058016642239
outer loop
vertex 15.479419708251953 48.117488861083984 -0.30845406651496887
vertex 15.060833930969238 49.185062408447266 -1
vertex 14.685731887817383 48.5152702331543 -0.2329159379005432
endloop
endfacet
facet normal 0.36946192216879037 0.6029082196390977 0.7071064748388012
outer loop
vertex 17.435949325561523 47.729591369628906 -1
vertex 15.479419708251953 48.117488861083984 -0.30845406651496887
vertex 17.004487991333008 47.083866119384766 -0.22399014234542847
endloop
endfacet
facet normal 0.3210228017832524 0.6300347098171506 0.7071072232418855
outer loop
vertex 15.060833930969238 49.185062408447266 -1
vertex 14.885795593261719 49.27425003051758 -1
vertex 14.562906265258789 48.573848724365234 -0.22935029864311218
endloop
endfacet
facet normal 0.3210100180406851 0.6300430603840871 0.7071055864433349
outer loop
vertex 15.060833930969238 49.185062408447266 -1
vertex 14.562906265258789 48.573848724365234 -0.22935029864311218
vertex 14.685731887817383 48.5152702331543 -0.2329159379005432
endloop
endfacet
facet normal 0.2705976817509957 0.6532818267014449 0.7071066040793355
outer loop
vertex 14.885795593261719 49.27425003051758 -1
vertex 13.198263168334961 49.97324752807617 -1
vertex 12.595050811767578 49.46554946899414 -0.3001086711883545
endloop
endfacet
facet normal 0.2705973579535855 0.6532815880960662 0.707106948433701
outer loop
vertex 12.595050811767578 49.46554946899414 -0.3001086711883545
vertex 12.312235832214355 50.34025192260742 -1
vertex 12.050458908081055 49.630672454833984 -0.24425669014453888
endloop
endfacet
facet normal 0.2705979897078281 0.6532815943161763 0.7071067009255372
outer loop
vertex 13.198263168334961 49.97324752807617 -1
vertex 12.312235832214355 50.34025192260742 -1
vertex 12.595050811767578 49.46554946899414 -0.3001086711883545
endloop
endfacet
facet normal 0.27059782590708475 0.6532810166368459 0.707107297315116
outer loop
vertex 14.562906265258789 48.573848724365234 -0.22935029864311218
vertex 14.885795593261719 49.27425003051758 -1
vertex 12.595050811767578 49.46554946899414 -0.3001086711883545
endloop
endfacet
facet normal 0.21851038941107181 0.6724988830575671 0.7071056936595451
outer loop
vertex 12.312235832214355 50.34025192260742 -1
vertex 12.12540054321289 50.40095901489258 -1
vertex 11.918641090393066 49.6678466796875 -0.23887430131435394
endloop
endfacet
facet normal 0.21852377397611228 0.6724928553918705 0.7071072900586769
outer loop
vertex 12.312235832214355 50.34025192260742 -1
vertex 11.918641090393066 49.6678466796875 -0.23887430131435394
vertex 12.050458908081055 49.630672454833984 -0.24425669014453888
endloop
endfacet
facet normal 0.16507057160795818 0.6875699901895372 0.7071062260932099
outer loop
vertex 9.272250175476074 50.32471466064453 -0.25980648398399353
vertex 9.520187377929688 50.29376220703125 -0.2875889539718628
vertex 10.597879409790039 50.76768493652344 -1
endloop
endfacet
facet normal 0.1650715296208435 0.6875687555678748 0.7071072029582778
outer loop
vertex 10.597879409790039 50.76768493652344 -1
vertex 9.416766166687012 51.051246643066406 -1
vertex 9.272250175476074 50.32471466064453 -0.25980648398399353
endloop
endfacet
facet normal 0.1650710676570117 0.687569461251688 0.7071066246165691
outer loop
vertex 10.597879409790039 50.76768493652344 -1
vertex 9.520187377929688 50.29376220703125 -0.2875889539718628
vertex 12.12540054321289 50.40095901489258 -1
endloop
endfacet
facet normal 0.1650707780855604 0.6875704645378814 0.7071057166487834
outer loop
vertex 12.12540054321289 50.40095901489258 -1
vertex 9.520187377929688 50.29376220703125 -0.2875889539718628
vertex 11.918641090393066 49.6678466796875 -0.23887430131435394
endloop
endfacet
facet normal 0.11061438893203247 0.6984009349846242 0.7071071990680023
outer loop
vertex 9.222734451293945 51.08197784423828 -1
vertex 9.272250175476074 50.32471466064453 -0.25980648398399353
vertex 9.416766166687012 51.051246643066406 -1
endloop
endfacet
facet normal 0.11062246944038855 0.6984005751443456 0.7071062903785807
outer loop
vertex 9.134815216064453 50.33915328979492 -0.25256648659706116
vertex 9.272250175476074 50.32471466064453 -0.25980648398399353
vertex 9.222734451293945 51.08197784423828 -1
endloop
endfacet
facet normal 0.05547888717483663 0.704926815893367 0.7071069772759145
outer loop
vertex 6.9746785163879395 51.25890350341797 -1
vertex 6.417056083679199 50.57096862792969 -0.2704356908798218
vertex 9.222734451293945 51.08197784423828 -1
endloop
endfacet
facet normal 0.05547882075187487 0.7049268447511976 0.707106953718532
outer loop
vertex 6.9746785163879395 51.25890350341797 -1
vertex 6.445720672607422 51.300533294677734 -1
vertex 6.417056083679199 50.57096862792969 -0.2704356908798218
endloop
endfacet
facet normal 0.05547863118014594 0.7049274077349762 0.707106407343636
outer loop
vertex 9.222734451293945 51.08197784423828 -1
vertex 6.417056083679199 50.57096862792969 -0.2704356908798218
vertex 9.134815216064453 50.33915328979492 -0.25256648659706116
endloop
endfacet
facet normal 0.000019663863297635765 0.7071069940367831 0.7071065680628325
outer loop
vertex 6.249270439147949 51.300533294677734 -1
vertex 6.277935028076172 50.57096862792969 -0.2704356908798218
vertex 6.3474955558776855 50.575531005859375 -0.2750000059604645
endloop
endfacet
facet normal 0 0.707105662115929 0.7071079002553952
outer loop
vertex 6.445720672607422 51.300533294677734 -1
vertex 6.249270439147949 51.300533294677734 -1
vertex 6.3474955558776855 50.575531005859375 -0.2750000059604645
endloop
endfacet
facet normal -0.000019663863297635765 0.7071069940367831 0.7071065680628325
outer loop
vertex 6.3474955558776855 50.575531005859375 -0.2750000059604645
vertex 6.417056083679199 50.57096862792969 -0.2704356908798218
vertex 6.445720672607422 51.300533294677734 -1
endloop
endfacet
facet normal -0.05547858074327997 0.7049268589033633 0.7071069584407647
outer loop
vertex 6.249270439147949 51.300533294677734 -1
vertex 3.560175895690918 50.33915328979492 -0.25256648659706116
vertex 6.277935028076172 50.57096862792969 -0.2704356908798218
endloop
endfacet
facet normal -0.05548010735706325 0.7049292120563226 0.7071044927571178
outer loop
vertex 6.249270439147949 51.300533294677734 -1
vertex 5.720323085784912 51.25890350341797 -1
vertex 3.560175895690918 50.33915328979492 -0.25256648659706116
endloop
endfacet
facet normal -0.055478674529796795 0.7049274034650835 0.7071064081992131
outer loop
vertex 5.720323085784912 51.25890350341797 -1
vertex 3.472256660461426 51.08197784423828 -1
vertex 3.560175895690918 50.33915328979492 -0.25256648659706116
endloop
endfacet
facet normal -0.11062228047895982 0.69840060128033 0.707106294126214
outer loop
vertex 3.472256660461426 51.08197784423828 -1
vertex 3.4227406978607178 50.32471466064453 -0.25980648398399353
vertex 3.560175895690918 50.33915328979492 -0.25256648659706116
endloop
endfacet
facet normal -0.11061425675220872 0.6984009585898188 0.7071071964306253
outer loop
vertex 3.2782247066497803 51.051246643066406 -1
vertex 3.4227406978607178 50.32471466064453 -0.25980648398399353
vertex 3.472256660461426 51.08197784423828 -1
endloop
endfacet
facet normal -0.1650707099703886 0.6875689353984417 0.7071072194405355
outer loop
vertex 3.2782247066497803 51.051246643066406 -1
vertex 3.1748037338256836 50.29376220703125 -0.2875889539718628
vertex 3.4227406978607178 50.32471466064453 -0.25980648398399353
endloop
endfacet
facet normal -0.1650703593190864 0.6875689506042711 0.7071072865125977
outer loop
vertex 3.2782247066497803 51.051246643066406 -1
vertex 0.7763501405715942 49.6678466796875 -0.23887430131435394
vertex 3.1748037338256836 50.29376220703125 -0.2875889539718628
endloop
endfacet
facet normal -0.16507153221315943 0.6875702343514577 0.7071057644275581
outer loop
vertex 0.5695903897285461 50.40095901489258 -1
vertex 0.7763501405715942 49.6678466796875 -0.23887430131435394
vertex 3.2782247066497803 51.051246643066406 -1
endloop
endfacet
facet normal -0.21852420438241774 0.6724946476428222 0.7071054525251432
outer loop
vertex 0.7763501405715942 49.6678466796875 -0.23887430131435394
vertex 0.5695903897285461 50.40095901489258 -1
vertex 0.644532322883606 49.630672454833984 -0.24425669014453888
endloop
endfacet
facet normal -0.21850971007887754 0.6724976504758466 0.70710707584192
outer loop
vertex 0.5695903897285461 50.40095901489258 -1
vertex 0.3827548623085022 50.34025192260742 -1
vertex 0.644532322883606 49.630672454833984 -0.24425669014453888
endloop
endfacet
facet normal -0.2705971405999937 0.6532815700531428 0.707107048280533
outer loop
vertex 0.644532322883606 49.630672454833984 -0.24425669014453888
vertex 0.3827548623085022 50.34025192260742 -1
vertex 0.0999399721622467 49.46554946899414 -0.3001086711883545
endloop
endfacet
facet normal -0.2705978273461234 0.653281061685738 0.7071072551447286
outer loop
vertex -1.8679156303405762 48.573848724365234 -0.22935029864311218
vertex 0.0999399721622467 49.46554946899414 -0.3001086711883545
vertex -2.1908047199249268 49.27425003051758 -1
endloop
endfacet
facet normal -0.27059773583604335 0.6532815759137754 0.7071068150796037
outer loop
vertex 0.3827548623085022 50.34025192260742 -1
vertex -2.1908047199249268 49.27425003051758 -1
vertex 0.0999399721622467 49.46554946899414 -0.3001086711883545
endloop
endfacet
facet normal -0.3210229978486959 0.6300359527790521 0.7071060267442417
outer loop
vertex -2.1908047199249268 49.27425003051758 -1
vertex -2.3658432960510254 49.185062408447266 -1
vertex -1.9907405376434326 48.5152702331543 -0.2329159379005432
endloop
endfacet
facet normal -0.32101076839198195 0.6300406014628123 0.7071074367341691
outer loop
vertex -1.8679156303405762 48.573848724365234 -0.22935029864311218
vertex -2.1908047199249268 49.27425003051758 -1
vertex -1.9907405376434326 48.5152702331543 -0.2329159379005432
endloop
endfacet
facet normal -0.3694619375731494 0.6029084792829129 0.7071062454069117
outer loop
vertex -2.784428834915161 48.117488861083984 -0.30845406651496887
vertex -4.740958213806152 47.729591369628906 -1
vertex -4.309497833251953 47.083866119384766 -0.22399014234542847
endloop
endfacet
facet normal -0.36946360834763015 0.6029077699451167 0.7071059772385998
outer loop
vertex -1.9907405376434326 48.5152702331543 -0.2329159379005432
vertex -2.3658432960510254 49.185062408447266 -1
vertex -2.784428834915161 48.117488861083984 -0.30845406651496887
endloop
endfacet
facet normal -0.36946200413663804 0.602907714523166 0.7071068626931798
outer loop
vertex -2.3658432960510254 49.185062408447266 -1
vertex -4.740958213806152 47.729591369628906 -1
vertex -2.784428834915161 48.117488861083984 -0.30845406651496887
endloop
endfacet
facet normal -0.4156270927918475 0.5720605076639161 0.7071074142651169
outer loop
vertex -4.740958213806152 47.729591369628906 -1
vertex -4.899889945983887 47.61412048339844 -1
vertex -4.420197010040283 47.00563049316406 -0.22576618194580078
endloop
endfacet
facet normal -0.41563854983860626 0.5720539248321286 0.7071060054703379
outer loop
vertex -4.740958213806152 47.729591369628906 -1
vertex -4.420197010040283 47.00563049316406 -0.22576618194580078
vertex -4.309497833251953 47.083866119384766 -0.22399014234542847
endloop
endfacet
facet normal -0.45922857907558706 0.5376879245268741 0.7071073525131809
outer loop
vertex -4.899889945983887 47.61412048339844 -1
vertex -5.391386032104492 46.29038619995117 -0.312626451253891
vertex -4.420197010040283 47.00563049316406 -0.22576618194580078
endloop
endfacet
facet normal -0.45922938274630204 0.537687944149686 0.707106815649895
outer loop
vertex -4.899889945983887 47.61412048339844 -1
vertex -7.018077373504639 45.805015563964844 -1
vertex -5.391386032104492 46.29038619995117 -0.312626451253891
endloop
endfacet
facet normal -0.4592293742429065 0.5376884166049742 0.7071064619145438
outer loop
vertex -6.490102291107178 45.233856201171875 -0.22279392182826996
vertex -5.391386032104492 46.29038619995117 -0.312626451253891
vertex -7.018077373504639 45.805015563964844 -1
endloop
endfacet
facet normal -0.4999936718465292 0.5000056863042341 0.7071072349911695
outer loop
vertex -7.018077373504639 45.805015563964844 -1
vertex -7.156989097595215 45.666107177734375 -1
vertex -6.58582878112793 45.13813018798828 -0.22279392182826996
endloop
endfacet
facet normal -0.4999989420503838 0.5000014326803255 0.7071065162096293
outer loop
vertex -7.018077373504639 45.805015563964844 -1
vertex -6.58582878112793 45.13813018798828 -0.22279392182826996
vertex -6.490102291107178 45.233856201171875 -0.22279392182826996
endloop
endfacet
facet normal -0.5376879025806586 0.45922860800750054 0.7071073504114531
outer loop
vertex -6.58582878112793 45.13813018798828 -0.22279392182826996
vertex -7.156989097595215 45.666107177734375 -1
vertex -7.642358779907227 44.03941345214844 -0.312626451253891
endloop
endfacet
facet normal -0.5376875120976482 0.45922945681446387 0.7071070960810207
outer loop
vertex -7.642358779907227 44.03941345214844 -0.312626451253891
vertex -8.966092109680176 43.54792022705078 -1
vertex -8.357604026794434 43.0682258605957 -0.22576618194580078
endloop
endfacet
facet normal -0.5376874915546208 0.45922861540523874 0.7071076581530474
outer loop
vertex -7.156989097595215 45.666107177734375 -1
vertex -8.966092109680176 43.54792022705078 -1
vertex -7.642358779907227 44.03941345214844 -0.312626451253891
endloop
endfacet
facet normal -0.566923496398907 0.4223715852903977 0.7072481835749843
outer loop
vertex -8.966092109680176 43.54792022705078 -1
vertex -8.495328903198242 42.87457275390625 -0.2205146998167038
vertex -8.357604026794434 43.0682258605957 -0.22576618194580078
endloop
endfacet
facet normal -0.5731084433129433 0.41638476832419247 0.7058118990999113
outer loop
vertex -8.966092109680176 43.54792022705078 -1
vertex -9.123641967773438 43.33106994628906 -1
vertex -8.495328903198242 42.87457275390625 -0.2205146998167038
endloop
endfacet
facet normal -0.5564710210596071 0.43881426345915375 0.7055367069867297
outer loop
vertex -8.495328903198242 42.87457275390625 -0.2205146998167038
vertex -9.123641967773438 43.33106994628906 -1
vertex -8.542564392089844 42.80911636352539 -0.2170591503381729
endloop
endfacet
facet normal -0.5266715917344875 0.47308193936328424 0.706265186107977
outer loop
vertex -9.123641967773438 43.33106994628906 -1
vertex -8.85286808013916 42.39325714111328 -0.16989931464195251
vertex -8.542564392089844 42.80911636352539 -0.2170591503381729
endloop
endfacet
facet normal -0.5266713844545312 0.47308206282720394 0.706265257978831
outer loop
vertex -9.123641967773438 43.33106994628906 -1
vertex -9.468945503234863 42.946651458740234 -1
vertex -8.85286808013916 42.39325714111328 -0.16989931464195251
endloop
endfacet
facet normal -0.47918781225822005 0.523406906862031 0.7045738076541748
outer loop
vertex -8.85286808013916 42.39325714111328 -0.16989931464195251
vertex -9.468945503234863 42.946651458740234 -1
vertex -8.95181941986084 42.26719665527344 -0.1435505449771881
endloop
endfacet
facet normal -0.43272704366375664 0.5606000979985668 0.706027503576187
outer loop
vertex -9.227798461914062 41.930091857910156 -0.045031171292066574
vertex -8.95181941986084 42.26719665527344 -0.1435505449771881
vertex -9.468945503234863 42.946651458740234 -1
endloop
endfacet
facet normal -0.4282425176565377 0.5626785745181491 0.7071076069803053
outer loop
vertex -9.468945503234863 42.946651458740234 -1
vertex -9.806158065795898 42.690006256103516 -1
vertex -9.227798461914062 41.930091857910156 -0.045031171292066574
endloop
endfacet
facet normal -0.37000852879952806 0.604706415102421 0.7052828086304013
outer loop
vertex -9.227798461914062 41.930091857910156 -0.045031171292066574
vertex -9.806158065795898 42.690006256103516 -1
vertex -9.344929695129395 41.80590057373047 0
endloop
endfacet
facet normal -0.3275200668904828 0.6278062875743253 0.7061089654339459
outer loop
vertex -9.806158065795898 42.690006256103516 -1
vertex -10.181873321533203 42.49399948120117 -1
vertex -9.720643997192383 41.609893798828125 0
endloop
endfacet
facet normal -0.3275207926145696 0.6278060851192973 0.7061088088193673
outer loop
vertex -9.806158065795898 42.690006256103516 -1
vertex -9.720643997192383 41.609893798828125 0
vertex -9.344929695129395 41.80590057373047 0
endloop
endfacet
facet normal -0.27447937645775017 0.6540774072799836 0.7048714898371611
outer loop
vertex -10.181873321533203 42.49399948120117 -1
vertex -9.876524925231934 41.54447937011719 0
vertex -9.720643997192383 41.609893798828125 0
endloop
endfacet
facet normal -0.21647225049168867 0.6731557496778182 0.707107560023762
outer loop
vertex -10.24807071685791 42.47270965576172 -1
vertex -10.585295677185059 42.36426544189453 -1
vertex -10.279153823852539 41.41227722167969 0
endloop
endfacet
facet normal -0.2208778017577699 0.6726954675287655 0.706182557598891
outer loop
vertex -10.181873321533203 42.49399948120117 -1
vertex -10.279153823852539 41.41227722167969 0
vertex -9.876524925231934 41.54447937011719 0
endloop
endfacet
facet normal -0.21649351103677308 0.6731528436478915 0.7071038175315757
outer loop
vertex -10.181873321533203 42.49399948120117 -1
vertex -10.24807071685791 42.47270965576172 -1
vertex -10.279153823852539 41.41227722167969 0
endloop
endfacet
facet normal -0.1494862524005783 0.6928849884597578 0.7053823453350332
outer loop
vertex -10.585295677185059 42.36426544189453 -1
vertex -10.444670677185059 41.37656784057617 0
vertex -10.279153823852539 41.41227722167969 0
endloop
endfacet
facet normal -0.09979016269971251 0.7008667346978116 0.7062773843345065
outer loop
vertex -10.585295677185059 42.36426544189453 -1
vertex -10.864209175109863 41.31683349609375 0
vertex -10.444670677185059 41.37656784057617 0
endloop
endfacet
facet normal -0.09979016269971251 0.7008667346978116 0.7062773843345065
outer loop
vertex -10.585295677185059 42.36426544189453 -1
vertex -11.004834175109863 42.30453109741211 -1
vertex -10.864209175109863 41.31683349609375 0
endloop
endfacet
facet normal -0.061734014719038735 0.7057586609599626 0.7057574823596772
outer loop
vertex -10.864209175109863 41.31683349609375 0
vertex -11.004834175109863 42.30453109741211 -1
vertex -11.004373550415039 41.30457305908203 0
endloop
endfacet
facet normal -0.00032913845012219785 0.7071215029262069 0.7070919825364046
outer loop
vertex -11.004834175109863 42.30453109741211 -1
vertex -19.27363395690918 41.300724029541016 0
vertex -11.004373550415039 41.30457305908203 0
endloop
endfacet
facet normal -0.00032555647525866723 0.7071067227275024 0.7071067647014505
outer loop
vertex -11.004834175109863 42.30453109741211 -1
vertex -19.688037872314453 42.300533294677734 -1
vertex -19.27363395690918 41.300724029541016 0
endloop
endfacet
facet normal -0.4999997303241252 0.4999997303241252 0.7071071625656216
outer loop
vertex -19.688037872314453 42.300533294677734 -1
vertex -21.152503967285156 40.83606719970703 -1
vertex -20.152503967285156 40.421852111816406 0
endloop
endfacet
facet normal -0.5000007223494553 0.499999637236056 0.7071065269206863
outer loop
vertex -19.27363395690918 41.300724029541016 0
vertex -19.688037872314453 42.300533294677734 -1
vertex -20.152503967285156 40.421852111816406 0
endloop
endfacet
facet normal -0.7071067811865476 0 0.7071067811865476
outer loop
vertex -21.152503967285156 40.83606719970703 -1
vertex -21.152503967285156 40.38045120239258 -1
vertex -20.152503967285156 40.421852111816406 0
endloop
endfacet
facet normal -0.7071067811865476 0 0.7071067811865476
outer loop
vertex -20.152503967285156 40.421852111816406 0
vertex -21.152503967285156 40.38045120239258 -1
vertex -20.152503967285156 40.38045120239258 0
endloop
endfacet
facet normal -0.7057574984412742 0.06174711967233499 0.7057574984412742
outer loop
vertex -20.152503967285156 40.38045120239258 0
vertex -21.152503967285156 40.38045120239258 -1
vertex -20.159133911132812 40.30467224121094 0
endloop
endfacet
facet normal -0.7063792575109407 0.053886199570809964 0.7057794429239966
outer loop
vertex -21.152503967285156 40.38045120239258 -1
vertex -21.181432723999023 40.0012321472168 -1
vertex -20.18806266784668 39.925453186035156 0
endloop
endfacet
facet normal -0.7063792575109407 0.053886199570809964 0.7057794429239966
outer loop
vertex -21.152503967285156 40.38045120239258 -1
vertex -20.18806266784668 39.925453186035156 0
vertex -20.159133911132812 40.30467224121094 0
endloop
endfacet
facet normal -0.684310221699547 0.183375273041103 0.7057570613990466
outer loop
vertex -20.21282196044922 39.76713943481445 0
vertex -20.196624755859375 39.82758331298828 0
vertex -21.181432723999023 40.0012321472168 -1
endloop
endfacet
facet normal -0.7057578515374476 0.06174280861302624 0.7057575225088438
outer loop
vertex -20.18806266784668 39.925453186035156 0
vertex -21.181432723999023 40.0012321472168 -1
vertex -20.196624755859375 39.82758331298828 0
endloop
endfacet
facet normal -0.6898874678232995 0.16070763927518983 0.705852914153474
outer loop
vertex -21.181432723999023 40.0012321472168 -1
vertex -20.30896759033203 39.35440444946289 0
vertex -20.21282196044922 39.76713943481445 0
endloop
endfacet
facet normal -0.6873189520809314 0.16611056707705157 0.7071067370741919
outer loop
vertex -21.181432723999023 40.0012321472168 -1
vertex -21.280982971191406 39.58932113647461 -1
vertex -20.30896759033203 39.35440444946289 0
endloop
endfacet
facet normal -0.6774833921370242 0.2044490786614313 0.7065527776557127
outer loop
vertex -21.280982971191406 39.58932113647461 -1
vertex -20.341289520263672 39.24729919433594 0
vertex -20.30896759033203 39.35440444946289 0
endloop
endfacet
facet normal -0.642069437697261 0.29942188968898503 0.705757301875227
outer loop
vertex -21.280982971191406 39.58932113647461 -1
vertex -20.365705490112305 39.194942474365234 0
vertex -20.341289520263672 39.24729919433594 0
endloop
endfacet
facet normal -0.6504909238790204 0.2802684322081428 0.7059115835985468
outer loop
vertex -21.427303314208984 39.24974060058594 -1
vertex -21.448673248291016 39.20014190673828 -1
vertex -20.533395767211914 38.805763244628906 0
endloop
endfacet
facet normal -0.6504837016368853 0.28028402187944157 0.7059120490428394
outer loop
vertex -21.280982971191406 39.58932113647461 -1
vertex -21.427303314208984 39.24974060058594 -1
vertex -20.533395767211914 38.805763244628906 0
endloop
endfacet
facet normal -0.6504849937159558 0.2802821952221572 0.7059115836928882
outer loop
vertex -21.280982971191406 39.58932113647461 -1
vertex -20.533395767211914 38.805763244628906 0
vertex -20.365705490112305 39.194942474365234 0
endloop
endfacet
facet normal -0.6420779422635499 0.2994029295205393 0.7057576084273726
outer loop
vertex -21.448673248291016 39.20014190673828 -1
vertex -20.5826473236084 38.70014190673828 0
vertex -20.533395767211914 38.805763244628906 0
endloop
endfacet
facet normal -0.5803300647423708 0.40635351011833903 0.7057576359988043
outer loop
vertex -21.448673248291016 39.20014190673828 -1
vertex -20.613025665283203 38.65675735473633 0
vertex -20.5826473236084 38.70014190673828 0
endloop
endfacet
facet normal -0.5937540360508606 0.38609313639199017 0.7059661710764258
outer loop
vertex -21.448673248291016 39.20014190673828 -1
vertex -20.844038009643555 38.30149459838867 0
vertex -20.613025665283203 38.65675735473633 0
endloop
endfacet
facet normal -0.5937565480636862 0.3860906241306841 0.7059654322910396
outer loop
vertex -21.448673248291016 39.20014190673828 -1
vertex -21.679685592651367 38.84487533569336 -1
vertex -20.844038009643555 38.30149459838867 0
endloop
endfacet
facet normal -0.5603315737469156 0.43520035890876735 0.7047192171836845
outer loop
vertex -20.844038009643555 38.30149459838867 0
vertex -21.679685592651367 38.84487533569336 -1
vertex -20.947689056396484 38.16804122924805 0
endloop
endfacet
facet normal -0.5191779506455197 0.48005692072217904 0.7071065043048731
outer loop
vertex -21.679685592651367 38.84487533569336 -1
vertex -21.967382431030273 38.53373336791992 -1
vertex -21.233154296875 37.85483169555664 0
endloop
endfacet
facet normal -0.5234129910773995 0.47704874627061405 0.7060193584123919
outer loop
vertex -21.233154296875 37.85483169555664 0
vertex -20.947689056396484 38.16804122924805 0
vertex -21.679685592651367 38.84487533569336 -1
endloop
endfacet
facet normal -0.4063733873441032 0.5803151648485341 0.7057584427446109
outer loop
vertex -21.324596405029297 37.7676887512207 0
vertex -21.967382431030273 38.53373336791992 -1
vertex -21.360097885131836 37.742828369140625 0
endloop
endfacet
facet normal -0.4883093254761038 0.5123998792237648 0.7063995798586971
outer loop
vertex -21.967382431030273 38.53373336791992 -1
vertex -21.324596405029297 37.7676887512207 0
vertex -21.233154296875 37.85483169555664 0
endloop
endfacet
facet normal -0.4312535923492476 0.5616431845198193 0.7061000441639308
outer loop
vertex -21.967382431030273 38.53373336791992 -1
vertex -21.696212768554688 37.484745025634766 0
vertex -21.360097885131836 37.742828369140625 0
endloop
endfacet
facet normal -0.43125180233571214 0.5616440404345863 0.706100456611177
outer loop
vertex -21.967382431030273 38.53373336791992 -1
vertex -22.303499221801758 38.27565002441406 -1
vertex -21.696212768554688 37.484745025634766 0
endloop
endfacet
facet normal -0.29945555968809795 0.6420512386566316 0.7057595728797259
outer loop
vertex -21.838415145874023 37.393341064453125 0
vertex -21.803499221801758 37.40962600708008 0
vertex -22.303499221801758 38.27565002441406 -1
endloop
endfacet
facet normal -0.40633834607101244 0.580340382595683 0.7057578825921611
outer loop
vertex -22.303499221801758 38.27565002441406 -1
vertex -21.803499221801758 37.40962600708008 0
vertex -21.696212768554688 37.484745025634766 0
endloop
endfacet
facet normal -0.3301587340819634 0.6263430056627414 0.7061796156550815
outer loop
vertex -22.303499221801758 38.27565002441406 -1
vertex -22.21329116821289 37.195735931396484 0
vertex -21.838415145874023 37.393341064453125 0
endloop
endfacet
facet normal -0.3301587340819634 0.6263430056627414 0.7061796156550815
outer loop
vertex -22.303499221801758 38.27565002441406 -1
vertex -22.678375244140625 38.07804489135742 -1
vertex -22.21329116821289 37.195735931396484 0
endloop
endfacet
facet normal -0.2993999460982121 0.6420788380709547 0.7057580590952117
outer loop
vertex -22.678375244140625 38.07804489135742 -1
vertex -22.336355209350586 37.13835144042969 0
vertex -22.21329116821289 37.195735931396484 0
endloop
endfacet
facet normal -0.1833453282673277 0.6843181994271574 0.7057571059049417
outer loop
vertex -22.678375244140625 38.07804489135742 -1
vertex -22.36891746520996 37.1296272277832 0
vertex -22.336355209350586 37.13835144042969 0
endloop
endfacet
facet normal -0.21960048456734857 0.6730255542724141 0.7062664019150957
outer loop
vertex -22.678375244140625 38.07804489135742 -1
vertex -23.081241607666016 37.94659423828125 -1
vertex -22.77178382873535 36.99817657470703 0
endloop
endfacet
facet normal -0.21960048456734857 0.6730255542724141 0.7062664019150957
outer loop
vertex -22.678375244140625 38.07804489135742 -1
vertex -22.77178382873535 36.99817657470703 0
vertex -22.36891746520996 37.1296272277832 0
endloop
endfacet
facet normal -0.16315353650968814 0.6901474571583588 0.70503716987279
outer loop
vertex -23.081241607666016 37.94659423828125 -1
vertex -22.93637466430664 36.959266662597656 0
vertex -22.77178382873535 36.99817657470703 0
endloop
endfacet
facet normal -0.1026526482640082 0.6996159576901804 0.707106742684326
outer loop
vertex -23.081241607666016 37.94659423828125 -1
vertex -23.500520706176758 37.885074615478516 -1
vertex -23.355350494384766 36.895668029785156 0
endloop
endfacet
facet normal -0.10623216318040782 0.6998375087830225 0.7063583996855873
outer loop
vertex -23.081241607666016 37.94659423828125 -1
vertex -23.355350494384766 36.895668029785156 0
vertex -22.93637466430664 36.959266662597656 0
endloop
endfacet
facet normal -0.035549814975867504 0.7078276249449613 0.7054900878254468
outer loop
vertex -23.500520706176758 37.885074615478516 -1
vertex -23.524499893188477 36.88717269897461 0
vertex -23.355350494384766 36.895668029785156 0
endloop
endfacet
facet normal 0.01699787365256472 0.7075428618051176 0.7064659729951018
outer loop
vertex -23.500520706176758 37.885074615478516 -1
vertex -23.94814682006836 36.8973503112793 0
vertex -23.524499893188477 36.88717269897461 0
endloop
endfacet
facet normal 0.01699787365256472 0.7075428618051176 0.7064659729951018
outer loop
vertex -23.92416763305664 37.8952522277832 -1
vertex -23.94814682006836 36.8973503112793 0
vertex -23.500520706176758 37.885074615478516 -1
endloop
endfacet
facet normal 0.061752633993314446 0.7057572370310784 0.7057572773788067
outer loop
vertex -23.94814682006836 36.8973503112793 0
vertex -23.92416763305664 37.8952522277832 -1
vertex -24.097816467285156 36.91044616699219 0
endloop
endfacet
facet normal 0.12302453357307833 0.6963222145453202 0.707107019955132
outer loop
vertex -23.92416763305664 37.8952522277832 -1
vertex -43.197654724121094 41.300445556640625 -1
vertex -43.33698654174805 40.309574127197266 0
endloop
endfacet
facet normal 0.12302459269508371 0.6963230245852351 0.7071062119828101
outer loop
vertex -23.92416763305664 37.8952522277832 -1
vertex -43.33698654174805 40.309574127197266 0
vertex -24.097816467285156 36.91044616699219 0
endloop
endfacet
facet normal 0.07377854172674103 0.7032463098153624 0.7071077389703432
outer loop
vertex -43.197654724121094 41.300445556640625 -1
vertex -43.925350189208984 41.37678909301758 -1
vertex -43.947872161865234 40.373661041259766 0
endloop
endfacet
facet normal 0.07377640782937797 0.7032472589164636 0.7071070176955352
outer loop
vertex -43.197654724121094 41.300445556640625 -1
vertex -43.947872161865234 40.373661041259766 0
vertex -43.33698654174805 40.309574127197266 0
endloop
endfacet
facet normal -0.04214372187153333 0.7058488919003506 0.7071076640157863
outer loop
vertex -43.947872161865234 40.373661041259766 0
vertex -43.925350189208984 41.37678909301758 -1
vertex -44.75404739379883 40.32552719116211 0
endloop
endfacet
facet normal -0.04214706529515253 0.7058501465623049 0.7071062123082916
outer loop
vertex -43.925350189208984 41.37678909301758 -1
vertex -44.49623489379883 41.34270095825195 -1
vertex -44.75404739379883 40.32552719116211 0
endloop
endfacet
facet normal -0.042145070528056244 0.7058499503822824 0.707106527035011
outer loop
vertex -44.49623489379883 41.34270095825195 -1
vertex -44.90863800048828 41.318077087402344 -1
vertex -44.75404739379883 40.32552719116211 0
endloop
endfacet
facet normal -0.1745206107387502 0.6852321758839963 0.7071063721680478
outer loop
vertex -44.75404739379883 40.32552719116211 0
vertex -44.90863800048828 41.318077087402344 -1
vertex -45.5241813659668 40.1293830871582 0
endloop
endfacet
facet normal -0.17451656039695485 0.685231483725266 0.707108042564138
outer loop
vertex -44.90863800048828 41.318077087402344 -1
vertex -45.86320114135742 41.07496643066406 -1
vertex -45.5241813659668 40.1293830871582 0
endloop
endfacet
facet normal -0.3006221869001148 0.6400190050355877 0.70710817696916
outer loop
vertex -45.5241813659668 40.1293830871582 0
vertex -45.86320114135742 41.07496643066406 -1
vertex -46.24350357055664 39.79151153564453 0
endloop
endfacet
facet normal -0.30062594598715 0.6400189280121207 0.7071066485230831
outer loop
vertex -45.86320114135742 41.07496643066406 -1
vertex -46.754783630371094 40.65617752075195 -1
vertex -46.24350357055664 39.79151153564453 0
endloop
endfacet
facet normal -0.41594466461820034 0.5718305750907067 0.7071066605308456
outer loop
vertex -46.24350357055664 39.79151153564453 0
vertex -46.754783630371094 40.65617752075195 -1
vertex -46.88618850708008 39.32402801513672 0
endloop
endfacet
facet normal -0.415945594808386 0.5718303765988477 0.7071062738784871
outer loop
vertex -47.55137252807617 40.076744079589844 -1
vertex -46.88618850708008 39.32402801513672 0
vertex -46.754783630371094 40.65617752075195 -1
endloop
endfacet
facet normal -0.5163280691229228 0.48311984387986817 0.7071071640743617
outer loop
vertex -47.55137252807617 40.076744079589844 -1
vertex -48.22438430786133 39.35747146606445 -1
vertex -47.429168701171875 38.74372100830078 0
endloop
endfacet
facet normal -0.5163304988117103 0.48311881669138357 0.7071060917256813
outer loop
vertex -46.88618850708008 39.32402801513672 0
vertex -47.55137252807617 40.076744079589844 -1
vertex -47.429168701171875 38.74372100830078 0
endloop
endfacet
facet normal -0.5981826803780508 0.3770635916486046 0.7071071550683002
outer loop
vertex -48.22438430786133 39.35747146606445 -1
vertex -47.85295104980469 38.0714225769043 0
vertex -47.429168701171875 38.74372100830078 0
endloop
endfacet
facet normal -0.5981837157842114 0.37706289880117544 0.7071066486169172
outer loop
vertex -48.74965286254883 38.524169921875 -1
vertex -47.85295104980469 38.0714225769043 0
vertex -48.22438430786133 39.35747146606445 -1
endloop
endfacet
facet normal -0.6585642490872411 0.2574746679622695 0.7071067282821437
outer loop
vertex -48.74965286254883 38.524169921875 -1
vertex -48.14108657836914 37.334434509277344 0
vertex -47.85295104980469 38.0714225769043 0
endloop
endfacet
facet normal -0.658563848172378 0.25747506527956027 0.7071069570013261
outer loop
vertex -48.74965286254883 38.524169921875 -1
vertex -49.10832977294922 37.606754302978516 -1
vertex -48.14108657836914 37.334434509277344 0
endloop
endfacet
facet normal -0.6961590808739042 0.12394297145234037 0.7071072577370177
outer loop
vertex -49.10832977294922 37.606754302978516 -1
vertex -51.1557502746582 20.401763916015625 0
vertex -48.14108657836914 37.334434509277344 0
endloop
endfacet
facet normal -0.6962103833831484 0.12394610868214276 0.7070561959363939
outer loop
vertex -52.14012908935547 20.57701301574707 -1
vertex -51.1557502746582 20.401763916015625 0
vertex -49.10832977294922 37.606754302978516 -1
endloop
endfacet
facet normal -0.6843107366657781 0.18337347731749049 0.7057570286581862
outer loop
vertex -52.14012908935547 20.57701301574707 -1
vertex -51.17679977416992 20.323211669921875 0
vertex -51.1557502746582 20.401763916015625 0
endloop
endfacet
facet normal -0.6850725482628243 0.18048984785617023 0.7057613041514368
outer loop
vertex -52.14012908935547 20.57701301574707 -1
vertex -52.24582290649414 20.175838470458984 -1
vertex -51.28248977661133 19.922039031982422 0
endloop
endfacet
facet normal -0.6850750388107768 0.1804848478608984 0.7057601652764491
outer loop
vertex -52.14012908935547 20.57701301574707 -1
vertex -51.28248977661133 19.922039031982422 0
vertex -51.17679977416992 20.323211669921875 0
endloop
endfacet
facet normal -0.6420703006045307 0.2994205523039531 0.70575708422913
outer loop
vertex -52.24582290649414 20.175838470458984 -1
vertex -51.338417053222656 19.76458168029785 0
vertex -51.306129455566406 19.833818435668945 0
endloop
endfacet
facet normal -0.6843108578466204 0.1833686198117098 0.7057581732446114
outer loop
vertex -51.28248977661133 19.922039031982422 0
vertex -52.24582290649414 20.175838470458984 -1
vertex -51.306129455566406 19.833818435668945 0
endloop
endfacet
facet normal -0.6452544128117254 0.29244552475225316 0.705777838841214
outer loop
vertex -52.24582290649414 20.175838470458984 -1
vertex -51.51335144042969 19.378604888916016 0
vertex -51.338417053222656 19.76458168029785 0
endloop
endfacet
facet normal -0.6452544128117254 0.29244552475225316 0.705777838841214
outer loop
vertex -52.24582290649414 20.175838470458984 -1
vertex -52.42075729370117 19.78986167907715 -1
vertex -51.51335144042969 19.378604888916016 0
endloop
endfacet
facet normal -0.5803187020926647 0.4063703134084132 0.7057573041647058
outer loop
vertex -52.42075729370117 19.78986167907715 -1
vertex -51.595794677734375 19.231218338012695 0
vertex -51.55472946166992 19.28986167907715 0
endloop
endfacet
facet normal -0.6420871199837268 0.29938397018778273 0.7057573015885874
outer loop
vertex -51.51335144042969 19.378604888916016 0
vertex -52.42075729370117 19.78986167907715 -1
vertex -51.55472946166992 19.28986167907715 0
endloop
endfacet
facet normal -0.5865745361056643 0.39720986165867195 0.7058007079859889
outer loop
vertex -52.42075729370117 19.78986167907715 -1
vertex -51.833404541015625 18.88033103942871 0
vertex -51.595794677734375 19.231218338012695 0
endloop
endfacet
facet normal -0.5865732200063886 0.39721112959267174 0.7058010881962784
outer loop
vertex -52.42075729370117 19.78986167907715 -1
vertex -52.65836715698242 19.438976287841797 -1
vertex -51.833404541015625 18.88033103942871 0
endloop
endfacet
facet normal -0.5803287237890583 0.4063550782691604 0.7057578357412884
outer loop
vertex -51.833404541015625 18.88033103942871 0
vertex -52.65836715698242 19.438976287841797 -1
vertex -51.8923225402832 18.796188354492188 0
endloop
endfacet
facet normal -0.5009521406968299 0.5009521406968299 0.7057576818303342
outer loop
vertex -52.65836715698242 19.438976287841797 -1
vertex -51.93954849243164 18.74896240234375 0
vertex -51.8923225402832 18.796188354492188 0
endloop
endfacet
facet normal -0.5110347690552987 0.4905558830885141 0.7058317011751779
outer loop
vertex -52.65836715698242 19.438976287841797 -1
vertex -52.233009338378906 18.44325065612793 0
vertex -51.93954849243164 18.74896240234375 0
endloop
endfacet
facet normal -0.5110366355673099 0.4905546142119213 0.7058312316577084
outer loop
vertex -52.65836715698242 19.438976287841797 -1
vertex -52.95182800292969 19.133262634277344 -1
vertex -52.233009338378906 18.44325065612793 0
endloop
endfacet
facet normal -0.4063446896063735 0.5803366938849542 0.7057572634832608
outer loop
vertex -52.95182800292969 19.133262634277344 -1
vertex -52.35981369018555 18.331666946411133 0
vertex -52.30904006958008 18.367218017578125 0
endloop
endfacet
facet normal -0.500958698001142 0.5009461309916846 0.7057572930841468
outer loop
vertex -52.233009338378906 18.44325065612793 0
vertex -52.95182800292969 19.133262634277344 -1
vertex -52.30904006958008 18.367218017578125 0
endloop
endfacet
facet normal -0.4208158029027288 0.5697893092419726 0.7058712369128576
outer loop
vertex -52.95182800292969 19.133262634277344 -1
vertex -53.29270935058594 18.881505966186523 -1
vertex -52.70069122314453 18.079910278320312 0
endloop
endfacet
facet normal -0.42081932691256146 0.5697877044021967 0.7058704314595801
outer loop
vertex -52.95182800292969 19.133262634277344 -1
vertex -52.70069122314453 18.079910278320312 0
vertex -52.35981369018555 18.331666946411133 0
endloop
endfacet
facet normal -0.29941073151443487 0.6420738816167617 0.7057579927989308
outer loop
vertex -52.84452438354492 17.991317749023438 0
vertex -52.79270935058594 18.015480041503906 0
vertex -53.29270935058594 18.881505966186523 -1
endloop
endfacet
facet normal -0.40634535230152385 0.5803352627718981 0.7057580587187245
outer loop
vertex -53.29270935058594 18.881505966186523 -1
vertex -52.79270935058594 18.015480041503906 0
vertex -52.70069122314453 18.079910278320312 0
endloop
endfacet
facet normal -0.31851183438133035 0.6326370418235978 0.7059182563666471
outer loop
vertex -53.29270935058594 18.881505966186523 -1
vertex -53.22303009033203 17.800752639770508 0
vertex -52.84452438354492 17.991317749023438 0
endloop
endfacet
facet normal -0.31851183438133035 0.6326370418235978 0.7059182563666471
outer loop
vertex -53.29270935058594 18.881505966186523 -1
vertex -53.67121505737305 18.690940856933594 -1
vertex -53.22303009033203 17.800752639770508 0
endloop
endfacet
facet normal -0.2994081858186867 0.6420751154948219 0.7057579502400764
outer loop
vertex -53.67121505737305 18.690940856933594 -1
vertex -53.329193115234375 17.75124740600586 0
vertex -53.22303009033203 17.800752639770508 0
endloop
endfacet
facet normal -0.18334978243484867 0.6843166123303753 0.7057574876469769
outer loop
vertex -53.67121505737305 18.690940856933594 -1
vertex -53.3797721862793 17.737695693969727 0
vertex -53.329193115234375 17.75124740600586 0
endloop
endfacet
facet normal -0.20674092645219208 0.6762085494149286 0.7071069134351942
outer loop
vertex -54.07646560668945 18.567041397094727 -1
vertex -53.78409194946289 17.610736846923828 0
vertex -53.67121505737305 18.690940856933594 -1
endloop
endfacet
facet normal -0.21217964823308483 0.6757183695513923 0.7059635131694078
outer loop
vertex -53.78409194946289 17.610736846923828 0
vertex -53.3797721862793 17.737695693969727 0
vertex -53.67121505737305 18.690940856933594 -1
endloop
endfacet
facet normal -0.13673674636956065 0.6956582824587731 0.7052394034927262
outer loop
vertex -54.07646560668945 18.567041397094727 -1
vertex -53.950191497802734 17.578088760375977 0
vertex -53.78409194946289 17.610736846923828 0
endloop
endfacet
facet normal -0.08955868348546266 0.7014121714630579 0.7071069282193667
outer loop
vertex -54.496822357177734 18.513368606567383 -1
vertex -54.37016677856445 17.521421432495117 0
vertex -54.334938049316406 18.534038543701172 -1
endloop
endfacet
facet normal -0.08955926578279058 0.7014121449048768 0.7071068808125032
outer loop
vertex -54.07646560668945 18.567041397094727 -1
vertex -54.334938049316406 18.534038543701172 -1
vertex -54.37016677856445 17.521421432495117 0
endloop
endfacet
facet normal -0.09469718317000766 0.7018237417649831 0.7060282423491743
outer loop
vertex -54.37016677856445 17.521421432495117 0
vertex -53.950191497802734 17.578088760375977 0
vertex -54.07646560668945 18.567041397094727 -1
endloop
endfacet
facet normal -0.018123113001399245 0.7086943897700099 0.7052827905766961
outer loop
vertex -54.53940200805664 17.517093658447266 0
vertex -54.37016677856445 17.521421432495117 0
vertex -54.496822357177734 18.513368606567383 -1
endloop
endfacet
facet normal 0.030193635958468863 0.7064617000363832 0.7071069301946565
outer loop
vertex -54.496822357177734 18.513368606567383 -1
vertex -54.920204162597656 18.531463623046875 -1
vertex -54.96290588378906 17.53237533569336 0
endloop
endfacet
facet normal 0.025534787902768512 0.7076501792754512 0.7061014079990086
outer loop
vertex -54.96290588378906 17.53237533569336 0
vertex -54.53940200805664 17.517093658447266 0
vertex -54.496822357177734 18.513368606567383 -1
endloop
endfacet
facet normal 0.07674165041486769 0.7037025868281456 0.7063380128401546
outer loop
vertex -54.920204162597656 18.531463623046875 -1
vertex -55.09385299682617 17.546655654907227 0
vertex -54.96290588378906 17.53237533569336 0
endloop
endfacet
facet normal 0.18336900590269686 0.6843116116920539 0.7057573419934648
outer loop
vertex -55.09385299682617 17.546655654907227 0
vertex -54.920204162597656 18.531463623046875 -1
vertex -55.130489349365234 17.556472778320312 0
endloop
endfacet
facet normal 0.149270126688151 0.6921091179658716 0.706189350037939
outer loop
vertex -55.130489349365234 17.556472778320312 0
vertex -54.920204162597656 18.531463623046875 -1
vertex -55.544734954833984 17.645814895629883 0
endloop
endfacet
facet normal 0.14927303262234945 0.6921078159995804 0.7061900117985372
outer loop
vertex -55.334449768066406 18.620807647705078 -1
vertex -55.544734954833984 17.645814895629883 0
vertex -54.920204162597656 18.531463623046875 -1
endloop
endfacet
facet normal 0.20676504426360126 0.6784428011744849 0.7049564397926935
outer loop
vertex -55.334449768066406 18.620807647705078 -1
vertex -55.706478118896484 17.69510841369629 0
vertex -55.544734954833984 17.645814895629883 0
endloop
endfacet
facet normal 0.26368247695385594 0.6561031095236862 0.7071069657561218
outer loop
vertex -55.334449768066406 18.620807647705078 -1
vertex -55.7276496887207 18.778831481933594 -1
vertex -56.100555419921875 17.850961685180664 0
endloop
endfacet
facet normal 0.2603603530713199 0.6583250018120398 0.7062723826809
outer loop
vertex -56.100555419921875 17.850961685180664 0
vertex -55.706478118896484 17.69510841369629 0
vertex -55.334449768066406 18.620807647705078 -1
endloop
endfacet
facet normal 0.3267691230487223 0.6289505320527847 0.7054382811079138
outer loop
vertex -55.7276496887207 18.778831481933594 -1
vertex -56.25082778930664 17.929035186767578 0
vertex -56.100555419921875 17.850961685180664 0
endloop
endfacet
facet normal 0.3707071037892879 0.6021432414660642 0.7071066114504229
outer loop
vertex -55.7276496887207 18.778831481933594 -1
vertex -56.08851623535156 19.00099754333496 -1
vertex -56.61277770996094 18.14944076538086 0
endloop
endfacet
facet normal 0.3681480138599745 0.6045724670129801 0.7063704212527555
outer loop
vertex -56.61277770996094 18.14944076538086 0
vertex -56.25082778930664 17.929035186767578 0
vertex -55.7276496887207 18.778831481933594 -1
endloop
endfacet
facet normal 0.41427068766850433 0.5742111630516851 0.7061595694781001
outer loop
vertex -56.61277770996094 18.14944076538086 0
vertex -56.08851623535156 19.00099754333496 -1
vertex -56.73130416870117 18.234952926635742 0
endloop
endfacet
facet normal 0.5009521406968298 0.5009521406968298 0.7057576818303342
outer loop
vertex -56.08851623535156 19.00099754333496 -1
vertex -56.7553825378418 18.259031295776367 0
vertex -56.73130416870117 18.234952926635742 0
endloop
endfacet
facet normal 0.4720207025475756 0.5276310364518954 0.7062591208184088
outer loop
vertex -56.08851623535156 19.00099754333496 -1
vertex -57.52471923828125 18.947282791137695 0
vertex -56.7553825378418 18.259031295776367 0
endloop
endfacet
facet normal 0.47267539137011244 0.5259068248411679 0.7071067712719149
outer loop
vertex -56.08851623535156 19.00099754333496 -1
vertex -56.913841247558594 19.74278450012207 -1
vertex -57.52471923828125 18.947282791137695 0
endloop
endfacet
facet normal 0.38608877967404653 0.592397851540838 0.7071069506797432
outer loop
vertex -57.73908233642578 20.28062629699707 -1
vertex -58.20537185668945 19.39089012145996 0
vertex -56.913841247558594 19.74278450012207 -1
endloop
endfacet
facet normal 0.38608855313753815 0.5923982014444856 0.7071067812300352
outer loop
vertex -56.913841247558594 19.74278450012207 -1
vertex -58.20537185668945 19.39089012145996 0
vertex -57.52471923828125 18.947282791137695 0
endloop
endfacet
facet normal 0.26742712097387134 0.6545856721805647 0.7071070164717251
outer loop
vertex -57.73908233642578 20.28062629699707 -1
vertex -58.94106674194336 19.69145393371582 0
vertex -58.20537185668945 19.39089012145996 0
endloop
endfacet
facet normal 0.26742769473310257 0.6545850736937042 0.7071073535094556
outer loop
vertex -57.73908233642578 20.28062629699707 -1
vertex -58.65095520019531 20.653167724609375 -1
vertex -58.94106674194336 19.69145393371582 0
endloop
endfacet
facet normal 0.13916684543163682 0.6932765869379376 0.7071068965413156
outer loop
vertex -58.65095520019531 20.653167724609375 -1
vertex -59.61672592163086 20.847034454345703 -1
vertex -59.716827392578125 19.847179412841797 0
endloop
endfacet
facet normal 0.13916759739131973 0.6932760554374713 0.7071072696510678
outer loop
vertex -58.94106674194336 19.69145393371582 0
vertex -58.65095520019531 20.653167724609375 -1
vertex -59.716827392578125 19.847179412841797 0
endloop
endfacet
facet normal 0.0010319096078642998 0.7071055227123441 0.7071072867056766
outer loop
vertex -67.90864562988281 20.8591365814209 -1
vertex -79.1099624633789 19.87548065185547 0
vertex -59.716827392578125 19.847179412841797 0
endloop
endfacet
facet normal 0.0010320272006776794 0.7071060014144858 0.7071068078327872
outer loop
vertex -59.61672592163086 20.847034454345703 -1
vertex -67.90864562988281 20.8591365814209 -1
vertex -59.716827392578125 19.847179412841797 0
endloop
endfacet
facet normal 0.0010318451890761308 0.7071058865203876 0.7071069229923596
outer loop
vertex -67.90864562988281 20.8591365814209 -1
vertex -79.14424896240234 20.875532150268555 -1
vertex -79.1099624633789 19.87548065185547 0
endloop
endfacet
facet normal -0.04945941782657121 0.7053747882866358 0.7071069042498739
outer loop
vertex -79.14424896240234 20.875532150268555 -1
vertex -79.7226333618164 19.832521438598633 0
vertex -79.1099624633789 19.87548065185547 0
endloop
endfacet
facet normal -0.04945979213961811 0.7053748815526231 0.7071067850304709
outer loop
vertex -79.14424896240234 20.875532150268555 -1
vertex -79.87467193603516 20.824316024780273 -1
vertex -79.7226333618164 19.832521438598633 0
endloop
endfacet
facet normal -0.16411060664179006 0.6877992477818737 0.707106712977859
outer loop
vertex -79.7226333618164 19.832521438598633 0
vertex -79.87467193603516 20.824316024780273 -1
vertex -80.50816345214844 19.645092010498047 0
endloop
endfacet
facet normal -0.16411122270362008 0.6877993626976181 0.7071064582193217
outer loop
vertex -79.87467193603516 20.824316024780273 -1
vertex -80.83280944824219 20.595701217651367 -1
vertex -80.50816345214844 19.645092010498047 0
endloop
endfacet
facet normal -0.2908890630127619 0.6445032794928186 0.7071061276375417
outer loop
vertex -80.83280944824219 20.595701217651367 -1
vertex -81.73063659667969 20.19047737121582 -1
vertex -81.23252868652344 19.318159103393555 0
endloop
endfacet
facet normal -0.2908882456350303 0.6445032838465714 0.7071064599212484
outer loop
vertex -80.50816345214844 19.645092010498047 0
vertex -80.83280944824219 20.595701217651367 -1
vertex -81.23252868652344 19.318159103393555 0
endloop
endfacet
facet normal -0.4072281064157797 0.5780713210771937 0.7071059447445528
outer loop
vertex -81.73063659667969 20.19047737121582 -1
vertex -82.53591918945312 19.623188018798828 -1
vertex -81.8822250366211 18.8604736328125 0
endloop
endfacet
facet normal -0.4072284174713482 0.5780712596169778 0.7071058158498075
outer loop
vertex -81.23252868652344 19.318159103393555 0
vertex -81.73063659667969 20.19047737121582 -1
vertex -81.8822250366211 18.8604736328125 0
endloop
endfacet
facet normal -0.5089479237177704 0.49089027775011856 0.7071058945828285
outer loop
vertex -82.53591918945312 19.623188018798828 -1
vertex -82.78137969970703 19.368698120117188 -1
vertex -82.4339370727539 18.28846549987793 0
endloop
endfacet
facet normal -0.5089457755114654 0.49089156973445336 0.7071065438480099
outer loop
vertex -82.78137969970703 19.368698120117188 -1
vertex -83.21975708007812 18.91419792175293 -1
vertex -82.4339370727539 18.28846549987793 0
endloop
endfacet
facet normal -0.5089486078950435 0.4908900006511859 0.7071055945064896
outer loop
vertex -81.8822250366211 18.8604736328125 0
vertex -82.53591918945312 19.623188018798828 -1
vertex -82.4339370727539 18.28846549987793 0
endloop
endfacet
facet normal -0.5924007534298403 0.3860852703469743 0.7071064356635862
outer loop
vertex -83.21975708007812 18.91419792175293 -1
vertex -82.86785888671875 17.622665405273438 0
vertex -82.4339370727539 18.28846549987793 0
endloop
endfacet
facet normal -0.5923972833217702 0.3860875169939932 0.7071081161565035
outer loop
vertex -83.21975708007812 18.91419792175293 -1
vertex -83.75759887695312 18.08895492553711 -1
vertex -82.86785888671875 17.622665405273438 0
endloop
endfacet
facet normal -0.6545843083599199 0.2674287512421657 0.7071076624234962
outer loop
vertex -83.75759887695312 18.08895492553711 -1
vertex -84.13014221191406 17.177082061767578 -1
vertex -83.16842651367188 16.886972427368164 0
endloop
endfacet
facet normal -0.6545829186807641 0.2674300835004849 0.7071084450141265
outer loop
vertex -83.75759887695312 18.08895492553711 -1
vertex -83.16842651367188 16.886972427368164 0
vertex -82.86785888671875 17.622665405273438 0
endloop
endfacet
facet normal -0.693275533304047 0.13916750946321602 0.7071077988763771
outer loop
vertex -83.16842651367188 16.886972427368164 0
vertex -84.13014221191406 17.177082061767578 -1
vertex -83.32404327392578 16.111753463745117 0
endloop
endfacet
facet normal -0.6932777693268452 0.13916434440433648 0.7071062295042412
outer loop
vertex -84.13014221191406 17.177082061767578 -1
vertex -84.32400512695312 16.21131134033203 -1
vertex -83.32404327392578 16.111753463745117 0
endloop
endfacet
facet normal -0.7071049604534294 0.0002558708565974959 0.7071085556208883
outer loop
vertex -84.33610534667969 -17.227922439575195 -1
vertex -83.35249328613281 -62.530418395996094 0
vertex -84.32400512695312 16.21131134033203 -1
endloop
endfacet
facet normal -0.7071075112556386 0.0002558069907172145 0.7071060048455536
outer loop
vertex -84.32400512695312 16.21131134033203 -1
vertex -83.35249328613281 -62.530418395996094 0
vertex -83.32404327392578 16.111753463745117 0
endloop
endfacet
facet normal -0.7071067386639592 0.00025579299671274074 0.7071067774430972
outer loop
vertex -84.33610534667969 -17.227922439575195 -1
vertex -84.35250091552734 -62.55135726928711 -1
vertex -83.35249328613281 -62.530418395996094 0
endloop
endfacet
facet normal -0.7064766243833135 -0.029843181252151768 0.7071068969630476
outer loop
vertex -84.35250091552734 -62.55135726928711 -1
vertex -83.34320831298828 -62.750221252441406 0
vertex -83.35249328613281 -62.530418395996094 0
endloop
endfacet
facet normal -0.706476016277564 -0.029835385506576693 0.7071078334994297
outer loop
vertex -84.35250091552734 -62.55135726928711 -1
vertex -84.33985137939453 -62.850887298583984 -1
vertex -83.34320831298828 -62.750221252441406 0
endloop
endfacet
facet normal -0.6981766695113987 -0.11201166444213907 0.7071087081763827
outer loop
vertex -83.34320831298828 -62.750221252441406 0
vertex -84.33985137939453 -62.850887298583984 -1
vertex -83.29374694824219 -63.05851745605469 0
endloop
endfacet
facet normal -0.6981771719259556 -0.11203242665758414 0.7071049228924147
outer loop
vertex -84.33985137939453 -62.850887298583984 -1
vertex -84.26695251464844 -63.3051872253418 -1
vertex -83.29374694824219 -63.05851745605469 0
endloop
endfacet
facet normal -0.6672454675890881 -0.23405661891533014 0.7071074777738835
outer loop
vertex -84.26695251464844 -63.3051872253418 -1
vertex -84.04095458984375 -63.949459075927734 -1
vertex -83.13285064697266 -63.517173767089844 0
endloop
endfacet
facet normal -0.6672447595785479 -0.23406897773927504 0.7071040549134593
outer loop
vertex -83.29374694824219 -63.05851745605469 0
vertex -84.26695251464844 -63.3051872253418 -1
vertex -83.13285064697266 -63.517173767089844 0
endloop
endfacet
facet normal -0.6023831957681733 -0.3703143737896237 0.7071080186371257
outer loop
vertex -83.13285064697266 -63.517173767089844 0
vertex -84.04095458984375 -63.949459075927734 -1
vertex -82.88770294189453 -63.915950775146484 0
endloop
endfacet
facet normal -0.6023800903644517 -0.37032554853982036 0.7071048117720569
outer loop
vertex -84.04095458984375 -63.949459075927734 -1
vertex -83.77596282958984 -64.38050079345703 -1
vertex -82.88770294189453 -63.915950775146484 0
endloop
endfacet
facet normal -0.6023923737916042 -0.3703039193265781 0.7071056747962722
outer loop
vertex -83.68338775634766 -64.53109741210938 -1
vertex -82.88770294189453 -63.915950775146484 0
vertex -83.77596282958984 -64.38050079345703 -1
endloop
endfacet
facet normal -0.5100684728634096 -0.48973012429497925 0.7071029333476233
outer loop
vertex -83.68338775634766 -64.53109741210938 -1
vertex -83.467529296875 -64.75592041015625 -1
vertex -82.56350708007812 -64.25362396240234 0
endloop
endfacet
facet normal -0.5100753567420935 -0.4897170581240588 0.7071070169548195
outer loop
vertex -82.88770294189453 -63.915950775146484 0
vertex -83.68338775634766 -64.53109741210938 -1
vertex -82.56350708007812 -64.25362396240234 0
endloop
endfacet
facet normal -0.5100809357356008 -0.4897131710726133 0.7071056845175968
outer loop
vertex -82.56350708007812 -64.25362396240234 0
vertex -83.467529296875 -64.75592041015625 -1
vertex -83.21053314208984 -65.02360534667969 -1
endloop
endfacet
facet normal -0.3945305797366172 -0.586811367056622 0.7071053960661221
outer loop
vertex -82.56350708007812 -64.25362396240234 0
vertex -83.21053314208984 -65.02360534667969 -1
vertex -82.17504119873047 -64.51480102539062 0
endloop
endfacet
facet normal -0.3945339989057122 -0.5868072971787957 0.7071068658167478
outer loop
vertex -83.21053314208984 -65.02360534667969 -1
vertex -82.64392852783203 -65.40455627441406 -1
vertex -82.17504119873047 -64.51480102539062 0
endloop
endfacet
facet normal -0.26101962149879393 -0.6571672233302105 0.7071067796118826
outer loop
vertex -82.17504119873047 -64.51480102539062 0
vertex -82.64392852783203 -65.40455627441406 -1
vertex -81.73046112060547 -64.6913833618164 0
endloop
endfacet
facet normal -0.26102436887864217 -0.6571635162596237 0.7071084724063161
outer loop
vertex -82.64392852783203 -65.40455627441406 -1
vertex -82.00939178466797 -65.6565933227539 -1
vertex -81.73046112060547 -64.6913833618164 0
endloop
endfacet
facet normal -0.12975667648969905 -0.6950981398821648 0.7071080404285485
outer loop
vertex -81.46046447753906 -65.75906372070312 -1
vertex -81.36786651611328 -64.75907135009766 0
vertex -82.00939178466797 -65.6565933227539 -1
endloop
endfacet
facet normal -0.12975852194421197 -0.6950973302435323 0.7071084976657879
outer loop
vertex -81.73046112060547 -64.6913833618164 0
vertex -82.00939178466797 -65.6565933227539 -1
vertex -81.36786651611328 -64.75907135009766 0
endloop
endfacet
facet normal -0.00009205982389863772 -0.7071090686946045 0.707104487678333
outer loop
vertex -72.51908874511719 -64.76022338867188 0
vertex -81.36786651611328 -64.75907135009766 0
vertex -73.13346862792969 -65.02729034423828 -0.2671486735343933
endloop
endfacet
facet normal -0.00009081564705435624 -0.7070961711202424 0.7071173852618893
outer loop
vertex -81.36786651611328 -64.75907135009766 0
vertex -75.49177551269531 -65.11613464355469 -0.35629791021347046
vertex -74.76910400390625 -65.080078125 -0.32014966011047363
endloop
endfacet
facet normal -0.00009165108083410728 -0.7071069787841759 0.7071065776492215
outer loop
vertex 8.424384117126465 -64.77069854736328 0
vertex 7.8079633712768555 -65.03887176513672 -0.26825326681137085
vertex 8.424384117126465 -65.03337097167969 -0.2626725733280182
endloop
endfacet
facet normal -0.00009156004842020285 -0.7071070833976012 0.7071064730475146
outer loop
vertex 8.424384117126465 -64.77069854736328 0
vertex -67.61908721923828 -65.19657897949219 -0.4357273280620575
vertex 7.8079633712768555 -65.03887176513672 -0.26825326681137085
endloop
endfacet
facet normal -0.0000914595419650518 -0.707130395857857 0.7070831598115336
outer loop
vertex 6.715697765350342 -65.06803131103516 -0.2975560426712036
vertex 7.8079633712768555 -65.03887176513672 -0.26825326681137085
vertex -67.61908721923828 -65.19657897949219 -0.4357273280620575
endloop
endfacet
facet normal -0.00009172940364506289 -0.7070551836330479 0.7071583690258876
outer loop
vertex -67.61908721923828 -65.19657897949219 -0.4357273280620575
vertex 6.196848392486572 -65.09056091308594 -0.32014966011047363
vertex 6.715697765350342 -65.06803131103516 -0.2975560426712036
endloop
endfacet
facet normal -0.00009160059201920933 -0.7070980940951442 0.707115462238202
outer loop
vertex -67.61908721923828 -65.19657897949219 -0.4357273280620575
vertex 5.444797992706299 -65.12808227539062 -0.3577675223350525
vertex 6.196848392486572 -65.09056091308594 -0.32014966011047363
endloop
endfacet
facet normal -0.00009158274528772428 -0.7071069974892749 0.7071065589529655
outer loop
vertex -67.61908721923828 -65.19657897949219 -0.4357273280620575
vertex 4.740450382232666 -65.17532348632812 -0.4050999879837036
vertex 5.444797992706299 -65.12808227539062 -0.3577675223350525
endloop
endfacet
facet normal -0.00009158654807054281 -0.7071016938325188 0.7071118625727382
outer loop
vertex -67.61908721923828 -65.19657897949219 -0.4357273280620575
vertex 4.324383735656738 -65.2069091796875 -0.43673911690711975
vertex 4.740450382232666 -65.17532348632812 -0.4050999879837036
endloop
endfacet
facet normal -0.0000915871461414909 -0.7071054874646813 0.7071080689747007
outer loop
vertex -67.61908721923828 -65.19657897949219 -0.4357273280620575
vertex 4.324383735656738 -65.77017211914062 -1
vertex 4.324383735656738 -65.2069091796875 -0.43673911690711975
endloop
endfacet
facet normal -0.00009109212021164496 -0.707112188094345 0.7071013683699484
outer loop
vertex 9.224384307861328 -64.77080535888672 0
vertex 9.840855598449707 -65.0391616821289 -0.2682810127735138
vertex 17.930309295654297 -64.77192687988281 0
endloop
endfacet
facet normal -0.00009191117824517809 -0.707107451790156 0.7071061046088963
outer loop
vertex 13.324383735656738 -65.20819854736328 -0.4368656873703003
vertex 13.324383735656738 -65.77133178710938 -1
vertex 17.961353302001953 -65.77193450927734 -1
endloop
endfacet
facet normal -0.00009321184704618047 -0.7071267874100637 0.707086768253143
outer loop
vertex -81.36786651611328 -64.75907135009766 0
vertex -74.22354125976562 -65.05638885498047 -0.2963925302028656
vertex -73.13346862792969 -65.02729034423828 -0.2671486735343933
endloop
endfacet
facet normal -0.00009164510184965694 -0.7070974997718176 0.7071160565406642
outer loop
vertex 8.424384117126465 -64.77069854736328 0
vertex -68.7458267211914 -65.11712646484375 -0.3564203977584839
vertex -68.0217056274414 -65.16590118408203 -0.4050999879837036
endloop
endfacet
facet normal -0.00009132617412717943 -0.707132516493385 0.707081039045216
outer loop
vertex 8.424384117126465 -64.77069854736328 0
vertex -69.47054290771484 -65.08076477050781 -0.32014966011047363
vertex -68.7458267211914 -65.11712646484375 -0.3564203977584839
endloop
endfacet
facet normal -0.0000915470495304482 -0.7071044209224124 0.7071091355166594
outer loop
vertex -71.7190933227539 -64.76032257080078 0
vertex -71.10466003417969 -65.02758026123047 -0.2671763598918915
vertex 8.424384117126465 -64.77069854736328 0
endloop
endfacet
facet normal -0.00009137536835781276 -0.707126436262523 0.7070871196600925
outer loop
vertex 8.424384117126465 -64.77069854736328 0
vertex -70.01441955566406 -65.05699920654297 -0.296453058719635
vertex -69.47054290771484 -65.08076477050781 -0.32014966011047363
endloop
endfacet
facet normal -0.00009161074351970017 -0.7070947548623667 0.707118801371878
outer loop
vertex -71.10466003417969 -65.02758026123047 -0.2671763598918915
vertex -70.01441955566406 -65.05699920654297 -0.296453058719635
vertex 8.424384117126465 -64.77069854736328 0
endloop
endfacet
facet normal -0.00009135917246688399 -0.7071248120166722 0.7070887439946189
outer loop
vertex -68.0217056274414 -65.16590118408203 -0.4050999879837036
vertex -67.61908721923828 -65.19657897949219 -0.4357273280620575
vertex 8.424384117126465 -64.77069854736328 0
endloop
endfacet
facet normal -0.00009155824004069795 -0.707103659824269 0.7071098966074604
outer loop
vertex -67.61908721923828 -65.19657897949219 -0.4357273280620575
vertex -67.61908721923828 -65.76085662841797 -1
vertex 4.324383735656738 -65.77017211914062 -1
endloop
endfacet
facet normal -0.00009137324719810906 -0.7071052451372789 0.707108311328808
outer loop
vertex -81.36786651611328 -64.75907135009766 0
vertex -81.46046447753906 -65.75906372070312 -1
vertex -76.61908721923828 -65.75968933105469 -1
endloop
endfacet
facet normal -0.00009189328607375863 -0.7071064794986993 0.7071070769031941
outer loop
vertex -81.36786651611328 -64.75907135009766 0
vertex -76.61908721923828 -65.75968933105469 -1
vertex -76.61908721923828 -65.1952896118164 -0.43560075759887695
endloop
endfacet
facet normal -0.00009419300736521321 -0.7071074627825775 0.707106093316175
outer loop
vertex -71.7190933227539 -64.76032257080078 0
vertex -71.7190933227539 -65.02191925048828 -0.2615971863269806
vertex -71.10466003417969 -65.02758026123047 -0.2671763598918915
endloop
endfacet
facet normal -0.00009165900644487055 -0.7071052033961436 0.707108353032776
outer loop
vertex -81.36786651611328 -64.75907135009766 0
vertex -76.61908721923828 -65.1952896118164 -0.43560075759887695
vertex -76.2179946899414 -65.16484069824219 -0.4050999879837036
endloop
endfacet
facet normal -0.00009276462068923975 -0.7071122251164255 0.7071013311298621
outer loop
vertex -81.36786651611328 -64.75907135009766 0
vertex -76.2179946899414 -65.16484069824219 -0.4050999879837036
vertex -75.49177551269531 -65.11613464355469 -0.35629791021347046
endloop
endfacet
facet normal -0.0000925382154889835 -0.7070903432445597 0.7071232126913737
outer loop
vertex 17.930309295654297 -64.77192687988281 0
vertex 9.840855598449707 -65.0391616821289 -0.2682810127735138
vertex 10.933290481567383 -65.06864166259766 -0.2976166605949402
endloop
endfacet
facet normal -0.00008979214350463341 -0.7070856370819711 0.7071279189579166
outer loop
vertex -81.36786651611328 -64.75907135009766 0
vertex -74.76910400390625 -65.080078125 -0.32014966011047363
vertex -74.22354125976562 -65.05638885498047 -0.2963925302028656
endloop
endfacet
facet normal -0.00008813230306557026 -0.7071135857993467 0.7070999710159003
outer loop
vertex -72.51908874511719 -64.76022338867188 0
vertex -73.13346862792969 -65.02729034423828 -0.2671486735343933
vertex -72.51908874511719 -65.02180480957031 -0.261586457490921
endloop
endfacet
facet normal -0.00009143687854120225 -0.7071055001195387 0.7071080563393365
outer loop
vertex 17.930309295654297 -64.77192687988281 0
vertex 13.324383735656738 -65.20819854736328 -0.4368656873703003
vertex 17.961353302001953 -65.77193450927734 -1
endloop
endfacet
facet normal -0.00009368388295640957 -0.7070936465789333 0.7071199093442615
outer loop
vertex 12.906806945800781 -65.17637634277344 -0.4050999879837036
vertex 13.324383735656738 -65.20819854736328 -0.4368656873703003
vertex 17.930309295654297 -64.77192687988281 0
endloop
endfacet
facet normal -0.00009020258111030627 -0.7071178407459472 0.7070957157006988
outer loop
vertex 17.930309295654297 -64.77192687988281 0
vertex 10.933290481567383 -65.06864166259766 -0.2976166605949402
vertex 11.450460433959961 -65.09123992919922 -0.32014966011047363
endloop
endfacet
facet normal -0.00009308486337534509 -0.707088633465489 0.7071249223150855
outer loop
vertex 17.930309295654297 -64.77192687988281 0
vertex 11.450460433959961 -65.09123992919922 -0.32014966011047363
vertex 12.204545974731445 -65.12908172607422 -0.357890248298645
endloop
endfacet
facet normal -0.00008824083736432905 -0.7071274225151216 0.7070861337494008
outer loop
vertex 17.930309295654297 -64.77192687988281 0
vertex 12.204545974731445 -65.12908172607422 -0.357890248298645
vertex 12.906806945800781 -65.17637634277344 -0.4050999879837036
endloop
endfacet
facet normal -0.00009018885268549296 -0.7071111505154325 0.707102406079001
outer loop
vertex 9.224384307861328 -65.03348541259766 -0.26268330216407776
vertex 9.840855598449707 -65.0391616821289 -0.2682810127735138
vertex 9.224384307861328 -64.77080535888672 0
endloop
endfacet
facet normal 0.04388901238031193 -0.7057411536560868 0.7071090288127118
outer loop
vertex 18.013364791870117 -64.76676177978516 0
vertex 17.930309295654297 -64.77192687988281 0
vertex 17.961353302001953 -65.77193450927734 -1
endloop
endfacet
facet normal 0.043953024559030385 -0.7057408308480785 0.70710537496612
outer loop
vertex 17.961353302001953 -65.77193450927734 -1
vertex 18.12391471862793 -65.76181030273438 -1
vertex 18.013364791870117 -64.76676177978516 0
endloop
endfacet
facet normal 0.16884340012627094 -0.6250757584814596 -0.762084117661973
outer loop
vertex 17.842050552368164 -64.53605651855469 -17.456809997558594
vertex 18.78206443786621 -64.30572509765625 -17.437467575073242
vertex 19.22248649597168 -65.29598236083984 -16.52766227722168
endloop
endfacet
facet normal 0.14922188696175345 -0.6382283829351644 -0.7552465555482785
outer loop
vertex 18.12391471862793 -65.76181030273438 -16.388973236083984
vertex 17.961353302001953 -65.77193450927734 -16.41253662109375
vertex 17.961353302001953 -65.60499572753906 -16.55360984802246
endloop
endfacet
facet normal 0.16884177700910818 -0.6250768990871355 -0.7620835417223086
outer loop
vertex 18.12391471862793 -65.76181030273438 -16.388973236083984
vertex 17.842050552368164 -64.53605651855469 -17.456809997558594
vertex 18.578216552734375 -65.68891906738281 -16.348108291625977
endloop
endfacet
facet normal 0.16884092894851963 -0.6250773028353684 -0.7620833984491868
outer loop
vertex 18.578216552734375 -65.68891906738281 -16.348108291625977
vertex 17.842050552368164 -64.53605651855469 -17.456809997558594
vertex 19.22248649597168 -65.46292114257812 -16.390737533569336
endloop
endfacet
facet normal 0.1688270688022089 -0.6250927790767701 -0.762073774896981
outer loop
vertex 17.842050552368164 -64.53605651855469 -17.456809997558594
vertex 19.22248649597168 -65.29598236083984 -16.52766227722168
vertex 19.26852035522461 -65.43461608886719 -16.403749465942383
endloop
endfacet
facet normal 0.16889557146826023 -0.6250282594687209 -0.7621115146774198
outer loop
vertex 19.22248649597168 -65.46292114257812 -16.390737533569336
vertex 17.842050552368164 -64.53605651855469 -17.456809997558594
vertex 19.26852035522461 -65.43461608886719 -16.403749465942383
endloop
endfacet
facet normal 0.16883017020520355 -0.6250797623153946 -0.7620837646690893
outer loop
vertex 17.961353302001953 -65.60499572753906 -16.55360984802246
vertex 17.842050552368164 -64.53605651855469 -17.456809997558594
vertex 18.12391471862793 -65.76181030273438 -16.388973236083984
endloop
endfacet
facet normal 0.4334417288175562 -0.49755620301261627 -0.7513761325483506
outer loop
vertex 18.78206443786621 -64.30572509765625 -17.437467575073242
vertex 19.475690841674805 -63.76947784423828 -17.392438888549805
vertex 20.296634674072266 -64.4655532836914 -16.457929611206055
endloop
endfacet
facet normal 0.43468305842353644 -0.5156232802356892 -0.7383652697673072
outer loop
vertex 19.26852035522461 -65.43461608886719 -16.403749465942383
vertex 19.22248649597168 -65.29598236083984 -16.52766227722168
vertex 19.80412483215332 -65.1053466796875 -16.31837272644043
endloop
endfacet
facet normal 0.4334428384545538 -0.49755555810319846 -0.7513759194924166
outer loop
vertex 19.80412483215332 -65.1053466796875 -16.31837272644043
vertex 19.22248649597168 -65.29598236083984 -16.52766227722168
vertex 18.78206443786621 -64.30572509765625 -17.437467575073242
endloop
endfacet
facet normal 0.43344143188232104 -0.4975570805729242 -0.7513757227243585
outer loop
vertex 19.80412483215332 -65.1053466796875 -16.31837272644043
vertex 18.78206443786621 -64.30572509765625 -17.437467575073242
vertex 20.296634674072266 -64.63249206542969 -16.347383499145508
endloop
endfacet
facet normal 0.4334412165449821 -0.4975575207286838 -0.751375555475643
outer loop
vertex 20.296634674072266 -64.63249206542969 -16.347383499145508
vertex 18.78206443786621 -64.30572509765625 -17.437467575073242
vertex 20.296634674072266 -64.4655532836914 -16.457929611206055
endloop
endfacet
facet normal 0.43341837269439215 -0.49756358674893875 -0.7513847159428226
outer loop
vertex 20.296634674072266 -64.63249206542969 -16.347383499145508
vertex 20.296634674072266 -64.4655532836914 -16.457929611206055
vertex 20.361244201660156 -64.5363998413086 -16.373746871948242
endloop
endfacet
facet normal 0.6594756167452824 -0.19957569416134205 -0.7247492347139441
outer loop
vertex 20.894207000732422 -63.551212310791016 -16.167640686035156
vertex 20.21756362915039 -61.907196044921875 -17.236059188842773
vertex 21.135465621948242 -62.473243713378906 -16.244953155517578
endloop
endfacet
facet normal 0.6578102438645611 -0.19931617837398513 -0.7263323923006851
outer loop
vertex 20.296634674072266 -64.4655532836914 -16.457929611206055
vertex 19.475690841674805 -63.76947784423828 -17.392438888549805
vertex 20.894207000732422 -63.551212310791016 -16.167640686035156
endloop
endfacet
facet normal 0.6577278828709704 -0.20105995139967114 -0.7259262552334315
outer loop
vertex 20.894207000732422 -63.551212310791016 -16.167640686035156
vertex 19.475690841674805 -63.76947784423828 -17.392438888549805
vertex 20.21756362915039 -61.907196044921875 -17.236059188842773
endloop
endfacet
facet normal 0.6578049709268545 -0.19931074251117314 -0.7263386594031498
outer loop
vertex 20.67758560180664 -64.0658950805664 -16.222591400146484
vertex 20.296634674072266 -64.4655532836914 -16.457929611206055
vertex 20.894207000732422 -63.551212310791016 -16.167640686035156
endloop
endfacet
facet normal 0.6720795929545359 -0.22525527878460097 -0.705385766877768
outer loop
vertex 20.361244201660156 -64.5363998413086 -16.373746871948242
vertex 20.296634674072266 -64.4655532836914 -16.457929611206055
vertex 20.67758560180664 -64.0658950805664 -16.222591400146484
endloop
endfacet
facet normal 0.65117477466802 -0.21726448407723814 -0.7271640508129543
outer loop
vertex 20.21756362915039 -61.907196044921875 -17.236059188842773
vertex 21.17963981628418 -62.371910095214844 -16.235671997070312
vertex 21.135465621948242 -62.473243713378906 -16.244953155517578
endloop
endfacet
facet normal 0.4761592385144374 -0.46356130219571706 -0.7472504925953293
outer loop
vertex 21.982202529907227 -61.30197525024414 -16.2011775970459
vertex 20.992040634155273 -60.800628662109375 -17.143136978149414
vertex 21.325403213500977 -60.49903106689453 -17.11781120300293
endloop
endfacet
facet normal 0.49092899208006063 -0.45001742224339064 -0.7459712088362858
outer loop
vertex 20.992040634155273 -60.800628662109375 -17.143136978149414
vertex 21.826356887817383 -61.42058563232422 -16.220069885253906
vertex 21.652050018310547 -61.60749816894531 -16.22202491760254
endloop
endfacet
facet normal 0.46023625604863666 -0.48642348091596754 -0.7426808101950172
outer loop
vertex 21.826356887817383 -61.42058563232422 -16.220069885253906
vertex 20.992040634155273 -60.800628662109375 -17.143136978149414
vertex 21.982202529907227 -61.30197525024414 -16.2011775970459
endloop
endfacet
facet normal 0.6782904363151765 -0.14600989468729042 -0.720141093575956
outer loop
vertex 21.17963981628418 -62.371910095214844 -16.235671997070312
vertex 20.21756362915039 -61.907196044921875 -17.236059188842773
vertex 21.192808151245117 -62.341705322265625 -16.229393005371094
endloop
endfacet
facet normal 0.6251152544554974 -0.2739336000204812 -0.7308839178876886
outer loop
vertex 21.192808151245117 -62.341705322265625 -16.229393005371094
vertex 20.232440948486328 -61.85831832885742 -17.23195457458496
vertex 21.304813385009766 -62.084781646728516 -16.229890823364258
endloop
endfacet
facet normal 0.625114536845436 -0.27393496015131447 -0.730884021874479
outer loop
vertex 21.304813385009766 -62.084781646728516 -16.229890823364258
vertex 20.508699417114258 -61.343292236328125 -17.188705444335938
vertex 21.36214256286621 -61.997432708740234 -16.21359634399414
endloop
endfacet
facet normal 0.5479182495434693 -0.38906240207589876 -0.7405511725114964
outer loop
vertex 20.508699417114258 -61.343292236328125 -17.188705444335938
vertex 20.88047981262207 -60.89186477661133 -17.150798797607422
vertex 21.58596420288086 -61.67835998535156 -16.215625762939453
endloop
endfacet
facet normal 0.6251150779171472 -0.2739341657972323 -0.7308838568265231
outer loop
vertex 20.232440948486328 -61.85831832885742 -17.23195457458496
vertex 20.508699417114258 -61.343292236328125 -17.188705444335938
vertex 21.304813385009766 -62.084781646728516 -16.229890823364258
endloop
endfacet
facet normal 0.5479205597853154 -0.3890589823857506 -0.7405512597987467
outer loop
vertex 21.36214256286621 -61.997432708740234 -16.21359634399414
vertex 20.508699417114258 -61.343292236328125 -17.188705444335938
vertex 21.537336349487305 -61.73050308227539 -16.22420883178711
endloop
endfacet
facet normal 0.5479120492908832 -0.3890755690378974 -0.7405488422917837
outer loop
vertex 21.537336349487305 -61.73050308227539 -16.22420883178711
vertex 20.508699417114258 -61.343292236328125 -17.188705444335938
vertex 21.58596420288086 -61.67835998535156 -16.215625762939453
endloop
endfacet
facet normal 0.44966242003695606 -0.48697340799033667 -0.74877273449077
outer loop
vertex 21.58596420288086 -61.67835998535156 -16.215625762939453
vertex 20.88047981262207 -60.89186477661133 -17.150798797607422
vertex 21.652050018310547 -61.60749816894531 -16.22202491760254
endloop
endfacet
facet normal 0.44967135454275403 -0.48696440803229796 -0.7487732221530351
outer loop
vertex 21.652050018310547 -61.60749816894531 -16.22202491760254
vertex 20.88047981262207 -60.89186477661133 -17.150798797607422
vertex 20.992040634155273 -60.800628662109375 -17.143136978149414
endloop
endfacet
facet normal 0.678298928916103 -0.14598431539986878 -0.7201382802549098
outer loop
vertex 20.21756362915039 -61.907196044921875 -17.236059188842773
vertex 20.232440948486328 -61.85831832885742 -17.23195457458496
vertex 21.192808151245117 -62.341705322265625 -16.229393005371094
endloop
endfacet
facet normal 0.04618867648397223 -0.6450059909374298 -0.7627803601427368
outer loop
vertex 23.29007911682129 -60.78874206542969 -16.15056800842285
vertex 23.271493911743164 -59.7232551574707 -17.05266761779785
vertex 23.362245559692383 -60.778465270996094 -16.154888153076172
endloop
endfacet
facet normal 0.01329461042161867 -0.6472841135587025 -0.7621328818967609
outer loop
vertex 23.362245559692383 -60.778465270996094 -16.154888153076172
vertex 23.271493911743164 -59.7232551574707 -17.05266761779785
vertex 34.83924102783203 -60.77446746826172 -15.95807933807373
endloop
endfacet
facet normal 0.013616755170071802 -0.6453975059974216 -0.7637255025406356
outer loop
vertex 34.83924102783203 -60.77446746826172 -15.95807933807373
vertex 23.271493911743164 -59.7232551574707 -17.05266761779785
vertex 35.3471565246582 -59.49150848388672 -17.033206939697266
endloop
endfacet
facet normal 0.013323395533347947 -0.6453320513077767 -0.7637859848716516
outer loop
vertex 34.83924102783203 -60.77446746826172 -15.95807933807373
vertex 35.3471565246582 -59.49150848388672 -17.033206939697266
vertex 35.569664001464844 -60.556312561035156 -16.12965965270996
endloop
endfacet
facet normal 0.013323949691157935 -0.6453331614227295 -0.7637850372537897
outer loop
vertex 34.83924102783203 -60.77446746826172 -15.95807933807373
vertex 35.569664001464844 -60.556312561035156 -16.12965965270996
vertex 35.5878791809082 -60.718902587890625 -15.99196720123291
endloop
endfacet
facet normal 0.3341284101660374 -0.5638983090312736 -0.7552330121171787
outer loop
vertex 21.66685676574707 -60.21978759765625 -17.094362258911133
vertex 22.183698654174805 -59.94449996948242 -17.071247100830078
vertex 22.539283752441406 -60.967933654785156 -16.149778366088867
endloop
endfacet
facet normal 0.2057043053369523 -0.6166932997402328 -0.7598520335047775
outer loop
vertex 22.183698654174805 -59.94449996948242 -17.071247100830078
vertex 22.744504928588867 -59.77497863769531 -17.057010650634766
vertex 22.942707061767578 -60.838199615478516 -16.14044761657715
endloop
endfacet
facet normal 0.0694773396306401 -0.6438974153730329 -0.761950797462524
outer loop
vertex 22.744504928588867 -59.77497863769531 -17.057010650634766
vertex 23.271493911743164 -59.7232551574707 -17.05266761779785
vertex 23.29007911682129 -60.78874206542969 -16.15056800842285
endloop
endfacet
facet normal 0.4496595420009883 -0.4869728212792343 -0.7487748444110581
outer loop
vertex 21.982202529907227 -61.30197525024414 -16.2011775970459
vertex 21.66685676574707 -60.21978759765625 -17.094362258911133
vertex 22.163570404052734 -61.1639404296875 -16.18203353881836
endloop
endfacet
facet normal 0.4496771731399033 -0.48696084229431874 -0.7487720467731906
outer loop
vertex 22.163570404052734 -61.1639404296875 -16.18203353881836
vertex 21.66685676574707 -60.21978759765625 -17.094362258911133
vertex 22.22298812866211 -61.13294219970703 -16.1665096282959
endloop
endfacet
facet normal 0.33412990677952026 -0.563896980359065 -0.7552333420456471
outer loop
vertex 22.22298812866211 -61.13294219970703 -16.1665096282959
vertex 21.66685676574707 -60.21978759765625 -17.094362258911133
vertex 22.539283752441406 -60.967933654785156 -16.149778366088867
endloop
endfacet
facet normal 0.21424108081614707 -0.6114211531964777 -0.761751227576706
outer loop
vertex 22.539283752441406 -60.967933654785156 -16.149778366088867
vertex 22.183698654174805 -59.94449996948242 -17.071247100830078
vertex 22.942707061767578 -60.838199615478516 -16.14044761657715
endloop
endfacet
facet normal 0.06947696288546865 -0.6438975483575653 -0.7619507194348779
outer loop
vertex 22.744504928588867 -59.77497863769531 -17.057010650634766
vertex 23.29007911682129 -60.78874206542969 -16.15056800842285
vertex 22.942707061767578 -60.838199615478516 -16.14044761657715
endloop
endfacet
facet normal 0.4496679203771749 -0.48696853035341425 -0.7487726035513736
outer loop
vertex 21.982202529907227 -61.30197525024414 -16.2011775970459
vertex 21.325403213500977 -60.49903106689453 -17.11781120300293
vertex 21.66685676574707 -60.21978759765625 -17.094362258911133
endloop
endfacet
facet normal 0.29173864800715527 -0.5826896027802739 -0.7585257992123432
outer loop
vertex 36.527801513671875 -60.49463653564453 -15.808526039123535
vertex 35.3471565246582 -59.49150848388672 -17.033206939697266
vertex 37.425628662109375 -60.089412689208984 -15.774497985839844
endloop
endfacet
facet normal 0.28874363524964275 -0.5996900185554841 -0.7463236528127354
outer loop
vertex 35.5878791809082 -60.718902587890625 -15.99196720123291
vertex 35.569664001464844 -60.556312561035156 -16.12965965270996
vertex 36.527801513671875 -60.49463653564453 -15.808526039123535
endloop
endfacet
facet normal 0.2917386296743129 -0.5826895777237855 -0.7585258255114525
outer loop
vertex 37.425628662109375 -60.089412689208984 -15.774497985839844
vertex 37.6046028137207 -58.472633361816406 -16.947650909423828
vertex 38.23091125488281 -59.355186462402344 -16.028799057006836
endloop
endfacet
facet normal 0.2917458189636085 -0.5826950492684816 -0.7585188571652358
outer loop
vertex 37.425628662109375 -60.089412689208984 -15.774497985839844
vertex 38.23091125488281 -59.355186462402344 -16.028799057006836
vertex 38.23091125488281 -59.52212142944336 -15.900559425354004
endloop
endfacet
facet normal 0.29173904523747385 -0.582689265267684 -0.7585259057050944
outer loop
vertex 35.569664001464844 -60.556312561035156 -16.12965965270996
vertex 35.3471565246582 -59.49150848388672 -17.033206939697266
vertex 36.527801513671875 -60.49463653564453 -15.808526039123535
endloop
endfacet
facet normal 0.29173866568520584 -0.5826895738304116 -0.7585258146520453
outer loop
vertex 35.3471565246582 -59.49150848388672 -17.033206939697266
vertex 37.6046028137207 -58.472633361816406 -16.947650909423828
vertex 37.425628662109375 -60.089412689208984 -15.774497985839844
endloop
endfacet
facet normal 0.2917153752719502 -0.5827007058272601 -0.7585262205476869
outer loop
vertex 38.23091125488281 -59.355186462402344 -16.028799057006836
vertex 38.28959274291992 -59.46128463745117 -15.924726486206055
vertex 38.23091125488281 -59.52212142944336 -15.900559425354004
endloop
endfacet
facet normal 0.5413246492388242 -0.37092032181981116 -0.7545765295763921
outer loop
vertex 38.28959274291992 -59.46128463745117 -15.924726486206055
vertex 39.45258712768555 -57.98788833618164 -15.814671516418457
vertex 38.91474914550781 -58.813133239746094 -15.794852256774902
endloop
endfacet
facet normal 0.5539132267989756 -0.378811457504873 -0.7414054335113686
outer loop
vertex 38.23091125488281 -59.355186462402344 -16.028799057006836
vertex 37.6046028137207 -58.472633361816406 -16.947650909423828
vertex 39.45258712768555 -57.820953369140625 -15.8999662399292
endloop
endfacet
facet normal 0.5696552526211961 -0.39298948359371383 -0.7218394273976917
outer loop
vertex 38.28959274291992 -59.46128463745117 -15.924726486206055
vertex 38.23091125488281 -59.355186462402344 -16.028799057006836
vertex 39.45258712768555 -57.820953369140625 -15.8999662399292
endloop
endfacet
facet normal 0.5539132669187852 -0.37881236440999 -0.7414049401652728
outer loop
vertex 37.6046028137207 -58.472633361816406 -16.947650909423828
vertex 38.559593200683594 -57.273319244384766 -16.846940994262695
vertex 39.45258712768555 -57.820953369140625 -15.8999662399292
endloop
endfacet
facet normal 0.5526211928423207 -0.3806163978267062 -0.7414451934748468
outer loop
vertex 39.50484848022461 -57.85997009277344 -15.840985298156738
vertex 38.28959274291992 -59.46128463745117 -15.924726486206055
vertex 39.45258712768555 -57.820953369140625 -15.8999662399292
endloop
endfacet
facet normal 0.5490475951901905 -0.3776878032385584 -0.7455861194393981
outer loop
vertex 38.28959274291992 -59.46128463745117 -15.924726486206055
vertex 39.50484848022461 -57.85997009277344 -15.840985298156738
vertex 39.45258712768555 -57.98788833618164 -15.814671516418457
endloop
endfacet
facet normal 0.6771733731278095 -0.14367658632757693 -0.7216600732117294
outer loop
vertex 38.559593200683594 -57.273319244384766 -16.846940994262695
vertex 39.029659271240234 -55.715057373046875 -16.716089248657227
vertex 40.01907730102539 -55.94333267211914 -15.742216110229492
endloop
endfacet
facet normal 0.6771728547227392 -0.14367778550248364 -0.7216603209126564
outer loop
vertex 39.45258712768555 -57.820953369140625 -15.8999662399292
vertex 38.559593200683594 -57.273319244384766 -16.846940994262695
vertex 39.825130462646484 -57.07601547241211 -15.698700904846191
endloop
endfacet
facet normal 0.6876581769351428 -0.15209196679088144 -0.7099255350611902
outer loop
vertex 39.50484848022461 -57.85997009277344 -15.840985298156738
vertex 39.45258712768555 -57.820953369140625 -15.8999662399292
vertex 39.825130462646484 -57.07601547241211 -15.698700904846191
endloop
endfacet
facet normal 0.6771746460127159 -0.1436794486157119 -0.7216583089267647
outer loop
vertex 40.01899719238281 -56.11024475097656 -15.709059715270996
vertex 38.559593200683594 -57.273319244384766 -16.846940994262695
vertex 40.01907730102539 -55.94333267211914 -15.742216110229492
endloop
endfacet
facet normal 0.6771728956048227 -0.14367472530124836 -0.7216608918098518
outer loop
vertex 39.825130462646484 -57.07601547241211 -15.698700904846191
vertex 38.559593200683594 -57.273319244384766 -16.846940994262695
vertex 40.01899719238281 -56.11024475097656 -15.709059715270996
endloop
endfacet
facet normal 0.7071072875029453 0.058496657055549225 -0.7046824994801222
outer loop
vertex 39.029659271240234 -55.715057373046875 -16.716089248657227
vertex 39.03041076660156 -54.92900085449219 -16.650083541870117
vertex 40.01907730102539 -55.94333267211914 -15.742216110229492
endloop
endfacet
facet normal 0.7072081698926537 0.05848475491750167 -0.7045822435169107
outer loop
vertex 40.0474967956543 3.88431978225708 -10.747331619262695
vertex 39.03041076660156 -54.92900085449219 -16.650083541870117
vertex 39.0871467590332 4.018168926239014 -11.700150489807129
endloop
endfacet
facet normal 0.7071072432847473 0.0584965675962742 -0.7046825512766013
outer loop
vertex 40.01907730102539 -55.94333267211914 -15.742216110229492
vertex 39.03041076660156 -54.92900085449219 -16.650083541870117
vertex 40.0474967956543 3.88431978225708 -10.747331619262695
endloop
endfacet
facet normal 0.7071347191212667 0.05599154311066603 -0.7048584511186439
outer loop
vertex 40.0474967956543 3.88431978225708 -10.747331619262695
vertex 39.0871467590332 4.018168926239014 -11.700150489807129
vertex 40.05150604248047 3.9365487098693848 -10.739160537719727
endloop
endfacet
facet normal 0.600413164661308 -0.3074737341060843 -0.7382167259932911
outer loop
vertex 40.5762939453125 5.421967029571533 -10.616113662719727
vertex 39.80215072631836 6.094367027282715 -11.52580738067627
vertex 40.68581771850586 5.540169715881348 -10.57626724243164
endloop
endfacet
facet normal 0.6234736380479704 -0.27324841671745687 -0.7325407329429753
outer loop
vertex 40.344905853271484 5.066944599151611 -10.680622100830078
vertex 39.4404411315918 5.420698165893555 -11.582377433776855
vertex 40.5762939453125 5.421967029571533 -10.616113662719727
endloop
endfacet
facet normal 0.6376232101876822 -0.23766002703619304 -0.732771692533978
outer loop
vertex 40.27234649658203 4.89903450012207 -10.689301490783691
vertex 39.4404411315918 5.420698165893555 -11.582377433776855
vertex 40.344905853271484 5.066944599151611 -10.680622100830078
endloop
endfacet
facet normal 0.6234742481966639 -0.2732450899926591 -0.73254145454746
outer loop
vertex 39.4404411315918 5.420698165893555 -11.582377433776855
vertex 39.80215072631836 6.094367027282715 -11.52580738067627
vertex 40.5762939453125 5.421967029571533 -10.616113662719727
endloop
endfacet
facet normal 0.7053979570728653 -0.01020937420145622 -0.708737956395622
outer loop
vertex 39.0871467590332 4.018168926239014 -11.700150489807129
vertex 39.144309997558594 4.596498966217041 -11.65158748626709
vertex 40.07682418823242 4.266136646270752 -10.718708992004395
endloop
endfacet
facet normal 0.67829054622538 -0.1460062173095322 -0.7201417356383655
outer loop
vertex 39.144309997558594 4.596498966217041 -11.65158748626709
vertex 39.31442642211914 5.155337810516357 -11.604660034179688
vertex 40.17680740356445 4.677942276000977 -10.695606231689453
endloop
endfacet
facet normal 0.6361650580355945 -0.24054394181284605 -0.7330979682086882
outer loop
vertex 39.31442642211914 5.155337810516357 -11.604660034179688
vertex 39.4404411315918 5.420698165893555 -11.582377433776855
vertex 40.27234649658203 4.89903450012207 -10.689301490783691
endloop
endfacet
facet normal 0.6251181834987656 -0.27392559153699864 -0.730884414227249
outer loop
vertex 40.19218826293945 4.713532447814941 -10.688336372375488
vertex 39.31442642211914 5.155337810516357 -11.604660034179688
vertex 40.27234649658203 4.89903450012207 -10.689301490783691
endloop
endfacet
facet normal 0.6782817398642453 -0.14602908900244527 -0.7201453926339098
outer loop
vertex 40.17680740356445 4.677942276000977 -10.695606231689453
vertex 39.31442642211914 5.155337810516357 -11.604660034179688
vertex 40.19218826293945 4.713532447814941 -10.688336372375488
endloop
endfacet
facet normal 0.6782903227868753 -0.14601006038352213 -0.7201411669113749
outer loop
vertex 40.0918083190918 4.327852725982666 -10.704684257507324
vertex 39.144309997558594 4.596498966217041 -11.65158748626709
vertex 40.17680740356445 4.677942276000977 -10.695606231689453
endloop
endfacet
facet normal 0.7053984238093722 -0.010206847737485834 -0.7087375282475995
outer loop
vertex 40.07682418823242 4.266136646270752 -10.718708992004395
vertex 39.144309997558594 4.596498966217041 -11.65158748626709
vertex 40.0918083190918 4.327852725982666 -10.704684257507324
endloop
endfacet
facet normal 0.705397845090816 -0.010208432443241003 -0.7087380814153313
outer loop
vertex 40.05150604248047 3.9365487098693848 -10.739160537719727
vertex 39.0871467590332 4.018168926239014 -11.700150489807129
vertex 40.07682418823242 4.266136646270752 -10.718708992004395
endloop
endfacet
facet normal 0.42213951477492145 -0.5088424823348312 -0.7502516632683469
outer loop
vertex 46.914756774902344 10.651304244995117 -10.039701461791992
vertex 46.38636779785156 11.708956718444824 -11.054337501525879
vertex 47.07728576660156 10.770084381103516 -10.028812408447266
endloop
endfacet
facet normal 0.44787225108752665 -0.4922706168081897 -0.7463779783280561
outer loop
vertex 46.914756774902344 10.651304244995117 -10.039701461791992
vertex 40.55211639404297 7.000389575958252 -11.449727058410645
vertex 46.38636779785156 11.708956718444824 -11.054337501525879
endloop
endfacet
facet normal 0.44492966911175996 -0.48451462091345615 -0.7531820308963761
outer loop
vertex 41.25318908691406 6.048928260803223 -10.423514366149902
vertex 40.55211639404297 7.000389575958252 -11.449727058410645
vertex 46.914756774902344 10.651304244995117 -10.039701461791992
endloop
endfacet
facet normal 0.606789494731014 -0.3034653376037735 -0.7346531820914604
outer loop
vertex 39.80215072631836 6.094367027282715 -11.52580738067627
vertex 39.952396392822266 6.344035625457764 -11.504842758178711
vertex 40.81678009033203 5.681506633758545 -10.517229080200195
endloop
endfacet
facet normal 0.5479185681027227 -0.3890619204263998 -0.7405511898595423
outer loop
vertex 39.952396392822266 6.344035625457764 -11.504842758178711
vertex 40.32417678833008 6.795462131500244 -11.466935157775879
vertex 41.10319137573242 5.926991939544678 -10.43429183959961
endloop
endfacet
facet normal 0.6217863925047667 -0.2688830585195892 -0.7355838381429131
outer loop
vertex 40.68581771850586 5.540169715881348 -10.57626724243164
vertex 39.80215072631836 6.094367027282715 -11.52580738067627
vertex 40.81678009033203 5.681506633758545 -10.517229080200195
endloop
endfacet
facet normal 0.5479181947010463 -0.3890639521678123 -0.7405503987164606
outer loop
vertex 40.81678009033203 5.681506633758545 -10.517229080200195
vertex 39.952396392822266 6.344035625457764 -11.504842758178711
vertex 40.864315032958984 5.7328081130981445 -10.509011268615723
endloop
endfacet
facet normal 0.5479157596728972 -0.3890674911502202 -0.7405503410519405
outer loop
vertex 40.864315032958984 5.7328081130981445 -10.509011268615723
vertex 39.952396392822266 6.344035625457764 -11.504842758178711
vertex 41.10319137573242 5.926991939544678 -10.43429183959961
endloop
endfacet
facet normal 0.4496672768199774 -0.48696879257492226 -0.7487728194956252
outer loop
vertex 41.10319137573242 5.926991939544678 -10.43429183959961
vertex 40.32417678833008 6.795462131500244 -11.466935157775879
vertex 41.25318908691406 6.048928260803223 -10.423514366149902
endloop
endfacet
facet normal 0.4720383997918807 -0.46199755091848876 -0.750824887751624
outer loop
vertex 40.32417678833008 6.795462131500244 -11.466935157775879
vertex 40.55211639404297 7.000389575958252 -11.449727058410645
vertex 41.25318908691406 6.048928260803223 -10.423514366149902
endloop
endfacet
facet normal 0.3583655308920416 -0.5500428110930397 -0.7543388179282118
outer loop
vertex 47.3212890625 10.917625427246094 -9.998690605163574
vertex 46.75844955444336 11.96873950958252 -11.032523155212402
vertex 62.2926025390625 19.56590461730957 -9.192317008972168
endloop
endfacet
facet normal 0.35777558845547847 -0.5485740167701801 -0.7556872212959317
outer loop
vertex 46.75844955444336 11.96873950958252 -11.032523155212402
vertex 63.059303283691406 20.271718978881836 -9.342341423034668
vertex 63.12639236450195 20.17349624633789 -9.239275932312012
endloop
endfacet
facet normal 0.35808340805325634 -0.5493419613280114 -0.754983233192141
outer loop
vertex 46.75844955444336 11.96873950958252 -11.032523155212402
vertex 63.12639236450195 20.17349624633789 -9.239275932312012
vertex 63.059303283691406 20.104782104492188 -9.221097946166992
endloop
endfacet
facet normal 0.3584549663933836 -0.5502774306438218 -0.7541251795238985
outer loop
vertex 62.2926025390625 19.56590461730957 -9.192317008972168
vertex 46.75844955444336 11.96873950958252 -11.032523155212402
vertex 63.059303283691406 20.104782104492188 -9.221097946166992
endloop
endfacet
facet normal 0.35776383078869595 -0.5485456015807973 -0.7557134141761402
outer loop
vertex 46.75844955444336 11.96873950958252 -11.032523155212402
vertex 62.35980987548828 21.08893585205078 -10.266678810119629
vertex 63.059303283691406 20.271718978881836 -9.342341423034668
endloop
endfacet
facet normal 0.44966724936405156 -0.48696946597039287 -0.7487723980368655
outer loop
vertex 46.38636779785156 11.708956718444824 -11.054337501525879
vertex 46.602378845214844 11.885611534118652 -11.03950309753418
vertex 47.12031173706055 10.801528930664062 -10.023423194885254
endloop
endfacet
facet normal 0.33051585822365986 -0.5565316912843564 -0.7622543827744457
outer loop
vertex 47.12031173706055 10.801528930664062 -10.023423194885254
vertex 46.602378845214844 11.885611534118652 -11.03950309753418
vertex 46.75844955444336 11.96873950958252 -11.032523155212402
endloop
endfacet
facet normal 0.44967380128312784 -0.48696384763569994 -0.7487721172262071
outer loop
vertex 47.07728576660156 10.770084381103516 -10.028812408447266
vertex 46.38636779785156 11.708956718444824 -11.054337501525879
vertex 47.12031173706055 10.801528930664062 -10.023423194885254
endloop
endfacet
facet normal 0.3968219852591117 -0.5268175956249105 -0.7516618474786422
outer loop
vertex 47.12031173706055 10.801528930664062 -10.023423194885254
vertex 46.75844955444336 11.96873950958252 -11.032523155212402
vertex 47.3212890625 10.917625427246094 -9.998690605163574
endloop
endfacet
facet normal 0.5906648429936079 -0.3282014830533717 -0.7371559060150736
outer loop
vertex 63.74750900268555 20.809656143188477 -9.030406951904297
vertex 62.35980987548828 21.08893585205078 -10.266678810119629
vertex 64.29041290283203 21.631681442260742 -8.961379051208496
endloop
endfacet
facet normal 0.5906617267761965 -0.3282064217339113 -0.7371562041076394
outer loop
vertex 64.29041290283203 21.631681442260742 -8.961379051208496
vertex 63.74425506591797 23.185148239135742 -10.090654373168945
vertex 64.66854095458984 22.70828628540039 -9.137736320495605
endloop
endfacet
facet normal 0.5906634932632615 -0.32820535196570094 -0.737155264966012
outer loop
vertex 63.059303283691406 20.271718978881836 -9.342341423034668
vertex 62.35980987548828 21.08893585205078 -10.266678810119629
vertex 63.74750900268555 20.809656143188477 -9.030406951904297
endloop
endfacet
facet normal 0.5988687175004116 -0.34786848912843527 -0.7213485797247485
outer loop
vertex 63.12639236450195 20.17349624633789 -9.239275932312012
vertex 63.059303283691406 20.271718978881836 -9.342341423034668
vertex 63.74750900268555 20.809656143188477 -9.030406951904297
endloop
endfacet
facet normal 0.5906596843104329 -0.32820600299667635 -0.737158027106295
outer loop
vertex 64.29041290283203 21.631681442260742 -8.961379051208496
vertex 64.66854095458984 22.70828628540039 -9.137736320495605
vertex 64.66854095458984 22.541349411010742 -9.063410758972168
endloop
endfacet
facet normal 0.5906648073131494 -0.3282042479245107 -0.7371547036043565
outer loop
vertex 62.35980987548828 21.08893585205078 -10.266678810119629
vertex 63.74425506591797 23.185148239135742 -10.090654373168945
vertex 64.29041290283203 21.631681442260742 -8.961379051208496
endloop
endfacet
facet normal 0.5907304267813871 -0.3281849389298722 -0.7371107167408952
outer loop
vertex 64.66854095458984 22.70828628540039 -9.137736320495605
vertex 64.69902801513672 22.689069747924805 -9.104747772216797
vertex 64.66854095458984 22.541349411010742 -9.063410758972168
endloop
endfacet
facet normal 0.6808528241549063 -0.13626371015895594 -0.719632985023619
outer loop
vertex 64.88919067382812 23.610301971435547 -9.050416946411133
vertex 63.94183349609375 24.006282806396484 -10.02170181274414
vertex 64.91546630859375 23.698890686035156 -9.04233169555664
endloop
endfacet
facet normal 0.6914449400392118 -0.10053792765832016 -0.7153992032399403
outer loop
vertex 64.69902801513672 22.689069747924805 -9.104747772216797
vertex 63.94183349609375 24.006282806396484 -10.02170181274414
vertex 64.88919067382812 23.610301971435547 -9.050416946411133
endloop
endfacet
facet normal -0.5901780186645961 0.32911165646852863 0.7371400300225682
outer loop
vertex 63.74425506591797 23.185148239135742 -10.090654373168945
vertex 64.69902801513672 22.689069747924805 -9.104747772216797
vertex 64.66854095458984 22.70828628540039 -9.137736320495605
endloop
endfacet
facet normal 0.6874413655229549 -0.10506720007077677 -0.7185995076795019
outer loop
vertex 63.74425506591797 23.185148239135742 -10.090654373168945
vertex 63.94183349609375 24.006282806396484 -10.02170181274414
vertex 64.69902801513672 22.689069747924805 -9.104747772216797
endloop
endfacet
facet normal 0.5279076877295619 -0.417493668006974 -0.7396029410502029
outer loop
vertex 64.58223724365234 25.282766342163086 -9.914512634277344
vertex 64.94804382324219 25.6854190826416 -9.880701065063477
vertex 65.68376159667969 24.971792221069336 -8.952735900878906
endloop
endfacet
facet normal 0.5528196568766279 -0.3750837567009757 -0.744111955575161
outer loop
vertex 65.32127380371094 24.567829132080078 -9.005085945129395
vertex 64.58223724365234 25.282766342163086 -9.914512634277344
vertex 65.44595336914062 24.739648818969727 -8.999067306518555
endloop
endfacet
facet normal 0.5358487205367896 -0.4005896423221706 -0.7432321892674463
outer loop
vertex 65.44595336914062 24.739648818969727 -8.999067306518555
vertex 64.58223724365234 25.282766342163086 -9.914512634277344
vertex 65.68376159667969 24.971792221069336 -8.952735900878906
endloop
endfacet
facet normal 0.6251150611914151 -0.27393948424285575 -0.7308818777643973
outer loop
vertex 65.00968170166016 24.01658058166504 -9.018445014953613
vertex 64.08574676513672 24.479026794433594 -9.982004165649414
vertex 65.18180084228516 24.365699768066406 -9.00208568572998
endloop
endfacet
facet normal 0.5479280750199661 -0.3890481231163104 -0.740551404363391
outer loop
vertex 65.18180084228516 24.365699768066406 -9.00208568572998
vertex 64.36199951171875 24.994054794311523 -9.938755989074707
vertex 65.19706726074219 24.396669387817383 -9.007060050964355
endloop
endfacet
facet normal 0.5479144922944525 -0.3890671739889226 -0.7405514453824162
outer loop
vertex 65.19706726074219 24.396669387817383 -9.007060050964355
vertex 64.36199951171875 24.994054794311523 -9.938755989074707
vertex 65.32127380371094 24.567829132080078 -9.005085945129395
endloop
endfacet
facet normal 0.6780419815835754 -0.1469329299072985 -0.7201873265471112
outer loop
vertex 64.91546630859375 23.698890686035156 -9.04233169555664
vertex 63.94183349609375 24.006282806396484 -10.02170181274414
vertex 65.00968170166016 24.01658058166504 -9.018445014953613
endloop
endfacet
facet normal 0.6781362422021607 -0.14595358374841658 -0.7202977081755338
outer loop
vertex 65.00968170166016 24.01658058166504 -9.018445014953613
vertex 63.94183349609375 24.006282806396484 -10.02170181274414
vertex 64.08574676513672 24.479026794433594 -9.982004165649414
endloop
endfacet
facet normal 0.6251176726848435 -0.27392897431552116 -0.7308835832932159
outer loop
vertex 64.08574676513672 24.479026794433594 -9.982004165649414
vertex 64.36199951171875 24.994054794311523 -9.938755989074707
vertex 65.18180084228516 24.365699768066406 -9.00208568572998
endloop
endfacet
facet normal 0.5607860087966766 -0.36539636918645985 -0.7429700840028796
outer loop
vertex 64.36199951171875 24.994054794311523 -9.938755989074707
vertex 64.58223724365234 25.282766342163086 -9.914512634277344
vertex 65.32127380371094 24.567829132080078 -9.005085945129395
endloop
endfacet
facet normal 0.17532960097679975 -0.6278071807203653 -0.758365132938786
outer loop
vertex 66.89163970947266 25.56504249572754 -8.825322151184082
vertex 66.46520233154297 26.625452041625977 -9.801764488220215
vertex 67.9271240234375 25.696252822875977 -8.69454574584961
endloop
endfacet
facet normal 0.1769367543787079 -0.6258248613540859 -0.7596292700133849
outer loop
vertex 68.86959838867188 25.9826717376709 -8.712162017822266
vertex 66.46520233154297 26.625452041625977 -9.801764488220215
vertex 68.91519165039062 26.006685256958008 -8.721325874328613
endloop
endfacet
facet normal 0.20514841532460837 -0.6170537801496675 -0.7597096551267516
outer loop
vertex 66.72618865966797 25.520282745361328 -8.83364486694336
vertex 66.46520233154297 26.625452041625977 -9.801764488220215
vertex 66.89163970947266 25.56504249572754 -8.825322151184082
endloop
endfacet
facet normal 0.17885821310455807 -0.6223744929614007 -0.7620103215285762
outer loop
vertex 66.46520233154297 26.625452041625977 -9.801764488220215
vertex 68.86959838867188 26.149608612060547 -8.848760604858398
vertex 68.91519165039062 26.006685256958008 -8.721325874328613
endloop
endfacet
facet normal 0.17896206467945167 -0.6221568410666207 -0.7621636599311667
outer loop
vertex 66.46520233154297 26.625452041625977 -9.801764488220215
vertex 68.46435546875 27.146865844726562 -9.757979393005371
vertex 68.86959838867188 26.149608612060547 -8.848760604858398
endloop
endfacet
facet normal 0.17632455722781817 -0.6268803215104078 -0.7589009902625122
outer loop
vertex 67.9271240234375 25.696252822875977 -8.69454574584961
vertex 66.46520233154297 26.625452041625977 -9.801764488220215
vertex 68.86959838867188 25.9826717376709 -8.712162017822266
endloop
endfacet
facet normal 0.3334323144152641 -0.5624788037332151 -0.7565979692376471
outer loop
vertex 65.54232788085938 26.227428436279297 -9.835186958312988
vertex 66.05917358398438 26.502716064453125 -9.812070846557617
vertex 66.48257446289062 25.454376220703125 -8.846109390258789
endloop
endfacet
facet normal 0.5479129514263439 -0.38906932837704 -0.7405514535638371
outer loop
vertex 64.94804382324219 25.6854190826416 -9.880701065063477
vertex 65.08931732177734 25.856952667236328 -9.866296768188477
vertex 65.7966537475586 25.06838607788086 -8.92866325378418
endloop
endfacet
facet normal 0.20575900897114746 -0.616885004898095 -0.7596815918258706
outer loop
vertex 66.48257446289062 25.454376220703125 -8.846109390258789
vertex 66.46520233154297 26.625452041625977 -9.801764488220215
vertex 66.72618865966797 25.520282745361328 -8.83364486694336
endloop
endfacet
facet normal 0.5479334735038062 -0.3890408006906123 -0.7405512568432121
outer loop
vertex 65.74919891357422 25.03566551208496 -8.946585655212402
vertex 64.94804382324219 25.6854190826416 -9.880701065063477
vertex 65.7966537475586 25.06838607788086 -8.92866325378418
endloop
endfacet
facet normal 0.50345950982742 -0.44444318147633183 -0.7409445191129566
outer loop
vertex 65.68376159667969 24.971792221069336 -8.952735900878906
vertex 64.94804382324219 25.6854190826416 -9.880701065063477
vertex 65.74919891357422 25.03566551208496 -8.946585655212402
endloop
endfacet
facet normal 0.20575774292722698 -0.6168851844953817 -0.7596817888929496
outer loop
vertex 66.48257446289062 25.454376220703125 -8.846109390258789
vertex 66.05917358398438 26.502716064453125 -9.812070846557617
vertex 66.46520233154297 26.625452041625977 -9.801764488220215
endloop
endfacet
facet normal 0.4496658115376934 -0.48697092900052574 -0.7487723100132059
outer loop
vertex 65.7966537475586 25.06838607788086 -8.92866325378418
vertex 65.08931732177734 25.856952667236328 -9.866296768188477
vertex 66.09807586669922 25.27621078491211 -8.882808685302734
endloop
endfacet
facet normal 0.3330173385174039 -0.5628572597324463 -0.7564992778669827
outer loop
vertex 66.09807586669922 25.27621078491211 -8.882808685302734
vertex 65.54232788085938 26.227428436279297 -9.835186958312988
vertex 66.48257446289062 25.454376220703125 -8.846109390258789
endloop
endfacet
facet normal 0.44966767348500947 -0.4869684887682979 -0.7487727788650568
outer loop
vertex 65.08931732177734 25.856952667236328 -9.866296768188477
vertex 65.54232788085938 26.227428436279297 -9.835186958312988
vertex 66.09807586669922 25.27621078491211 -8.882808685302734
endloop
endfacet
facet normal 0.38825597956106406 -0.5297379022298293 -0.7540789410109648
outer loop
vertex 68.46435546875 27.146865844726562 -9.757979393005371
vertex 69.8446044921875 28.05046844482422 -9.68210220336914
vertex 70.51045989990234 27.223825454711914 -8.758556365966797
endloop
endfacet
facet normal 0.3882547637059224 -0.5297384288625656 -0.7540791970647903
outer loop
vertex 68.86959838867188 26.149608612060547 -8.848760604858398
vertex 68.46435546875 27.146865844726562 -9.757979393005371
vertex 69.74114227294922 26.441709518432617 -8.605226516723633
endloop
endfacet
facet normal 0.38825689519286016 -0.5297357974129795 -0.7540799481980907
outer loop
vertex 69.74114227294922 26.441709518432617 -8.605226516723633
vertex 68.46435546875 27.146865844726562 -9.757979393005371
vertex 70.51045989990234 27.056888580322266 -8.64128303527832
endloop
endfacet
facet normal 0.3882519350261763 -0.5297506647075587 -0.7540720576909937
outer loop
vertex 70.51045989990234 27.056888580322266 -8.64128303527832
vertex 68.46435546875 27.146865844726562 -9.757979393005371
vertex 70.57410430908203 27.132509231567383 -8.661639213562012
endloop
endfacet
facet normal 0.3895415025814197 -0.5405922090861757 -0.7456657972858471
outer loop
vertex 68.91519165039062 26.006685256958008 -8.721325874328613
vertex 68.86959838867188 26.149608612060547 -8.848760604858398
vertex 69.74114227294922 26.441709518432617 -8.605226516723633
endloop
endfacet
facet normal 0.3882574687503238 -0.5297318021163718 -0.7540824595401568
outer loop
vertex 68.46435546875 27.146865844726562 -9.757979393005371
vertex 70.51045989990234 27.223825454711914 -8.758556365966797
vertex 70.57410430908203 27.132509231567383 -8.661639213562012
endloop
endfacet
facet normal 0.548773739365518 -0.3978488335113014 -0.7352303643460895
outer loop
vertex 70.51045989990234 27.223825454711914 -8.758556365966797
vertex 83.08438873291016 41.997459411621094 -7.36774206161499
vertex 70.57410430908203 27.132509231567383 -8.661639213562012
endloop
endfacet
facet normal 0.5429735978695759 -0.3922144082489189 -0.742527797444997
outer loop
vertex 83.51468658447266 42.756839752197266 -7.454212665557861
vertex 83.5750503540039 42.710540771484375 -7.385615825653076
vertex 83.51468658447266 42.589900970458984 -7.36603307723999
endloop
endfacet
facet normal 0.5429616527029854 -0.3922180155958193 -0.7425346267589952
outer loop
vertex 83.51468658447266 42.589900970458984 -7.36603307723999
vertex 83.08438873291016 41.997459411621094 -7.36774206161499
vertex 83.51468658447266 42.756839752197266 -7.454212665557861
endloop
endfacet
facet normal 0.542966332260923 -0.39222014925521304 -0.7425300778751923
outer loop
vertex 83.08438873291016 41.997459411621094 -7.36774206161499
vertex 82.61913299560547 43.309112548828125 -8.400797843933105
vertex 83.51468658447266 42.756839752197266 -7.454212665557861
endloop
endfacet
facet normal 0.5429670107729281 -0.3922197033277529 -0.7425298172691792
outer loop
vertex 83.08438873291016 41.997459411621094 -7.36774206161499
vertex 69.8446044921875 28.05046844482422 -9.68210220336914
vertex 82.61913299560547 43.309112548828125 -8.400797843933105
endloop
endfacet
facet normal 0.5429660166446125 -0.39221853672358364 -0.742531160436714
outer loop
vertex 70.51045989990234 27.223825454711914 -8.758556365966797
vertex 69.8446044921875 28.05046844482422 -9.68210220336914
vertex 83.08438873291016 41.997459411621094 -7.36774206161499
endloop
endfacet
facet normal 0.6808653685555187 -0.13100601004619744 -0.7205968187783882
outer loop
vertex 83.95547485351562 43.4708137512207 -7.167535305023193
vertex 82.61913299560547 43.309112548828125 -8.400797843933105
vertex 84.22219848632812 44.41905212402344 -7.087909698486328
endloop
endfacet
facet normal 0.6927178547151013 -0.14390633359289567 -0.7067056961074802
outer loop
vertex 83.5750503540039 42.710540771484375 -7.385615825653076
vertex 83.51468658447266 42.756839752197266 -7.454212665557861
vertex 83.95547485351562 43.4708137512207 -7.167535305023193
endloop
endfacet
facet normal 0.6808663713237594 -0.13100928285801897 -0.7205952762858248
outer loop
vertex 82.61913299560547 43.309112548828125 -8.400797843933105
vertex 83.27469635009766 45.63969039916992 -8.205093383789062
vertex 84.22219848632812 44.41905212402344 -7.087909698486328
endloop
endfacet
facet normal 0.6808159437429665 -0.13101217380744118 -0.7206423947143428
outer loop
vertex 84.22219848632812 44.41905212402344 -7.087909698486328
vertex 84.28752136230469 45.56875991821289 -7.235212802886963
vertex 84.3052978515625 45.400577545166016 -7.187843322753906
endloop
endfacet
facet normal 0.6808665754958448 -0.1310089956057112 -0.7205951355948387
outer loop
vertex 84.22219848632812 44.41905212402344 -7.087909698486328
vertex 83.27469635009766 45.63969039916992 -8.205093383789062
vertex 84.28752136230469 45.56875991821289 -7.235212802886963
endloop
endfacet
facet normal 0.6808652292633722 -0.13101158411651492 -0.720595936990639
outer loop
vertex 83.51468658447266 42.756839752197266 -7.454212665557861
vertex 82.61913299560547 43.309112548828125 -8.400797843933105
vertex 83.95547485351562 43.4708137512207 -7.167535305023193
endloop
endfacet
facet normal 0.6767736609866273 0.2633384730374584 -0.6874810982223857
outer loop
vertex 84.28752136230469 45.56875991821289 -7.235212802886963
vertex 83.27469635009766 45.63969039916992 -8.205093383789062
vertex 84.20177459716797 46.38016128540039 -7.00881814956665
endloop
endfacet
facet normal 0.6767342585983956 0.263321376971606 -0.6875264327057231
outer loop
vertex 84.20177459716797 46.38016128540039 -7.00881814956665
vertex 83.3633804321289 48.310401916503906 -7.094773292541504
vertex 83.4563217163086 48.19417953491211 -7.04780387878418
endloop
endfacet
facet normal 0.6767645175910503 0.2633345602544981 -0.6874915978434377
outer loop
vertex 84.20177459716797 46.38016128540039 -7.00881814956665
vertex 83.4563217163086 48.19417953491211 -7.04780387878418
vertex 83.91535949707031 47.32263946533203 -6.929760456085205
endloop
endfacet
facet normal 0.6767727367750643 0.26334009579675466 -0.6874813864416589
outer loop
vertex 84.20177459716797 46.38016128540039 -7.00881814956665
vertex 83.27469635009766 45.63969039916992 -8.205093383789062
vertex 83.3633804321289 48.310401916503906 -7.094773292541504
endloop
endfacet
facet normal 0.6767737432319296 0.2633397116452662 -0.6874805428100712
outer loop
vertex 83.27469635009766 45.63969039916992 -8.205093383789062
vertex 82.5931167602539 47.88313293457031 -8.016706466674805
vertex 83.3633804321289 48.310401916503906 -7.094773292541504
endloop
endfacet
facet normal 0.45980916017697443 0.5944777355429246 -0.6596754945888941
outer loop
vertex 82.5931167602539 47.88313293457031 -8.016706466674805
vertex 66.79283905029297 61.35992431640625 -6.885028839111328
vertex 67.90056610107422 61.53742980957031 -5.95295524597168
endloop
endfacet
facet normal 0.4598086357453191 0.5944772875077216 -0.6596762638836493
outer loop
vertex 82.5931167602539 47.88313293457031 -8.016706466674805
vertex 67.90056610107422 61.53742980957031 -5.95295524597168
vertex 82.84114074707031 48.9635009765625 -6.870238304138184
endloop
endfacet
facet normal 0.4598109640272574 0.5944761339674001 -0.6596756805457499
outer loop
vertex 83.3633804321289 48.310401916503906 -7.094773292541504
vertex 82.5931167602539 47.88313293457031 -8.016706466674805
vertex 82.84114074707031 48.9635009765625 -6.870238304138184
endloop
endfacet
facet normal 0.45981031537181755 0.5944757402313248 -0.6596764874952632
outer loop
vertex 67.90056610107422 61.53742980957031 -5.95295524597168
vertex 66.79283905029297 61.35992431640625 -6.885028839111328
vertex 67.3081283569336 61.96772384643555 -5.978133678436279
endloop
endfacet
facet normal 0.4598043072009558 0.5944805778092154 -0.6596763158451807
outer loop
vertex 67.22447204589844 62.00958251953125 -5.998721599578857
vertex 67.3081283569336 61.96772384643555 -5.978133678436279
vertex 66.79283905029297 61.35992431640625 -6.885028839111328
endloop
endfacet
facet normal 0.25587070509325827 0.7160463305951753 -0.6494673469207393
outer loop
vertex 67.22447204589844 62.00958251953125 -5.998721599578857
vertex 66.79283905029297 61.35992431640625 -6.885028839111328
vertex 66.42721557617188 62.40850830078125 -5.872995853424072
endloop
endfacet
facet normal 0.25587219866081057 0.7160467396850233 -0.6494663074701652
outer loop
vertex 66.79283905029297 61.35992431640625 -6.885028839111328
vertex 65.29866790771484 61.937870025634766 -6.836497783660889
vertex 65.44610595703125 62.67802047729492 -5.96238374710083
endloop
endfacet
facet normal 0.2559101187448668 0.7160627042305052 -0.649433764701285
outer loop
vertex 66.79283905029297 61.35992431640625 -6.885028839111328
vertex 65.44610595703125 62.67802047729492 -5.96238374710083
vertex 65.47897338867188 62.675235748291016 -5.952502727508545
endloop
endfacet
facet normal 0.2558696173606888 0.716046347223167 -0.6494677571212095
outer loop
vertex 66.79283905029297 61.35992431640625 -6.885028839111328
vertex 65.47897338867188 62.675235748291016 -5.952502727508545
vertex 66.42721557617188 62.40850830078125 -5.872995853424072
endloop
endfacet
facet normal -0.007391479605884299 0.7637564579517521 -0.6454621901910518
outer loop
vertex 65.29866790771484 61.937870025634766 -6.836497783660889
vertex 63.718849182128906 61.92141342163086 -6.837879180908203
vertex 63.55442428588867 62.65867614746094 -5.9636149406433105
endloop
endfacet
facet normal -0.007389077070700254 0.7637588612694242 -0.6454593739132433
outer loop
vertex 65.29866790771484 61.937870025634766 -6.836497783660889
vertex 63.55442428588867 62.65867614746094 -5.9636149406433105
vertex 64.49745178222656 62.758331298828125 -5.856490612030029
endloop
endfacet
facet normal -0.007391314210652141 0.7637579433606672 -0.6454604344401935
outer loop
vertex 65.44610595703125 62.67802047729492 -5.96238374710083
vertex 65.29866790771484 61.937870025634766 -6.836497783660889
vertex 64.49745178222656 62.758331298828125 -5.856490612030029
endloop
endfacet
facet normal -0.26957788851830433 0.7105793575524031 -0.6499267179016622
outer loop
vertex 62.30078125 61.33867263793945 -6.886813640594482
vertex 61.79896926879883 61.95945739746094 -5.999953269958496
vertex 63.718849182128906 61.92141342163086 -6.837879180908203
endloop
endfacet
facet normal -0.2695788551786275 0.7105787134683335 -0.649927021138734
outer loop
vertex 63.718849182128906 61.92141342163086 -6.837879180908203
vertex 62.57538986206055 62.36839294433594 -5.874899387359619
vertex 63.51786804199219 62.65481185913086 -5.952675819396973
endloop
endfacet
facet normal -0.269597639650918 0.7105724399083094 -0.6499260883649814
outer loop
vertex 63.55442428588867 62.65867614746094 -5.9636149406433105
vertex 63.718849182128906 61.92141342163086 -6.837879180908203
vertex 63.51786804199219 62.65481185913086 -5.952675819396973
endloop
endfacet
facet normal -0.2695776285610439 0.7105799753017633 -0.6499261503275192
outer loop
vertex 63.718849182128906 61.92141342163086 -6.837879180908203
vertex 61.79896926879883 61.95945739746094 -5.999953269958496
vertex 62.57538986206055 62.36839294433594 -5.874899387359619
endloop
endfacet
facet normal -0.5551043312156442 0.5337569825639169 -0.6379362546758846
outer loop
vertex 62.30078125 61.33867263793945 -6.886813640594482
vertex 47.24580001831055 45.06470489501953 -7.402944564819336
vertex 48.998043060302734 47.113224029541016 -7.213687896728516
endloop
endfacet
facet normal -0.5339450892865145 0.5152127728497655 -0.6704166169772883
outer loop
vertex 62.30078125 61.33867263793945 -6.886813640594482
vertex 47.89692306518555 44.57991027832031 -8.294086456298828
vertex 47.24580001831055 45.06470489501953 -7.402944564819336
endloop
endfacet
facet normal -0.5370544436381017 0.5175258887009495 -0.6661377328247226
outer loop
vertex 62.30078125 61.33867263793945 -6.886813640594482
vertex 48.998043060302734 47.113224029541016 -7.213687896728516
vertex 60.93452835083008 61.2941780090332 -5.819879531860352
endloop
endfacet
facet normal -0.5370695476866658 0.5175108013435687 -0.6661372767233322
outer loop
vertex 61.79896926879883 61.95945739746094 -5.999953269958496
vertex 62.30078125 61.33867263793945 -6.886813640594482
vertex 61.70384979248047 61.90935516357422 -5.96218729019165
endloop
endfacet
facet normal -0.5370540863000585 0.5175269029508395 -0.6661372329411723
outer loop
vertex 61.70384979248047 61.90935516357422 -5.96218729019165
vertex 62.30078125 61.33867263793945 -6.886813640594482
vertex 60.93452835083008 61.2941780090332 -5.819879531860352
endloop
endfacet
facet normal -0.35685102996296564 0.6674846357521632 -0.6535454103956146
outer loop
vertex 47.135066986083984 43.945919036865234 -8.347323417663574
vertex 31.001127243041992 35.43880844116211 -8.226371765136719
vertex 46.59292221069336 44.45440673828125 -7.531966686248779
endloop
endfacet
facet normal -0.3846735496380719 0.6464234063435899 -0.6589104946348904
outer loop
vertex 46.73349380493164 44.564640045166016 -7.50588846206665
vertex 47.135066986083984 43.945919036865234 -8.347323417663574
vertex 46.59292221069336 44.45440673828125 -7.531966686248779
endloop
endfacet
facet normal -0.35685110846271445 0.6674847874408997 -0.653545212608821
outer loop
vertex 47.135066986083984 43.945919036865234 -8.347323417663574
vertex 31.50501251220703 34.841190338134766 -9.111869812011719
vertex 31.001127243041992 35.43880844116211 -8.226371765136719
endloop
endfacet
facet normal -0.4496653772647694 0.6050230302702849 -0.6570754761303259
outer loop
vertex 47.740264892578125 44.4112663269043 -8.308247566223145
vertex 47.28725051879883 44.04079055786133 -8.339357376098633
vertex 46.926387786865234 44.71590805053711 -7.470767498016357
endloop
endfacet
facet normal -0.37510887531813975 0.6566515929835639 -0.6542950535421372
outer loop
vertex 47.28725051879883 44.04079055786133 -8.339357376098633
vertex 47.135066986083984 43.945919036865234 -8.347323417663574
vertex 46.83636474609375 44.64531326293945 -7.47416353225708
endloop
endfacet
facet normal -0.4496637301861288 0.6050240970640575 -0.6570756210109446
outer loop
vertex 46.926387786865234 44.71590805053711 -7.470767498016357
vertex 47.28725051879883 44.04079055786133 -8.339357376098633
vertex 46.83636474609375 44.64531326293945 -7.47416353225708
endloop
endfacet
facet normal -0.5436398900556312 0.5038051399479873 -0.6712943101965712
outer loop
vertex 47.89692306518555 44.57991027832031 -8.294086456298828
vertex 47.13871765136719 44.939517974853516 -7.410177707672119
vertex 47.24580001831055 45.06470489501953 -7.402944564819336
endloop
endfacet
facet normal -0.4496865855470035 0.6050042189061268 -0.6570782829198246
outer loop
vertex 47.114654541015625 44.91138458251953 -7.419613361358643
vertex 47.13871765136719 44.939517974853516 -7.410177707672119
vertex 47.740264892578125 44.4112663269043 -8.308247566223145
endloop
endfacet
facet normal -0.5191071624875188 0.5379828581197228 -0.6641552515967112
outer loop
vertex 47.89692306518555 44.57991027832031 -8.294086456298828
vertex 47.740264892578125 44.4112663269043 -8.308247566223145
vertex 47.13871765136719 44.939517974853516 -7.410177707672119
endloop
endfacet
facet normal -0.4496624460191043 0.6050268095122394 -0.6570740022338096
outer loop
vertex 46.926387786865234 44.71590805053711 -7.470767498016357
vertex 47.114654541015625 44.91138458251953 -7.419613361358643
vertex 47.740264892578125 44.4112663269043 -8.308247566223145
endloop
endfacet
facet normal -0.32974506972302764 0.6785858232054225 -0.6563455412646412
outer loop
vertex 46.83636474609375 44.64531326293945 -7.47416353225708
vertex 47.135066986083984 43.945919036865234 -8.347323417663574
vertex 46.73349380493164 44.564640045166016 -7.50588846206665
endloop
endfacet
facet normal -0.4860698429811326 0.5718735857587963 -0.6608303183538673
outer loop
vertex 30.141569137573242 34.7760009765625 -8.163049697875977
vertex 30.074050903320312 33.491207122802734 -9.22523021697998
vertex 29.48911476135254 34.031898498535156 -8.32707691192627
endloop
endfacet
facet normal -0.4877582740533797 0.5693238789306992 -0.6617871160515069
outer loop
vertex 31.50501251220703 34.841190338134766 -9.111869812011719
vertex 30.141569137573242 34.7760009765625 -8.163049697875977
vertex 30.906030654907227 35.383819580078125 -8.20358657836914
endloop
endfacet
facet normal -0.4877669647491526 0.5693155530727342 -0.6617878732108088
outer loop
vertex 31.50501251220703 34.841190338134766 -9.111869812011719
vertex 30.906030654907227 35.383819580078125 -8.20358657836914
vertex 31.001127243041992 35.43880844116211 -8.226371765136719
endloop
endfacet
facet normal -0.4869286377524513 0.571595111962507 -0.6604388917357238
outer loop
vertex 31.50501251220703 34.841190338134766 -9.111869812011719
vertex 30.074050903320312 33.491207122802734 -9.22523021697998
vertex 30.141569137573242 34.7760009765625 -8.163049697875977
endloop
endfacet
facet normal -0.14356444547026806 0.7446025223417629 -0.6518867491513377
outer loop
vertex 28.284595489501953 33.24618911743164 -8.585421562194824
vertex 28.333850860595703 32.632408142089844 -9.297346115112305
vertex 28.14584732055664 33.21827697753906 -8.586747169494629
endloop
endfacet
facet normal -0.19836034628029642 0.7355034641175996 -0.6478331785996855
outer loop
vertex 28.85485076904297 32.784141540527344 -9.2846040725708
vertex 28.333850860595703 32.632408142089844 -9.297346115112305
vertex 28.284595489501953 33.24618911743164 -8.585421562194824
endloop
endfacet
facet normal -0.21446707912275997 0.7252701047650835 -0.6542072661676853
outer loop
vertex 28.660076141357422 33.39107131958008 -8.547894477844238
vertex 28.85485076904297 32.784141540527344 -9.2846040725708
vertex 28.284595489501953 33.24618911743164 -8.585421562194824
endloop
endfacet
facet normal -0.3341335533971719 0.6819491216596002 -0.6506152195897964
outer loop
vertex 29.043869018554688 33.615875244140625 -8.456354141235352
vertex 29.16025161743164 32.89128875732422 -9.275607109069824
vertex 28.875015258789062 33.5151252746582 -8.475238800048828
endloop
endfacet
facet normal -0.23312054039602778 0.7194024331239703 -0.6543049387409324
outer loop
vertex 29.16025161743164 32.89128875732422 -9.275607109069824
vertex 28.85485076904297 32.784141540527344 -9.2846040725708
vertex 28.660076141357422 33.39107131958008 -8.547894477844238
endloop
endfacet
facet normal -0.4496658296343002 0.6050213503325859 -0.6570767134064567
outer loop
vertex 29.365880966186523 33.891353607177734 -8.372153282165527
vertex 29.48911476135254 34.031898498535156 -8.32707691192627
vertex 30.074050903320312 33.491207122802734 -9.22523021697998
endloop
endfacet
facet normal -0.44966817124891467 0.6050187987180399 -0.6570774603982675
outer loop
vertex 30.074050903320312 33.491207122802734 -9.22523021697998
vertex 29.225858688354492 33.77156448364258 -8.386628150939941
vertex 29.365880966186523 33.891353607177734 -8.372153282165527
endloop
endfacet
facet normal -0.4496636432267227 0.6050249166083149 -0.657074925897475
outer loop
vertex 30.074050903320312 33.491207122802734 -9.22523021697998
vertex 29.677093505859375 33.16657638549805 -9.252490997314453
vertex 29.225858688354492 33.77156448364258 -8.386628150939941
endloop
endfacet
facet normal -0.33412807532965355 0.6819522016449671 -0.6506148045872332
outer loop
vertex 29.225858688354492 33.77156448364258 -8.386628150939941
vertex 29.677093505859375 33.16657638549805 -9.252490997314453
vertex 29.043869018554688 33.615875244140625 -8.456354141235352
endloop
endfacet
facet normal -0.3341306607593978 0.6819501029646311 -0.6506156765764388
outer loop
vertex 29.677093505859375 33.16657638549805 -9.252490997314453
vertex 29.16025161743164 32.89128875732422 -9.275607109069824
vertex 29.043869018554688 33.615875244140625 -8.456354141235352
endloop
endfacet
facet normal -0.20575372731746247 0.7349391906886301 -0.6461654507050903
outer loop
vertex 28.660076141357422 33.39107131958008 -8.547894477844238
vertex 28.875015258789062 33.5151252746582 -8.475238800048828
vertex 29.16025161743164 32.89128875732422 -9.275607109069824
endloop
endfacet
facet normal 0.47503397239478534 0.5811094527938254 -0.6607984026497726
outer loop
vertex 25.964130401611328 33.75000762939453 -8.490659713745117
vertex 25.4869327545166 33.28511428833008 -9.242536544799805
vertex 25.90932273864746 33.79167556762695 -8.493416786193848
endloop
endfacet
facet normal 0.4871379230221893 0.5710078879854763 -0.6607924302017943
outer loop
vertex 25.90932273864746 33.79167556762695 -8.493416786193848
vertex 25.4869327545166 33.28511428833008 -9.242536544799805
vertex 25.658424377441406 34.060420989990234 -8.446149826049805
endloop
endfacet
facet normal 0.472380010196053 0.5785374537183703 -0.6649447650837182
outer loop
vertex 25.4869327545166 33.28511428833008 -9.242536544799805
vertex 25.163414001464844 33.57748794555664 -9.217985153198242
vertex 25.658424377441406 34.060420989990234 -8.446149826049805
endloop
endfacet
facet normal -0.20575857179564255 0.7349369345060927 -0.6461664742397308
outer loop
vertex 28.14584732055664 33.21827697753906 -8.586747169494629
vertex 28.078447341918945 32.57003402709961 -9.302583694458008
vertex 27.945722579956055 33.17801284790039 -8.568817138671875
endloop
endfacet
facet normal -0.16698559427522255 0.7386005197546928 -0.6531348126708976
outer loop
vertex 28.333850860595703 32.632408142089844 -9.297346115112305
vertex 28.078447341918945 32.57003402709961 -9.302583694458008
vertex 28.14584732055664 33.21827697753906 -8.586747169494629
endloop
endfacet
facet normal -0.06947911694551653 0.7619486956882203 -0.643899710706171
outer loop
vertex 28.078447341918945 32.57003402709961 -9.302583694458008
vertex 27.495227813720703 32.51279067993164 -9.307390213012695
vertex 27.495227813720703 33.151824951171875 -8.551198959350586
endloop
endfacet
facet normal 0.06923863379461834 0.7597191627775569 -0.646554564827148
outer loop
vertex 27.495227813720703 32.51279067993164 -9.307390213012695
vertex 26.912010192871094 32.57003402709961 -9.302583694458008
vertex 27.02598762512207 33.209896087646484 -8.538522720336914
endloop
endfacet
facet normal 0.2056795815151069 0.7347095349004721 -0.6464501597757575
outer loop
vertex 26.912010192871094 32.57003402709961 -9.302583694458008
vertex 26.35120391845703 32.73955535888672 -9.288348197937012
vertex 26.622495651245117 33.33940887451172 -8.520280838012695
endloop
endfacet
facet normal 0.07778939104018287 0.761753226677691 -0.6431802486766239
outer loop
vertex 27.495227813720703 32.51279067993164 -9.307390213012695
vertex 27.02598762512207 33.209896087646484 -8.538522720336914
vertex 27.445558547973633 33.150390625 -8.558253288269043
endloop
endfacet
facet normal -0.06947023850841173 0.7619527052951076 -0.6438959239310739
outer loop
vertex 27.869152069091797 33.16260528564453 -8.578784942626953
vertex 28.078447341918945 32.57003402709961 -9.302583694458008
vertex 27.495227813720703 33.151824951171875 -8.551198959350586
endloop
endfacet
facet normal 0.20662298828995956 0.7347322720715872 -0.6461233853426529
outer loop
vertex 26.912010192871094 32.57003402709961 -9.302583694458008
vertex 26.622495651245117 33.33940887451172 -8.520280838012695
vertex 27.02598762512207 33.209896087646484 -8.538522720336914
endloop
endfacet
facet normal 0.4305721558094466 0.6195368376241057 -0.6563396418534599
outer loop
vertex 26.246673583984375 33.535213470458984 -8.508055686950684
vertex 25.4869327545166 33.28511428833008 -9.242536544799805
vertex 25.964130401611328 33.75000762939453 -8.490659713745117
endloop
endfacet
facet normal 0.4346835531252896 0.6140949434118876 -0.6587394091128328
outer loop
vertex 25.834362030029297 33.01484298706055 -9.26523208618164
vertex 25.4869327545166 33.28511428833008 -9.242536544799805
vertex 26.246673583984375 33.535213470458984 -8.508055686950684
endloop
endfacet
facet normal 0.06944747341946282 0.7619503786221642 -0.6439011329025548
outer loop
vertex 27.495227813720703 33.151824951171875 -8.551198959350586
vertex 27.495227813720703 32.51279067993164 -9.307390213012695
vertex 27.445558547973633 33.150390625 -8.558253288269043
endloop
endfacet
facet normal 0.3341300635748037 0.6819490961418537 -0.6506170385770776
outer loop
vertex 26.35120391845703 32.73955535888672 -9.288348197937012
vertex 25.834362030029297 33.01484298706055 -9.26523208618164
vertex 26.246673583984375 33.535213470458984 -8.508055686950684
endloop
endfacet
facet normal -0.06949785315875401 0.7619472283433893 -0.6438994250860541
outer loop
vertex 28.078447341918945 32.57003402709961 -9.302583694458008
vertex 27.869152069091797 33.16260528564453 -8.578784942626953
vertex 27.945722579956055 33.17801284790039 -8.568817138671875
endloop
endfacet
facet normal 0.33413355616831814 0.6819484550003262 -0.6506159169317806
outer loop
vertex 26.35120391845703 32.73955535888672 -9.288348197937012
vertex 26.246673583984375 33.535213470458984 -8.508055686950684
vertex 26.622495651245117 33.33940887451172 -8.520280838012695
endloop
endfacet
facet normal 0.684082441427583 0.23751354012623305 -0.6896510215951122
outer loop
vertex 23.447607040405273 38.19905090332031 -8.829901695251465
vertex 24.324220657348633 38.4173583984375 -7.885181903839111
vertex 24.387216567993164 38.26527404785156 -7.875072002410889
endloop
endfacet
facet normal 0.6840841075636314 0.2375055829351374 -0.6896521092938893
outer loop
vertex 24.447921752929688 38.07843780517578 -7.879200458526611
vertex 23.447607040405273 38.19905090332031 -8.829901695251465
vertex 24.387216567993164 38.26527404785156 -7.875072002410889
endloop
endfacet
facet normal 0.6838050160634098 0.24010427574855428 -0.6890287633863929
outer loop
vertex 24.447921752929688 38.07843780517578 -7.879200458526611
vertex 24.291345596313477 35.033241271972656 -9.095742225646973
vertex 23.447607040405273 38.19905090332031 -8.829901695251465
endloop
endfacet
facet normal 0.6849805318734457 0.23964145414895785 -0.688021543563677
outer loop
vertex 25.137771606445312 35.180397033691406 -8.201802253723145
vertex 24.291345596313477 35.033241271972656 -9.095742225646973
vertex 24.447921752929688 38.07843780517578 -7.879200458526611
endloop
endfacet
facet normal 0.4877272447984559 0.569486846137074 -0.6616697565690574
outer loop
vertex 25.163414001464844 33.57748794555664 -9.217985153198242
vertex 25.05782699584961 33.67769241333008 -9.20957088470459
vertex 25.590944290161133 34.14585494995117 -8.413662910461426
endloop
endfacet
facet normal 0.5479195283228311 0.5071125575719685 -0.6652977111303654
outer loop
vertex 25.05782699584961 33.67769241333008 -9.20957088470459
vertex 24.68604850769043 34.129119873046875 -9.171663284301758
vertex 25.38741683959961 34.45558547973633 -8.345193862915039
endloop
endfacet
facet normal 0.6251146355508862 0.3919871579490103 -0.6749650068137907
outer loop
vertex 25.36292266845703 34.511688232421875 -8.322603225708008
vertex 24.68604850769043 34.129119873046875 -9.171663284301758
vertex 25.217857360839844 34.843955993652344 -8.263989448547363
endloop
endfacet
facet normal 0.5479202121237432 0.5071115694896954 -0.6652979011209716
outer loop
vertex 25.38741683959961 34.45558547973633 -8.345193862915039
vertex 24.68604850769043 34.129119873046875 -9.171663284301758
vertex 25.36292266845703 34.511688232421875 -8.322603225708008
endloop
endfacet
facet normal 0.6782886764064852 0.2640640754408603 -0.6857073978894366
outer loop
vertex 25.2044734954834 34.90018844604492 -8.243729591369629
vertex 24.4097900390625 34.64414978027344 -9.12841510772705
vertex 25.137771606445312 35.180397033691406 -8.201802253723145
endloop
endfacet
facet normal 0.6251235459612634 0.39196800474533106 -0.6749678774140146
outer loop
vertex 25.217857360839844 34.843955993652344 -8.263989448547363
vertex 24.4097900390625 34.64414978027344 -9.12841510772705
vertex 25.2044734954834 34.90018844604492 -8.243729591369629
endloop
endfacet
facet normal 0.6251157060888447 0.39198597494350396 -0.67496470237238
outer loop
vertex 24.68604850769043 34.129119873046875 -9.171663284301758
vertex 24.4097900390625 34.64414978027344 -9.12841510772705
vertex 25.217857360839844 34.843955993652344 -8.263989448547363
endloop
endfacet
facet normal 0.5479177597331315 0.5071138395768798 -0.6652981904970289
outer loop
vertex 25.590944290161133 34.14585494995117 -8.413662910461426
vertex 25.05782699584961 33.67769241333008 -9.20957088470459
vertex 25.38741683959961 34.45558547973633 -8.345193862915039
endloop
endfacet
facet normal 0.4437439060371819 0.6035949552966839 -0.6623929919581417
outer loop
vertex 25.620132446289062 34.10143280029297 -8.434588432312012
vertex 25.163414001464844 33.57748794555664 -9.217985153198242
vertex 25.590944290161133 34.14585494995117 -8.413662910461426
endloop
endfacet
facet normal 0.445206619623085 0.602433417098676 -0.6624689002561542
outer loop
vertex 25.658424377441406 34.060420989990234 -8.446149826049805
vertex 25.163414001464844 33.57748794555664 -9.217985153198242
vertex 25.620132446289062 34.10143280029297 -8.434588432312012
endloop
endfacet
facet normal 0.6782905216275036 0.2640606775451422 -0.6857068811414172
outer loop
vertex 24.4097900390625 34.64414978027344 -9.12841510772705
vertex 24.291345596313477 35.033241271972656 -9.095742225646973
vertex 25.137771606445312 35.180397033691406 -8.201802253723145
endloop
endfacet
facet normal 0.6522177738511101 0.3313629449600718 -0.6817701769512146
outer loop
vertex 23.232027053833008 41.01387023925781 -7.66802978515625
vertex 22.34937858581543 40.81211853027344 -8.61047649383545
vertex 23.150205612182617 41.14739227294922 -7.681408405303955
endloop
endfacet
facet normal 0.6522168164189034 0.3313655340103147 -0.6817698345119484
outer loop
vertex 23.447607040405273 38.19905090332031 -8.829901695251465
vertex 22.34937858581543 40.81211853027344 -8.61047649383545
vertex 23.232027053833008 41.01387023925781 -7.66802978515625
endloop
endfacet
facet normal 0.6522170462266756 0.3313654730873225 -0.681769644276544
outer loop
vertex 23.447607040405273 38.19905090332031 -8.829901695251465
vertex 23.232027053833008 41.01387023925781 -7.66802978515625
vertex 23.321212768554688 40.83883285522461 -7.667784690856934
endloop
endfacet
facet normal 0.6522166428162711 0.3313655971270985 -0.6817699699121941
outer loop
vertex 24.324220657348633 38.4173583984375 -7.885181903839111
vertex 23.447607040405273 38.19905090332031 -8.829901695251465
vertex 23.321212768554688 40.83883285522461 -7.667784690856934
endloop
endfacet
facet normal 0.6015740891608351 0.4294950475688166 -0.6735299691655684
outer loop
vertex 23.150205612182617 41.14739227294922 -7.681408405303955
vertex 22.34937858581543 40.81211853027344 -8.61047649383545
vertex 21.776554107666016 43.38898468017578 -7.478893756866455
endloop
endfacet
facet normal 0.6015741417656089 0.4294945272919571 -0.673530253949464
outer loop
vertex 22.34937858581543 40.81211853027344 -8.61047649383545
vertex 20.86016273498535 43.214332580566406 -8.408757209777832
vertex 21.661083221435547 43.54792022705078 -7.480681419372559
endloop
endfacet
facet normal 0.6015869958762732 0.4294933341416807 -0.6735195337333755
outer loop
vertex 21.776554107666016 43.38898468017578 -7.478893756866455
vertex 22.34937858581543 40.81211853027344 -8.61047649383545
vertex 21.661083221435547 43.54792022705078 -7.480681419372559
endloop
endfacet
facet normal 0.6015686473424308 0.42950420416450025 -0.6735289905710204
outer loop
vertex 21.661083221435547 43.54792022705078 -7.480681419372559
vertex 20.86016273498535 43.214332580566406 -8.408757209777832
vertex 21.567710876464844 43.65724182128906 -7.494364261627197
endloop
endfacet
facet normal 0.536109273461543 0.5186243501384693 -0.6660447660270195
outer loop
vertex 19.616594314575195 45.887413024902344 -7.3282952308654785
vertex 21.567710876464844 43.65724182128906 -7.494364261627197
vertex 20.86016273498535 43.214332580566406 -8.408757209777832
endloop
endfacet
facet normal 0.5361088355786126 0.5186243035530205 -0.6660451547595618
outer loop
vertex 19.616594314575195 45.887413024902344 -7.3282952308654785
vertex 20.86016273498535 43.214332580566406 -8.408757209777832
vertex 19.013652801513672 45.35382080078125 -8.22909927368164
endloop
endfacet
facet normal 0.5360938096323791 0.5186124387292337 -0.6660664874238602
outer loop
vertex 21.567710876464844 43.65724182128906 -7.494364261627197
vertex 19.616594314575195 45.887413024902344 -7.3282952308654785
vertex 19.851980209350586 45.666107177734375 -7.311154365539551
endloop
endfacet
facet normal 0.5361705531015456 0.5187043964955933 -0.6659330950200065
outer loop
vertex 19.851980209350586 45.666107177734375 -7.311154365539551
vertex 19.616594314575195 45.887413024902344 -7.3282952308654785
vertex 19.71306800842285 45.805015563964844 -7.31480073928833
endloop
endfacet
facet normal 0.4573793493404631 0.5965414720989138 -0.6595016321912749
outer loop
vertex 17.594881057739258 47.61412048339844 -7.168532371520996
vertex 19.013652801513672 45.35382080078125 -8.22909927368164
vertex 17.435949325561523 47.729591369628906 -7.174307823181152
endloop
endfacet
facet normal 0.457377855372871 0.5965410924524708 -0.6595030116914748
outer loop
vertex 19.013652801513672 45.35382080078125 -8.22909927368164
vertex 16.855379104614258 47.177947998046875 -8.075922966003418
vertex 17.435949325561523 47.729591369628906 -7.174307823181152
endloop
endfacet
facet normal 0.45737527124347094 0.5965433716533702 -0.6595027422167328
outer loop
vertex 17.435949325561523 47.729591369628906 -7.174307823181152
vertex 16.855379104614258 47.177947998046875 -8.075922966003418
vertex 17.345355987548828 47.78510665893555 -7.186920166015625
endloop
endfacet
facet normal 0.4573785888189064 0.5965413107061627 -0.6595023056146198
outer loop
vertex 19.616594314575195 45.887413024902344 -7.3282952308654785
vertex 19.013652801513672 45.35382080078125 -8.22909927368164
vertex 17.594881057739258 47.61412048339844 -7.168532371520996
endloop
endfacet
facet normal 0.3672820134355589 0.6612879450952405 -0.6540658806866751
outer loop
vertex 15.060833930969238 49.185062408447266 -7.054349422454834
vertex 17.345355987548828 47.78510665893555 -7.186920166015625
vertex 16.855379104614258 47.177947998046875 -8.075922966003418
endloop
endfacet
facet normal 0.3672910828997554 0.661291691734314 -0.6540569997068254
outer loop
vertex 16.855379104614258 47.177947998046875 -8.075922966003418
vertex 14.809645652770996 49.30579376220703 -7.073338985443115
vertex 14.885795593261719 49.27425003051758 -7.062469005584717
endloop
endfacet
facet normal 0.36728887053734466 0.6612906989789201 -0.6540592458052811
outer loop
vertex 16.855379104614258 47.177947998046875 -8.075922966003418
vertex 14.885795593261719 49.27425003051758 -7.062469005584717
vertex 15.060833930969238 49.185062408447266 -7.054349422454834
endloop
endfacet
facet normal 0.36728244346472383 0.6612876140799974 -0.6540659738795211
outer loop
vertex 16.855379104614258 47.177947998046875 -8.075922966003418
vertex 14.438529014587402 48.64186477661133 -7.952994346618652
vertex 14.809645652770996 49.30579376220703 -7.073338985443115
endloop
endfacet
facet normal 0.2680264789241807 0.71121930490593 -0.64986837661532
outer loop
vertex 14.438529014587402 48.64186477661133 -7.952994346618652
vertex 12.12540054321289 50.40095901489258 -6.98184061050415
vertex 12.312235832214355 50.34025192260742 -6.971221923828125
endloop
endfacet
facet normal 0.2680248658437355 0.7112182116212103 -0.6498702383920768
outer loop
vertex 12.12540054321289 50.40095901489258 -6.98184061050415
vertex 14.438529014587402 48.64186477661133 -7.952994346618652
vertex 12.070884704589844 50.41404724121094 -6.9900007247924805
endloop
endfacet
facet normal 0.2680218933879045 0.7112164581946335 -0.6498733832508021
outer loop
vertex 14.809645652770996 49.30579376220703 -7.073338985443115
vertex 14.438529014587402 48.64186477661133 -7.952994346618652
vertex 12.312235832214355 50.34025192260742 -6.971221923828125
endloop
endfacet
facet normal 0.2680233692777819 0.7112171681430863 -0.6498719975960762
outer loop
vertex 14.438529014587402 48.64186477661133 -7.952994346618652
vertex 11.822616577148438 49.70960235595703 -7.8633341789245605
vertex 12.070884704589844 50.41404724121094 -6.9900007247924805
endloop
endfacet
facet normal 0.16205416569970246 0.7450444926934278 -0.6470294825481805
outer loop
vertex 11.822616577148438 49.70960235595703 -7.8633341789245605
vertex 9.748263359069824 50.73064422607422 -7.207159996032715
vertex 9.805169105529785 50.918235778808594 -6.976898670196533
endloop
endfacet
facet normal 0.16204668211009926 0.745017998775241 -0.6470618628215108
outer loop
vertex 12.070884704589844 50.41404724121094 -6.9900007247924805
vertex 9.805169105529785 50.918235778808594 -6.976898670196533
vertex 9.808995246887207 50.95708084106445 -6.931214809417725
endloop
endfacet
facet normal 0.1620505612847822 0.7450394167325123 -0.647036230131022
outer loop
vertex 11.822616577148438 49.70960235595703 -7.8633341789245605
vertex 9.531490325927734 50.406219482421875 -7.6350178718566895
vertex 9.655853271484375 50.55775833129883 -7.429379463195801
endloop
endfacet
facet normal 0.16205392951143927 0.7450472586092107 -0.6470263567806193
outer loop
vertex 11.822616577148438 49.70960235595703 -7.8633341789245605
vertex 9.380744934082031 50.282508850097656 -7.815225601196289
vertex 9.531490325927734 50.406219482421875 -7.6350178718566895
endloop
endfacet
facet normal 0.16205244492234375 0.7450431068435218 -0.6470315093097424
outer loop
vertex 11.822616577148438 49.70960235595703 -7.8633341789245605
vertex 9.805169105529785 50.918235778808594 -6.976898670196533
vertex 12.070884704589844 50.41404724121094 -6.9900007247924805
endloop
endfacet
facet normal 0.16205321900718977 0.7450434749200008 -0.6470308916029728
outer loop
vertex 11.822616577148438 49.70960235595703 -7.8633341789245605
vertex 9.655853271484375 50.55775833129883 -7.429379463195801
vertex 9.748263359069824 50.73064422607422 -7.207159996032715
endloop
endfacet
facet normal 0.05201558220480015 0.7618885035276013 -0.6456162075105984
outer loop
vertex 7.992914199829102 50.55775833129883 -7.656739711761475
vertex 6.25184440612793 50.56222915649414 -7.791737079620361
vertex 7.9005045890808105 50.73064422607422 -7.460163116455078
endloop
endfacet
facet normal 0.05201601071373241 0.7618872208603054 -0.6456176866530138
outer loop
vertex 7.9005045890808105 50.73064422607422 -7.460163116455078
vertex 6.25184440612793 50.56222915649414 -7.791737079620361
vertex 6.249746799468994 51.300533294677734 -6.920640468597412
endloop
endfacet
facet normal 0.052014264453387374 0.7618782336126034 -0.6456284329556068
outer loop
vertex 7.824383735656738 51.11332702636719 -7.014695167541504
vertex 6.445720672607422 51.300533294677734 -6.90485143661499
vertex 7.832075595855713 51.19142532348633 -6.921915054321289
endloop
endfacet
facet normal 0.05201605818043577 0.7618831179887942 -0.645622524556759
outer loop
vertex 6.25184440612793 50.56222915649414 -7.791737079620361
vertex 7.992914199829102 50.55775833129883 -7.656739711761475
vertex 8.100775718688965 50.426326751708984 -7.8031487464904785
endloop
endfacet
facet normal 0.05201591185274571 0.7618853561477441 -0.6456198951409046
outer loop
vertex 7.84359884262085 50.918235778808594 -7.24337100982666
vertex 6.445720672607422 51.300533294677734 -6.90485143661499
vertex 7.824383735656738 51.11332702636719 -7.014695167541504
endloop
endfacet
facet normal 0.052018682268831704 0.7618902131828005 -0.6456139401773178
outer loop
vertex 7.84359884262085 50.918235778808594 -7.24337100982666
vertex 7.9005045890808105 50.73064422607422 -7.460163116455078
vertex 6.445720672607422 51.300533294677734 -6.90485143661499
endloop
endfacet
facet normal 0.05201555687753127 0.7618866163003232 -0.6456184366521486
outer loop
vertex 7.9005045890808105 50.73064422607422 -7.460163116455078
vertex 6.249746799468994 51.300533294677734 -6.920640468597412
vertex 6.445720672607422 51.300533294677734 -6.90485143661499
endloop
endfacet
facet normal -0.05567309061345116 0.761609029736913 -0.6456409163031293
outer loop
vertex 6.25184440612793 50.56222915649414 -7.791737079620361
vertex 3.6254804134368896 50.35552978515625 -7.809093952178955
vertex 3.500622034072876 51.08420944213867 -6.938764572143555
endloop
endfacet
facet normal -0.05567317359210109 0.7616088763526155 -0.6456410900826325
outer loop
vertex 6.25184440612793 50.56222915649414 -7.791737079620361
vertex 3.500622034072876 51.08420944213867 -6.938764572143555
vertex 6.249746799468994 51.300533294677734 -6.920640468597412
endloop
endfacet
facet normal -0.16205282135791405 0.7450430040435309 -0.6470315334013722
outer loop
vertex 3.6254804134368896 50.35552978515625 -7.809093952178955
vertex 0.8723745346069336 49.70960235595703 -7.8633341789245605
vertex 0.6241064071655273 50.41404724121094 -6.9900007247924805
endloop
endfacet
facet normal -0.1620531318201294 0.7450420102140368 -0.6470326000160385
outer loop
vertex 3.6254804134368896 50.35552978515625 -7.809093952178955
vertex 0.6241064071655273 50.41404724121094 -6.9900007247924805
vertex 3.2782247066497803 51.051246643066406 -6.921020984649658
endloop
endfacet
facet normal -0.16204952229882247 0.7450432068879257 -0.6470321260902575
outer loop
vertex 3.6254804134368896 50.35552978515625 -7.809093952178955
vertex 3.2782247066497803 51.051246643066406 -6.921020984649658
vertex 3.500622034072876 51.08420944213867 -6.938764572143555
endloop
endfacet
facet normal -0.2680253925568572 0.7112163747992472 -0.6498720313739924
outer loop
vertex 0.3827548623085022 50.34025192260742 -6.971221923828125
vertex 0.5695903897285461 50.40095901489258 -6.98184061050415
vertex 0.8723745346069336 49.70960235595703 -7.8633341789245605
endloop
endfacet
facet normal -0.2680225757144909 0.7112178779868268 -0.6498715480302897
outer loop
vertex 0.8723745346069336 49.70960235595703 -7.8633341789245605
vertex -2.114654779434204 49.30579376220703 -7.073338985443115
vertex 0.3827548623085022 50.34025192260742 -6.971221923828125
endloop
endfacet
facet normal -0.26802284083227745 0.7112159717937676 -0.6498735248166696
outer loop
vertex -2.114654779434204 49.30579376220703 -7.073338985443115
vertex 0.8723745346069336 49.70960235595703 -7.8633341789245605
vertex -1.7435377836227417 48.64186477661133 -7.952994346618652
endloop
endfacet
facet normal -0.26802394764850496 0.7112169561760177 -0.6498719910371827
outer loop
vertex 0.6241064071655273 50.41404724121094 -6.9900007247924805
vertex 0.8723745346069336 49.70960235595703 -7.8633341789245605
vertex 0.5695903897285461 50.40095901489258 -6.98184061050415
endloop
endfacet
facet normal -0.36728611468586503 0.6612856682851221 -0.654065879617383
outer loop
vertex -1.7435377836227417 48.64186477661133 -7.952994346618652
vertex -2.3658432960510254 49.185062408447266 -7.054349422454834
vertex -2.1908047199249268 49.27425003051758 -7.062469005584717
endloop
endfacet
facet normal -0.36728911446351287 0.6612838142181957 -0.6540660696364271
outer loop
vertex -2.1908047199249268 49.27425003051758 -7.062469005584717
vertex -2.114654779434204 49.30579376220703 -7.073338985443115
vertex -1.7435377836227417 48.64186477661133 -7.952994346618652
endloop
endfacet
facet normal -0.3672824224509518 0.6612885343793353 -0.6540650552177446
outer loop
vertex -4.650365352630615 47.78510665893555 -7.186920166015625
vertex -2.3658432960510254 49.185062408447266 -7.054349422454834
vertex -1.7435377836227417 48.64186477661133 -7.952994346618652
endloop
endfacet
facet normal -0.3672824016478168 0.6612876901022556 -0.6540659204996351
outer loop
vertex -1.7435377836227417 48.64186477661133 -7.952994346618652
vertex -4.160388469696045 47.177947998046875 -8.075922966003418
vertex -4.650365352630615 47.78510665893555 -7.186920166015625
endloop
endfacet
facet normal -0.4573768997604348 0.5965420948243956 -0.6595027677485931
outer loop
vertex -4.650365352630615 47.78510665893555 -7.186920166015625
vertex -4.160388469696045 47.177947998046875 -8.075922966003418
vertex -4.740958213806152 47.729591369628906 -7.174307823181152
endloop
endfacet
facet normal -0.4573786977084706 0.5965405090320188 -0.65950295523699
outer loop
vertex -4.160388469696045 47.177947998046875 -8.075922966003418
vertex -4.899889945983887 47.61412048339844 -7.168532371520996
vertex -4.740958213806152 47.729591369628906 -7.174307823181152
endloop
endfacet
facet normal -0.457378037431626 0.5965412280693713 -0.6595027627604608
outer loop
vertex -4.160388469696045 47.177947998046875 -8.075922966003418
vertex -6.921435356140137 45.88755798339844 -7.328281879425049
vertex -4.899889945983887 47.61412048339844 -7.168532371520996
endloop
endfacet
facet normal -0.4573780440422285 0.5965412633713235 -0.6595027262441381
outer loop
vertex -6.921435356140137 45.88755798339844 -7.328281879425049
vertex -4.160388469696045 47.177947998046875 -8.075922966003418
vertex -6.317435264587402 45.3548583984375 -8.229011535644531
endloop
endfacet
facet normal -0.5375950592167513 0.516895782618737 -0.6661908902234411
outer loop
vertex -6.317435264587402 45.3548583984375 -8.229011535644531
vertex -8.966092109680176 43.54792022705078 -7.493627548217773
vertex -7.156989097595215 45.666107177734375 -7.310020923614502
endloop
endfacet
facet normal -0.5394933576052341 0.5218997670818055 -0.6607325860132738
outer loop
vertex -6.317435264587402 45.3548583984375 -8.229011535644531
vertex -8.526750564575195 42.79939270019531 -8.44360065460205
vertex -8.966092109680176 43.54792022705078 -7.493627548217773
endloop
endfacet
facet normal -0.474578686754464 0.5875606858616321 -0.6553987416132387
outer loop
vertex -8.526750564575195 42.79939270019531 -8.44360065460205
vertex -9.171893119812012 43.27735137939453 -7.547961711883545
vertex -9.123641967773438 43.33106994628906 -7.53474235534668
endloop
endfacet
facet normal -0.5425897488851724 0.5193820485914464 -0.6601807722174872
outer loop
vertex -8.966092109680176 43.54792022705078 -7.493627548217773
vertex -8.526750564575195 42.79939270019531 -8.44360065460205
vertex -9.123641967773438 43.33106994628906 -7.53474235534668
endloop
endfacet
facet normal -0.5376023685893948 0.5168880931390691 -0.6661909579528451
outer loop
vertex -6.921435356140137 45.88755798339844 -7.328281879425049
vertex -6.317435264587402 45.3548583984375 -8.229011535644531
vertex -7.018077373504639 45.805015563964844 -7.314337253570557
endloop
endfacet
facet normal -0.5375905154098823 0.5169027966311492 -0.6661891147236149
outer loop
vertex -6.317435264587402 45.3548583984375 -8.229011535644531
vertex -7.156989097595215 45.666107177734375 -7.310020923614502
vertex -7.018077373504639 45.805015563964844 -7.314337253570557
endloop
endfacet
facet normal -0.014438191738918705 0.7636496116524238 -0.6454694487289175
outer loop
vertex -10.728034019470215 41.74723815917969 -8.531951904296875
vertex -19.26883888244629 41.573421478271484 -8.546547889709473
vertex -19.60946273803711 42.300567626953125 -7.678647994995117
endloop
endfacet
facet normal -0.01443841133384999 0.7636483610587936 -0.6454709233810404
outer loop
vertex -10.728034019470215 41.74723815917969 -8.531951904296875
vertex -19.60946273803711 42.300567626953125 -7.678647994995117
vertex -11.004834175109863 42.30453109741211 -7.866434097290039
endloop
endfacet
facet normal -0.014444662820531633 0.76364700495274 -0.6454723879010712
outer loop
vertex -10.741342544555664 42.34204864501953 -7.827944278717041
vertex -10.728034019470215 41.74723815917969 -8.531951904296875
vertex -11.004834175109863 42.30453109741211 -7.866434097290039
endloop
endfacet
facet normal -0.20575901739422806 0.7349364494245625 -0.6461668840695716
outer loop
vertex -10.181873321533203 42.49399948120117 -7.749885082244873
vertex -10.20585823059082 41.80385971069336 -8.52719783782959
vertex -10.345061302185059 42.44152069091797 -7.7576093673706055
endloop
endfacet
facet normal -0.08825420868113713 0.7600576407950675 -0.6438350544348316
outer loop
vertex -10.728034019470215 41.74723815917969 -8.531951904296875
vertex -10.741342544555664 42.34204864501953 -7.827944278717041
vertex -10.585295677185059 42.36426544189453 -7.8231072425842285
endloop
endfacet
facet normal -0.07649025505518588 0.759634894087227 -0.6458359455517166
outer loop
vertex -10.20585823059082 41.80385971069336 -8.52719783782959
vertex -10.728034019470215 41.74723815917969 -8.531951904296875
vertex -10.585295677185059 42.36426544189453 -7.8231072425842285
endloop
endfacet
facet normal -0.20575550114946678 0.7349369487107625 -0.6461674358604321
outer loop
vertex -9.645051956176758 41.97338104248047 -8.512962341308594
vertex -10.20585823059082 41.80385971069336 -8.52719783782959
vertex -10.181873321533203 42.49399948120117 -7.749885082244873
endloop
endfacet
facet normal -0.5479113742247455 0.5071208913634667 -0.6652980742027395
outer loop
vertex -9.171893119812012 43.27735137939453 -7.547961711883545
vertex -8.675195693969727 42.619144439697266 -8.458736419677734
vertex -9.28338623046875 43.15323257446289 -7.550749778747559
endloop
endfacet
facet normal -0.4496688523534894 0.6050183831462949 -0.6570773769337512
outer loop
vertex -8.675195693969727 42.619144439697266 -8.458736419677734
vertex -9.468945503234863 42.946651458740234 -7.613976955413818
vertex -9.28338623046875 43.15323257446289 -7.550749778747559
endloop
endfacet
facet normal -0.44965729378125485 0.6050281210839918 -0.6570763204125475
outer loop
vertex -9.468945503234863 42.946651458740234 -7.613976955413818
vertex -9.12821102142334 42.2486686706543 -8.489846229553223
vertex -9.583677291870117 42.85933303833008 -7.615864276885986
endloop
endfacet
facet normal -0.547921247957856 0.5071117889893212 -0.6652968807264588
outer loop
vertex -8.526750564575195 42.79939270019531 -8.44360065460205
vertex -8.675195693969727 42.619144439697266 -8.458736419677734
vertex -9.171893119812012 43.27735137939453 -7.547961711883545
endloop
endfacet
facet normal -0.33412912438749265 0.6819500207578906 -0.6506165517602208
outer loop
vertex -9.12821102142334 42.2486686706543 -8.489846229553223
vertex -9.806158065795898 42.690006256103516 -7.679089069366455
vertex -9.583677291870117 42.85933303833008 -7.615864276885986
endloop
endfacet
facet normal -0.33413053425933553 0.6819488258067239 -0.6506170802064771
outer loop
vertex -9.645051956176758 41.97338104248047 -8.512962341308594
vertex -9.806158065795898 42.690006256103516 -7.679089069366455
vertex -9.12821102142334 42.2486686706543 -8.489846229553223
endloop
endfacet
facet normal -0.44966477084868633 0.6050234487623157 -0.6570755057870837
outer loop
vertex -8.675195693969727 42.619144439697266 -8.458736419677734
vertex -9.12821102142334 42.2486686706543 -8.489846229553223
vertex -9.468945503234863 42.946651458740234 -7.613976955413818
endloop
endfacet
facet normal -0.3341308871108717 0.6819486950725538 -0.6506170360260658
outer loop
vertex -9.806158065795898 42.690006256103516 -7.679089069366455
vertex -9.645051956176758 41.97338104248047 -8.512962341308594
vertex -9.94063663482666 42.619850158691406 -7.683560848236084
endloop
endfacet
facet normal -0.06947643280077785 0.7619498138898956 -0.643898677121201
outer loop
vertex -10.20585823059082 41.80385971069336 -8.52719783782959
vertex -10.585295677185059 42.36426544189453 -7.8231072425842285
vertex -10.345061302185059 42.44152069091797 -7.7576093673706055
endloop
endfacet
facet normal -0.20575543305640004 0.7349369869521963 -0.6461674140479389
outer loop
vertex -9.645051956176758 41.97338104248047 -8.512962341308594
vertex -10.181873321533203 42.49399948120117 -7.749885082244873
vertex -9.94063663482666 42.619850158691406 -7.683560848236084
endloop
endfacet
facet normal -0.5008659928718436 0.556548160898976 -0.6628630339553335
outer loop
vertex -19.60946273803711 42.300567626953125 -7.678647994995117
vertex -19.26883888244629 41.573421478271484 -8.546547889709473
vertex -19.688037872314453 42.300533294677734 -7.619304656982422
endloop
endfacet
facet normal -0.5008775354203269 0.5565395759097358 -0.6628615201966928
outer loop
vertex -19.26883888244629 41.573421478271484 -8.546547889709473
vertex -21.03518295288086 40.95338821411133 -7.732427597045898
vertex -19.688037872314453 42.300533294677734 -7.619304656982422
endloop
endfacet
facet normal -0.5008775370541036 0.556539514639467 -0.6628615704047728
outer loop
vertex -19.26883888244629 41.573421478271484 -8.546547889709473
vertex -20.233583450317383 40.60867691040039 -8.627559661865234
vertex -21.03518295288086 40.95338821411133 -7.732427597045898
endloop
endfacet
facet normal -0.6958742493164041 0.18426540419898144 -0.6941219561098159
outer loop
vertex -21.03518295288086 40.95338821411133 -7.732427597045898
vertex -20.233583450317383 40.60867691040039 -8.627559661865234
vertex -21.152503967285156 40.83606719970703 -7.6459550857543945
endloop
endfacet
facet normal -0.6944409649853711 0.18413146957517262 -0.6955913657186047
outer loop
vertex -20.233583450317383 40.60867691040039 -8.627559661865234
vertex -20.35509490966797 39.9374885559082 -8.683920860290527
vertex -21.180309295654297 40.015960693359375 -7.839298725128174
endloop
endfacet
facet normal -0.6958574848087591 0.19060546458044245 -0.6924246657273998
outer loop
vertex -20.233583450317383 40.60867691040039 -8.627559661865234
vertex -21.180309295654297 40.015960693359375 -7.839298725128174
vertex -21.152503967285156 40.38045120239258 -7.766907691955566
endloop
endfacet
facet normal -0.695873354362001 0.1842688943386929 -0.6941219268026134
outer loop
vertex -20.233583450317383 40.60867691040039 -8.627559661865234
vertex -21.152503967285156 40.38045120239258 -7.766907691955566
vertex -21.152503967285156 40.83606719970703 -7.6459550857543945
endloop
endfacet
facet normal -0.4775381612316653 0.5788334303556373 -0.6609910471936861
outer loop
vertex -21.771745681762695 38.74531555175781 -8.050601959228516
vertex -21.278167724609375 38.26934814453125 -8.82399845123291
vertex -21.967382431030273 38.53373336791992 -8.0945463180542
endloop
endfacet
facet normal -0.4495529377735903 0.6051183304116222 -0.6570646561328538
outer loop
vertex -21.967382431030273 38.53373336791992 -8.0945463180542
vertex -21.60189437866211 37.98748779296875 -8.847667694091797
vertex -22.07938003540039 38.44773864746094 -8.097115516662598
endloop
endfacet
facet normal -0.4675443899123185 0.5921092882363735 -0.6563602930142354
outer loop
vertex -21.278167724609375 38.26934814453125 -8.82399845123291
vertex -21.60189437866211 37.98748779296875 -8.847667694091797
vertex -21.967382431030273 38.53373336791992 -8.0945463180542
endloop
endfacet
facet normal -0.5479101313205664 0.5071220488954254 -0.665298215479634
outer loop
vertex -21.679685592651367 38.84487533569336 -8.037846565246582
vertex -21.18320083618164 38.35990905761719 -8.816393852233887
vertex -21.70467758178711 38.817848205566406 -8.03786563873291
endloop
endfacet
facet normal -0.48893875258186487 0.5683087759015205 -0.6617885096139138
outer loop
vertex -21.771745681762695 38.74531555175781 -8.050601959228516
vertex -21.70467758178711 38.817848205566406 -8.03786563873291
vertex -21.18320083618164 38.35990905761719 -8.816393852233887
endloop
endfacet
facet normal -0.5479200378941891 0.5071115979268098 -0.6652980229356975
outer loop
vertex -20.81142234802246 38.811336517333984 -8.778487205505371
vertex -21.18320083618164 38.35990905761719 -8.816393852233887
vertex -21.679685592651367 38.84487533569336 -8.037846565246582
endloop
endfacet
facet normal -0.48894349575490426 0.5683035265860416 -0.6617895130846683
outer loop
vertex -21.18320083618164 38.35990905761719 -8.816393852233887
vertex -21.278167724609375 38.26934814453125 -8.82399845123291
vertex -21.771745681762695 38.74531555175781 -8.050601959228516
endloop
endfacet
facet normal -0.5508077664130667 0.4999094390427387 -0.6683572077976141
outer loop
vertex -20.81142234802246 38.811336517333984 -8.778487205505371
vertex -21.679685592651367 38.84487533569336 -8.037846565246582
vertex -21.448673248291016 39.20014190673828 -7.962501049041748
endloop
endfacet
facet normal -0.6933064215866146 0.19031819639656447 -0.6950576881864714
outer loop
vertex -20.35509490966797 39.9374885559082 -8.683920860290527
vertex -20.36504554748535 39.88520431518555 -8.688311576843262
vertex -21.180309295654297 40.015960693359375 -7.839298725128174
endloop
endfacet
facet normal -0.6782899242052449 0.26406231205371633 -0.6857068426627291
outer loop
vertex -20.36504554748535 39.88520431518555 -8.688311576843262
vertex -20.53516387939453 39.32636642456055 -8.735239028930664
vertex -21.280982971191406 39.58932113647461 -7.896224498748779
endloop
endfacet
facet normal -0.6782990251780445 0.25214551980131955 -0.6901688701228397
outer loop
vertex -20.36504554748535 39.88520431518555 -8.688311576843262
vertex -21.280982971191406 39.58932113647461 -7.896224498748779
vertex -21.180309295654297 40.015960693359375 -7.839298725128174
endloop
endfacet
facet normal -0.6251157327133697 0.39198598658632855 -0.6749646709526134
outer loop
vertex -20.53516387939453 39.32636642456055 -8.735239028930664
vertex -20.81142234802246 38.811336517333984 -8.778487205505371
vertex -21.448673248291016 39.20014190673828 -7.962501049041748
endloop
endfacet
facet normal -0.6264194473950896 0.3853063822534523 -0.6775969803061309
outer loop
vertex -20.53516387939453 39.32636642456055 -8.735239028930664
vertex -21.448673248291016 39.20014190673828 -7.962501049041748
vertex -21.280982971191406 39.58932113647461 -7.896224498748779
endloop
endfacet
facet normal 0.11956038553510392 0.7536506113784546 -0.6463095776635055
outer loop
vertex -43.917945861816406 41.37601089477539 -7.751184940338135
vertex -43.197654724121094 41.300445556640625 -7.706054210662842
vertex -43.88473129272461 40.62000274658203 -8.626608848571777
endloop
endfacet
facet normal 0.11956166075013398 0.7536499880015882 -0.6463100686697336
outer loop
vertex -24.11952018737793 37.24105453491211 -8.910346984863281
vertex -43.88473129272461 40.62000274658203 -8.626608848571777
vertex -43.197654724121094 41.300445556640625 -7.706054210662842
endloop
endfacet
facet normal 0.1189401446627026 0.7515031069964987 -0.6489193495051788
outer loop
vertex -23.994155883789062 37.90761947631836 -8.11543083190918
vertex -24.11952018737793 37.24105453491211 -8.910346984863281
vertex -43.197654724121094 41.300445556640625 -7.706054210662842
endloop
endfacet
facet normal 0.05994022718090515 0.7606016992333808 -0.646445840182142
outer loop
vertex -23.614042282104492 37.198158264160156 -8.913949012756348
vertex -24.11952018737793 37.24105453491211 -8.910346984863281
vertex -23.92416763305664 37.8952522277832 -8.12251091003418
endloop
endfacet
facet normal -0.44966577407973213 0.6050222524455234 -0.6570759207785815
outer loop
vertex -22.07938003540039 38.44773864746094 -8.097115516662598
vertex -21.953176498413086 37.70021057128906 -8.871790885925293
vertex -22.303499221801758 38.27565002441406 -8.10219669342041
endloop
endfacet
facet normal -0.06947922108458068 0.7619496599483296 -0.643898558425242
outer loop
vertex -23.03082275390625 37.255401611328125 -8.90914249420166
vertex -23.614042282104492 37.198158264160156 -8.913949012756348
vertex -23.500520706176758 37.885074615478516 -8.113344192504883
endloop
endfacet
facet normal -0.20575640521575525 0.7349375434944675 -0.6461664714878108
outer loop
vertex -22.47001838684082 37.424922943115234 -8.894906997680664
vertex -23.03082275390625 37.255401611328125 -8.90914249420166
vertex -23.081241607666016 37.94659423828125 -8.106938362121582
endloop
endfacet
facet normal -0.33413057393373663 0.6819499565810171 -0.6506158746002595
outer loop
vertex -21.953176498413086 37.70021057128906 -8.871790885925293
vertex -22.47001838684082 37.424922943115234 -8.894906997680664
vertex -22.3601131439209 38.24580764770508 -8.090930938720703
endloop
endfacet
facet normal -0.449663235071938 0.6050233932101521 -0.6570766079332856
outer loop
vertex -21.60189437866211 37.98748779296875 -8.847667694091797
vertex -21.953176498413086 37.70021057128906 -8.871790885925293
vertex -22.07938003540039 38.44773864746094 -8.097115516662598
endloop
endfacet
facet normal 0.06946927024409989 0.7619498903793263 -0.6438993594054004
outer loop
vertex -23.92416763305664 37.8952522277832 -8.12251091003418
vertex -23.614042282104492 37.88780212402344 -8.097867965698242
vertex -23.614042282104492 37.198158264160156 -8.913949012756348
endloop
endfacet
facet normal -0.06947493905387278 0.7619495888498269 -0.6438991045925132
outer loop
vertex -23.500520706176758 37.885074615478516 -8.113344192504883
vertex -23.614042282104492 37.198158264160156 -8.913949012756348
vertex -23.614042282104492 37.88780212402344 -8.097867965698242
endloop
endfacet
facet normal -0.06947364498294237 0.7619516313974839 -0.6438968271885621
outer loop
vertex -23.500520706176758 37.885074615478516 -8.113344192504883
vertex -23.1785945892334 37.932308197021484 -8.092185020446777
vertex -23.03082275390625 37.255401611328125 -8.90914249420166
endloop
endfacet
facet normal -0.2057708110642414 0.7349347957265145 -0.646165009377938
outer loop
vertex -23.081241607666016 37.94659423828125 -8.106938362121582
vertex -23.03082275390625 37.255401611328125 -8.90914249420166
vertex -23.1785945892334 37.932308197021484 -8.092185020446777
endloop
endfacet
facet normal -0.20575418001386472 0.7349388965001075 -0.6461656411617897
outer loop
vertex -22.47001838684082 37.424922943115234 -8.894906997680664
vertex -23.081241607666016 37.94659423828125 -8.106938362121582
vertex -22.756925582885742 38.05241394042969 -8.089850425720215
endloop
endfacet
facet normal -0.33414049912736743 0.6819456815134718 -0.6506152582809905
outer loop
vertex -22.47001838684082 37.424922943115234 -8.894906997680664
vertex -22.756925582885742 38.05241394042969 -8.089850425720215
vertex -22.678375244140625 38.07804489135742 -8.103326797485352
endloop
endfacet
facet normal -0.33412988866490645 0.6819500813876316 -0.6506160957094282
outer loop
vertex -22.3601131439209 38.24580764770508 -8.090930938720703
vertex -22.47001838684082 37.424922943115234 -8.894906997680664
vertex -22.678375244140625 38.07804489135742 -8.103326797485352
endloop
endfacet
facet normal -0.44967112064415377 0.6050186008377296 -0.657075624185669
outer loop
vertex -21.953176498413086 37.70021057128906 -8.871790885925293
vertex -22.3601131439209 38.24580764770508 -8.090930938720703
vertex -22.303499221801758 38.27565002441406 -8.10219669342041
endloop
endfacet
facet normal 0.06864847664034504 0.7590930471945478 -0.6473524019850826
outer loop
vertex -23.92416763305664 37.8952522277832 -8.12251091003418
vertex -24.11952018737793 37.24105453491211 -8.910346984863281
vertex -23.994155883789062 37.90761947631836 -8.11543083190918
endloop
endfacet
facet normal -0.17509424702662554 0.7418521584051908 -0.6473000693092336
outer loop
vertex -43.88473129272461 40.62000274658203 -8.626608848571777
vertex -44.90863800048828 41.318077087402344 -7.549599647521973
vertex -43.917945861816406 41.37601089477539 -7.751184940338135
endloop
endfacet
facet normal -0.17509347798558453 0.7418526818311616 -0.6472996774499621
outer loop
vertex -43.88473129272461 40.62000274658203 -8.626608848571777
vertex -45.86320114135742 41.07496643066406 -7.570014476776123
vertex -44.90863800048828 41.318077087402344 -7.549599647521973
endloop
endfacet
facet normal -0.1750946817582776 0.7418508107029688 -0.6473014962745842
outer loop
vertex -45.86320114135742 41.07496643066406 -7.570014476776123
vertex -46.27757263183594 40.010581970214844 -8.677783012390137
vertex -46.6776123046875 40.69242477416992 -7.788135051727295
endloop
endfacet
facet normal -0.1750948485955954 0.7418508189034794 -0.6473014417468286
outer loop
vertex -43.88473129272461 40.62000274658203 -8.626608848571777
vertex -46.27757263183594 40.010581970214844 -8.677783012390137
vertex -45.86320114135742 41.07496643066406 -7.570014476776123
endloop
endfacet
facet normal -0.4691518338937152 0.5863636520294899 -0.6603591631323089
outer loop
vertex -46.27757263183594 40.010581970214844 -8.677783012390137
vertex -46.754783630371094 40.65617752075195 -7.765494346618652
vertex -46.6776123046875 40.69242477416992 -7.788135051727295
endloop
endfacet
facet normal -0.4691672418548711 0.5863517402093453 -0.6603587933266014
outer loop
vertex -46.27757263183594 40.010581970214844 -8.677783012390137
vertex -47.55137252807617 40.076744079589844 -7.7140350341796875
vertex -46.754783630371094 40.65617752075195 -7.765494346618652
endloop
endfacet
facet normal -0.46916566736905174 0.5863550850823456 -0.6603569419338511
outer loop
vertex -46.27757263183594 40.010581970214844 -8.677783012390137
vertex -48.12749481201172 39.46101760864258 -7.851441860198975
vertex -47.55137252807617 40.076744079589844 -7.7140350341796875
endloop
endfacet
facet normal -0.4691656842163117 0.5863548621570626 -0.66035712790778
outer loop
vertex -46.27757263183594 40.010581970214844 -8.677783012390137
vertex -47.425811767578125 38.99586868286133 -8.762990951538086
vertex -48.12749481201172 39.46101760864258 -7.851441860198975
endloop
endfacet
facet normal -0.6316616616565833 0.3758640000802396 -0.6780337739647824
outer loop
vertex -47.425811767578125 38.99586868286133 -8.762990951538086
vertex -48.74965286254883 38.524169921875 -7.791173458099365
vertex -48.22438430786133 39.35747146606445 -7.818582057952881
endloop
endfacet
facet normal -0.6316616894624711 0.37586307523409507 -0.6780342607427634
outer loop
vertex -47.425811767578125 38.99586868286133 -8.762990951538086
vertex -49.048465728759766 37.759864807128906 -7.936483860015869
vertex -48.74965286254883 38.524169921875 -7.791173458099365
endloop
endfacet
facet normal -0.6316545519072013 0.37587748146313926 -0.678032923967443
outer loop
vertex -47.425811767578125 38.99586868286133 -8.762990951538086
vertex -48.22438430786133 39.35747146606445 -7.818582057952881
vertex -48.12749481201172 39.46101760864258 -7.851441860198975
endloop
endfacet
facet normal -0.6316624227393541 0.375865330810931 -0.6780323272480738
outer loop
vertex -47.425811767578125 38.99586868286133 -8.762990951538086
vertex -48.15978240966797 37.54218673706055 -8.88506031036377
vertex -49.048465728759766 37.759864807128906 -7.936483860015869
endloop
endfacet
facet normal -0.6959755108404693 0.18370983652136824 -0.694167691754406
outer loop
vertex -48.15978240966797 37.54218673706055 -8.88506031036377
vertex -52.09332275390625 20.839920043945312 -9.361491203308105
vertex -49.10832977294922 37.606754302978516 -7.91695499420166
endloop
endfacet
facet normal -0.6965470462583772 0.18382719257467955 -0.6935631013965793
outer loop
vertex -52.09332275390625 20.839920043945312 -9.361491203308105
vertex -48.15978240966797 37.54218673706055 -8.88506031036377
vertex -51.186492919921875 20.75505828857422 -10.29471492767334
endloop
endfacet
facet normal -0.6959965555147011 0.18358389171290027 -0.6941799114172188
outer loop
vertex -49.048465728759766 37.759864807128906 -7.936483860015869
vertex -48.15978240966797 37.54218673706055 -8.88506031036377
vertex -49.10832977294922 37.606754302978516 -7.91695499420166
endloop
endfacet
facet normal -0.5454423853751954 0.5182043297279669 -0.6587540336782807
outer loop
vertex -51.8076171875 19.41962242126465 -10.406854629516602
vertex -52.65836715698242 19.438976287841797 -9.687216758728027
vertex -52.42075729370117 19.78986167907715 -9.60793399810791
endloop
endfacet
facet normal -0.5517861648150976 0.5022064245734761 -0.6658233515248406
outer loop
vertex -51.8076171875 19.41962242126465 -10.406854629516602
vertex -52.08958053588867 19.071012496948242 -10.436127662658691
vertex -52.65836715698242 19.438976287841797 -9.687216758728027
endloop
endfacet
facet normal -0.6251165461347346 0.3919841348997463 -0.6749649929703596
outer loop
vertex -51.362159729003906 20.140098571777344 -10.346354484558105
vertex -51.6384162902832 19.62506866455078 -10.389602661132812
vertex -52.320674896240234 20.01068115234375 -9.533787727355957
endloop
endfacet
facet normal -0.6251168020713748 0.39198279157607896 -0.6749655360655697
outer loop
vertex -52.24582290649414 20.175838470458984 -9.507197380065918
vertex -52.18536376953125 20.405324935913086 -9.42991828918457
vertex -51.362159729003906 20.140098571777344 -10.346354484558105
endloop
endfacet
facet normal -0.6251168375596445 0.39198267889546196 -0.6749655686369241
outer loop
vertex -51.362159729003906 20.140098571777344 -10.346354484558105
vertex -52.320674896240234 20.01068115234375 -9.533787727355957
vertex -52.24582290649414 20.175838470458984 -9.507197380065918
endloop
endfacet
facet normal -0.7053978016079951 0.12825782726540266 -0.6971110895917275
outer loop
vertex -51.186492919921875 20.75505828857422 -10.29471492767334
vertex -51.192039489746094 20.698936462402344 -10.29942798614502
vertex -52.10017013549805 20.801462173461914 -9.361639022827148
endloop
endfacet
facet normal -0.6782882089866329 0.2640659417986106 -0.685707141520138
outer loop
vertex -52.14012908935547 20.57701301574707 -9.408546447753906
vertex -51.362159729003906 20.140098571777344 -10.346354484558105
vertex -52.18536376953125 20.405324935913086 -9.42991828918457
endloop
endfacet
facet normal -0.6782895903143713 0.2640620508436035 -0.6857072735325422
outer loop
vertex -52.10017013549805 20.801462173461914 -9.361639022827148
vertex -51.192039489746094 20.698936462402344 -10.29942798614502
vertex -52.14012908935547 20.57701301574707 -9.408546447753906
endloop
endfacet
facet normal -0.6782894372888159 0.2640633166524561 -0.6857069374455287
outer loop
vertex -51.192039489746094 20.698936462402344 -10.29942798614502
vertex -51.362159729003906 20.140098571777344 -10.346354484558105
vertex -52.14012908935547 20.57701301574707 -9.408546447753906
endloop
endfacet
facet normal -0.5726936377303397 0.4821738295815945 -0.6629708857633266
outer loop
vertex -52.320674896240234 20.01068115234375 -9.533787727355957
vertex -51.8076171875 19.41962242126465 -10.406854629516602
vertex -52.42075729370117 19.78986167907715 -9.60793399810791
endloop
endfacet
facet normal -0.7053958537763106 0.1282744205046934 -0.6971100074732646
outer loop
vertex -52.10017013549805 20.801462173461914 -9.361639022827148
vertex -52.09332275390625 20.839920043945312 -9.361491203308105
vertex -51.186492919921875 20.75505828857422 -10.29471492767334
endloop
endfacet
facet normal -0.5479154852879203 0.5071179298282283 -0.6652969459034322
outer loop
vertex -51.6384162902832 19.62506866455078 -10.389602661132812
vertex -51.8076171875 19.41962242126465 -10.406854629516602
vertex -52.320674896240234 20.01068115234375 -9.533787727355957
endloop
endfacet
facet normal -0.14022148387148892 0.7532258039022457 -0.6426420650694238
outer loop
vertex -53.7762451171875 18.023826599121094 -10.524063110351562
vertex -54.33272171020508 18.534320831298828 -9.804304122924805
vertex -54.07646560668945 18.567041397094727 -9.821866989135742
endloop
endfacet
facet normal -0.1634548335630855 0.7452681073724297 -0.6464193418504592
outer loop
vertex -53.91656494140625 18.615928649902344 -9.805936813354492
vertex -53.7762451171875 18.023826599121094 -10.524063110351562
vertex -54.07646560668945 18.567041397094727 -9.821866989135742
endloop
endfacet
facet normal -0.14929257504989332 0.7483969424062286 -0.6462304106369339
outer loop
vertex -53.7762451171875 18.023826599121094 -10.524063110351562
vertex -54.19062042236328 17.934703826904297 -10.531546592712402
vertex -54.33272171020508 18.534320831298828 -9.804304122924805
endloop
endfacet
facet normal -0.44966685693994174 0.6050217394958046 -0.6570756520426128
outer loop
vertex -52.745174407958984 18.454557418823242 -10.487893104553223
vertex -52.95182800292969 19.133262634277344 -9.721532821655273
vertex -52.29216003417969 18.825035095214844 -10.456783294677734
endloop
endfacet
facet normal -0.5479185145855571 0.5071142148176621 -0.6652972828023745
outer loop
vertex -52.08958053588867 19.071012496948242 -10.436127662658691
vertex -52.81064224243164 19.280344009399414 -9.682723045349121
vertex -52.65836715698242 19.438976287841797 -9.687216758728027
endloop
endfacet
facet normal -0.33412964164645415 0.6819504563794294 -0.6506158295162361
outer loop
vertex -53.26201629638672 18.179269790649414 -10.51101016998291
vertex -53.29270935058594 18.881505966186523 -9.759190559387207
vertex -52.745174407958984 18.454557418823242 -10.487893104553223
endloop
endfacet
facet normal -0.44966659417828087 0.6050220496240172 -0.6570755463025988
outer loop
vertex -52.29216003417969 18.825035095214844 -10.456783294677734
vertex -52.95182800292969 19.133262634277344 -9.721532821655273
vertex -52.81064224243164 19.280344009399414 -9.682723045349121
endloop
endfacet
facet normal -0.20575765748580616 0.734936647727892 -0.6461670915579361
outer loop
vertex -53.26201629638672 18.179269790649414 -10.51101016998291
vertex -53.7762451171875 18.023826599121094 -10.524063110351562
vertex -53.67121505737305 18.690940856933594 -9.798746109008789
endloop
endfacet
facet normal -0.20575848144849154 0.7349365781851341 -0.6461669082810857
outer loop
vertex -53.67121505737305 18.690940856933594 -9.798746109008789
vertex -53.7762451171875 18.023826599121094 -10.524063110351562
vertex -53.91656494140625 18.615928649902344 -9.805936813354492
endloop
endfacet
facet normal -0.20574744826862143 0.7349415600430911 -0.6461647551920319
outer loop
vertex -53.67121505737305 18.690940856933594 -9.798746109008789
vertex -53.52875900268555 18.76266098022461 -9.762532234191895
vertex -53.26201629638672 18.179269790649414 -10.51101016998291
endloop
endfacet
facet normal -0.3341335895741761 0.681949352217184 -0.6506149593491061
outer loop
vertex -53.29270935058594 18.881505966186523 -9.759190559387207
vertex -53.26201629638672 18.179269790649414 -10.51101016998291
vertex -53.52875900268555 18.76266098022461 -9.762532234191895
endloop
endfacet
facet normal -0.33413049916663373 0.6819497925653711 -0.6506160849123723
outer loop
vertex -52.745174407958984 18.454557418823242 -10.487893104553223
vertex -53.29270935058594 18.881505966186523 -9.759190559387207
vertex -53.144989013671875 18.990604400634766 -9.720701217651367
endloop
endfacet
facet normal -0.4496655721924682 0.6050224179993255 -0.6570759065002075
outer loop
vertex -52.745174407958984 18.454557418823242 -10.487893104553223
vertex -53.144989013671875 18.990604400634766 -9.720701217651367
vertex -52.95182800292969 19.133262634277344 -9.721532821655273
endloop
endfacet
facet normal -0.5479176360053791 0.5071157189580582 -0.6652968598602648
outer loop
vertex -52.08958053588867 19.071012496948242 -10.436127662658691
vertex -52.29216003417969 18.825035095214844 -10.456783294677734
vertex -52.81064224243164 19.280344009399414 -9.682723045349121
endloop
endfacet
facet normal 0.42053309123406973 0.6272220397017775 -0.6555489547619304
outer loop
vertex -56.127933502197266 19.036426544189453 -9.635730743408203
vertex -56.606075286865234 18.467493057250977 -10.486806869506836
vertex -56.913841247558594 19.74278450012207 -9.4640531539917
endloop
endfacet
facet normal 0.4244073164899346 0.6260805308401768 -0.6541418795740683
outer loop
vertex -56.606075286865234 18.467493057250977 -10.486806869506836
vertex -57.815513610839844 20.311851501464844 -9.506251335144043
vertex -57.73908233642578 20.28062629699707 -9.48654842376709
endloop
endfacet
facet normal 0.4204824254913724 0.625264749194639 -0.6574484947640065
outer loop
vertex -56.606075286865234 18.467493057250977 -10.486806869506836
vertex -58.19276428222656 19.63785743713379 -10.388528823852539
vertex -57.815513610839844 20.311851501464844 -9.506251335144043
endloop
endfacet
facet normal 0.42601919920547443 0.626360929919634 -0.6528243464964659
outer loop
vertex -56.913841247558594 19.74278450012207 -9.4640531539917
vertex -56.606075286865234 18.467493057250977 -10.486806869506836
vertex -57.73908233642578 20.28062629699707 -9.48654842376709
endloop
endfacet
facet normal -0.06947407358266632 0.7619502902718653 -0.6438983679544857
outer loop
vertex -54.2371940612793 17.920623779296875 -10.532729148864746
vertex -54.82041549682617 17.863384246826172 -10.537535667419434
vertex -54.496822357177734 18.513368606567383 -9.803297996520996
endloop
endfacet
facet normal -0.20577743120094052 0.7349323524219488 -0.6461656801253706
outer loop
vertex -54.33272171020508 18.534320831298828 -9.804304122924805
vertex -54.2371940612793 17.920623779296875 -10.532729148864746
vertex -54.37012481689453 18.529544830322266 -9.79782485961914
endloop
endfacet
facet normal -0.06946752899817264 0.7619518111148755 -0.6438972743797329
outer loop
vertex -54.496822357177734 18.513368606567383 -9.803297996520996
vertex -54.37012481689453 18.529544830322266 -9.79782485961914
vertex -54.2371940612793 17.920623779296875 -10.532729148864746
endloop
endfacet
facet normal 0.06947506081494856 0.7619505746229202 -0.6438979249512773
outer loop
vertex -54.920204162597656 18.531463623046875 -9.757737159729004
vertex -54.82041549682617 17.863384246826172 -10.537535667419434
vertex -55.25454330444336 18.603572845458984 -9.708481788635254
endloop
endfacet
facet normal 0.06947458849195577 0.7619505699762675 -0.6438979814122067
outer loop
vertex -54.82041549682617 18.527198791503906 -9.7520170211792
vertex -54.82041549682617 17.863384246826172 -10.537535667419434
vertex -54.920204162597656 18.531463623046875 -9.757737159729004
endloop
endfacet
facet normal 0.20575966665917206 0.7349366629210382 -0.6461664344971771
outer loop
vertex -55.25454330444336 18.603572845458984 -9.708481788635254
vertex -55.40363311767578 17.920623779296875 -10.532729148864746
vertex -55.334449768066406 18.620807647705078 -9.714323997497559
endloop
endfacet
facet normal -0.06947550802033821 0.7619505210635152 -0.6438979400777374
outer loop
vertex -54.496822357177734 18.513368606567383 -9.803297996520996
vertex -54.82041549682617 17.863384246826172 -10.537535667419434
vertex -54.82041549682617 18.527198791503906 -9.7520170211792
endloop
endfacet
facet normal -0.2057764559878998 0.7349325738790409 -0.6461657388105532
outer loop
vertex -54.19062042236328 17.934703826904297 -10.531546592712402
vertex -54.2371940612793 17.920623779296875 -10.532729148864746
vertex -54.33272171020508 18.534320831298828 -9.804304122924805
endloop
endfacet
facet normal 0.06947454802011951 0.7619504719367737 -0.643898101793077
outer loop
vertex -54.82041549682617 17.863384246826172 -10.537535667419434
vertex -55.40363311767578 17.920623779296875 -10.532729148864746
vertex -55.25454330444336 18.603572845458984 -9.708481788635254
endloop
endfacet
facet normal 0.334129146953986 0.681949507686014 -0.6506170779518506
outer loop
vertex -55.7276496887207 18.778831481933594 -9.675036430358887
vertex -55.964439392089844 18.090145111083984 -10.51849365234375
vertex -56.03281784057617 18.966707229614258 -9.634834289550781
endloop
endfacet
facet normal 0.4496814519248722 0.6050101171942579 -0.6570763653391659
outer loop
vertex -56.08851623535156 19.00099754333496 -9.641376495361328
vertex -56.606075286865234 18.467493057250977 -10.486806869506836
vertex -56.127933502197266 19.036426544189453 -9.635730743408203
endloop
endfacet
facet normal 0.44965971314534176 0.6050282076100931 -0.6570745850892171
outer loop
vertex -56.03281784057617 18.966707229614258 -9.634834289550781
vertex -56.48127746582031 18.365434646606445 -10.495377540588379
vertex -56.08851623535156 19.00099754333496 -9.641376495361328
endloop
endfacet
facet normal 0.2057543006732924 0.7349377479008228 -0.6461669091379647
outer loop
vertex -55.40363311767578 17.920623779296875 -10.532729148864746
vertex -55.66167449951172 18.752315521240234 -9.6689453125
vertex -55.334449768066406 18.620807647705078 -9.714323997497559
endloop
endfacet
facet normal 0.44966020008528707 0.6050278729704431 -0.6570745599915743
outer loop
vertex -56.48127746582031 18.365434646606445 -10.495377540588379
vertex -56.606075286865234 18.467493057250977 -10.486806869506836
vertex -56.08851623535156 19.00099754333496 -9.641376495361328
endloop
endfacet
facet normal 0.3341347030627293 0.6819483197842534 -0.6506154696536315
outer loop
vertex -55.964439392089844 18.090145111083984 -10.51849365234375
vertex -56.48127746582031 18.365434646606445 -10.495377540588379
vertex -56.03281784057617 18.966707229614258 -9.634834289550781
endloop
endfacet
facet normal 0.20575576338177065 0.7349377341874471 -0.6461664589736968
outer loop
vertex -55.40363311767578 17.920623779296875 -10.532729148864746
vertex -55.964439392089844 18.090145111083984 -10.51849365234375
vertex -55.66167449951172 18.752315521240234 -9.6689453125
endloop
endfacet
facet normal 0.3341458561308215 0.6819423899039472 -0.6506159571380749
outer loop
vertex -55.66167449951172 18.752315521240234 -9.6689453125
vertex -55.964439392089844 18.090145111083984 -10.51849365234375
vertex -55.7276496887207 18.778831481933594 -9.675036430358887
endloop
endfacet
facet normal 0.20487536307074955 0.7335715974080677 -0.6479959853909626
outer loop
vertex -57.815513610839844 20.311851501464844 -9.506251335144043
vertex -58.19276428222656 19.63785743713379 -10.388528823852539
vertex -58.65095520019531 20.653167724609375 -9.383999824523926
endloop
endfacet
facet normal 0.20487296289627313 0.7335714406373162 -0.64799692171753
outer loop
vertex -58.19276428222656 19.63785743713379 -10.388528823852539
vertex -59.61672592163086 20.847034454345703 -9.46987247467041
vertex -58.65095520019531 20.653167724609375 -9.383999824523926
endloop
endfacet
facet normal 0.20487413018543582 0.733572028921037 -0.6479958866886688
outer loop
vertex -58.19276428222656 19.63785743713379 -10.388528823852539
vertex -59.76266860961914 20.111433029174805 -10.348761558532715
vertex -59.61672592163086 20.847034454345703 -9.46987247467041
endloop
endfacet
facet normal -0.000795806855444735 0.7637949782637924 -0.6454584400799649
outer loop
vertex -59.76266860961914 20.111433029174805 -10.348761558532715
vertex -71.2876205444336 20.309709548950195 -10.099924087524414
vertex -71.1952133178711 20.48259735107422 -9.895453453063965
endloop
endfacet
facet normal -0.0007960507126880203 0.7637948142807788 -0.6454586338264083
outer loop
vertex -73.04296875 20.48259735107422 -9.893176078796387
vertex -79.14424896240234 20.875532150268555 -9.420677185058594
vertex -73.0998764038086 20.670190811157227 -9.671119689941406
endloop
endfacet
facet normal -0.0007953118416106062 0.7637995497701736 -0.6454530310177145
outer loop
vertex -73.04296875 20.48259735107422 -9.893176078796387
vertex -79.83553314208984 20.82706069946289 -9.477184295654297
vertex -79.14424896240234 20.875532150268555 -9.420677185058594
endloop
endfacet
facet normal -0.0007957534295081905 0.7638024405773917 -0.6454496096090689
outer loop
vertex -72.75149536132812 20.096866607666016 -10.349985122680664
vertex -79.66050720214844 20.08911895751953 -10.350635528564453
vertex -72.8261947631836 20.158172607421875 -10.277345657348633
endloop
endfacet
facet normal -0.000300468446256233 0.766873530279536 -0.6417981756559569
outer loop
vertex -59.76266860961914 20.111433029174805 -10.348761558532715
vertex -71.11923217773438 20.863821029663086 -9.444429397583008
vertex -59.61672592163086 20.847034454345703 -9.46987247467041
endloop
endfacet
facet normal -0.0007955562762890336 0.7637970985666968 -0.6454559313472198
outer loop
vertex -59.76266860961914 20.111433029174805 -10.348761558532715
vertex -71.1383056640625 20.670190811157227 -9.673537254333496
vertex -71.11923217773438 20.863821029663086 -9.444429397583008
endloop
endfacet
facet normal -0.0007955406691441383 0.7637936549017715 -0.6454600063883412
outer loop
vertex -72.9505615234375 20.309709548950195 -10.09787368774414
vertex -79.66050720214844 20.08911895751953 -10.350635528564453
vertex -73.04296875 20.48259735107422 -9.893176078796387
endloop
endfacet
facet normal -0.0007955583779519016 0.7637938835364906 -0.6454597358155759
outer loop
vertex -79.66050720214844 20.08911895751953 -10.350635528564453
vertex -72.9505615234375 20.309709548950195 -10.09787368774414
vertex -72.8261947631836 20.158172607421875 -10.277345657348633
endloop
endfacet
facet normal -0.0007958063187726812 0.763795535287481 -0.6454577809332019
outer loop
vertex -79.66050720214844 20.08911895751953 -10.350635528564453
vertex -79.83553314208984 20.82706069946289 -9.477184295654297
vertex -73.04296875 20.48259735107422 -9.893176078796387
endloop
endfacet
facet normal -0.000795725799911859 0.7638029016751422 -0.6454490639958231
outer loop
vertex -59.76266860961914 20.111433029174805 -10.348761558532715
vertex -71.48495483398438 20.09828758239746 -10.349865913391113
vertex -71.4119873046875 20.158172607421875 -10.27908992767334
endloop
endfacet
facet normal -0.0007958160516362403 0.7637947631614053 -0.6454586946071954
outer loop
vertex -59.76266860961914 20.111433029174805 -10.348761558532715
vertex -71.4119873046875 20.158172607421875 -10.27908992767334
vertex -71.2876205444336 20.309709548950195 -10.099924087524414
endloop
endfacet
facet normal -0.0007958019329495044 0.7637950402741427 -0.6454583667068732
outer loop
vertex -59.76266860961914 20.111433029174805 -10.348761558532715
vertex -71.1952133178711 20.48259735107422 -9.895453453063965
vertex -71.1383056640625 20.670190811157227 -9.673537254333496
endloop
endfacet
facet normal -0.0007957902209756803 0.7637979527850406 -0.6454549202224004
outer loop
vertex -73.0998764038086 20.670190811157227 -9.671119689941406
vertex -79.14424896240234 20.875532150268555 -9.420677185058594
vertex -73.11894989013672 20.86673927307129 -9.43851089477539
endloop
endfacet
facet normal -0.29174013495396334 0.7010285176439703 -0.6507278318213696
outer loop
vertex -79.87467193603516 20.824316024780273 -9.462592124938965
vertex -79.66050720214844 20.08911895751953 -10.350635528564453
vertex -80.83280944824219 20.595701217651367 -9.279317855834961
endloop
endfacet
facet normal -0.29177111704028835 0.7010173046600886 -0.6507260205556303
outer loop
vertex -79.83553314208984 20.82706069946289 -9.477184295654297
vertex -79.66050720214844 20.08911895751953 -10.350635528564453
vertex -79.87467193603516 20.824316024780273 -9.462592124938965
endloop
endfacet
facet normal -0.29173928656439474 0.7010293618912317 -0.6507273026708427
outer loop
vertex -79.66050720214844 20.08911895751953 -10.350635528564453
vertex -81.73063659667969 20.19047737121582 -9.313344955444336
vertex -80.83280944824219 20.595701217651367 -9.279317855834961
endloop
endfacet
facet normal -0.2917400726384001 0.7010277268516393 -0.650728711678042
outer loop
vertex -79.66050720214844 20.08911895751953 -10.350635528564453
vertex -82.4451904296875 19.687101364135742 -9.53527545928955
vertex -81.73063659667969 20.19047737121582 -9.313344955444336
endloop
endfacet
facet normal -0.29173985087309917 0.7010291933880936 -0.6507272312038129
outer loop
vertex -79.66050720214844 20.08911895751953 -10.350635528564453
vertex -81.90961456298828 19.074007034301758 -10.435876846313477
vertex -82.4451904296875 19.687101364135742 -9.53527545928955
endloop
endfacet
facet normal -0.5539134203507337 0.4971517147329515 -0.667847359277131
outer loop
vertex -82.53591918945312 19.623188018798828 -9.507603645324707
vertex -81.90961456298828 19.074007034301758 -10.435876846313477
vertex -83.21975708007812 18.91419792175293 -9.468206405639648
endloop
endfacet
facet normal -0.5539091078447642 0.4971565697382825 -0.6678473219327017
outer loop
vertex -81.90961456298828 19.074007034301758 -10.435876846313477
vertex -82.53591918945312 19.623188018798828 -9.507603645324707
vertex -82.4451904296875 19.687101364135742 -9.53527545928955
endloop
endfacet
facet normal -0.5539136595595521 0.49715081312012843 -0.6678478320450997
outer loop
vertex -81.90961456298828 19.074007034301758 -10.435876846313477
vertex -83.6720962524414 18.22014808654785 -9.609691619873047
vertex -83.21975708007812 18.91419792175293 -9.468206405639648
endloop
endfacet
facet normal -0.5539133710326611 0.4971478562359279 -0.6678502724647604
outer loop
vertex -81.90961456298828 19.074007034301758 -10.435876846313477
vertex -82.8646011352539 17.87468910217285 -10.536585807800293
vertex -83.6720962524414 18.22014808654785 -9.609691619873047
endloop
endfacet
facet normal -0.6771725561984697 0.26201508086202036 -0.6875939401510891
outer loop
vertex -83.33455657958984 16.31679344177246 -10.66740608215332
vertex -84.2907485961914 16.376991271972656 -9.702767372131348
vertex -82.8646011352539 17.87468910217285 -10.536585807800293
endloop
endfacet
facet normal -0.6771730374586491 0.2620107904981374 -0.6875951010598955
outer loop
vertex -82.8646011352539 17.87468910217285 -10.536585807800293
vertex -83.75759887695312 18.08895492553711 -9.57547664642334
vertex -83.6720962524414 18.22014808654785 -9.609691619873047
endloop
endfacet
facet normal -0.6771715428876642 0.26201552659368915 -0.6875947682516005
outer loop
vertex -84.13014221191406 17.177082061767578 -9.556059837341309
vertex -83.75759887695312 18.08895492553711 -9.57547664642334
vertex -82.8646011352539 17.87468910217285 -10.536585807800293
endloop
endfacet
facet normal -0.6771710660880771 0.26201224284169844 -0.6875964891229447
outer loop
vertex -82.8646011352539 17.87468910217285 -10.536585807800293
vertex -84.2907485961914 16.376991271972656 -9.702767372131348
vertex -84.13014221191406 17.177082061767578 -9.556059837341309
endloop
endfacet
facet normal -0.7071069811496091 0.05930820762879946 -0.7046149684170394
outer loop
vertex -83.350341796875 -62.46995544433594 -17.283313751220703
vertex -84.34685516357422 -62.68499755859375 -16.301376342773438
vertex -84.35250091552734 -62.55135726928711 -16.284461975097656
endloop
endfacet
facet normal -0.7071069789883108 0.05930982796832613 -0.704614834198367
outer loop
vertex -83.350341796875 -62.46995544433594 -17.283313751220703
vertex -84.35250091552734 -62.55135726928711 -16.284461975097656
vertex -83.33455657958984 16.31679344177246 -10.66740608215332
endloop
endfacet
facet normal -0.7071068152926425 0.05930983749816515 -0.7046149976708117
outer loop
vertex -83.33455657958984 16.31679344177246 -10.66740608215332
vertex -84.35250091552734 -62.55135726928711 -16.284461975097656
vertex -84.32400512695312 16.21131134033203 -9.683337211608887
endloop
endfacet
facet normal -0.7071067232481492 0.05930180532088502 -0.7046157660902496
outer loop
vertex -84.2907485961914 16.376991271972656 -9.702767372131348
vertex -83.33455657958984 16.31679344177246 -10.66740608215332
vertex -84.32400512695312 16.21131134033203 -9.683337211608887
endloop
endfacet
facet normal -0.7103020786212891 -0.09530493939208191 -0.6974151745078018
outer loop
vertex -84.08769989013672 -63.81621551513672 -16.348358154296875
vertex -83.350341796875 -62.46995544433594 -17.283313751220703
vertex -84.04095458984375 -63.78252029418945 -16.400571823120117
endloop
endfacet
facet normal -0.6826251436213284 -0.1246578226353687 -0.7200578730572771
outer loop
vertex -84.34685516357422 -62.68499755859375 -16.301376342773438
vertex -83.350341796875 -62.46995544433594 -17.283313751220703
vertex -84.33985137939453 -62.850887298583984 -16.279296875
endloop
endfacet
facet normal -0.6824642659130804 -0.1252203763881431 -0.7201127572046838
outer loop
vertex -83.350341796875 -62.46995544433594 -17.283313751220703
vertex -84.26695251464844 -63.3051872253418 -16.269386291503906
vertex -84.33985137939453 -62.850887298583984 -16.279296875
endloop
endfacet
facet normal -0.682472375191905 -0.12520872735632516 -0.720107097377695
outer loop
vertex -83.13732147216797 -63.252925872802734 -17.349061965942383
vertex -84.04095458984375 -63.78252029418945 -16.400571823120117
vertex -83.350341796875 -62.46995544433594 -17.283313751220703
endloop
endfacet
facet normal -0.6812097301737375 -0.1275436483713524 -0.7208924477872884
outer loop
vertex -83.350341796875 -62.46995544433594 -17.283313751220703
vertex -84.08769989013672 -63.81621551513672 -16.348358154296875
vertex -84.26695251464844 -63.3051872253418 -16.269386291503906
endloop
endfacet
facet normal -0.5601588741397542 -0.3708536238809778 -0.7407358674836999
outer loop
vertex -84.04095458984375 -63.949459075927734 -16.316993713378906
vertex -83.13732147216797 -63.252925872802734 -17.349061965942383
vertex -83.68338775634766 -64.53109741210938 -16.296192169189453
endloop
endfacet
facet normal -0.5600987536127572 -0.3708691949627989 -0.7407735324841738
outer loop
vertex -84.04095458984375 -63.78252029418945 -16.400571823120117
vertex -84.04095458984375 -63.949459075927734 -16.316993713378906
vertex -84.08769989013672 -63.81621551513672 -16.348358154296875
endloop
endfacet
facet normal -0.5601612948481678 -0.3708502636874551 -0.7407357191853037
outer loop
vertex -84.04095458984375 -63.78252029418945 -16.400571823120117
vertex -83.13732147216797 -63.252925872802734 -17.349061965942383
vertex -84.04095458984375 -63.949459075927734 -16.316993713378906
endloop
endfacet
facet normal -0.5554423248956681 -0.37434562971855007 -0.742528903966113
outer loop
vertex -83.13732147216797 -63.252925872802734 -17.349061965942383
vertex -83.27310943603516 -64.95842742919922 -16.387659072875977
vertex -83.68338775634766 -64.53109741210938 -16.296192169189453
endloop
endfacet
facet normal -0.6010870229527536 -0.3555956136056068 -0.7157137349682817
outer loop
vertex -83.21053314208984 -64.8566665649414 -16.490772247314453
vertex -83.27310943603516 -64.95842742919922 -16.387659072875977
vertex -83.13732147216797 -63.252925872802734 -17.349061965942383
endloop
endfacet
facet normal -0.5601572189155131 -0.37085557167966243 -0.7407361440155252
outer loop
vertex -83.13732147216797 -63.252925872802734 -17.349061965942383
vertex -82.55789947509766 -64.00240325927734 -17.411998748779297
vertex -83.21053314208984 -64.8566665649414 -16.490772247314453
endloop
endfacet
facet normal -0.3305539624391439 -0.563718063384123 -0.7569385859699813
outer loop
vertex -82.00939178466797 -65.48965454101562 -16.54392433166504
vertex -82.06096649169922 -65.6361083984375 -16.41233253479004
vertex -82.55789947509766 -64.00240325927734 -17.411998748779297
endloop
endfacet
facet normal -0.33057087146795283 -0.5637184925939455 -0.7569308819466465
outer loop
vertex -82.55789947509766 -64.00240325927734 -17.411998748779297
vertex -82.06096649169922 -65.6361083984375 -16.41233253479004
vertex -82.64392852783203 -65.40455627441406 -16.330184936523438
endloop
endfacet
facet normal -0.3305707278861847 -0.56371390287542 -0.7569343627883197
outer loop
vertex -83.21053314208984 -65.02360534667969 -16.36644744873047
vertex -83.27310943603516 -64.95842742919922 -16.387659072875977
vertex -83.21053314208984 -64.8566665649414 -16.490772247314453
endloop
endfacet
facet normal -0.3305793349163786 -0.5637121021804549 -0.7569319448811348
outer loop
vertex -83.21053314208984 -64.8566665649414 -16.490772247314453
vertex -82.55789947509766 -64.00240325927734 -17.411998748779297
vertex -83.21053314208984 -65.02360534667969 -16.36644744873047
endloop
endfacet
facet normal -0.33056620975540263 -0.5637190357833954 -0.7569325132819874
outer loop
vertex -82.55789947509766 -64.00240325927734 -17.411998748779297
vertex -81.76332092285156 -64.42113494873047 -17.447158813476562
vertex -82.00939178466797 -65.48965454101562 -16.54392433166504
endloop
endfacet
facet normal -0.3305676392900902 -0.563719310191546 -0.7569316846131785
outer loop
vertex -82.55789947509766 -64.00240325927734 -17.411998748779297
vertex -82.64392852783203 -65.40455627441406 -16.330184936523438
vertex -83.21053314208984 -65.02360534667969 -16.36644744873047
endloop
endfacet
facet normal -0.17057839068575292 -0.6246467786177893 -0.7620494830347155
outer loop
vertex -82.00939178466797 -65.48965454101562 -16.54392433166504
vertex -82.027587890625 -65.64936065673828 -16.4089412689209
vertex -82.06096649169922 -65.6361083984375 -16.41233253479004
endloop
endfacet
facet normal -0.0008186317364323759 -0.6454548519603786 -0.7637979863307353
outer loop
vertex 17.961353302001953 -65.77193450927734 -16.41253662109375
vertex -81.76332092285156 -64.42113494873047 -17.447158813476562
vertex 17.961353302001953 -65.60499572753906 -16.55360984802246
endloop
endfacet
facet normal -0.0008187180314872813 -0.6454592902318024 -0.7637942356120809
outer loop
vertex -81.76332092285156 -64.42113494873047 -17.447158813476562
vertex 17.842050552368164 -64.53605651855469 -17.456809997558594
vertex 17.961353302001953 -65.60499572753906 -16.55360984802246
endloop
endfacet
facet normal -0.000818683595568417 -0.6454571761400166 -0.7637960221986796
outer loop
vertex -81.46046447753906 -65.75906372070312 -16.31684684753418
vertex -81.76332092285156 -64.42113494873047 -17.447158813476562
vertex 17.961353302001953 -65.77193450927734 -16.41253662109375
endloop
endfacet
facet normal -0.000825213537501038 -0.6454610161387221 -0.7637927701070402
outer loop
vertex -82.027587890625 -65.64936065673828 -16.4089412689209
vertex -82.00939178466797 -65.48965454101562 -16.54392433166504
vertex -81.46046447753906 -65.75906372070312 -16.31684684753418
endloop
endfacet
facet normal -0.0008223955780960262 -0.645457664423329 -0.7637956055795911
outer loop
vertex -81.76332092285156 -64.42113494873047 -17.447158813476562
vertex -81.46046447753906 -65.75906372070312 -16.31684684753418
vertex -82.00939178466797 -65.48965454101562 -16.54392433166504
endloop
endfacet
facet normal 0 -1 0
outer loop
vertex -4.666685104370117 -64.77446746826172 -4.375974655151367
vertex -4.552504539489746 -64.77446746826172 -9.949999809265137
vertex -4.552504539489746 -64.77446746826172 -4.949999809265137
endloop
endfacet
facet normal -0.5555700231666056 0 0.8314697525217963
outer loop
vertex -4.991844177246094 -64.77446746826172 -11.010660171508789
vertex -5.478479385375977 -65.7688980102539 -11.335819244384766
vertex -4.991844177246094 -65.76895904541016 -11.010660171508789
endloop
endfacet
facet normal -0.8314697525217963 0 0.5555700231666056
outer loop
vertex -4.991844177246094 -65.76895904541016 -11.010660171508789
vertex -4.666685104370117 -65.76900482177734 -10.524024963378906
vertex -4.666685104370117 -64.77446746826172 -10.524024963378906
endloop
endfacet
facet normal -0.8314697525217963 0 0.5555700231666056
outer loop
vertex -4.991844177246094 -64.77446746826172 -11.010660171508789
vertex -4.991844177246094 -65.76895904541016 -11.010660171508789
vertex -4.666685104370117 -64.77446746826172 -10.524024963378906
endloop
endfacet
facet normal -0.9807853253427457 0 0.1950900960897925
outer loop
vertex -4.666685104370117 -65.76900482177734 -10.524024963378906
vertex -4.552504539489746 -65.7690200805664 -9.949999809265137
vertex -4.552504539489746 -64.77446746826172 -9.949999809265137
endloop
endfacet
facet normal -0.9807853253427458 0 0.1950900960897925
outer loop
vertex -4.666685104370117 -64.77446746826172 -10.524024963378906
vertex -4.666685104370117 -65.76900482177734 -10.524024963378906
vertex -4.552504539489746 -64.77446746826172 -9.949999809265137
endloop
endfacet
facet normal 0 -1 0
outer loop
vertex -7.595397472381592 -64.77446746826172 -8.907106399536133
vertex -6.052504539489746 -64.77446746826172 -11.449999809265137
vertex -7.37862491607666 -64.77446746826172 -8.582683563232422
endloop
endfacet
facet normal 0 -1 0
outer loop
vertex -7.37862491607666 -64.77446746826172 -8.582683563232422
vertex -6.052504539489746 -64.77446746826172 -11.449999809265137
vertex -7.302504539489746 -64.77446746826172 -8.199999809265137
endloop
endfacet
facet normal 0 -1 0
outer loop
vertex -4.991844177246094 -64.77446746826172 -3.8893399238586426
vertex -4.666685104370117 -64.77446746826172 -10.524024963378906
vertex -4.666685104370117 -64.77446746826172 -4.375974655151367
endloop
endfacet
facet normal 0 -1 0
outer loop
vertex -15.802504539489746 -64.77446746826172 -5.699999809265137
vertex -8.302504539489746 -64.77446746826172 -5.699999809265137
vertex -6.052504539489746 -64.77446746826172 -3.450000047683716
endloop
endfacet
facet normal 0 -1 0
outer loop
vertex -7.595397472381592 -64.77446746826172 -5.992893218994141
vertex -7.37862491607666 -64.77446746826172 -6.31731653213501
vertex -6.052504539489746 -64.77446746826172 -3.450000047683716
endloop
endfacet
facet normal 0 -1 0
outer loop
vertex -7.919821262359619 -64.77446746826172 -5.776120662689209
vertex -7.595397472381592 -64.77446746826172 -5.992893218994141
vertex -6.052504539489746 -64.77446746826172 -3.450000047683716
endloop
endfacet
facet normal 0 -1 0
outer loop
vertex -7.302504539489746 -64.77446746826172 -8.199999809265137
vertex -6.052504539489746 -64.77446746826172 -11.449999809265137
vertex -7.302504539489746 -64.77446746826172 -6.699999809265137
endloop
endfacet
facet normal 0 -1 0
outer loop
vertex -6.052504539489746 -64.77446746826172 -3.450000047683716
vertex -8.302504539489746 -64.77446746826172 -5.699999809265137
vertex -7.919821262359619 -64.77446746826172 -5.776120662689209
endloop
endfacet
facet normal 0 -1 0
outer loop
vertex -6.052504539489746 -64.77446746826172 -11.449999809265137
vertex -5.478479385375977 -64.77446746826172 -11.335819244384766
vertex -6.052504539489746 -64.77446746826172 -3.450000047683716
endloop
endfacet
facet normal 0 -1 0
outer loop
vertex -8.302504539489746 -64.77446746826172 -9.199999809265137
vertex -6.052504539489746 -64.77446746826172 -11.449999809265137
vertex -7.919821262359619 -64.77446746826172 -9.123879432678223
endloop
endfacet
facet normal -0.9807853253427458 0 -0.1950900960897925
outer loop
vertex -4.552504539489746 -65.7690200805664 -4.949999809265137
vertex -4.666685104370117 -65.76900482177734 -4.375974655151367
vertex -4.666685104370117 -64.77446746826172 -4.375974655151367
endloop
endfacet
facet normal -0.9807853253427457 0 -0.1950900960897925
outer loop
vertex -4.552504539489746 -64.77446746826172 -4.949999809265137
vertex -4.552504539489746 -65.7690200805664 -4.949999809265137
vertex -4.666685104370117 -64.77446746826172 -4.375974655151367
endloop
endfacet
facet normal 1 0 0
outer loop
vertex -19.55250358581543 -65.76707458496094 -4.949999809265137
vertex -19.55250358581543 -65.76707458496094 -9.949999809265137
vertex -19.55250358581543 -64.77446746826172 -9.949999809265137
endloop
endfacet
facet normal 0 -1 0
outer loop
vertex -19.438323974609375 -64.77446746826172 -10.524024963378906
vertex -19.1131649017334 -64.77446746826172 -11.010660171508789
vertex -19.438323974609375 -64.77446746826172 -4.375974655151367
endloop
endfacet
facet normal 0 -1 0
outer loop
vertex -19.55250358581543 -64.77446746826172 -9.949999809265137
vertex -19.438323974609375 -64.77446746826172 -10.524024963378906
vertex -19.55250358581543 -64.77446746826172 -4.949999809265137
endloop
endfacet
facet normal 0.8314695010489662 0 -0.5555703995223135
outer loop
vertex -19.1131649017334 -65.76713562011719 -3.8893399238586426
vertex -19.438323974609375 -65.76708984375 -4.375974655151367
vertex -19.438323974609375 -64.77446746826172 -4.375974655151367
endloop
endfacet
facet normal 0.8314695010489663 0 -0.5555703995223136
outer loop
vertex -19.1131649017334 -65.76713562011719 -3.8893399238586426
vertex -19.438323974609375 -64.77446746826172 -4.375974655151367
vertex -19.1131649017334 -64.77446746826172 -3.8893399238586426
endloop
endfacet
facet normal 0.5555703047945764 0 -0.8314695643440363
outer loop
vertex -18.626529693603516 -65.76719665527344 -3.564180612564087
vertex -19.1131649017334 -65.76713562011719 -3.8893399238586426
vertex -19.1131649017334 -64.77446746826172 -3.8893399238586426
endloop
endfacet
facet normal 0 -1 0
outer loop
vertex -18.05250358581543 -64.77446746826172 -11.449999809265137
vertex -16.80250358581543 -64.77446746826172 -8.199999809265137
vertex -18.05250358581543 -64.77446746826172 -3.450000047683716
endloop
endfacet
facet normal 0.5555703047945764 0 -0.8314695643440364
outer loop
vertex -18.626529693603516 -65.76719665527344 -3.564180612564087
vertex -19.1131649017334 -64.77446746826172 -3.8893399238586426
vertex -18.626529693603516 -64.77446746826172 -3.564180612564087
endloop
endfacet
facet normal 0.19508978430737248 0 -0.9807853873599987
outer loop
vertex -18.05250358581543 -65.76727294921875 -3.450000047683716
vertex -18.626529693603516 -65.76719665527344 -3.564180612564087
vertex -18.626529693603516 -64.77446746826172 -3.564180612564087
endloop
endfacet
facet normal 1 0 0
outer loop
vertex -19.55250358581543 -65.76707458496094 -4.949999809265137
vertex -19.55250358581543 -64.77446746826172 -9.949999809265137
vertex -19.55250358581543 -64.77446746826172 -4.949999809265137
endloop
endfacet
facet normal 0 -1 0
outer loop
vertex -19.55250358581543 -64.77446746826172 -4.949999809265137
vertex -19.438323974609375 -64.77446746826172 -10.524024963378906
vertex -19.438323974609375 -64.77446746826172 -4.375974655151367
endloop
endfacet
facet normal 0 -1 0
outer loop
vertex -7.302504539489746 -64.77446746826172 -6.699999809265137
vertex -6.052504539489746 -64.77446746826172 -3.450000047683716
vertex -7.37862491607666 -64.77446746826172 -6.31731653213501
endloop
endfacet
facet normal 0 -1 0
outer loop
vertex -5.478479385375977 -64.77446746826172 -3.564180612564087
vertex -4.991844177246094 -64.77446746826172 -11.010660171508789
vertex -4.991844177246094 -64.77446746826172 -3.8893399238586426
endloop
endfacet
facet normal 0 -1 0
outer loop
vertex -5.478479385375977 -64.77446746826172 -11.335819244384766
vertex -4.991844177246094 -64.77446746826172 -11.010660171508789
vertex -5.478479385375977 -64.77446746826172 -3.564180612564087
endloop
endfacet
facet normal 0.19508978430737248 0 -0.9807853873599987
outer loop
vertex -18.05250358581543 -65.76727294921875 -3.450000047683716
vertex -18.626529693603516 -64.77446746826172 -3.564180612564087
vertex -18.05250358581543 -64.77446746826172 -3.450000047683716
endloop
endfacet
facet normal 0 -1 0
outer loop
vertex -18.05250358581543 -64.77446746826172 -3.450000047683716
vertex -15.802504539489746 -64.77446746826172 -5.699999809265137
vertex -6.052504539489746 -64.77446746826172 -3.450000047683716
endloop
endfacet
facet normal 0 0 -1
outer loop
vertex -6.052504539489746 -65.7688217163086 -3.450000047683716
vertex -18.05250358581543 -65.76727294921875 -3.450000047683716
vertex -18.05250358581543 -64.77446746826172 -3.450000047683716
endloop
endfacet
facet normal 0 -1 0
outer loop
vertex -4.991844177246094 -64.77446746826172 -11.010660171508789
vertex -4.666685104370117 -64.77446746826172 -10.524024963378906
vertex -4.991844177246094 -64.77446746826172 -3.8893399238586426
endloop
endfacet
facet normal -1 0 0
outer loop
vertex -4.552504539489746 -64.77446746826172 -9.949999809265137
vertex -4.552504539489746 -65.7690200805664 -9.949999809265137
vertex -4.552504539489746 -64.77446746826172 -4.949999809265137
endloop
endfacet
facet normal 0 -1 0
outer loop
vertex -4.666685104370117 -64.77446746826172 -10.524024963378906
vertex -4.552504539489746 -64.77446746826172 -9.949999809265137
vertex -4.666685104370117 -64.77446746826172 -4.375974655151367
endloop
endfacet
facet normal 0 0 -1
outer loop
vertex -6.052504539489746 -65.7688217163086 -3.450000047683716
vertex -18.05250358581543 -64.77446746826172 -3.450000047683716
vertex -6.052504539489746 -64.77446746826172 -3.450000047683716
endloop
endfacet
facet normal 0 -1 0
outer loop
vertex -7.302504539489746 -64.77446746826172 -6.699999809265137
vertex -6.052504539489746 -64.77446746826172 -11.449999809265137
vertex -6.052504539489746 -64.77446746826172 -3.450000047683716
endloop
endfacet
facet normal -0.5555703047945764 0 -0.8314695643440363
outer loop
vertex -5.478479385375977 -64.77446746826172 -3.564180612564087
vertex -4.991844177246094 -65.76895904541016 -3.8893399238586426
vertex -5.478479385375977 -65.7688980102539 -3.564180612564087
endloop
endfacet
facet normal -1 0 0
outer loop
vertex -4.552504539489746 -64.77446746826172 -4.949999809265137
vertex -4.552504539489746 -65.7690200805664 -9.949999809265137
vertex -4.552504539489746 -65.7690200805664 -4.949999809265137
endloop
endfacet
facet normal 0 -1 0
outer loop
vertex -19.438323974609375 -64.77446746826172 -4.375974655151367
vertex -19.1131649017334 -64.77446746826172 -11.010660171508789
vertex -19.1131649017334 -64.77446746826172 -3.8893399238586426
endloop
endfacet
facet normal 0 -1 0
outer loop
vertex -19.1131649017334 -64.77446746826172 -3.8893399238586426
vertex -18.626529693603516 -64.77446746826172 -11.335819244384766
vertex -18.626529693603516 -64.77446746826172 -3.564180612564087
endloop
endfacet
facet normal -0.1950900960897925 0 -0.9807853253427457
outer loop
vertex -5.478479385375977 -65.7688980102539 -3.564180612564087
vertex -6.052504539489746 -65.7688217163086 -3.450000047683716
vertex -6.052504539489746 -64.77446746826172 -3.450000047683716
endloop
endfacet
facet normal 0 -1 0
outer loop
vertex -18.626529693603516 -64.77446746826172 -3.564180612564087
vertex -18.05250358581543 -64.77446746826172 -11.449999809265137
vertex -18.05250358581543 -64.77446746826172 -3.450000047683716
endloop
endfacet
facet normal 0 -1 0
outer loop
vertex -18.05250358581543 -64.77446746826172 -3.450000047683716
vertex -16.80250358581543 -64.77446746826172 -8.199999809265137
vertex -16.80250358581543 -64.77446746826172 -6.699999809265137
endloop
endfacet
facet normal -0.19509009608979247 0 -0.9807853253427457
outer loop
vertex -6.052504539489746 -64.77446746826172 -3.450000047683716
vertex -5.478479385375977 -64.77446746826172 -3.564180612564087
vertex -5.478479385375977 -65.7688980102539 -3.564180612564087
endloop
endfacet
facet normal -0.8314695010489663 0 -0.5555703995223136
outer loop
vertex -4.666685104370117 -65.76900482177734 -4.375974655151367
vertex -4.991844177246094 -65.76895904541016 -3.8893399238586426
vertex -4.991844177246094 -64.77446746826172 -3.8893399238586426
endloop
endfacet
facet normal -0.8314695010489662 0 -0.5555703995223135
outer loop
vertex -4.991844177246094 -64.77446746826172 -3.8893399238586426
vertex -4.666685104370117 -64.77446746826172 -4.375974655151367
vertex -4.666685104370117 -65.76900482177734 -4.375974655151367
endloop
endfacet
facet normal -0.5555703047945764 0 -0.8314695643440364
outer loop
vertex -4.991844177246094 -65.76895904541016 -3.8893399238586426
vertex -5.478479385375977 -64.77446746826172 -3.564180612564087
vertex -4.991844177246094 -64.77446746826172 -3.8893399238586426
endloop
endfacet
facet normal 0 -1 0
outer loop
vertex -6.052504539489746 -64.77446746826172 -3.450000047683716
vertex -5.478479385375977 -64.77446746826172 -11.335819244384766
vertex -5.478479385375977 -64.77446746826172 -3.564180612564087
endloop
endfacet
facet normal 0 -1 0
outer loop
vertex -18.05250358581543 -64.77446746826172 -3.450000047683716
vertex -16.80250358581543 -64.77446746826172 -6.699999809265137
vertex -16.726383209228516 -64.77446746826172 -6.31731653213501
endloop
endfacet
facet normal 0.5555700231666056 0 0.8314697525217963
outer loop
vertex -19.1131649017334 -65.76713562011719 -11.010660171508789
vertex -18.626529693603516 -65.76719665527344 -11.335819244384766
vertex -18.626529693603516 -64.77446746826172 -11.335819244384766
endloop
endfacet
facet normal 0.5555700231666058 0 0.8314697525217963
outer loop
vertex -19.1131649017334 -65.76713562011719 -11.010660171508789
vertex -18.626529693603516 -64.77446746826172 -11.335819244384766
vertex -19.1131649017334 -64.77446746826172 -11.010660171508789
endloop
endfacet
facet normal 0.19508978430737248 0 0.9807853873599987
outer loop
vertex -18.626529693603516 -65.76719665527344 -11.335819244384766
vertex -18.05250358581543 -65.76727294921875 -11.449999809265137
vertex -18.05250358581543 -64.77446746826172 -11.449999809265137
endloop
endfacet
facet normal 0 -1 0
outer loop
vertex -18.05250358581543 -64.77446746826172 -3.450000047683716
vertex -16.726383209228516 -64.77446746826172 -6.31731653213501
vertex -16.509611129760742 -64.77446746826172 -5.992893218994141
endloop
endfacet
facet normal 0 -1 0
outer loop
vertex -18.05250358581543 -64.77446746826172 -3.450000047683716
vertex -16.509611129760742 -64.77446746826172 -5.992893218994141
vertex -16.18518829345703 -64.77446746826172 -5.776120662689209
endloop
endfacet
facet normal 0 -1 0
outer loop
vertex -18.05250358581543 -64.77446746826172 -3.450000047683716
vertex -16.18518829345703 -64.77446746826172 -5.776120662689209
vertex -15.802504539489746 -64.77446746826172 -5.699999809265137
endloop
endfacet
facet normal 0.9807856371245007 0 -0.19508852864862958
outer loop
vertex -19.55250358581543 -64.77446746826172 -4.949999809265137
vertex -19.438323974609375 -65.76708984375 -4.375974655151367
vertex -19.55250358581543 -65.76707458496094 -4.949999809265137
endloop
endfacet
facet normal 0.9807856371245007 0 -0.19508852864862955
outer loop
vertex -19.438323974609375 -65.76708984375 -4.375974655151367
vertex -19.55250358581543 -64.77446746826172 -4.949999809265137
vertex -19.438323974609375 -64.77446746826172 -4.375974655151367
endloop
endfacet
facet normal 0.19508978430737248 0 0.9807853873599987
outer loop
vertex -18.626529693603516 -64.77446746826172 -11.335819244384766
vertex -18.626529693603516 -65.76719665527344 -11.335819244384766
vertex -18.05250358581543 -64.77446746826172 -11.449999809265137
endloop
endfacet
facet normal 0 0 1
outer loop
vertex -18.05250358581543 -64.77446746826172 -11.449999809265137
vertex -18.05250358581543 -65.76727294921875 -11.449999809265137
vertex -6.052504539489746 -64.77446746826172 -11.449999809265137
endloop
endfacet
facet normal 0 -1 0
outer loop
vertex -18.626529693603516 -64.77446746826172 -11.335819244384766
vertex -18.05250358581543 -64.77446746826172 -11.449999809265137
vertex -18.626529693603516 -64.77446746826172 -3.564180612564087
endloop
endfacet
facet normal 0 0 1
outer loop
vertex -6.052504539489746 -64.77446746826172 -11.449999809265137
vertex -18.05250358581543 -65.76727294921875 -11.449999809265137
vertex -6.052504539489746 -65.7688217163086 -11.449999809265137
endloop
endfacet
facet normal -0.19509009608979247 0 0.9807853253427457
outer loop
vertex -6.052504539489746 -65.7688217163086 -11.449999809265137
vertex -5.478479385375977 -65.7688980102539 -11.335819244384766
vertex -5.478479385375977 -64.77446746826172 -11.335819244384766
endloop
endfacet
facet normal -0.1950900960897925 0 0.9807853253427457
outer loop
vertex -6.052504539489746 -64.77446746826172 -11.449999809265137
vertex -6.052504539489746 -65.7688217163086 -11.449999809265137
vertex -5.478479385375977 -64.77446746826172 -11.335819244384766
endloop
endfacet
facet normal -0.5555700231666058 0 0.8314697525217964
outer loop
vertex -5.478479385375977 -64.77446746826172 -11.335819244384766
vertex -5.478479385375977 -65.7688980102539 -11.335819244384766
vertex -4.991844177246094 -64.77446746826172 -11.010660171508789
endloop
endfacet
facet normal 0 -1 0
outer loop
vertex -19.1131649017334 -64.77446746826172 -11.010660171508789
vertex -18.626529693603516 -64.77446746826172 -11.335819244384766
vertex -19.1131649017334 -64.77446746826172 -3.8893399238586426
endloop
endfacet
facet normal 0 -1 0
outer loop
vertex -18.05250358581543 -64.77446746826172 -11.449999809265137
vertex -16.726383209228516 -64.77446746826172 -8.582683563232422
vertex -16.80250358581543 -64.77446746826172 -8.199999809265137
endloop
endfacet
facet normal 0 -1 0
outer loop
vertex -18.05250358581543 -64.77446746826172 -11.449999809265137
vertex -16.509611129760742 -64.77446746826172 -8.907106399536133
vertex -16.726383209228516 -64.77446746826172 -8.582683563232422
endloop
endfacet
facet normal 0 -1 0
outer loop
vertex -15.802504539489746 -64.77446746826172 -9.199999809265137
vertex -18.05250358581543 -64.77446746826172 -11.449999809265137
vertex -8.302504539489746 -64.77446746826172 -9.199999809265137
endloop
endfacet
facet normal 0 -1 0
outer loop
vertex -18.05250358581543 -64.77446746826172 -11.449999809265137
vertex -6.052504539489746 -64.77446746826172 -11.449999809265137
vertex -8.302504539489746 -64.77446746826172 -9.199999809265137
endloop
endfacet
facet normal 0 -1 0
outer loop
vertex -18.05250358581543 -64.77446746826172 -11.449999809265137
vertex -16.18518829345703 -64.77446746826172 -9.123879432678223
vertex -16.509611129760742 -64.77446746826172 -8.907106399536133
endloop
endfacet
facet normal 0 -1 0
outer loop
vertex -18.05250358581543 -64.77446746826172 -11.449999809265137
vertex -15.802504539489746 -64.77446746826172 -9.199999809265137
vertex -16.18518829345703 -64.77446746826172 -9.123879432678223
endloop
endfacet
facet normal 0.9807856371245007 0 0.19508852864862958
outer loop
vertex -19.55250358581543 -65.76707458496094 -9.949999809265137
vertex -19.438323974609375 -64.77446746826172 -10.524024963378906
vertex -19.55250358581543 -64.77446746826172 -9.949999809265137
endloop
endfacet
facet normal 0.9807856371245007 0 0.19508852864862955
outer loop
vertex -19.438323974609375 -64.77446746826172 -10.524024963378906
vertex -19.55250358581543 -65.76707458496094 -9.949999809265137
vertex -19.438323974609375 -65.76708984375 -10.524024963378906
endloop
endfacet
facet normal 0.8314697525217962 0 0.5555700231666056
outer loop
vertex -19.438323974609375 -65.76708984375 -10.524024963378906
vertex -19.1131649017334 -64.77446746826172 -11.010660171508789
vertex -19.438323974609375 -64.77446746826172 -10.524024963378906
endloop
endfacet
facet normal 0.8314697525217963 0 0.5555700231666058
outer loop
vertex -19.438323974609375 -65.76708984375 -10.524024963378906
vertex -19.1131649017334 -65.76713562011719 -11.010660171508789
vertex -19.1131649017334 -64.77446746826172 -11.010660171508789
endloop
endfacet
facet normal 0 -1 0
outer loop
vertex -7.919821262359619 -64.77446746826172 -9.123879432678223
vertex -6.052504539489746 -64.77446746826172 -11.449999809265137
vertex -7.595397472381592 -64.77446746826172 -8.907106399536133
endloop
endfacet
facet normal 0.1950899401984604 0 0.9807853563514094
outer loop
vertex -15.802504539489746 -64.77446746826172 -9.199999809265137
vertex -15.802504539489746 -63.574466705322266 -9.199999809265137
vertex -16.18518829345703 -64.77446746826172 -9.123879432678223
endloop
endfacet
facet normal 0.5555713391342493 0 0.8314688732193027
outer loop
vertex -16.509611129760742 -64.77446746826172 -8.907106399536133
vertex -16.18518829345703 -64.77446746826172 -9.123879432678223
vertex -16.18518829345703 -63.574466705322266 -9.123879432678223
endloop
endfacet
facet normal 0.1950899401984604 0 0.9807853563514094
outer loop
vertex -15.802504539489746 -63.574466705322266 -9.199999809265137
vertex -16.18518829345703 -63.574466705322266 -9.123879432678223
vertex -16.18518829345703 -64.77446746826172 -9.123879432678223
endloop
endfacet
facet normal -0.9807853098383859 0 -0.19509017403555012
outer loop
vertex -7.37862491607666 -63.574466705322266 -6.31731653213501
vertex -7.302504539489746 -64.77446746826172 -6.699999809265137
vertex -7.37862491607666 -64.77446746826172 -6.31731653213501
endloop
endfacet
facet normal 0.8314700022881474 0 0.5555696493644593
outer loop
vertex -16.726383209228516 -64.77446746826172 -8.582683563232422
vertex -16.509611129760742 -64.77446746826172 -8.907106399536133
vertex -16.509611129760742 -63.574466705322266 -8.907106399536133
endloop
endfacet
facet normal 0.5555713391342493 0 0.8314688732193027
outer loop
vertex -16.509611129760742 -64.77446746826172 -8.907106399536133
vertex -16.18518829345703 -63.574466705322266 -9.123879432678223
vertex -16.509611129760742 -63.574466705322266 -8.907106399536133
endloop
endfacet
facet normal 0 0 -1
outer loop
vertex -8.302504539489746 -64.77446746826172 -5.699999809265137
vertex -15.802504539489746 -63.574466705322266 -5.699999809265137
vertex -8.302504539489746 -63.574466705322266 -5.699999809265137
endloop
endfacet
facet normal 0 0 -1
outer loop
vertex -15.802504539489746 -64.77446746826172 -5.699999809265137
vertex -15.802504539489746 -63.574466705322266 -5.699999809265137
vertex -8.302504539489746 -64.77446746826172 -5.699999809265137
endloop
endfacet
facet normal 0.19509111577748656 0 -0.9807851225139456
outer loop
vertex -15.802504539489746 -64.77446746826172 -5.699999809265137
vertex -16.18518829345703 -63.574466705322266 -5.776120662689209
vertex -15.802504539489746 -63.574466705322266 -5.699999809265137
endloop
endfacet
facet normal -0.831469814963294 0 -0.555569929716238
outer loop
vertex -7.37862491607666 -64.77446746826172 -6.31731653213501
vertex -7.595397472381592 -64.77446746826172 -5.992893218994141
vertex -7.595397472381592 -63.574466705322266 -5.992893218994141
endloop
endfacet
facet normal -0.831469814963294 0 -0.555569929716238
outer loop
vertex -7.37862491607666 -63.574466705322266 -6.31731653213501
vertex -7.37862491607666 -64.77446746826172 -6.31731653213501
vertex -7.595397472381592 -63.574466705322266 -5.992893218994141
endloop
endfacet
facet normal 0.5555704942502147 0 -0.831469437753771
outer loop
vertex -16.18518829345703 -63.574466705322266 -5.776120662689209
vertex -16.18518829345703 -64.77446746826172 -5.776120662689209
vertex -16.509611129760742 -63.574466705322266 -5.992893218994141
endloop
endfacet
facet normal -0.19509134961587388 0 -0.9807850760003728
outer loop
vertex -8.302504539489746 -63.574466705322266 -5.699999809265137
vertex -7.919821262359619 -63.574466705322266 -5.776120662689209
vertex -7.919821262359619 -64.77446746826172 -5.776120662689209
endloop
endfacet
facet normal -0.19509134961587388 0 -0.9807850760003728
outer loop
vertex -8.302504539489746 -63.574466705322266 -5.699999809265137
vertex -7.919821262359619 -64.77446746826172 -5.776120662689209
vertex -8.302504539489746 -64.77446746826172 -5.699999809265137
endloop
endfacet
facet normal -0.5555693651831525 0 -0.8314701921716671
outer loop
vertex -7.595397472381592 -64.77446746826172 -5.992893218994141
vertex -7.919821262359619 -64.77446746826172 -5.776120662689209
vertex -7.919821262359619 -63.574466705322266 -5.776120662689209
endloop
endfacet
facet normal -0.5555693651831525 0 -0.8314701921716671
outer loop
vertex -7.595397472381592 -63.574466705322266 -5.992893218994141
vertex -7.595397472381592 -64.77446746826172 -5.992893218994141
vertex -7.919821262359619 -63.574466705322266 -5.776120662689209
endloop
endfacet
facet normal 0.19509111577748656 0 -0.9807851225139456
outer loop
vertex -16.18518829345703 -64.77446746826172 -5.776120662689209
vertex -16.18518829345703 -63.574466705322266 -5.776120662689209
vertex -15.802504539489746 -64.77446746826172 -5.699999809265137
endloop
endfacet
facet normal 0.5555704942502147 0 -0.831469437753771
outer loop
vertex -16.509611129760742 -64.77446746826172 -5.992893218994141
vertex -16.509611129760742 -63.574466705322266 -5.992893218994141
vertex -16.18518829345703 -64.77446746826172 -5.776120662689209
endloop
endfacet
facet normal 0.831470379496779 0 -0.5555690848305744
outer loop
vertex -16.509611129760742 -64.77446746826172 -5.992893218994141
vertex -16.726383209228516 -63.574466705322266 -6.31731653213501
vertex -16.509611129760742 -63.574466705322266 -5.992893218994141
endloop
endfacet
facet normal 0.831470379496779 0 -0.5555690848305744
outer loop
vertex -16.726383209228516 -64.77446746826172 -6.31731653213501
vertex -16.726383209228516 -63.574466705322266 -6.31731653213501
vertex -16.509611129760742 -64.77446746826172 -5.992893218994141
endloop
endfacet
facet normal 0.9807853098383859 0 -0.19509017403555012
outer loop
vertex -16.726383209228516 -64.77446746826172 -6.31731653213501
vertex -16.80250358581543 -63.574466705322266 -6.699999809265137
vertex -16.726383209228516 -63.574466705322266 -6.31731653213501
endloop
endfacet
facet normal -0.9807853098383859 0 -0.19509017403555012
outer loop
vertex -7.302504539489746 -63.574466705322266 -6.699999809265137
vertex -7.302504539489746 -64.77446746826172 -6.699999809265137
vertex -7.37862491607666 -63.574466705322266 -6.31731653213501
endloop
endfacet
facet normal -1 0 0
outer loop
vertex -7.302504539489746 -63.574466705322266 -6.699999809265137
vertex -7.302504539489746 -64.77446746826172 -8.199999809265137
vertex -7.302504539489746 -64.77446746826172 -6.699999809265137
endloop
endfacet
facet normal -1 0 0
outer loop
vertex -7.302504539489746 -63.574466705322266 -8.199999809265137
vertex -7.302504539489746 -64.77446746826172 -8.199999809265137
vertex -7.302504539489746 -63.574466705322266 -6.699999809265137
endloop
endfacet
facet normal -0.9807853563514094 0 0.1950899401984604
outer loop
vertex -7.302504539489746 -63.574466705322266 -8.199999809265137
vertex -7.37862491607666 -63.574466705322266 -8.582683563232422
vertex -7.37862491607666 -64.77446746826172 -8.582683563232422
endloop
endfacet
facet normal -0.9807853563514094 0 0.1950899401984604
outer loop
vertex -7.302504539489746 -64.77446746826172 -8.199999809265137
vertex -7.302504539489746 -63.574466705322266 -8.199999809265137
vertex -7.37862491607666 -64.77446746826172 -8.582683563232422
endloop
endfacet
facet normal 1 0 0
outer loop
vertex -16.80250358581543 -64.77446746826172 -6.699999809265137
vertex -16.80250358581543 -63.574466705322266 -8.199999809265137
vertex -16.80250358581543 -63.574466705322266 -6.699999809265137
endloop
endfacet
facet normal 1 0 0
outer loop
vertex -16.80250358581543 -64.77446746826172 -8.199999809265137
vertex -16.80250358581543 -63.574466705322266 -8.199999809265137
vertex -16.80250358581543 -64.77446746826172 -6.699999809265137
endloop
endfacet
facet normal 0.9807853563514094 0 0.1950899401984604
outer loop
vertex -16.80250358581543 -64.77446746826172 -8.199999809265137
vertex -16.726383209228516 -63.574466705322266 -8.582683563232422
vertex -16.80250358581543 -63.574466705322266 -8.199999809265137
endloop
endfacet
facet normal 0.9807853563514094 0 0.1950899401984604
outer loop
vertex -16.726383209228516 -64.77446746826172 -8.582683563232422
vertex -16.726383209228516 -63.574466705322266 -8.582683563232422
vertex -16.80250358581543 -64.77446746826172 -8.199999809265137
endloop
endfacet
facet normal 0.8314700022881474 0 0.5555696493644593
outer loop
vertex -16.726383209228516 -64.77446746826172 -8.582683563232422
vertex -16.509611129760742 -63.574466705322266 -8.907106399536133
vertex -16.726383209228516 -63.574466705322266 -8.582683563232422
endloop
endfacet
facet normal 0 0 1
outer loop
vertex -15.802504539489746 -63.574466705322266 -9.199999809265137
vertex -15.802504539489746 -64.77446746826172 -9.199999809265137
vertex -8.302504539489746 -63.574466705322266 -9.199999809265137
endloop
endfacet
facet normal 0 0 1
outer loop
vertex -8.302504539489746 -63.574466705322266 -9.199999809265137
vertex -15.802504539489746 -64.77446746826172 -9.199999809265137
vertex -8.302504539489746 -64.77446746826172 -9.199999809265137
endloop
endfacet
facet normal -0.831469437753771 0 0.5555704942502147
outer loop
vertex -7.595397472381592 -63.574466705322266 -8.907106399536133
vertex -7.595397472381592 -64.77446746826172 -8.907106399536133
vertex -7.37862491607666 -63.574466705322266 -8.582683563232422
endloop
endfacet
facet normal -0.5555702100670031 0 0.8314696276389812
outer loop
vertex -7.595397472381592 -63.574466705322266 -8.907106399536133
vertex -7.919821262359619 -64.77446746826172 -9.123879432678223
vertex -7.595397472381592 -64.77446746826172 -8.907106399536133
endloop
endfacet
facet normal -0.5555702100670031 0 0.8314696276389812
outer loop
vertex -7.919821262359619 -63.574466705322266 -9.123879432678223
vertex -7.919821262359619 -64.77446746826172 -9.123879432678223
vertex -7.595397472381592 -63.574466705322266 -8.907106399536133
endloop
endfacet
facet normal -0.19509017403555012 0 0.9807853098383859
outer loop
vertex -8.302504539489746 -63.574466705322266 -9.199999809265137
vertex -8.302504539489746 -64.77446746826172 -9.199999809265137
vertex -7.919821262359619 -63.574466705322266 -9.123879432678223
endloop
endfacet
facet normal -0.831469437753771 0 0.5555704942502147
outer loop
vertex -7.37862491607666 -63.574466705322266 -8.582683563232422
vertex -7.595397472381592 -64.77446746826172 -8.907106399536133
vertex -7.37862491607666 -64.77446746826172 -8.582683563232422
endloop
endfacet
facet normal -0.19509017403555012 0 0.9807853098383859
outer loop
vertex -7.919821262359619 -64.77446746826172 -9.123879432678223
vertex -7.919821262359619 -63.574466705322266 -9.123879432678223
vertex -8.302504539489746 -64.77446746826172 -9.199999809265137
endloop
endfacet
facet normal 0.9807853098383859 0 -0.19509017403555012
outer loop
vertex -16.80250358581543 -64.77446746826172 -6.699999809265137
vertex -16.80250358581543 -63.574466705322266 -6.699999809265137
vertex -16.726383209228516 -64.77446746826172 -6.31731653213501
endloop
endfacet
facet normal 0.027516041551197037 -0.10269131789962639 -0.9943326207489075
outer loop
vertex 11.288146018981934 -66.04359436035156 -1.5949000120162964
vertex 10.075268745422363 -66.36858367919922 -1.5949000120162964
vertex 11.188949584960938 -65.77105712890625 -1.6257917881011963
endloop
endfacet
facet normal 0.010351529454930475 -0.11831075214810546 -0.9929226615220811
outer loop
vertex 10.213569641113281 -67.1529312133789 -1.5
vertex 9.224384307861328 -66.44303131103516 -1.5949000120162964
vertex 10.075268745422363 -66.36858367919922 -1.5949000120162964
endloop
endfacet
facet normal 0.5735697163184464 -0.8191567496653964 0
outer loop
vertex 12.824383735656738 -66.20266723632812 -0.5
vertex 12.824383735656738 -66.20266723632812 -1.5
vertex 13.324383735656738 -65.85256958007812 -0.5
endloop
endfacet
facet normal 0.42261974241643857 -0.9063070965847411 0
outer loop
vertex 11.560544967651367 -66.79200744628906 -0.5
vertex 11.560544967651367 -66.79200744628906 -1.5
vertex 12.824383735656738 -66.20266723632812 -0.5
endloop
endfacet
facet normal 0.25882092928258643 -0.9659253214225717 0
outer loop
vertex 10.213569641113281 -67.1529312133789 -0.5
vertex 10.213569641113281 -67.1529312133789 -1.5
vertex 11.560544967651367 -66.79200744628906 -0.5
endloop
endfacet
facet normal 0.0501914924372438 -0.10763798168456722 -0.9929223932341311
outer loop
vertex 12.824383735656738 -66.20266723632812 -1.5
vertex 11.288146018981934 -66.04359436035156 -1.5949000120162964
vertex 11.872418403625488 -65.77114868164062 -1.5949000120162964
endloop
endfacet
facet normal 0.050191529610506054 -0.10763790118324988 -0.9929224000818102
outer loop
vertex 12.824383735656738 -66.20266723632812 -1.5
vertex 11.872418403625488 -65.77114868164062 -1.5949000120162964
vertex 12.575295448303223 -65.771240234375 -1.559360146522522
endloop
endfacet
facet normal 0.06812072333445303 -0.09728632197665361 -0.9929224232580539
outer loop
vertex 12.824383735656738 -66.20266723632812 -1.5
vertex 12.575295448303223 -65.771240234375 -1.559360146522522
vertex 13.324383735656738 -65.77133178710938 -1.507959008216858
endloop
endfacet
facet normal 0.02751557710350819 -0.10269045751193721 -0.9943327224589613
outer loop
vertex 10.075268745422363 -66.36858367919922 -1.5949000120162964
vertex 9.969880104064941 -65.7708969116211 -1.6595429182052612
vertex 11.188949584960938 -65.77105712890625 -1.6257917881011963
endloop
endfacet
facet normal -0.08715342172221721 -0.9961949011524348 0
outer loop
vertex 7.4351983070373535 -67.1529312133789 -1.5
vertex 8.424384117126465 -67.23947143554688 -1.5
vertex 8.424384117126465 -67.23947143554688 -0.5
endloop
endfacet
facet normal 0.25882092928258643 -0.9659253214225717 0
outer loop
vertex 10.213569641113281 -67.1529312133789 -1.5
vertex 11.560544967651367 -66.79200744628906 -1.5
vertex 11.560544967651367 -66.79200744628906 -0.5
endloop
endfacet
facet normal 0.42261974241643857 -0.9063070965847411 0
outer loop
vertex 11.560544967651367 -66.79200744628906 -1.5
vertex 12.824383735656738 -66.20266723632812 -1.5
vertex 12.824383735656738 -66.20266723632812 -0.5
endloop
endfacet
facet normal 0.06811392319536327 -0.09727846213675312 -0.9929236598405965
outer loop
vertex 13.324383735656738 -65.77133178710938 -1.507959008216858
vertex 13.324383735656738 -65.85256958007812 -1.5
vertex 12.824383735656738 -66.20266723632812 -1.5
endloop
endfacet
facet normal 0.08715346341544244 -0.9961948975048472 0
outer loop
vertex 10.213569641113281 -67.1529312133789 -1.5
vertex 10.213569641113281 -67.1529312133789 -0.5
vertex 9.224384307861328 -67.23947143554688 -1.5
endloop
endfacet
facet normal 1 0 0
outer loop
vertex 13.324383735656738 -65.85256958007812 -1.5
vertex 13.324383735656738 -65.77133178710938 -1.507959008216858
vertex 13.324383735656738 -65.77133178710938 -1
endloop
endfacet
facet normal 0.5735697163184464 -0.8191567496653964 0
outer loop
vertex 12.824383735656738 -66.20266723632812 -1.5
vertex 13.324383735656738 -65.85256958007812 -1.5
vertex 13.324383735656738 -65.85256958007812 -0.5
endloop
endfacet
facet normal 0.030738174374455404 -0.11471648748851485 -0.9929226012808969
outer loop
vertex 11.560544967651367 -66.79200744628906 -1.5
vertex 10.075268745422363 -66.36858367919922 -1.5949000120162964
vertex 11.288146018981934 -66.04359436035156 -1.5949000120162964
endloop
endfacet
facet normal -0.4226196114443237 -0.9063071576582902 0
outer loop
vertex 4.824383735656738 -66.20266723632812 -0.5
vertex 4.824383735656738 -66.20266723632812 -1.5
vertex 6.088222980499268 -66.79200744628906 -0.5
endloop
endfacet
facet normal -1 0 0
outer loop
vertex 4.324383735656738 -65.77017211914062 -1
vertex 4.324383735656738 -65.85256958007812 -1.5
vertex 4.324383735656738 -65.85256958007812 -0.5
endloop
endfacet
facet normal -0.5735697163184464 -0.8191567496653964 0
outer loop
vertex 4.324383735656738 -65.85256958007812 -0.5
vertex 4.324383735656738 -65.85256958007812 -1.5
vertex 4.824383735656738 -66.20266723632812 -0.5
endloop
endfacet
facet normal -1 0 0
outer loop
vertex 4.324383735656738 -65.2069091796875 -0.43673911690711975
vertex 4.324383735656738 -65.77017211914062 -1
vertex 4.324383735656738 -65.85256958007812 -0.5
endloop
endfacet
facet normal -0.06811982624644011 -0.09728513710547015 0.9929226008962254
outer loop
vertex 4.740450382232666 -65.17532348632812 -0.4050999879837036
vertex 4.324383735656738 -65.2069091796875 -0.43673911690711975
vertex 4.324383735656738 -65.85256958007812 -0.5
endloop
endfacet
facet normal -0.06811936757503723 -0.09728623765249389 0.9929225245328053
outer loop
vertex 4.324383735656738 -65.85256958007812 -0.5
vertex 4.824383735656738 -66.20266723632812 -0.5
vertex 5.222605228424072 -65.51293182373047 -0.4050999879837036
endloop
endfacet
facet normal -0.06811978138236159 -0.09728516471991831 0.9929226012685166
outer loop
vertex 4.740450382232666 -65.17532348632812 -0.4050999879837036
vertex 4.324383735656738 -65.85256958007812 -0.5
vertex 5.222605228424072 -65.51293182373047 -0.4050999879837036
endloop
endfacet
facet normal -0.060978621004080726 -0.08708652712017559 0.9943327132175566
outer loop
vertex 5.444797992706299 -65.12808227539062 -0.3577675223350525
vertex 4.740450382232666 -65.17532348632812 -0.4050999879837036
vertex 5.222605228424072 -65.51293182373047 -0.4050999879837036
endloop
endfacet
facet normal -0.25882092928258643 -0.9659253214225717 0
outer loop
vertex 6.088222980499268 -66.79200744628906 -0.5
vertex 6.088222980499268 -66.79200744628906 -1.5
vertex 7.4351983070373535 -67.1529312133789 -0.5
endloop
endfacet
facet normal -0.08715342172221721 -0.9961949011524348 0
outer loop
vertex 7.4351983070373535 -67.1529312133789 -0.5
vertex 7.4351983070373535 -67.1529312133789 -1.5
vertex 8.424384117126465 -67.23947143554688 -0.5
endloop
endfacet
facet normal 0.08715346341544244 -0.9961948975048472 0
outer loop
vertex 9.224384307861328 -67.23947143554688 -1.5
vertex 10.213569641113281 -67.1529312133789 -0.5
vertex 9.224384307861328 -67.23947143554688 -0.5
endloop
endfacet
facet normal 0.0307383076612069 -0.11471603084779894 -0.9929226499121933
outer loop
vertex 10.213569641113281 -67.1529312133789 -1.5
vertex 10.075268745422363 -66.36858367919922 -1.5949000120162964
vertex 11.560544967651367 -66.79200744628906 -1.5
endloop
endfacet
facet normal 0.02428904764064285 -0.09064743623717962 0.9955868040850768
outer loop
vertex 9.840855598449707 -65.0391616821289 -0.2682810127735138
vertex 9.936772346496582 -65.58313751220703 -0.32014966011047363
vertex 11.015362739562988 -65.29412841796875 -0.32014966011047363
endloop
endfacet
facet normal 0.027516048159649344 -0.10269069656223719 0.9943326847354654
outer loop
vertex 9.936772346496582 -65.58313751220703 -0.32014966011047363
vertex 10.075268745422363 -66.36858367919922 -0.4050999879837036
vertex 11.015362739562988 -65.29412841796875 -0.32014966011047363
endloop
endfacet
facet normal 0.008178967155805513 -0.09348805258625027 0.9955868061198354
outer loop
vertex 9.840855598449707 -65.0391616821289 -0.2682810127735138
vertex 9.224384307861328 -65.64546203613281 -0.32014966011047363
vertex 9.936772346496582 -65.58313751220703 -0.32014966011047363
endloop
endfacet
facet normal 0.008179360567678914 -0.09348844913566146 0.9955867656507457
outer loop
vertex 9.224384307861328 -65.03348541259766 -0.26268330216407776
vertex 9.224384307861328 -65.64546203613281 -0.32014966011047363
vertex 9.840855598449707 -65.0391616821289 -0.2682810127735138
endloop
endfacet
facet normal 0.00926641261604459 -0.10590862452666347 0.9943326892183015
outer loop
vertex 9.936772346496582 -65.58313751220703 -0.32014966011047363
vertex 9.224384307861328 -66.44303131103516 -0.4050999879837036
vertex 10.075268745422363 -66.36858367919922 -0.4050999879837036
endloop
endfacet
facet normal 0.009265540299896898 -0.10590791016710863 0.994332773435024
outer loop
vertex 9.224384307861328 -65.64546203613281 -0.32014966011047363
vertex 9.224384307861328 -66.44303131103516 -0.4050999879837036
vertex 9.936772346496582 -65.58313751220703 -0.32014966011047363
endloop
endfacet
facet normal 0.01035163151703867 -0.11831191864672182 0.9929225214643219
outer loop
vertex 9.224384307861328 -66.44303131103516 -0.4050999879837036
vertex 9.224384307861328 -67.23947143554688 -0.5
vertex 10.075268745422363 -66.36858367919922 -0.4050999879837036
endloop
endfacet
facet normal -0.05019169308275816 -0.10763601466678406 0.9929225963246773
outer loop
vertex 4.824383735656738 -66.20266723632812 -0.5
vertex 6.088222980499268 -66.79200744628906 -0.5
vertex 6.360621929168701 -66.04359436035156 -0.4050999879837036
endloop
endfacet
facet normal -0.050191595138777634 -0.10763690587362147 0.9929225046655846
outer loop
vertex 5.222605228424072 -65.51293182373047 -0.4050999879837036
vertex 4.824383735656738 -66.20266723632812 -0.5
vertex 6.360621929168701 -66.04359436035156 -0.4050999879837036
endloop
endfacet
facet normal -0.04492970012659457 -0.09635236641786583 0.994332712693398
outer loop
vertex 6.196848392486572 -65.09056091308594 -0.32014966011047363
vertex 5.444797992706299 -65.12808227539062 -0.3577675223350525
vertex 5.222605228424072 -65.51293182373047 -0.4050999879837036
endloop
endfacet
facet normal -0.04492957127886292 -0.09635238771179873 0.9943327164520601
outer loop
vertex 5.222605228424072 -65.51293182373047 -0.4050999879837036
vertex 6.360621929168701 -66.04359436035156 -0.4050999879837036
vertex 6.633405685424805 -65.29412841796875 -0.32014966011047363
endloop
endfacet
facet normal -0.04492950274138682 -0.09635281476349612 0.9943326781669016
outer loop
vertex 6.196848392486572 -65.09056091308594 -0.32014966011047363
vertex 5.222605228424072 -65.51293182373047 -0.4050999879837036
vertex 6.633405685424805 -65.29412841796875 -0.32014966011047363
endloop
endfacet
facet normal -0.0307383076612069 -0.11471603084779894 0.9929226499121933
outer loop
vertex 6.088222980499268 -66.79200744628906 -0.5
vertex 7.4351983070373535 -67.1529312133789 -0.5
vertex 7.5734992027282715 -66.36858367919922 -0.4050999879837036
endloop
endfacet
facet normal -0.030738174374455404 -0.11471648748851485 0.9929226012808969
outer loop
vertex 6.360621929168701 -66.04359436035156 -0.4050999879837036
vertex 6.088222980499268 -66.79200744628906 -0.5
vertex 7.5734992027282715 -66.36858367919922 -0.4050999879837036
endloop
endfacet
facet normal -0.010351523741432224 -0.11831075314833092 0.9929226614624652
outer loop
vertex 7.5734992027282715 -66.36858367919922 -0.4050999879837036
vertex 7.4351983070373535 -67.1529312133789 -0.5
vertex 8.424384117126465 -66.44303131103516 -0.4050999879837036
endloop
endfacet
facet normal -0.02751588714223704 -0.10269074163724622 0.9943326845361004
outer loop
vertex 6.360621929168701 -66.04359436035156 -0.4050999879837036
vertex 7.5734992027282715 -66.36858367919922 -0.4050999879837036
vertex 7.7119951248168945 -65.58313751220703 -0.32014966011047363
endloop
endfacet
facet normal -0.027515998490601844 -0.10269042039840667 0.994332714631005
outer loop
vertex 6.633405685424805 -65.29412841796875 -0.32014966011047363
vertex 6.360621929168701 -66.04359436035156 -0.4050999879837036
vertex 7.7119951248168945 -65.58313751220703 -0.32014966011047363
endloop
endfacet
facet normal -0.024289054417250135 -0.09064738137847737 0.9955868089145923
outer loop
vertex 6.633405685424805 -65.29412841796875 -0.32014966011047363
vertex 7.7119951248168945 -65.58313751220703 -0.32014966011047363
vertex 6.715697765350342 -65.06803131103516 -0.2975560426712036
endloop
endfacet
facet normal -0.024289160019264046 -0.09064758470456723 0.995586787825545
outer loop
vertex 7.8079633712768555 -65.03887176513672 -0.26825326681137085
vertex 6.715697765350342 -65.06803131103516 -0.2975560426712036
vertex 7.7119951248168945 -65.58313751220703 -0.32014966011047363
endloop
endfacet
facet normal -0.03966026329443102 -0.08505275530591913 0.9955868080334773
outer loop
vertex 6.715697765350342 -65.06803131103516 -0.2975560426712036
vertex 6.196848392486572 -65.09056091308594 -0.32014966011047363
vertex 6.633405685424805 -65.29412841796875 -0.32014966011047363
endloop
endfacet
facet normal -0.010350673980429253 -0.1183119198195088 0.992922531306835
outer loop
vertex 8.424384117126465 -66.44303131103516 -0.4050999879837036
vertex 7.4351983070373535 -67.1529312133789 -0.5
vertex 8.424384117126465 -67.23947143554688 -0.5
endloop
endfacet
facet normal -0.009266344851614693 -0.10590790937750477 0.9943327660217062
outer loop
vertex 7.5734992027282715 -66.36858367919922 -0.4050999879837036
vertex 8.424384117126465 -66.44303131103516 -0.4050999879837036
vertex 8.424384117126465 -65.64546203613281 -0.32014966011047363
endloop
endfacet
facet normal -0.009265603292848723 -0.10590877197542906 0.9943326810551266
outer loop
vertex 7.7119951248168945 -65.58313751220703 -0.32014966011047363
vertex 7.5734992027282715 -66.36858367919922 -0.4050999879837036
vertex 8.424384117126465 -65.64546203613281 -0.32014966011047363
endloop
endfacet
facet normal 1 0 0
outer loop
vertex 13.324383735656738 -65.85256958007812 -0.5
vertex 13.324383735656738 -65.77133178710938 -1
vertex 13.324383735656738 -65.20819854736328 -0.4368656873703003
endloop
endfacet
facet normal 0.03073806363018679 -0.1147160741850652 0.9929226524598144
outer loop
vertex 10.075268745422363 -66.36858367919922 -0.4050999879837036
vertex 10.213569641113281 -67.1529312133789 -0.5
vertex 11.288146018981934 -66.04359436035156 -0.4050999879837036
endloop
endfacet
facet normal 0.03073840738105431 -0.1147164030044322 0.9929226038284158
outer loop
vertex 11.288146018981934 -66.04359436035156 -0.4050999879837036
vertex 10.213569641113281 -67.1529312133789 -0.5
vertex 11.560544967651367 -66.79200744628906 -0.5
endloop
endfacet
facet normal 0.05019125431632963 -0.10763617497288691 0.9929226011262707
outer loop
vertex 11.288146018981934 -66.04359436035156 -0.4050999879837036
vertex 11.560544967651367 -66.79200744628906 -0.5
vertex 12.426162719726562 -65.51293182373047 -0.4050999879837036
endloop
endfacet
facet normal 0.02751582278652873 -0.10269050145834953 0.9943327111216914
outer loop
vertex 11.015362739562988 -65.29412841796875 -0.32014966011047363
vertex 10.075268745422363 -66.36858367919922 -0.4050999879837036
vertex 11.288146018981934 -66.04359436035156 -0.4050999879837036
endloop
endfacet
facet normal 0.04492965611367794 -0.09635238501537824 0.9943327128800273
outer loop
vertex 11.288146018981934 -66.04359436035156 -0.4050999879837036
vertex 11.450460433959961 -65.09123992919922 -0.32014966011047363
vertex 11.015362739562988 -65.29412841796875 -0.32014966011047363
endloop
endfacet
facet normal 0.044929562846447176 -0.0963523696283101 0.9943327185854023
outer loop
vertex 11.450460433959961 -65.09123992919922 -0.32014966011047363
vertex 11.288146018981934 -66.04359436035156 -0.4050999879837036
vertex 12.426162719726562 -65.51293182373047 -0.4050999879837036
endloop
endfacet
facet normal 0.050192027474146375 -0.10763669115810282 0.9929225060872422
outer loop
vertex 12.426162719726562 -65.51293182373047 -0.4050999879837036
vertex 11.560544967651367 -66.79200744628906 -0.5
vertex 12.824383735656738 -66.20266723632812 -0.5
endloop
endfacet
facet normal 0.06811865249998804 -0.09728521640165656 0.9929226736515129
outer loop
vertex 12.824383735656738 -66.20266723632812 -0.5
vertex 13.324383735656738 -65.85256958007812 -0.5
vertex 12.906806945800781 -65.17637634277344 -0.4050999879837036
endloop
endfacet
facet normal 0.06812092408838719 -0.0972853829176049 0.9929225014934042
outer loop
vertex 12.426162719726562 -65.51293182373047 -0.4050999879837036
vertex 12.824383735656738 -66.20266723632812 -0.5
vertex 12.906806945800781 -65.17637634277344 -0.4050999879837036
endloop
endfacet
facet normal 0.04492929238250285 -0.09635298585497366 0.9943326710929491
outer loop
vertex 11.450460433959961 -65.09123992919922 -0.32014966011047363
vertex 12.426162719726562 -65.51293182373047 -0.4050999879837036
vertex 12.204545974731445 -65.12908172607422 -0.357890248298645
endloop
endfacet
facet normal 0.010350591184891421 -0.11831091640496383 0.9929226517315137
outer loop
vertex 9.224384307861328 -67.23947143554688 -0.5
vertex 10.213569641113281 -67.1529312133789 -0.5
vertex 10.075268745422363 -66.36858367919922 -0.4050999879837036
endloop
endfacet
facet normal -0.008178988456674662 -0.09348842121442699 0.9955867713296815
outer loop
vertex 8.424384117126465 -65.03337097167969 -0.2626725733280182
vertex 7.7119951248168945 -65.58313751220703 -0.32014966011047363
vertex 8.424384117126465 -65.64546203613281 -0.32014966011047363
endloop
endfacet
facet normal 1 0 0
outer loop
vertex 13.324383735656738 -65.85256958007812 -0.5
vertex 13.324383735656738 -65.85256958007812 -1.5
vertex 13.324383735656738 -65.77133178710938 -1
endloop
endfacet
facet normal 0.06811936798391229 -0.09728477375905842 0.9929226679354848
outer loop
vertex 13.324383735656738 -65.85256958007812 -0.5
vertex 13.324383735656738 -65.20819854736328 -0.4368656873703003
vertex 12.906806945800781 -65.17637634277344 -0.4050999879837036
endloop
endfacet
facet normal 0.03966102060679963 -0.08505370969099958 0.9955866963314778
outer loop
vertex 10.933290481567383 -65.06864166259766 -0.2976166605949402
vertex 11.015362739562988 -65.29412841796875 -0.32014966011047363
vertex 11.450460433959961 -65.09123992919922 -0.32014966011047363
endloop
endfacet
facet normal -0.0681192790341455 -0.09728544244340041 -0.9929226085211577
outer loop
vertex 4.324383735656738 -65.77017211914062 -1.5080732107162476
vertex 5.074032783508301 -65.770263671875 -1.5594937801361084
vertex 4.324383735656738 -65.85256958007812 -1.5
endloop
endfacet
facet normal -0.06811921202551632 -0.09728601550087689 -0.9929225569705756
outer loop
vertex 4.324383735656738 -65.85256958007812 -1.5
vertex 5.074032783508301 -65.770263671875 -1.5594937801361084
vertex 4.824383735656738 -66.20266723632812 -1.5
endloop
endfacet
facet normal -0.05019172155239274 -0.10763648555638065 -0.9929225438394871
outer loop
vertex 4.824383735656738 -66.20266723632812 -1.5
vertex 5.074032783508301 -65.770263671875 -1.5594937801361084
vertex 5.774656295776367 -65.77035522460938 -1.5949000120162964
endloop
endfacet
facet normal -1 0 0
outer loop
vertex 4.324383735656738 -65.77017211914062 -1
vertex 4.324383735656738 -65.77017211914062 -1.5080732107162476
vertex 4.324383735656738 -65.85256958007812 -1.5
endloop
endfacet
facet normal -0.5735697163184464 -0.8191567496653964 0
outer loop
vertex 4.824383735656738 -66.20266723632812 -1.5
vertex 4.824383735656738 -66.20266723632812 -0.5
vertex 4.324383735656738 -65.85256958007812 -1.5
endloop
endfacet
facet normal 0.05019170926308822 -0.10763600875519713 -0.9929225961476054
outer loop
vertex 11.560544967651367 -66.79200744628906 -1.5
vertex 11.288146018981934 -66.04359436035156 -1.5949000120162964
vertex 12.824383735656738 -66.20266723632812 -1.5
endloop
endfacet
facet normal -0.008179162501529058 -0.09348819773115544 0.995586790885533
outer loop
vertex 7.8079633712768555 -65.03887176513672 -0.26825326681137085
vertex 7.7119951248168945 -65.58313751220703 -0.32014966011047363
vertex 8.424384117126465 -65.03337097167969 -0.2626725733280182
endloop
endfacet
facet normal 0.04492945229029514 -0.09635329271723073 -0.9943326341317787
outer loop
vertex 11.288146018981934 -66.04359436035156 -1.5949000120162964
vertex 11.188949584960938 -65.77105712890625 -1.6257917881011963
vertex 11.872418403625488 -65.77114868164062 -1.5949000120162964
endloop
endfacet
facet normal -0.009265049851956106 -0.10590968328033307 -0.9943325891464587
outer loop
vertex 8.424384117126465 -65.77069854736328 -1.6665111780166626
vertex 7.5734992027282715 -66.36858367919922 -1.5949000120162964
vertex 7.6789398193359375 -65.7706069946289 -1.6595749855041504
endloop
endfacet
facet normal 0.009266541165102718 -0.10590826565603322 -0.9943327262443726
outer loop
vertex 9.224384307861328 -65.77080535888672 -1.666500210762024
vertex 9.969880104064941 -65.7708969116211 -1.6595429182052612
vertex 10.075268745422363 -66.36858367919922 -1.5949000120162964
endloop
endfacet
facet normal -0.050191816810861815 -0.10763628000152697 -0.9929225613071031
outer loop
vertex 4.824383735656738 -66.20266723632812 -1.5
vertex 5.774656295776367 -65.77035522460938 -1.5949000120162964
vertex 6.088222980499268 -66.79200744628906 -1.5
endloop
endfacet
facet normal -0.0449302483052439 -0.09635362568083311 -0.9943325658980434
outer loop
vertex 5.774656295776367 -65.77035522460938 -1.5949000120162964
vertex 6.460041046142578 -65.77044677734375 -1.6258611679077148
vertex 6.360621929168701 -66.04359436035156 -1.5949000120162964
endloop
endfacet
facet normal -0.05019134953127856 -0.1076361401855026 -0.9929226000843145
outer loop
vertex 6.088222980499268 -66.79200744628906 -1.5
vertex 5.774656295776367 -65.77035522460938 -1.5949000120162964
vertex 6.360621929168701 -66.04359436035156 -1.5949000120162964
endloop
endfacet
facet normal -0.03073840738105431 -0.1147164030044322 -0.9929226038284158
outer loop
vertex 6.088222980499268 -66.79200744628906 -1.5
vertex 6.360621929168701 -66.04359436035156 -1.5949000120162964
vertex 7.4351983070373535 -67.1529312133789 -1.5
endloop
endfacet
facet normal -0.03073806363018679 -0.1147160741850652 -0.9929226524598144
outer loop
vertex 7.4351983070373535 -67.1529312133789 -1.5
vertex 6.360621929168701 -66.04359436035156 -1.5949000120162964
vertex 7.5734992027282715 -66.36858367919922 -1.5949000120162964
endloop
endfacet
facet normal 0.06097942258755488 -0.08708640635625257 0.9943326746360304
outer loop
vertex 12.204545974731445 -65.12908172607422 -0.357890248298645
vertex 12.426162719726562 -65.51293182373047 -0.4050999879837036
vertex 12.906806945800781 -65.17637634277344 -0.4050999879837036
endloop
endfacet
facet normal 0.024288727130737 -0.09064888738145845 0.995586679777744
outer loop
vertex 11.015362739562988 -65.29412841796875 -0.32014966011047363
vertex 10.933290481567383 -65.06864166259766 -0.2976166605949402
vertex 9.840855598449707 -65.0391616821289 -0.2682810127735138
endloop
endfacet
facet normal -0.010350586270652296 -0.11831091726526756 -0.9929226516802327
outer loop
vertex 7.4351983070373535 -67.1529312133789 -1.5
vertex 7.5734992027282715 -66.36858367919922 -1.5949000120162964
vertex 8.424384117126465 -67.23947143554688 -1.5
endloop
endfacet
facet normal -0.027515984158244848 -0.10269199531425867 -0.9943325523758033
outer loop
vertex 6.460041046142578 -65.77044677734375 -1.6258611679077148
vertex 7.6789398193359375 -65.7706069946289 -1.6595749855041504
vertex 6.360621929168701 -66.04359436035156 -1.5949000120162964
endloop
endfacet
facet normal -0.027516089644792945 -0.10269149738746214 -0.9943326008811038
outer loop
vertex 7.5734992027282715 -66.36858367919922 -1.5949000120162964
vertex 6.360621929168701 -66.04359436035156 -1.5949000120162964
vertex 7.6789398193359375 -65.7706069946289 -1.6595749855041504
endloop
endfacet
facet normal -0.4226196114443237 -0.9063071576582902 0
outer loop
vertex 6.088222980499268 -66.79200744628906 -1.5
vertex 6.088222980499268 -66.79200744628906 -0.5
vertex 4.824383735656738 -66.20266723632812 -1.5
endloop
endfacet
facet normal -0.25882092928258643 -0.9659253214225717 0
outer loop
vertex 6.088222980499268 -66.79200744628906 -1.5
vertex 7.4351983070373535 -67.1529312133789 -1.5
vertex 7.4351983070373535 -67.1529312133789 -0.5
endloop
endfacet
facet normal -0.010351625716590755 -0.11831191865382651 -0.9929225215239474
outer loop
vertex 8.424384117126465 -67.23947143554688 -1.5
vertex 7.5734992027282715 -66.36858367919922 -1.5949000120162964
vertex 8.424384117126465 -66.44303131103516 -1.5949000120162964
endloop
endfacet
facet normal -0.009266341166748173 -0.10590786726203036 -0.994332770541829
outer loop
vertex 7.5734992027282715 -66.36858367919922 -1.5949000120162964
vertex 8.424384117126465 -65.77069854736328 -1.6665111780166626
vertex 8.424384117126465 -66.44303131103516 -1.5949000120162964
endloop
endfacet
facet normal 0.010350678969440938 -0.11831191981339857 -0.9929225312555555
outer loop
vertex 9.224384307861328 -66.44303131103516 -1.5949000120162964
vertex 10.213569641113281 -67.1529312133789 -1.5
vertex 9.224384307861328 -67.23947143554688 -1.5
endloop
endfacet
facet normal 0.00926639874432916 -0.10590846598264411 -0.9943327062344445
outer loop
vertex 10.075268745422363 -66.36858367919922 -1.5949000120162964
vertex 9.224384307861328 -66.44303131103516 -1.5949000120162964
vertex 9.224384307861328 -65.77080535888672 -1.666500210762024
endloop
endfacet
facet normal -0.03073821897355187 -0.11471586230366661 0.9929226721302421
outer loop
vertex -74.85525512695312 -66.79200744628906 -0.5
vertex -73.5082778930664 -67.1529312133789 -0.5
vertex -73.3699722290039 -66.36858367919922 -0.4050999879837036
endloop
endfacet
facet normal 0.009266375363634097 -0.10590808005534125 -0.9943327475581862
outer loop
vertex -71.7190933227539 -65.76032257080078 -1.6676164865493774
vertex -70.86820983886719 -66.36858367919922 -1.5949000120162964
vertex -71.7190933227539 -66.44303131103516 -1.5949000120162964
endloop
endfacet
facet normal -0.009265537181909228 -0.10590886698014128 0.9943326715519879
outer loop
vertex -73.23148345947266 -65.58313751220703 -0.32014966011047363
vertex -73.3699722290039 -66.36858367919922 -0.4050999879837036
vertex -72.51908874511719 -65.64546203613281 -0.32014966011047363
endloop
endfacet
facet normal -0.009266360428923093 -0.10590790936221621 0.9943327658781671
outer loop
vertex -72.51908874511719 -65.64546203613281 -0.32014966011047363
vertex -73.3699722290039 -66.36858367919922 -0.4050999879837036
vertex -72.51908874511719 -66.44303131103516 -0.4050999879837036
endloop
endfacet
facet normal -0.008178706761361289 -0.09348872877940366 0.995586744762566
outer loop
vertex -73.13346862792969 -65.02729034423828 -0.2671486735343933
vertex -73.23148345947266 -65.58313751220703 -0.32014966011047363
vertex -72.51908874511719 -65.02180480957031 -0.261586457490921
endloop
endfacet
facet normal -0.008178925592361913 -0.09348845356675158 0.9955867688081496
outer loop
vertex -72.51908874511719 -65.02180480957031 -0.261586457490921
vertex -73.23148345947266 -65.58313751220703 -0.32014966011047363
vertex -72.51908874511719 -65.64546203613281 -0.32014966011047363
endloop
endfacet
facet normal 0.010351643117954003 -0.1183119186325124 0.9929225213450708
outer loop
vertex -71.7190933227539 -66.44303131103516 -0.4050999879837036
vertex -71.7190933227539 -67.23947143554688 -0.5
vertex -70.86820983886719 -66.36858367919922 -0.4050999879837036
endloop
endfacet
facet normal 0.009266430512966576 -0.10590871037298866 0.9943326799078258
outer loop
vertex -71.7190933227539 -66.44303131103516 -0.4050999879837036
vertex -70.86820983886719 -66.36858367919922 -0.4050999879837036
vertex -71.00669860839844 -65.58313751220703 -0.32014966011047363
endloop
endfacet
facet normal 0.00926545348167195 -0.10590791025230975 0.9943327742349478
outer loop
vertex -71.7190933227539 -65.64546203613281 -0.32014966011047363
vertex -71.7190933227539 -66.44303131103516 -0.4050999879837036
vertex -71.00669860839844 -65.58313751220703 -0.32014966011047363
endloop
endfacet
facet normal -1 0 0
outer loop
vertex -76.61908721923828 -65.75968933105469 -1.509100079536438
vertex -76.61908721923828 -65.85256958007812 -1.5
vertex -76.61908721923828 -65.85256958007812 -0.5
endloop
endfacet
facet normal -0.027515826604312617 -0.10269100017420472 0.9943326595106403
outer loop
vertex -73.23148345947266 -65.58313751220703 -0.32014966011047363
vertex -74.58285522460938 -66.04359436035156 -0.4050999879837036
vertex -73.3699722290039 -66.36858367919922 -0.4050999879837036
endloop
endfacet
facet normal -0.05019207918189362 -0.10763623349711601 -0.9929225530855631
outer loop
vertex -75.19129943847656 -65.75987243652344 -1.5949000120162964
vertex -74.85525512695312 -66.79200744628906 -1.5
vertex -76.11908721923828 -66.20266723632812 -1.5
endloop
endfacet
facet normal 0.008178775744339985 -0.093488481369865 0.9955867674283745
outer loop
vertex -71.7190933227539 -65.02191925048828 -0.2615971863269806
vertex -71.7190933227539 -65.64546203613281 -0.32014966011047363
vertex -71.10466003417969 -65.02758026123047 -0.2671763598918915
endloop
endfacet
facet normal 0.00817894239717619 -0.09348864565262906 0.9955867506326613
outer loop
vertex -71.10466003417969 -65.02758026123047 -0.2671763598918915
vertex -71.7190933227539 -65.64546203613281 -0.32014966011047363
vertex -71.00669860839844 -65.58313751220703 -0.32014966011047363
endloop
endfacet
facet normal 0.010350546526129717 -0.11831086219213156 0.9929226586567379
outer loop
vertex -70.86820983886719 -66.36858367919922 -0.4050999879837036
vertex -71.7190933227539 -67.23947143554688 -0.5
vertex -70.72990417480469 -67.1529312133789 -0.5
endloop
endfacet
facet normal -0.010351535535945007 -0.11831068904666313 0.9929226689774747
outer loop
vertex -73.3699722290039 -66.36858367919922 -0.4050999879837036
vertex -73.5082778930664 -67.1529312133789 -0.5
vertex -72.51908874511719 -66.44303131103516 -0.4050999879837036
endloop
endfacet
facet normal -0.010350639057482123 -0.11831191986228023 0.9929225316657906
outer loop
vertex -73.5082778930664 -67.1529312133789 -0.5
vertex -72.51908874511719 -67.23947143554688 -0.5
vertex -72.51908874511719 -66.44303131103516 -0.4050999879837036
endloop
endfacet
facet normal 0.42261948047228126 -0.9063072187317825 0
outer loop
vertex -69.38292694091797 -66.79200744628906 -0.5
vertex -69.38292694091797 -66.79200744628906 -1.5
vertex -68.11908721923828 -66.20266723632812 -0.5
endloop
endfacet
facet normal 0.25882058733748775 -0.9659254130471346 0
outer loop
vertex -70.72990417480469 -67.1529312133789 -0.5
vertex -70.72990417480469 -67.1529312133789 -1.5
vertex -69.38292694091797 -66.79200744628906 -0.5
endloop
endfacet
facet normal -0.06812014243583327 -0.09728307554488325 -0.9929227811904864
outer loop
vertex -76.61908721923828 -65.85256958007812 -1.5
vertex -76.61908721923828 -65.75968933105469 -1.509100079536438
vertex -75.86338806152344 -65.7597885131836 -1.560935616493225
endloop
endfacet
facet normal -0.06811967452815856 -0.09728667603463649 -0.9929224605216207
outer loop
vertex -75.86338806152344 -65.7597885131836 -1.560935616493225
vertex -76.11908721923828 -66.20266723632812 -1.5
vertex -76.61908721923828 -65.85256958007812 -1.5
endloop
endfacet
facet normal -0.05019136208045841 -0.10763770951571444 -0.9929224293280513
outer loop
vertex -76.11908721923828 -66.20266723632812 -1.5
vertex -75.86338806152344 -65.7597885131836 -1.560935616493225
vertex -75.19129943847656 -65.75987243652344 -1.5949000120162964
endloop
endfacet
facet normal -0.030738358281302572 -0.11471638220394974 -0.9929226077515849
outer loop
vertex -74.85525512695312 -66.79200744628906 -1.5
vertex -74.58285522460938 -66.04359436035156 -1.5949000120162964
vertex -73.5082778930664 -67.1529312133789 -1.5
endloop
endfacet
facet normal -0.030737878065877647 -0.1147159228472169 -0.9929226756889574
outer loop
vertex -73.5082778930664 -67.1529312133789 -1.5
vertex -74.58285522460938 -66.04359436035156 -1.5949000120162964
vertex -73.3699722290039 -66.36858367919922 -1.5949000120162964
endloop
endfacet
facet normal -0.04492987091317308 -0.09635251170607598 -0.9943326908975969
outer loop
vertex -75.19129943847656 -65.75987243652344 -1.5949000120162964
vertex -74.47962188720703 -65.75996398925781 -1.6270489692687988
vertex -74.58285522460938 -66.04359436035156 -1.5949000120162964
endloop
endfacet
facet normal 0.030737878065877647 -0.1147159228472169 0.9929226756889574
outer loop
vertex -70.86820983886719 -66.36858367919922 -0.4050999879837036
vertex -70.72990417480469 -67.1529312133789 -0.5
vertex -69.65532684326172 -66.04359436035156 -0.4050999879837036
endloop
endfacet
facet normal 0.030738358281302572 -0.11471638220394974 0.9929226077515849
outer loop
vertex -69.65532684326172 -66.04359436035156 -0.4050999879837036
vertex -70.72990417480469 -67.1529312133789 -0.5
vertex -69.38292694091797 -66.79200744628906 -0.5
endloop
endfacet
facet normal 0.027516301579980425 -0.10269091594638453 0.9943326550654222
outer loop
vertex -71.00669860839844 -65.58313751220703 -0.32014966011047363
vertex -70.86820983886719 -66.36858367919922 -0.4050999879837036
vertex -69.92811584472656 -65.29412841796875 -0.32014966011047363
endloop
endfacet
facet normal 0.024289343339708263 -0.09064789859352279 0.995586754773638
outer loop
vertex -71.10466003417969 -65.02758026123047 -0.2671763598918915
vertex -71.00669860839844 -65.58313751220703 -0.32014966011047363
vertex -69.92811584472656 -65.29412841796875 -0.32014966011047363
endloop
endfacet
facet normal -0.05019145999045059 -0.10763603673869084 -0.9929226057146722
outer loop
vertex -74.85525512695312 -66.79200744628906 -1.5
vertex -75.19129943847656 -65.75987243652344 -1.5949000120162964
vertex -74.58285522460938 -66.04359436035156 -1.5949000120162964
endloop
endfacet
facet normal -0.027515992457073042 -0.10269066491490006 -0.994332689545324
outer loop
vertex -74.58285522460938 -66.04359436035156 -1.5949000120162964
vertex -74.47962188720703 -65.75996398925781 -1.6270489692687988
vertex -73.26268768310547 -65.76012420654297 -1.6607084274291992
endloop
endfacet
facet normal 0.02751565376914842 -0.10269035514121581 0.9943327309098435
outer loop
vertex -69.92811584472656 -65.29412841796875 -0.32014966011047363
vertex -70.86820983886719 -66.36858367919922 -0.4050999879837036
vertex -69.65532684326172 -66.04359436035156 -0.4050999879837036
endloop
endfacet
facet normal -0.42262157603364314 -0.9063062415490911 0
outer loop
vertex -74.85525512695312 -66.79200744628906 -1.5
vertex -74.85525512695312 -66.79200744628906 -0.5
vertex -76.11908721923828 -66.20266723632812 -1.5
endloop
endfacet
facet normal -0.5735697163184464 -0.8191567496653964 0
outer loop
vertex -76.11908721923828 -66.20266723632812 -1.5
vertex -76.11908721923828 -66.20266723632812 -0.5
vertex -76.61908721923828 -65.85256958007812 -1.5
endloop
endfacet
facet normal 0.08715312987075319 -0.9961949266854011 0
outer loop
vertex -71.7190933227539 -67.23947143554688 -1.5
vertex -70.72990417480469 -67.1529312133789 -0.5
vertex -71.7190933227539 -67.23947143554688 -0.5
endloop
endfacet
facet normal 0.05019126511808305 -0.10763610793679108 0.9929226078471907
outer loop
vertex -69.65532684326172 -66.04359436035156 -0.4050999879837036
vertex -69.38292694091797 -66.79200744628906 -0.5
vertex -68.5173110961914 -65.51293182373047 -0.4050999879837036
endloop
endfacet
facet normal 0.05019192220417751 -0.10763654662779717 0.9929225270762527
outer loop
vertex -68.5173110961914 -65.51293182373047 -0.4050999879837036
vertex -69.38292694091797 -66.79200744628906 -0.5
vertex -68.11908721923828 -66.20266723632812 -0.5
endloop
endfacet
facet normal 0.044928590145989676 -0.0963524348854227 0.9943327562135043
outer loop
vertex -69.65532684326172 -66.04359436035156 -0.4050999879837036
vertex -69.47054290771484 -65.08076477050781 -0.32014966011047363
vertex -69.92811584472656 -65.29412841796875 -0.32014966011047363
endloop
endfacet
facet normal 0.04492972996717767 -0.09635264727717859 0.9943326841292889
outer loop
vertex -69.47054290771484 -65.08076477050781 -0.32014966011047363
vertex -69.65532684326172 -66.04359436035156 -0.4050999879837036
vertex -68.5173110961914 -65.51293182373047 -0.4050999879837036
endloop
endfacet
facet normal -0.25882058733748775 -0.9659254130471346 0
outer loop
vertex -74.85525512695312 -66.79200744628906 -1.5
vertex -73.5082778930664 -67.1529312133789 -1.5
vertex -73.5082778930664 -67.1529312133789 -0.5
endloop
endfacet
facet normal -0.024289278690349088 -0.09064788616919082 0.9955867574821191
outer loop
vertex -73.13346862792969 -65.02729034423828 -0.2671486735343933
vertex -74.22354125976562 -65.05638885498047 -0.2963925302028656
vertex -73.23148345947266 -65.58313751220703 -0.32014966011047363
endloop
endfacet
facet normal -0.08715312987075319 -0.9961949266854011 0
outer loop
vertex -73.5082778930664 -67.1529312133789 -0.5
vertex -73.5082778930664 -67.1529312133789 -1.5
vertex -72.51908874511719 -67.23947143554688 -0.5
endloop
endfacet
facet normal -1 0 0
outer loop
vertex -76.61908721923828 -65.75968933105469 -1
vertex -76.61908721923828 -65.75968933105469 -1.509100079536438
vertex -76.61908721923828 -65.85256958007812 -0.5
endloop
endfacet
facet normal 0.04493024872719808 -0.09635151991307256 0.9943327699315521
outer loop
vertex -69.47054290771484 -65.08076477050781 -0.32014966011047363
vertex -68.5173110961914 -65.51293182373047 -0.4050999879837036
vertex -68.7458267211914 -65.11712646484375 -0.3564203977584839
endloop
endfacet
facet normal 0.024288820799166153 -0.09065016658236795 0.9955865610195703
outer loop
vertex -71.10466003417969 -65.02758026123047 -0.2671763598918915
vertex -69.92811584472656 -65.29412841796875 -0.32014966011047363
vertex -70.01441955566406 -65.05699920654297 -0.296453058719635
endloop
endfacet
facet normal 0.039660879960760155 -0.08505547005816314 0.9955865515433217
outer loop
vertex -70.01441955566406 -65.05699920654297 -0.296453058719635
vertex -69.92811584472656 -65.29412841796875 -0.32014966011047363
vertex -69.47054290771484 -65.08076477050781 -0.32014966011047363
endloop
endfacet
facet normal 1 0 0
outer loop
vertex -67.61908721923828 -65.85256958007812 -0.5
vertex -67.61908721923828 -65.85256958007812 -1.5
vertex -67.61908721923828 -65.76085662841797 -1
endloop
endfacet
facet normal 0.5735697163184464 -0.8191567496653964 0
outer loop
vertex -68.11908721923828 -66.20266723632812 -0.5
vertex -68.11908721923828 -66.20266723632812 -1.5
vertex -67.61908721923828 -65.85256958007812 -0.5
endloop
endfacet
facet normal -0.5735697163184464 -0.8191567496653964 0
outer loop
vertex -76.61908721923828 -65.85256958007812 -0.5
vertex -76.61908721923828 -65.85256958007812 -1.5
vertex -76.11908721923828 -66.20266723632812 -0.5
endloop
endfacet
facet normal -1 0 0
outer loop
vertex -76.61908721923828 -65.75968933105469 -1
vertex -76.61908721923828 -65.85256958007812 -0.5
vertex -76.61908721923828 -65.1952896118164 -0.43560075759887695
endloop
endfacet
facet normal -0.42262157603364314 -0.9063062415490911 0
outer loop
vertex -76.11908721923828 -66.20266723632812 -0.5
vertex -76.11908721923828 -66.20266723632812 -1.5
vertex -74.85525512695312 -66.79200744628906 -0.5
endloop
endfacet
facet normal -0.25882058733748775 -0.9659254130471346 0
outer loop
vertex -74.85525512695312 -66.79200744628906 -0.5
vertex -74.85525512695312 -66.79200744628906 -1.5
vertex -73.5082778930664 -67.1529312133789 -0.5
endloop
endfacet
facet normal -0.06812064227786498 -0.09728496806471003 0.9929225614741057
outer loop
vertex -76.61908721923828 -65.1952896118164 -0.43560075759887695
vertex -76.61908721923828 -65.85256958007812 -0.5
vertex -76.2179946899414 -65.16484069824219 -0.4050999879837036
endloop
endfacet
facet normal 0.06097891578043946 -0.08708592466027673 0.9943327479049991
outer loop
vertex -68.7458267211914 -65.11712646484375 -0.3564203977584839
vertex -68.5173110961914 -65.51293182373047 -0.4050999879837036
vertex -68.0217056274414 -65.16590118408203 -0.4050999879837036
endloop
endfacet
facet normal 0.5735697163184464 -0.8191567496653964 0
outer loop
vertex -68.11908721923828 -66.20266723632812 -1.5
vertex -67.61908721923828 -65.85256958007812 -1.5
vertex -67.61908721923828 -65.85256958007812 -0.5
endloop
endfacet
facet normal 1 0 0
outer loop
vertex -67.61908721923828 -65.85256958007812 -1.5
vertex -67.61908721923828 -65.76085662841797 -1.5089858770370483
vertex -67.61908721923828 -65.76085662841797 -1
endloop
endfacet
facet normal 0.42261948047228126 -0.9063072187317825 0
outer loop
vertex -69.38292694091797 -66.79200744628906 -1.5
vertex -68.11908721923828 -66.20266723632812 -1.5
vertex -68.11908721923828 -66.20266723632812 -0.5
endloop
endfacet
facet normal 0.06811958317409271 -0.09728485060767827 -0.9929226456428666
outer loop
vertex -67.61908721923828 -65.85256958007812 -1.5
vertex -68.37422943115234 -65.76075744628906 -1.5608022212982178
vertex -67.61908721923828 -65.76085662841797 -1.5089858770370483
endloop
endfacet
facet normal 0.06811939883015583 -0.0972862822902086 -0.9929225180149598
outer loop
vertex -68.11908721923828 -66.20266723632812 -1.5
vertex -68.37422943115234 -65.76075744628906 -1.5608022212982178
vertex -67.61908721923828 -65.85256958007812 -1.5
endloop
endfacet
facet normal 0.05019111699113446 -0.10763739694858722 -0.992922475600847
outer loop
vertex -68.11908721923828 -66.20266723632812 -1.5
vertex -69.048583984375 -65.76066589355469 -1.5949000120162964
vertex -68.37422943115234 -65.76075744628906 -1.5608022212982178
endloop
endfacet
facet normal 0.06811934729964841 -0.09728461645752895 0.9929226847666345
outer loop
vertex -68.0217056274414 -65.16590118408203 -0.4050999879837036
vertex -67.61908721923828 -65.85256958007812 -0.5
vertex -67.61908721923828 -65.19657897949219 -0.4357273280620575
endloop
endfacet
facet normal 0.25882058733748775 -0.9659254130471346 0
outer loop
vertex -70.72990417480469 -67.1529312133789 -1.5
vertex -69.38292694091797 -66.79200744628906 -1.5
vertex -69.38292694091797 -66.79200744628906 -0.5
endloop
endfacet
facet normal -0.050191910651603625 -0.1076358720861934 0.9929226007828535
outer loop
vertex -76.11908721923828 -66.20266723632812 -0.5
vertex -74.85525512695312 -66.79200744628906 -0.5
vertex -74.58285522460938 -66.04359436035156 -0.4050999879837036
endloop
endfacet
facet normal 0.08715312987075319 -0.9961949266854011 0
outer loop
vertex -70.72990417480469 -67.1529312133789 -1.5
vertex -70.72990417480469 -67.1529312133789 -0.5
vertex -71.7190933227539 -67.23947143554688 -1.5
endloop
endfacet
facet normal -0.06811962223149753 -0.0972866013459602 0.9929224714274475
outer loop
vertex -76.61908721923828 -65.85256958007812 -0.5
vertex -76.11908721923828 -66.20266723632812 -0.5
vertex -75.72087097167969 -65.51293182373047 -0.4050999879837036
endloop
endfacet
facet normal 0.05019160547359198 -0.10763638788961141 -0.9929225602946387
outer loop
vertex -68.11908721923828 -66.20266723632812 -1.5
vertex -69.65532684326172 -66.04359436035156 -1.5949000120162964
vertex -69.048583984375 -65.76066589355469 -1.5949000120162964
endloop
endfacet
facet normal 0.044929692160070464 -0.09635216342395436 -0.9943327327237724
outer loop
vertex -69.65532684326172 -66.04359436035156 -1.5949000120162964
vertex -69.75833892822266 -65.76057434082031 -1.6269797086715698
vertex -69.048583984375 -65.76066589355469 -1.5949000120162964
endloop
endfacet
facet normal -0.06812013854769634 -0.09728526263297198 0.9929225671716181
outer loop
vertex -76.2179946899414 -65.16484069824219 -0.4050999879837036
vertex -76.61908721923828 -65.85256958007812 -0.5
vertex -75.72087097167969 -65.51293182373047 -0.4050999879837036
endloop
endfacet
facet normal -0.05019176655141126 -0.10763718326995338 0.9929224659298221
outer loop
vertex -75.72087097167969 -65.51293182373047 -0.4050999879837036
vertex -76.11908721923828 -66.20266723632812 -0.5
vertex -74.58285522460938 -66.04359436035156 -0.4050999879837036
endloop
endfacet
facet normal -0.06097866675022849 -0.0870862234910277 0.9943327370047892
outer loop
vertex -75.49177551269531 -65.11613464355469 -0.35629791021347046
vertex -76.2179946899414 -65.16484069824219 -0.4050999879837036
vertex -75.72087097167969 -65.51293182373047 -0.4050999879837036
endloop
endfacet
facet normal -0.04492948057964637 -0.09635240523299048 0.9943327188525282
outer loop
vertex -74.76910400390625 -65.080078125 -0.32014966011047363
vertex -75.49177551269531 -65.11613464355469 -0.35629791021347046
vertex -75.72087097167969 -65.51293182373047 -0.4050999879837036
endloop
endfacet
facet normal 0.06812065043776673 -0.09728526255193524 0.9929225320608535
outer loop
vertex -68.5173110961914 -65.51293182373047 -0.4050999879837036
vertex -68.11908721923828 -66.20266723632812 -0.5
vertex -68.0217056274414 -65.16590118408203 -0.4050999879837036
endloop
endfacet
facet normal 0.05019165176549849 -0.10763596667221456 -0.9929226036160064
outer loop
vertex -69.38292694091797 -66.79200744628906 -1.5
vertex -69.65532684326172 -66.04359436035156 -1.5949000120162964
vertex -68.11908721923828 -66.20266723632812 -1.5
endloop
endfacet
facet normal -0.030738032773694746 -0.11471650022767149 0.992922604192652
outer loop
vertex -74.58285522460938 -66.04359436035156 -0.4050999879837036
vertex -74.85525512695312 -66.79200744628906 -0.5
vertex -73.3699722290039 -66.36858367919922 -0.4050999879837036
endloop
endfacet
facet normal -0.044929479518324794 -0.09635211018492362 0.9943327474910623
outer loop
vertex -75.72087097167969 -65.51293182373047 -0.4050999879837036
vertex -74.58285522460938 -66.04359436035156 -0.4050999879837036
vertex -74.31006622314453 -65.29412841796875 -0.32014966011047363
endloop
endfacet
facet normal -0.04492940636034505 -0.09635256602804679 0.994332706624859
outer loop
vertex -74.76910400390625 -65.080078125 -0.32014966011047363
vertex -75.72087097167969 -65.51293182373047 -0.4050999879837036
vertex -74.31006622314453 -65.29412841796875 -0.32014966011047363
endloop
endfacet
facet normal -0.02751610722112225 -0.1026901905985717 0.9943327353548331
outer loop
vertex -74.31006622314453 -65.29412841796875 -0.32014966011047363
vertex -74.58285522460938 -66.04359436035156 -0.4050999879837036
vertex -73.23148345947266 -65.58313751220703 -0.32014966011047363
endloop
endfacet
facet normal -0.024289401896071552 -0.09064811712603753 0.9955867334476867
outer loop
vertex -74.31006622314453 -65.29412841796875 -0.32014966011047363
vertex -73.23148345947266 -65.58313751220703 -0.32014966011047363
vertex -74.22354125976562 -65.05638885498047 -0.2963925302028656
endloop
endfacet
facet normal -0.03966073918234315 -0.08505373875050043 0.995586705059922
outer loop
vertex -74.22354125976562 -65.05638885498047 -0.2963925302028656
vertex -74.76910400390625 -65.080078125 -0.32014966011047363
vertex -74.31006622314453 -65.29412841796875 -0.32014966011047363
endloop
endfacet
facet normal 0.06811855751078155 -0.09728508074064199 0.9929226934600383
outer loop
vertex -68.11908721923828 -66.20266723632812 -0.5
vertex -67.61908721923828 -65.85256958007812 -0.5
vertex -68.0217056274414 -65.16590118408203 -0.4050999879837036
endloop
endfacet
facet normal 1 0 0
outer loop
vertex -67.61908721923828 -65.85256958007812 -0.5
vertex -67.61908721923828 -65.76085662841797 -1
vertex -67.61908721923828 -65.19657897949219 -0.4357273280620575
endloop
endfacet
facet normal -0.009266175305090593 -0.10590900728716328 -0.9943326506610667
outer loop
vertex -72.51908874511719 -65.76022338867188 -1.6676274538040161
vertex -73.3699722290039 -66.36858367919922 -1.5949000120162964
vertex -73.26268768310547 -65.76012420654297 -1.6607084274291992
endloop
endfacet
facet normal 0.009265312134823582 -0.10590954985243893 -0.994332600914351
outer loop
vertex -71.7190933227539 -65.76032257080078 -1.6676164865493774
vertex -70.9754409790039 -65.76042175292969 -1.6606764793395996
vertex -70.86820983886719 -66.36858367919922 -1.5949000120162964
endloop
endfacet
facet normal -0.010350546526129717 -0.11831086219213156 -0.9929226586567379
outer loop
vertex -73.5082778930664 -67.1529312133789 -1.5
vertex -73.3699722290039 -66.36858367919922 -1.5949000120162964
vertex -72.51908874511719 -67.23947143554688 -1.5
endloop
endfacet
facet normal 0.027515671850313034 -0.10269042262139387 -0.9943327234404313
outer loop
vertex -69.65532684326172 -66.04359436035156 -1.5949000120162964
vertex -70.86820983886719 -66.36858367919922 -1.5949000120162964
vertex -69.75833892822266 -65.76057434082031 -1.6269797086715698
endloop
endfacet
facet normal 0.027516285750250124 -0.10269153628038989 -0.994332591437535
outer loop
vertex -70.86820983886719 -66.36858367919922 -1.5949000120162964
vertex -70.9754409790039 -65.76042175292969 -1.6606764793395996
vertex -69.75833892822266 -65.76057434082031 -1.6269797086715698
endloop
endfacet
facet normal 0.030738032773694746 -0.11471650022767149 -0.992922604192652
outer loop
vertex -69.38292694091797 -66.79200744628906 -1.5
vertex -70.86820983886719 -66.36858367919922 -1.5949000120162964
vertex -69.65532684326172 -66.04359436035156 -1.5949000120162964
endloop
endfacet
facet normal 0.03073821897355187 -0.11471586230366661 -0.9929226721302421
outer loop
vertex -70.72990417480469 -67.1529312133789 -1.5
vertex -70.86820983886719 -66.36858367919922 -1.5949000120162964
vertex -69.38292694091797 -66.79200744628906 -1.5
endloop
endfacet
facet normal 0.010351535535945007 -0.11831068904666313 -0.9929226689774747
outer loop
vertex -70.72990417480469 -67.1529312133789 -1.5
vertex -71.7190933227539 -66.44303131103516 -1.5949000120162964
vertex -70.86820983886719 -66.36858367919922 -1.5949000120162964
endloop
endfacet
facet normal -0.010351643117954003 -0.1183119186325124 -0.9929225213450708
outer loop
vertex -72.51908874511719 -67.23947143554688 -1.5
vertex -73.3699722290039 -66.36858367919922 -1.5949000120162964
vertex -72.51908874511719 -66.44303131103516 -1.5949000120162964
endloop
endfacet
facet normal -0.027515877301397585 -0.10269118937929152 -0.994332638567296
outer loop
vertex -73.3699722290039 -66.36858367919922 -1.5949000120162964
vertex -74.58285522460938 -66.04359436035156 -1.5949000120162964
vertex -73.26268768310547 -65.76012420654297 -1.6607084274291992
endloop
endfacet
facet normal -0.009266426155515295 -0.10590866057041957 -0.9943326852530213
outer loop
vertex -73.3699722290039 -66.36858367919922 -1.5949000120162964
vertex -72.51908874511719 -65.76022338867188 -1.6676274538040161
vertex -72.51908874511719 -66.44303131103516 -1.5949000120162964
endloop
endfacet
facet normal 0.010350639057482123 -0.11831191986228023 -0.9929225316657906
outer loop
vertex -71.7190933227539 -66.44303131103516 -1.5949000120162964
vertex -70.72990417480469 -67.1529312133789 -1.5
vertex -71.7190933227539 -67.23947143554688 -1.5
endloop
endfacet
facet normal -0.08715312987075319 -0.9961949266854011 0
outer loop
vertex -73.5082778930664 -67.1529312133789 -1.5
vertex -72.51908874511719 -67.23947143554688 -1.5
vertex -72.51908874511719 -67.23947143554688 -0.5
endloop
endfacet
facet normal 0 1 0
outer loop
vertex 8.424384117126465 -64.57447052001953 0
vertex 3.3243839740753174 -64.57447052001953 -4
vertex 3.3243839740753174 -64.57447052001953 0
endloop
endfacet
facet normal 0.5555589460683791 0.8314771538914295 0
outer loop
vertex 2.9708304405212402 -64.42802429199219 0
vertex 3.133042097091675 -64.53640747070312 0
vertex 3.133042097091675 -64.53640747070312 -4
endloop
endfacet
facet normal -1 0 0
outer loop
vertex 14.824383735656738 -63.574466705322266 0
vertex 14.824383735656738 -64.07447052001953 -4
vertex 14.824383735656738 -64.07447052001953 0
endloop
endfacet
facet normal -0.980784519091397 0.19509414935014635 0
outer loop
vertex 14.824383735656738 -64.07447052001953 -4
vertex 14.786323547363281 -64.26580810546875 0
vertex 14.824383735656738 -64.07447052001953 0
endloop
endfacet
facet normal -0.83147754624231 0.5555583588560858 0
outer loop
vertex 14.786323547363281 -64.26580810546875 0
vertex 14.786323547363281 -64.26580810546875 -4
vertex 14.677937507629395 -64.42802429199219 0
endloop
endfacet
facet normal 1 0 0
outer loop
vertex 8.424384117126465 -67.23947143554688 -1.5
vertex 8.424384117126465 -66.44303131103516 -1.5949000120162964
vertex 8.424384117126465 -66.44303131103516 -0.4050999879837036
endloop
endfacet
facet normal 1 0 0
outer loop
vertex 8.424384117126465 -66.44303131103516 -1.5949000120162964
vertex 8.424384117126465 -65.77069854736328 -1.6665111780166626
vertex 8.424384117126465 -66.44303131103516 -0.4050999879837036
endloop
endfacet
facet normal 0.8314769817257569 0.5555592037400022 0
outer loop
vertex 2.9708304405212402 -64.42802429199219 -4
vertex 2.8624441623687744 -64.26580810546875 -4
vertex 2.8624441623687744 -64.26580810546875 0
endloop
endfacet
facet normal -0.007193274028173276 0.9999741280696994 0
outer loop
vertex 14.515725135803223 -64.53640747070312 0
vertex 9.224384307861328 -64.57447052001953 -4
vertex 9.224384307861328 -64.57447052001953 0
endloop
endfacet
facet normal 0.5555589460683791 0.8314771538914295 0
outer loop
vertex 3.133042097091675 -64.53640747070312 -4
vertex 2.9708304405212402 -64.42802429199219 -4
vertex 2.9708304405212402 -64.42802429199219 0
endloop
endfacet
facet normal -1 0 0
outer loop
vertex 9.224384307861328 -66.44303131103516 -1.5949000120162964
vertex 9.224384307861328 -67.23947143554688 -1.5
vertex 9.224384307861328 -66.44303131103516 -0.4050999879837036
endloop
endfacet
facet normal -1 0 0
outer loop
vertex 9.224384307861328 -65.77080535888672 -1.666500210762024
vertex 9.224384307861328 -66.44303131103516 -1.5949000120162964
vertex 9.224384307861328 -66.44303131103516 -0.4050999879837036
endloop
endfacet
facet normal 0.19510404709127804 0.9807825502162059 0
outer loop
vertex 3.3243839740753174 -64.57447052001953 -4
vertex 3.133042097091675 -64.53640747070312 -4
vertex 3.133042097091675 -64.53640747070312 0
endloop
endfacet
facet normal 0.980784519091397 0.19509414935014635 0
outer loop
vertex 2.8624441623687744 -64.26580810546875 -4
vertex 2.8243839740753174 -64.07447052001953 -4
vertex 2.8243839740753174 -64.07447052001953 0
endloop
endfacet
facet normal 1 0 0
outer loop
vertex 8.424384117126465 -65.77069854736328 -1.6665111780166626
vertex 8.424384117126465 -65.77069854736328 -4
vertex 8.424384117126465 -64.57447052001953 -4
endloop
endfacet
facet normal -1 0 0
outer loop
vertex 9.224384307861328 -65.77080535888672 -4
vertex 9.224384307861328 -65.77080535888672 -1.666500210762024
vertex 9.224384307861328 -64.57447052001953 -4
endloop
endfacet
facet normal 0 1 0
outer loop
vertex 8.424384117126465 -64.57447052001953 -4
vertex 3.3243839740753174 -64.57447052001953 -4
vertex 8.424384117126465 -64.57447052001953 0
endloop
endfacet
facet normal 1 0 0
outer loop
vertex 2.8243839740753174 -64.07447052001953 -4
vertex 2.8243839740753174 -63.574466705322266 -5
vertex 2.8243839740753174 -64.07447052001953 0
endloop
endfacet
facet normal 0 0 -1
outer loop
vertex 8.424384117126465 -65.77069854736328 -4
vertex 3.3243839740753174 -64.57447052001953 -4
vertex 8.424384117126465 -64.57447052001953 -4
endloop
endfacet
facet normal 0 0 -1
outer loop
vertex 3.133042097091675 -64.53640747070312 -4
vertex 2.8243839740753174 -65.76997375488281 -4
vertex 2.9708304405212402 -64.42802429199219 -4
endloop
endfacet
facet normal 0 0 -1
outer loop
vertex 2.8243839740753174 -65.76997375488281 -4
vertex 3.133042097091675 -64.53640747070312 -4
vertex 3.3243839740753174 -64.57447052001953 -4
endloop
endfacet
facet normal 0 0 -1
outer loop
vertex 2.8624441623687744 -64.26580810546875 -4
vertex 2.8243839740753174 -65.76997375488281 -4
vertex 2.8243839740753174 -64.07447052001953 -4
endloop
endfacet
facet normal 0 0 -1
outer loop
vertex 2.8243839740753174 -65.76997375488281 -4
vertex 2.8624441623687744 -64.26580810546875 -4
vertex 2.9708304405212402 -64.42802429199219 -4
endloop
endfacet
facet normal 1 0 0
outer loop
vertex 2.8243839740753174 -65.76997375488281 -4
vertex 2.8243839740753174 -63.574466705322266 -5
vertex 2.8243839740753174 -64.07447052001953 -4
endloop
endfacet
facet normal -1 0 0
outer loop
vertex 9.224384307861328 -65.03348541259766 -0.26268330216407776
vertex 9.224384307861328 -64.77080535888672 0
vertex 9.224384307861328 -64.57447052001953 -4
endloop
endfacet
facet normal -0.5555572524753821 0.8314782854783427 0
outer loop
vertex 14.677937507629395 -64.42802429199219 0
vertex 14.677937507629395 -64.42802429199219 -4
vertex 14.515725135803223 -64.53640747070312 0
endloop
endfacet
facet normal -1 0 0
outer loop
vertex 9.224384307861328 -64.77080535888672 0
vertex 9.224384307861328 -64.57447052001953 0
vertex 9.224384307861328 -64.57447052001953 -4
endloop
endfacet
facet normal 1 0 0
outer loop
vertex 8.424384117126465 -67.23947143554688 -0.5
vertex 8.424384117126465 -67.23947143554688 -1.5
vertex 8.424384117126465 -66.44303131103516 -0.4050999879837036
endloop
endfacet
facet normal 0 0 -1
outer loop
vertex 2.8243839740753174 -65.76997375488281 -4
vertex 3.3243839740753174 -64.57447052001953 -4
vertex 8.424384117126465 -65.77069854736328 -4
endloop
endfacet
facet normal -1 0 0
outer loop
vertex 14.824383735656738 -63.574466705322266 -5
vertex 14.824383735656738 -65.77153015136719 -5
vertex 14.824383735656738 -64.07447052001953 -4
endloop
endfacet
facet normal 0 0 1
outer loop
vertex 14.824383735656738 -63.574466705322266 -5
vertex 2.8243839740753174 -65.76997375488281 -5
vertex 14.824383735656738 -65.77153015136719 -5
endloop
endfacet
facet normal 1 0 0
outer loop
vertex 8.424384117126465 -66.44303131103516 -0.4050999879837036
vertex 8.424384117126465 -65.77069854736328 -1.6665111780166626
vertex 8.424384117126465 -65.64546203613281 -0.32014966011047363
endloop
endfacet
facet normal 0 0 -1
outer loop
vertex 9.224384307861328 -65.77080535888672 -4
vertex 9.224384307861328 -64.57447052001953 -4
vertex 14.824383735656738 -65.77153015136719 -4
endloop
endfacet
facet normal 0 0 -1
outer loop
vertex 14.824383735656738 -65.77153015136719 -4
vertex 9.224384307861328 -64.57447052001953 -4
vertex 14.515725135803223 -64.53640747070312 -4
endloop
endfacet
facet normal -1 0 0
outer loop
vertex 14.824383735656738 -64.07447052001953 -4
vertex 14.824383735656738 -65.77153015136719 -5
vertex 14.824383735656738 -65.77153015136719 -4
endloop
endfacet
facet normal 0 0 -1
outer loop
vertex 14.824383735656738 -65.77153015136719 -4
vertex 14.515725135803223 -64.53640747070312 -4
vertex 14.677937507629395 -64.42802429199219 -4
endloop
endfacet
facet normal 0 0 -1
outer loop
vertex 14.824383735656738 -65.77153015136719 -4
vertex 14.677937507629395 -64.42802429199219 -4
vertex 14.786323547363281 -64.26580810546875 -4
endloop
endfacet
facet normal 0 0 -1
outer loop
vertex 14.824383735656738 -64.07447052001953 -4
vertex 14.824383735656738 -65.77153015136719 -4
vertex 14.786323547363281 -64.26580810546875 -4
endloop
endfacet
facet normal 0 0 1
outer loop
vertex 14.824383735656738 -63.574466705322266 -5
vertex 2.8243839740753174 -63.574466705322266 -5
vertex 2.8243839740753174 -65.76997375488281 -5
endloop
endfacet
facet normal -1 0 0
outer loop
vertex 14.824383735656738 -64.07447052001953 -4
vertex 14.824383735656738 -63.574466705322266 0
vertex 14.824383735656738 -63.574466705322266 -5
endloop
endfacet
facet normal -0.007193274028173276 0.9999741280696994 0
outer loop
vertex 14.515725135803223 -64.53640747070312 -4
vertex 9.224384307861328 -64.57447052001953 -4
vertex 14.515725135803223 -64.53640747070312 0
endloop
endfacet
facet normal -0.5555572524753821 0.8314782854783427 0
outer loop
vertex 14.677937507629395 -64.42802429199219 -4
vertex 14.515725135803223 -64.53640747070312 -4
vertex 14.515725135803223 -64.53640747070312 0
endloop
endfacet
facet normal 1 0 0
outer loop
vertex 2.8243839740753174 -65.76997375488281 -4
vertex 2.8243839740753174 -65.76997375488281 -5
vertex 2.8243839740753174 -63.574466705322266 -5
endloop
endfacet
facet normal 1 0 0
outer loop
vertex 8.424384117126465 -65.64546203613281 -0.32014966011047363
vertex 8.424384117126465 -65.77069854736328 -1.6665111780166626
vertex 8.424384117126465 -65.03337097167969 -0.2626725733280182
endloop
endfacet
facet normal -1 0 0
outer loop
vertex 9.224384307861328 -66.44303131103516 -0.4050999879837036
vertex 9.224384307861328 -67.23947143554688 -1.5
vertex 9.224384307861328 -67.23947143554688 -0.5
endloop
endfacet
facet normal -1 0 0
outer loop
vertex 9.224384307861328 -65.77080535888672 -1.666500210762024
vertex 9.224384307861328 -66.44303131103516 -0.4050999879837036
vertex 9.224384307861328 -65.64546203613281 -0.32014966011047363
endloop
endfacet
facet normal -1 0 0
outer loop
vertex 9.224384307861328 -65.03348541259766 -0.26268330216407776
vertex 9.224384307861328 -65.77080535888672 -1.666500210762024
vertex 9.224384307861328 -65.64546203613281 -0.32014966011047363
endloop
endfacet
facet normal 1 0 0
outer loop
vertex 8.424384117126465 -65.03337097167969 -0.2626725733280182
vertex 8.424384117126465 -65.77069854736328 -1.6665111780166626
vertex 8.424384117126465 -64.77069854736328 0
endloop
endfacet
facet normal -0.83147754624231 0.5555583588560858 0
outer loop
vertex 14.786323547363281 -64.26580810546875 -4
vertex 14.677937507629395 -64.42802429199219 -4
vertex 14.677937507629395 -64.42802429199219 0
endloop
endfacet
facet normal -0.980784519091397 0.19509414935014635 0
outer loop
vertex 14.824383735656738 -64.07447052001953 -4
vertex 14.786323547363281 -64.26580810546875 -4
vertex 14.786323547363281 -64.26580810546875 0
endloop
endfacet
facet normal 1 0 0
outer loop
vertex 2.8243839740753174 -63.574466705322266 0
vertex 2.8243839740753174 -64.07447052001953 0
vertex 2.8243839740753174 -63.574466705322266 -5
endloop
endfacet
facet normal 1 0 0
outer loop
vertex 8.424384117126465 -64.77069854736328 0
vertex 8.424384117126465 -65.77069854736328 -1.6665111780166626
vertex 8.424384117126465 -64.57447052001953 0
endloop
endfacet
facet normal 0.8314769817257569 0.5555592037400022 0
outer loop
vertex 2.9708304405212402 -64.42802429199219 0
vertex 2.9708304405212402 -64.42802429199219 -4
vertex 2.8624441623687744 -64.26580810546875 0
endloop
endfacet
facet normal 1 0 0
outer loop
vertex 8.424384117126465 -65.77069854736328 -1.6665111780166626
vertex 8.424384117126465 -64.57447052001953 -4
vertex 8.424384117126465 -64.57447052001953 0
endloop
endfacet
facet normal -1 0 0
outer loop
vertex 9.224384307861328 -65.77080535888672 -1.666500210762024
vertex 9.224384307861328 -65.03348541259766 -0.26268330216407776
vertex 9.224384307861328 -64.57447052001953 -4
endloop
endfacet
facet normal 0.19510404709127804 0.9807825502162059 0
outer loop
vertex 3.3243839740753174 -64.57447052001953 -4
vertex 3.133042097091675 -64.53640747070312 0
vertex 3.3243839740753174 -64.57447052001953 0
endloop
endfacet
facet normal 0.980784519091397 0.19509414935014635 0
outer loop
vertex 2.8243839740753174 -64.07447052001953 0
vertex 2.8624441623687744 -64.26580810546875 0
vertex 2.8624441623687744 -64.26580810546875 -4
endloop
endfacet
facet normal 0 0 -1
outer loop
vertex -66.11908721923828 -65.76104736328125 -4
vertex -66.42774963378906 -64.53640747070312 -4
vertex -66.26554107666016 -64.42802429199219 -4
endloop
endfacet
facet normal 0.19510077321173103 0.9807832014732841 0
outer loop
vertex -77.61908721923828 -64.57447052001953 -4
vertex -77.81043243408203 -64.53640747070312 0
vertex -77.61908721923828 -64.57447052001953 0
endloop
endfacet
facet normal -0.007193270138980207 0.9999741280976762 0
outer loop
vertex -66.42774963378906 -64.53640747070312 0
vertex -71.7190933227539 -64.57447052001953 -4
vertex -71.7190933227539 -64.57447052001953 0
endloop
endfacet
facet normal -0.555566285064051 0.8314722502285505 0
outer loop
vertex -66.26554107666016 -64.42802429199219 0
vertex -66.26554107666016 -64.42802429199219 -4
vertex -66.42774963378906 -64.53640747070312 0
endloop
endfacet
facet normal 1 0 0
outer loop
vertex -72.51908874511719 -66.44303131103516 -1.5949000120162964
vertex -72.51908874511719 -65.76022338867188 -1.6676274538040161
vertex -72.51908874511719 -65.64546203613281 -0.32014966011047363
endloop
endfacet
facet normal -1 0 0
outer loop
vertex -71.7190933227539 -66.44303131103516 -1.5949000120162964
vertex -71.7190933227539 -67.23947143554688 -1.5
vertex -71.7190933227539 -66.44303131103516 -0.4050999879837036
endloop
endfacet
facet normal -1 0 0
outer loop
vertex -71.7190933227539 -65.76032257080078 -1.6676164865493774
vertex -71.7190933227539 -66.44303131103516 -1.5949000120162964
vertex -71.7190933227539 -66.44303131103516 -0.4050999879837036
endloop
endfacet
facet normal -1 0 0
outer loop
vertex -71.7190933227539 -65.02191925048828 -0.2615971863269806
vertex -71.7190933227539 -64.76032257080078 0
vertex -71.7190933227539 -64.57447052001953 -4
endloop
endfacet
facet normal -1 0 0
outer loop
vertex -71.7190933227539 -64.76032257080078 0
vertex -71.7190933227539 -64.57447052001953 0
vertex -71.7190933227539 -64.57447052001953 -4
endloop
endfacet
facet normal -1 0 0
outer loop
vertex -71.7190933227539 -65.76032257080078 -1.6676164865493774
vertex -71.7190933227539 -65.02191925048828 -0.2615971863269806
vertex -71.7190933227539 -64.57447052001953 -4
endloop
endfacet
facet normal 1 0 0
outer loop
vertex -72.51908874511719 -65.76022338867188 -1.6676274538040161
vertex -72.51908874511719 -65.76022338867188 -4
vertex -72.51908874511719 -64.57447052001953 0
endloop
endfacet
facet normal -0.8314662558937794 0.5555752562074557 0
outer loop
vertex -66.15715026855469 -64.26580810546875 0
vertex -66.15715026855469 -64.26580810546875 -4
vertex -66.26554107666016 -64.42802429199219 0
endloop
endfacet
facet normal -0.9807817128375009 0.19510825652323827 0
outer loop
vertex -66.11908721923828 -64.07447052001953 -4
vertex -66.15715026855469 -64.26580810546875 0
vertex -66.11908721923828 -64.07447052001953 0
endloop
endfacet
facet normal 0 0 1
outer loop
vertex -66.11908721923828 -63.574466705322266 -5
vertex -78.11908721923828 -63.574466705322266 -5
vertex -78.11908721923828 -65.75949096679688 -5
endloop
endfacet
facet normal 1 0 0
outer loop
vertex -78.11908721923828 -65.75949096679688 -4
vertex -78.11908721923828 -65.75949096679688 -5
vertex -78.11908721923828 -63.574466705322266 -5
endloop
endfacet
facet normal 0 0 1
outer loop
vertex -66.11908721923828 -63.574466705322266 -5
vertex -78.11908721923828 -65.75949096679688 -5
vertex -66.11908721923828 -65.76104736328125 -5
endloop
endfacet
facet normal -1 0 0
outer loop
vertex -66.11908721923828 -63.574466705322266 -5
vertex -66.11908721923828 -65.76104736328125 -5
vertex -66.11908721923828 -64.07447052001953 -4
endloop
endfacet
facet normal 1 0 0
outer loop
vertex -78.11908721923828 -65.75949096679688 -4
vertex -78.11908721923828 -63.574466705322266 -5
vertex -78.11908721923828 -64.07447052001953 -4
endloop
endfacet
facet normal 0 0 -1
outer loop
vertex -78.11908721923828 -65.75949096679688 -4
vertex -77.81043243408203 -64.53640747070312 -4
vertex -77.61908721923828 -64.57447052001953 -4
endloop
endfacet
facet normal 0 0 -1
outer loop
vertex -78.11908721923828 -65.75949096679688 -4
vertex -77.97264099121094 -64.42802429199219 -4
vertex -77.81043243408203 -64.53640747070312 -4
endloop
endfacet
facet normal 0 0 -1
outer loop
vertex -77.97264099121094 -64.42802429199219 -4
vertex -78.11908721923828 -65.75949096679688 -4
vertex -78.0810317993164 -64.26580810546875 -4
endloop
endfacet
facet normal 0 0 -1
outer loop
vertex -78.0810317993164 -64.26580810546875 -4
vertex -78.11908721923828 -65.75949096679688 -4
vertex -78.11908721923828 -64.07447052001953 -4
endloop
endfacet
facet normal 0 0 -1
outer loop
vertex -77.61908721923828 -64.57447052001953 -4
vertex -72.51908874511719 -65.76022338867188 -4
vertex -78.11908721923828 -65.75949096679688 -4
endloop
endfacet
facet normal 0 0 -1
outer loop
vertex -72.51908874511719 -65.76022338867188 -4
vertex -77.61908721923828 -64.57447052001953 -4
vertex -72.51908874511719 -64.57447052001953 -4
endloop
endfacet
facet normal 1 0 0
outer loop
vertex -78.11908721923828 -64.07447052001953 -4
vertex -78.11908721923828 -63.574466705322266 -5
vertex -78.11908721923828 -64.07447052001953 0
endloop
endfacet
facet normal -1 0 0
outer loop
vertex -66.11908721923828 -63.574466705322266 0
vertex -66.11908721923828 -64.07447052001953 -4
vertex -66.11908721923828 -64.07447052001953 0
endloop
endfacet
facet normal 0.555566285064051 0.8314722502285505 0
outer loop
vertex -77.81043243408203 -64.53640747070312 -4
vertex -77.97264099121094 -64.42802429199219 -4
vertex -77.97264099121094 -64.42802429199219 0
endloop
endfacet
facet normal 0.8314662558937794 0.5555752562074557 0
outer loop
vertex -77.97264099121094 -64.42802429199219 -4
vertex -78.0810317993164 -64.26580810546875 -4
vertex -78.0810317993164 -64.26580810546875 0
endloop
endfacet
facet normal 0.9807891957659867 0.19507063712591177 0
outer loop
vertex -78.0810317993164 -64.26580810546875 -4
vertex -78.11908721923828 -64.07447052001953 -4
vertex -78.11908721923828 -64.07447052001953 0
endloop
endfacet
facet normal 0.19510077321173103 0.9807832014732841 0
outer loop
vertex -77.61908721923828 -64.57447052001953 -4
vertex -77.81043243408203 -64.53640747070312 -4
vertex -77.81043243408203 -64.53640747070312 0
endloop
endfacet
facet normal 0 1 0
outer loop
vertex -72.51908874511719 -64.57447052001953 -4
vertex -77.61908721923828 -64.57447052001953 -4
vertex -72.51908874511719 -64.57447052001953 0
endloop
endfacet
facet normal 0 0 -1
outer loop
vertex -71.7190933227539 -64.57447052001953 -4
vertex -66.11908721923828 -65.76104736328125 -4
vertex -71.7190933227539 -65.76032257080078 -4
endloop
endfacet
facet normal -1 0 0
outer loop
vertex -66.11908721923828 -64.07447052001953 -4
vertex -66.11908721923828 -65.76104736328125 -5
vertex -66.11908721923828 -65.76104736328125 -4
endloop
endfacet
facet normal 0 0 -1
outer loop
vertex -66.11908721923828 -65.76104736328125 -4
vertex -71.7190933227539 -64.57447052001953 -4
vertex -66.42774963378906 -64.53640747070312 -4
endloop
endfacet
facet normal 1 0 0
outer loop
vertex -72.51908874511719 -67.23947143554688 -1.5
vertex -72.51908874511719 -66.44303131103516 -1.5949000120162964
vertex -72.51908874511719 -66.44303131103516 -0.4050999879837036
endloop
endfacet
facet normal 0 0 -1
outer loop
vertex -66.11908721923828 -65.76104736328125 -4
vertex -66.26554107666016 -64.42802429199219 -4
vertex -66.15715026855469 -64.26580810546875 -4
endloop
endfacet
facet normal 0 0 -1
outer loop
vertex -66.11908721923828 -64.07447052001953 -4
vertex -66.11908721923828 -65.76104736328125 -4
vertex -66.15715026855469 -64.26580810546875 -4
endloop
endfacet
facet normal -1 0 0
outer loop
vertex -71.7190933227539 -64.57447052001953 -4
vertex -71.7190933227539 -65.76032257080078 -4
vertex -71.7190933227539 -65.76032257080078 -1.6676164865493774
endloop
endfacet
facet normal 1 0 0
outer loop
vertex -72.51908874511719 -65.76022338867188 -4
vertex -72.51908874511719 -64.57447052001953 -4
vertex -72.51908874511719 -64.57447052001953 0
endloop
endfacet
facet normal -1 0 0
outer loop
vertex -66.11908721923828 -63.574466705322266 0
vertex -66.11908721923828 -63.574466705322266 -5
vertex -66.11908721923828 -64.07447052001953 -4
endloop
endfacet
facet normal -0.007193270138980207 0.9999741280976762 0
outer loop
vertex -66.42774963378906 -64.53640747070312 -4
vertex -71.7190933227539 -64.57447052001953 -4
vertex -66.42774963378906 -64.53640747070312 0
endloop
endfacet
facet normal -0.555566285064051 0.8314722502285505 0
outer loop
vertex -66.26554107666016 -64.42802429199219 -4
vertex -66.42774963378906 -64.53640747070312 -4
vertex -66.42774963378906 -64.53640747070312 0
endloop
endfacet
facet normal -0.8314662558937794 0.5555752562074557 0
outer loop
vertex -66.15715026855469 -64.26580810546875 -4
vertex -66.26554107666016 -64.42802429199219 -4
vertex -66.26554107666016 -64.42802429199219 0
endloop
endfacet
facet normal 0 1 0
outer loop
vertex -72.51908874511719 -64.57447052001953 0
vertex -77.61908721923828 -64.57447052001953 -4
vertex -77.61908721923828 -64.57447052001953 0
endloop
endfacet
facet normal -0.9807817128375009 0.19510825652323827 0
outer loop
vertex -66.11908721923828 -64.07447052001953 -4
vertex -66.15715026855469 -64.26580810546875 -4
vertex -66.15715026855469 -64.26580810546875 0
endloop
endfacet
facet normal 1 0 0
outer loop
vertex -72.51908874511719 -67.23947143554688 -0.5
vertex -72.51908874511719 -67.23947143554688 -1.5
vertex -72.51908874511719 -66.44303131103516 -0.4050999879837036
endloop
endfacet
facet normal 1 0 0
outer loop
vertex -72.51908874511719 -66.44303131103516 -0.4050999879837036
vertex -72.51908874511719 -66.44303131103516 -1.5949000120162964
vertex -72.51908874511719 -65.64546203613281 -0.32014966011047363
endloop
endfacet
facet normal 1 0 0
outer loop
vertex -78.11908721923828 -64.07447052001953 0
vertex -78.11908721923828 -63.574466705322266 -5
vertex -78.11908721923828 -63.574466705322266 0
endloop
endfacet
facet normal 0.555566285064051 0.8314722502285505 0
outer loop
vertex -77.81043243408203 -64.53640747070312 0
vertex -77.81043243408203 -64.53640747070312 -4
vertex -77.97264099121094 -64.42802429199219 0
endloop
endfacet
facet normal 1 0 0
outer loop
vertex -72.51908874511719 -65.64546203613281 -0.32014966011047363
vertex -72.51908874511719 -65.76022338867188 -1.6676274538040161
vertex -72.51908874511719 -65.02180480957031 -0.261586457490921
endloop
endfacet
facet normal -1 0 0
outer loop
vertex -71.7190933227539 -66.44303131103516 -0.4050999879837036
vertex -71.7190933227539 -67.23947143554688 -1.5
vertex -71.7190933227539 -67.23947143554688 -0.5
endloop
endfacet
facet normal -1 0 0
outer loop
vertex -71.7190933227539 -65.76032257080078 -1.6676164865493774
vertex -71.7190933227539 -66.44303131103516 -0.4050999879837036
vertex -71.7190933227539 -65.64546203613281 -0.32014966011047363
endloop
endfacet
facet normal -1 0 0
outer loop
vertex -71.7190933227539 -65.02191925048828 -0.2615971863269806
vertex -71.7190933227539 -65.76032257080078 -1.6676164865493774
vertex -71.7190933227539 -65.64546203613281 -0.32014966011047363
endloop
endfacet
facet normal 1 0 0
outer loop
vertex -72.51908874511719 -65.02180480957031 -0.261586457490921
vertex -72.51908874511719 -65.76022338867188 -1.6676274538040161
vertex -72.51908874511719 -64.76022338867188 0
endloop
endfacet
facet normal 1 0 0
outer loop
vertex -72.51908874511719 -64.57447052001953 0
vertex -72.51908874511719 -64.76022338867188 0
vertex -72.51908874511719 -65.76022338867188 -1.6676274538040161
endloop
endfacet
facet normal 0.8314662558937794 0.5555752562074557 0
outer loop
vertex -77.97264099121094 -64.42802429199219 0
vertex -77.97264099121094 -64.42802429199219 -4
vertex -78.0810317993164 -64.26580810546875 0
endloop
endfacet
facet normal 0.9807891957659867 0.19507063712591177 0
outer loop
vertex -78.0810317993164 -64.26580810546875 0
vertex -78.0810317993164 -64.26580810546875 -4
vertex -78.11908721923828 -64.07447052001953 0
endloop
endfacet
facet normal -0.6344067124804132 0.7729994328327766 0
outer loop
vertex -71.4119873046875 20.158172607421875 -10.27908992767334
vertex -71.48495483398438 20.09828758239746 -10.349865913391113
vertex -71.4119873046875 20.158172607421875 -3.5
endloop
endfacet
facet normal 0.7730014319803048 0.634404276590565 0
outer loop
vertex -72.8261947631836 20.158172607421875 -10.277345657348633
vertex -72.9505615234375 20.309709548950195 -10.09787368774414
vertex -72.9505615234375 20.309709548950195 -3.5
endloop
endfacet
facet normal -0.9951834359386604 0.09803024448261988 0
outer loop
vertex -71.11923217773438 20.863821029663086 -9.444429397583008
vertex -71.1383056640625 20.670190811157227 -9.673537254333496
vertex -71.1383056640625 20.670190811157227 -3.5
endloop
endfacet
facet normal 0.9953297222253571 0.09653363077468267 0.00004673596752931853
outer loop
vertex -73.0998764038086 20.670190811157227 -9.671119689941406
vertex -73.11894989013672 20.86673927307129 -9.43851089477539
vertex -73.11908721923828 20.865280151367188 -3.5
endloop
endfacet
facet normal 0.6343916063986721 0.7730118302658195 0
outer loop
vertex -72.6746597290039 20.033811569213867 -3.5
vertex -72.6746597290039 20.033811569213867 -10.355279922485352
vertex -72.8261947631836 20.158172607421875 -3.5
endloop
endfacet
facet normal 0.47141119595445236 0.8819135356307856 0
outer loop
vertex -72.50177764892578 19.9414005279541 -3.5
vertex -72.50177764892578 19.9414005279541 -10.36303997039795
vertex -72.6746597290039 20.033811569213867 -3.5
endloop
endfacet
facet normal 0.29027606695585256 0.9569429475954361 0
outer loop
vertex -72.31417846679688 19.88449478149414 -3.5
vertex -72.31417846679688 19.88449478149414 -10.367817878723145
vertex -72.50177764892578 19.9414005279541 -3.5
endloop
endfacet
facet normal 0.09801622777686081 0.9951848165503704 0
outer loop
vertex -72.11908721923828 19.865280151367188 -3.5
vertex -72.11908721923828 19.865280151367188 -10.369431495666504
vertex -72.31417846679688 19.88449478149414 -3.5
endloop
endfacet
facet normal -0.09802002419897402 0.9951844426316322 0
outer loop
vertex -71.92400360107422 19.88449478149414 -3.5
vertex -71.92400360107422 19.88449478149414 -10.367817878723145
vertex -72.11908721923828 19.865280151367188 -3.5
endloop
endfacet
facet normal -0.29027606695585256 0.9569429475954361 0
outer loop
vertex -71.73640441894531 19.9414005279541 -3.5
vertex -71.73640441894531 19.9414005279541 -10.36303997039795
vertex -71.92400360107422 19.88449478149414 -3.5
endloop
endfacet
facet normal -0.4714111959544523 0.8819135356307856 0
outer loop
vertex -71.56352233886719 20.033811569213867 -3.5
vertex -71.56352233886719 20.033811569213867 -10.355279922485352
vertex -71.73640441894531 19.9414005279541 -3.5
endloop
endfacet
facet normal -0.6343916063986491 0.7730118302657916 -2.693007532327811e-7
outer loop
vertex -71.4119873046875 20.158172607421875 -3.5
vertex -71.48495483398438 20.09828758239746 -10.349865913391113
vertex -71.56352233886719 20.033811569213867 -3.5
endloop
endfacet
facet normal 0.7730014319803048 0.634404276590565 0
outer loop
vertex -72.8261947631836 20.158172607421875 -3.5
vertex -72.8261947631836 20.158172607421875 -10.277345657348633
vertex -72.9505615234375 20.309709548950195 -3.5
endloop
endfacet
facet normal 0.8819281119687309 0.47138392560551917 0
outer loop
vertex -72.9505615234375 20.309709548950195 -3.5
vertex -72.9505615234375 20.309709548950195 -10.09787368774414
vertex -73.04296875 20.48259735107422 -3.5
endloop
endfacet
facet normal 0.956937785311714 0.29029308473112464 0
outer loop
vertex -73.04296875 20.48259735107422 -3.5
vertex -73.04296875 20.48259735107422 -9.893176078796387
vertex -73.0998764038086 20.670190811157227 -3.5
endloop
endfacet
facet normal 0.9951866210662397 0.097997904318207 0
outer loop
vertex -73.0998764038086 20.670190811157227 -3.5
vertex -73.0998764038086 20.670190811157227 -9.671119689941406
vertex -73.11908721923828 20.865280151367188 -3.5
endloop
endfacet
facet normal -0.7730014319803048 0.634404276590565 0
outer loop
vertex -71.2876205444336 20.309709548950195 -3.5
vertex -71.2876205444336 20.309709548950195 -10.099924087524414
vertex -71.4119873046875 20.158172607421875 -3.5
endloop
endfacet
facet normal -0.8819281119687309 0.47138392560551917 0
outer loop
vertex -71.1952133178711 20.48259735107422 -3.5
vertex -71.1952133178711 20.48259735107422 -9.895453453063965
vertex -71.2876205444336 20.309709548950195 -3.5
endloop
endfacet
facet normal -0.956937785311714 0.2902930847311246 0
outer loop
vertex -71.1383056640625 20.670190811157227 -3.5
vertex -71.1383056640625 20.670190811157227 -9.673537254333496
vertex -71.1952133178711 20.48259735107422 -3.5
endloop
endfacet
facet normal -0.9951834359386604 0.09803024448261988 0
outer loop
vertex -71.11923217773438 20.863821029663086 -3.5
vertex -71.11923217773438 20.863821029663086 -9.444429397583008
vertex -71.1383056640625 20.670190811157227 -3.5
endloop
endfacet
facet normal 0 0 -1
outer loop
vertex -72.6746597290039 20.033811569213867 -3.5
vertex -72.8261947631836 20.158172607421875 -3.5
vertex -73.11908721923828 20.865280151367188 -3.5
endloop
endfacet
facet normal 0 0 -1
outer loop
vertex -72.9505615234375 20.309709548950195 -3.5
vertex -73.04296875 20.48259735107422 -3.5
vertex -73.0998764038086 20.670190811157227 -3.5
endloop
endfacet
facet normal 0 0 -1
outer loop
vertex -73.11908721923828 20.865280151367188 -3.5
vertex -72.8261947631836 20.158172607421875 -3.5
vertex -72.9505615234375 20.309709548950195 -3.5
endloop
endfacet
facet normal 0 0 -1
outer loop
vertex -72.50177764892578 19.9414005279541 -3.5
vertex -72.6746597290039 20.033811569213867 -3.5
vertex -73.11908721923828 20.865280151367188 -3.5
endloop
endfacet
facet normal 0 0 -1
outer loop
vertex -72.11908721923828 19.865280151367188 -3.5
vertex -72.31417846679688 19.88449478149414 -3.5
vertex -73.11908721923828 20.865280151367188 -3.5
endloop
endfacet
facet normal 0 0 -1
outer loop
vertex -72.31417846679688 19.88449478149414 -3.5
vertex -72.50177764892578 19.9414005279541 -3.5
vertex -73.11908721923828 20.865280151367188 -3.5
endloop
endfacet
facet normal 0 0 -1
outer loop
vertex -72.9505615234375 20.309709548950195 -3.5
vertex -73.0998764038086 20.670190811157227 -3.5
vertex -73.11908721923828 20.865280151367188 -3.5
endloop
endfacet
facet normal 0 0 -1
outer loop
vertex -71.92400360107422 19.88449478149414 -3.5
vertex -72.11908721923828 19.865280151367188 -3.5
vertex -73.11908721923828 20.865280151367188 -3.5
endloop
endfacet
facet normal 0 0 -1
outer loop
vertex -71.73640441894531 19.9414005279541 -3.5
vertex -71.92400360107422 19.88449478149414 -3.5
vertex -73.11908721923828 20.865280151367188 -3.5
endloop
endfacet
facet normal 0 0 -1
outer loop
vertex -71.56352233886719 20.033811569213867 -3.5
vertex -71.73640441894531 19.9414005279541 -3.5
vertex -73.11908721923828 20.865280151367188 -3.5
endloop
endfacet
facet normal 0 0 -1
outer loop
vertex -71.4119873046875 20.158172607421875 -3.5
vertex -71.56352233886719 20.033811569213867 -3.5
vertex -73.11908721923828 20.865280151367188 -3.5
endloop
endfacet
facet normal 0 0 -1
outer loop
vertex -71.2876205444336 20.309709548950195 -3.5
vertex -71.4119873046875 20.158172607421875 -3.5
vertex -73.11908721923828 20.865280151367188 -3.5
endloop
endfacet
facet normal 0 0 -1
outer loop
vertex -71.1952133178711 20.48259735107422 -3.5
vertex -71.2876205444336 20.309709548950195 -3.5
vertex -73.11908721923828 20.865280151367188 -3.5
endloop
endfacet
facet normal 0 0 -1
outer loop
vertex -71.1383056640625 20.670190811157227 -3.5
vertex -71.1952133178711 20.48259735107422 -3.5
vertex -73.11908721923828 20.865280151367188 -3.5
endloop
endfacet
facet normal -0.956937785311714 0.2902930847311246 0
outer loop
vertex -71.1383056640625 20.670190811157227 -9.673537254333496
vertex -71.1952133178711 20.48259735107422 -9.895453453063965
vertex -71.1952133178711 20.48259735107422 -3.5
endloop
endfacet
facet normal 0 0 -1
outer loop
vertex -71.11923217773438 20.863821029663086 -3.5
vertex -71.1383056640625 20.670190811157227 -3.5
vertex -73.11908721923828 20.865280151367188 -3.5
endloop
endfacet
facet normal -0.8819281119687309 0.47138392560551917 0
outer loop
vertex -71.1952133178711 20.48259735107422 -9.895453453063965
vertex -71.2876205444336 20.309709548950195 -10.099924087524414
vertex -71.2876205444336 20.309709548950195 -3.5
endloop
endfacet
facet normal 0.29027606695585256 0.9569429475954361 0
outer loop
vertex -72.31417846679688 19.88449478149414 -10.367817878723145
vertex -72.50177764892578 19.9414005279541 -10.36303997039795
vertex -72.50177764892578 19.9414005279541 -3.5
endloop
endfacet
facet normal 0.6343792255336961 0.7730219907680883 -4.5799813336178614e-7
outer loop
vertex -72.6746597290039 20.033811569213867 -10.355279922485352
vertex -72.75149536132812 20.096866607666016 -10.349985122680664
vertex -72.8261947631836 20.158172607421875 -3.5
endloop
endfacet
facet normal 0.956937785311714 0.2902930847311246 0
outer loop
vertex -73.04296875 20.48259735107422 -9.893176078796387
vertex -73.0998764038086 20.670190811157227 -9.671119689941406
vertex -73.0998764038086 20.670190811157227 -3.5
endloop
endfacet
facet normal 0.881928111968731 0.4713839256055192 0
outer loop
vertex -72.9505615234375 20.309709548950195 -10.09787368774414
vertex -73.04296875 20.48259735107422 -9.893176078796387
vertex -73.04296875 20.48259735107422 -3.5
endloop
endfacet
facet normal 0.4714111959544523 0.8819135356307856 0
outer loop
vertex -72.50177764892578 19.9414005279541 -10.36303997039795
vertex -72.6746597290039 20.033811569213867 -10.355279922485352
vertex -72.6746597290039 20.033811569213867 -3.5
endloop
endfacet
facet normal -0.7730014319803048 0.634404276590565 0
outer loop
vertex -71.2876205444336 20.309709548950195 -10.099924087524414
vertex -71.4119873046875 20.158172607421875 -10.27908992767334
vertex -71.4119873046875 20.158172607421875 -3.5
endloop
endfacet
facet normal 0.09801622777686082 0.9951848165503705 0
outer loop
vertex -72.11908721923828 19.865280151367188 -10.369431495666504
vertex -72.31417846679688 19.88449478149414 -10.367817878723145
vertex -72.31417846679688 19.88449478149414 -3.5
endloop
endfacet
facet normal -0.09802002419897403 0.9951844426316323 0
outer loop
vertex -71.92400360107422 19.88449478149414 -10.367817878723145
vertex -72.11908721923828 19.865280151367188 -10.369431495666504
vertex -72.11908721923828 19.865280151367188 -3.5
endloop
endfacet
facet normal -0.29027606695585256 0.9569429475954361 0
outer loop
vertex -71.73640441894531 19.9414005279541 -10.36303997039795
vertex -71.92400360107422 19.88449478149414 -10.367817878723145
vertex -71.92400360107422 19.88449478149414 -3.5
endloop
endfacet
facet normal -0.47141119595445236 0.8819135356307856 0
outer loop
vertex -71.56352233886719 20.033811569213867 -10.355279922485352
vertex -71.73640441894531 19.9414005279541 -10.36303997039795
vertex -71.73640441894531 19.9414005279541 -3.5
endloop
endfacet
facet normal -0.6343775763666849 0.7730233441514757 0
outer loop
vertex -71.48495483398438 20.09828758239746 -10.349865913391113
vertex -71.56352233886719 20.033811569213867 -10.355279922485352
vertex -71.56352233886719 20.033811569213867 -3.5
endloop
endfacet
facet normal 0.6344043214209357 0.7730013951879015 0
outer loop
vertex -72.8261947631836 20.158172607421875 -3.5
vertex -72.75149536132812 20.096866607666016 -10.349985122680664
vertex -72.8261947631836 20.158172607421875 -10.277345657348633
endloop
endfacet
facet normal -0.09801670231362045 0.9951847698129043 0
outer loop
vertex 9.019474029541016 50.13254165649414 -7.827818870544434
vertex 8.824383735656738 50.11332702636719 -7.829432010650635
vertex 8.824383735656738 50.11332702636719 -3.5
endloop
endfacet
facet normal 0.2902944361451399 0.9569373753507465 0
outer loop
vertex 8.629293441772461 50.13254165649414 -3.5
vertex 8.629293441772461 50.13254165649414 -7.827818870544434
vertex 8.44170093536377 50.189449310302734 -3.5
endloop
endfacet
facet normal -0.29029308473112464 0.956937785311714 0
outer loop
vertex 9.207067489624023 50.189449310302734 -7.823040008544922
vertex 9.019474029541016 50.13254165649414 -7.827818870544434
vertex 9.019474029541016 50.13254165649414 -3.5
endloop
endfacet
facet normal 0.9569396682142506 0.2902868777571596 0
outer loop
vertex 7.9005045890808105 50.73064422607422 -3.5
vertex 7.9005045890808105 50.73064422607422 -7.460163116455078
vertex 7.84359884262085 50.918235778808594 -3.5
endloop
endfacet
facet normal 0.6519712222923215 0.7582429938143811 0.0010428969559290202
outer loop
vertex 8.268814086914062 50.281856536865234 -7.815280437469482
vertex 8.100775718688965 50.426326751708984 -7.8031487464904785
vertex 8.117277145385742 50.406219482421875 -3.5
endloop
endfacet
facet normal 0.9951849139693382 -0.09801523865114659 0
outer loop
vertex 7.824383735656738 51.11332702636719 -3.5
vertex 7.832075595855713 51.19142532348633 -6.921915054321289
vertex 7.832075595855713 51.19142532348633 -3.5
endloop
endfacet
facet normal -0.634384804536219 0.7730174123350324 6.27404686536357e-7
outer loop
vertex 9.531490325927734 50.406219482421875 -7.6350178718566895
vertex 9.380744934082031 50.282508850097656 -7.815225601196289
vertex 9.37995433807373 50.281856536865234 -3.5
endloop
endfacet
facet normal 0.4713859480586778 0.8819270309797866 0
outer loop
vertex 8.44170093536377 50.189449310302734 -7.823040008544922
vertex 8.268814086914062 50.281856536865234 -7.815280437469482
vertex 8.268814086914062 50.281856536865234 -3.5
endloop
endfacet
facet normal 0.2902944361451399 0.9569373753507464 0
outer loop
vertex 8.629293441772461 50.13254165649414 -7.827818870544434
vertex 8.44170093536377 50.189449310302734 -7.823040008544922
vertex 8.44170093536377 50.189449310302734 -3.5
endloop
endfacet
facet normal -0.773014890337251 0.634387877656003 0
outer loop
vertex 9.655853271484375 50.55775833129883 -7.429379463195801
vertex 9.531490325927734 50.406219482421875 -7.6350178718566895
vertex 9.531490325927734 50.406219482421875 -3.5
endloop
endfacet
facet normal 0 0 -1
outer loop
vertex 9.222734451293945 51.08197784423828 -3.5
vertex 9.207067489624023 50.189449310302734 -3.5
vertex 7.832075595855713 51.19142532348633 -3.5
endloop
endfacet
facet normal 0 0 -1
outer loop
vertex 7.9005045890808105 50.73064422607422 -3.5
vertex 7.832075595855713 51.19142532348633 -3.5
vertex 7.992914199829102 50.55775833129883 -3.5
endloop
endfacet
facet normal 0 0 -1
outer loop
vertex 8.268814086914062 50.281856536865234 -3.5
vertex 8.117277145385742 50.406219482421875 -3.5
vertex 7.832075595855713 51.19142532348633 -3.5
endloop
endfacet
facet normal 0 0 -1
outer loop
vertex 8.117277145385742 50.406219482421875 -3.5
vertex 7.992914199829102 50.55775833129883 -3.5
vertex 7.832075595855713 51.19142532348633 -3.5
endloop
endfacet
facet normal 0 0 -1
outer loop
vertex 7.832075595855713 51.19142532348633 -3.5
vertex 7.84359884262085 50.918235778808594 -3.5
vertex 7.824383735656738 51.11332702636719 -3.5
endloop
endfacet
facet normal 0 0 -1
outer loop
vertex 7.9005045890808105 50.73064422607422 -3.5
vertex 7.84359884262085 50.918235778808594 -3.5
vertex 7.832075595855713 51.19142532348633 -3.5
endloop
endfacet
facet normal 0 0 -1
outer loop
vertex 9.37995433807373 50.281856536865234 -3.5
vertex 9.207067489624023 50.189449310302734 -3.5
vertex 9.222734451293945 51.08197784423828 -3.5
endloop
endfacet
facet normal 0 0 -1
outer loop
vertex 9.207067489624023 50.189449310302734 -3.5
vertex 9.019474029541016 50.13254165649414 -3.5
vertex 7.832075595855713 51.19142532348633 -3.5
endloop
endfacet
facet normal 0 0 -1
outer loop
vertex 9.019474029541016 50.13254165649414 -3.5
vertex 8.824383735656738 50.11332702636719 -3.5
vertex 7.832075595855713 51.19142532348633 -3.5
endloop
endfacet
facet normal 0 0 -1
outer loop
vertex 8.824383735656738 50.11332702636719 -3.5
vertex 8.629293441772461 50.13254165649414 -3.5
vertex 7.832075595855713 51.19142532348633 -3.5
endloop
endfacet
facet normal 0 0 -1
outer loop
vertex 8.629293441772461 50.13254165649414 -3.5
vertex 8.44170093536377 50.189449310302734 -3.5
vertex 7.832075595855713 51.19142532348633 -3.5
endloop
endfacet
facet normal 0 0 -1
outer loop
vertex 8.44170093536377 50.189449310302734 -3.5
vertex 8.268814086914062 50.281856536865234 -3.5
vertex 7.832075595855713 51.19142532348633 -3.5
endloop
endfacet
facet normal -0.9569396682142505 0.2902868777571596 0
outer loop
vertex 9.805169105529785 50.918235778808594 -3.5
vertex 9.805169105529785 50.918235778808594 -6.976898670196533
vertex 9.748263359069824 50.73064422607422 -3.5
endloop
endfacet
facet normal -0.9951841352252145 0.09802314520582246 0
outer loop
vertex 9.808995246887207 50.95708084106445 -3.5
vertex 9.805169105529785 50.918235778808594 -6.976898670196533
vertex 9.805169105529785 50.918235778808594 -3.5
endloop
endfacet
facet normal -0.8819198825192002 0.47139932203739976 0
outer loop
vertex 9.748263359069824 50.73064422607422 -3.5
vertex 9.748263359069824 50.73064422607422 -7.207159996032715
vertex 9.655853271484375 50.55775833129883 -3.5
endloop
endfacet
facet normal 0.8819208937665036 0.4713974301352218 0
outer loop
vertex 7.992914199829102 50.55775833129883 -3.5
vertex 7.992914199829102 50.55775833129883 -7.656739711761475
vertex 7.9005045890808105 50.73064422607422 -3.5
endloop
endfacet
facet normal 0.773015042045588 0.6343876927961779 0
outer loop
vertex 7.992914199829102 50.55775833129883 -3.5
vertex 8.100775718688965 50.426326751708984 -7.8031487464904785
vertex 7.992914199829102 50.55775833129883 -7.656739711761475
endloop
endfacet
facet normal 0.09801670231362045 0.9951847698129042 0
outer loop
vertex 8.824383735656738 50.11332702636719 -7.829432010650635
vertex 8.629293441772461 50.13254165649414 -7.827818870544434
vertex 8.629293441772461 50.13254165649414 -3.5
endloop
endfacet
facet normal -0.7730148903372509 0.634387877656003 0
outer loop
vertex 9.655853271484375 50.55775833129883 -3.5
vertex 9.655853271484375 50.55775833129883 -7.429379463195801
vertex 9.531490325927734 50.406219482421875 -3.5
endloop
endfacet
facet normal -0.6343950346590493 0.7730090167649687 0
outer loop
vertex 9.531490325927734 50.406219482421875 -3.5
vertex 9.531490325927734 50.406219482421875 -7.6350178718566895
vertex 9.37995433807373 50.281856536865234 -3.5
endloop
endfacet
facet normal -0.4713859475390521 0.8819270300076066 0.00004695393519051688
outer loop
vertex 9.37995433807373 50.281856536865234 -3.5
vertex 9.380744934082031 50.282508850097656 -7.815225601196289
vertex 9.207067489624023 50.189449310302734 -3.5
endloop
endfacet
facet normal -0.29029308473112464 0.956937785311714 0
outer loop
vertex 9.207067489624023 50.189449310302734 -3.5
vertex 9.207067489624023 50.189449310302734 -7.823040008544922
vertex 9.019474029541016 50.13254165649414 -3.5
endloop
endfacet
facet normal 0.9569396682142505 0.2902868777571596 0
outer loop
vertex 7.9005045890808105 50.73064422607422 -7.460163116455078
vertex 7.84359884262085 50.918235778808594 -7.24337100982666
vertex 7.84359884262085 50.918235778808594 -3.5
endloop
endfacet
facet normal 0.8819208937665037 0.47139743013522184 0
outer loop
vertex 7.992914199829102 50.55775833129883 -7.656739711761475
vertex 7.9005045890808105 50.73064422607422 -7.460163116455078
vertex 7.9005045890808105 50.73064422607422 -3.5
endloop
endfacet
facet normal 0 0 -1
outer loop
vertex 9.37995433807373 50.281856536865234 -3.5
vertex 9.222734451293945 51.08197784423828 -3.5
vertex 9.416766166687012 51.051246643066406 -3.5
endloop
endfacet
facet normal 0 0 -1
outer loop
vertex 9.531490325927734 50.406219482421875 -3.5
vertex 9.37995433807373 50.281856536865234 -3.5
vertex 9.416766166687012 51.051246643066406 -3.5
endloop
endfacet
facet normal 0 0 -1
outer loop
vertex 9.655853271484375 50.55775833129883 -3.5
vertex 9.531490325927734 50.406219482421875 -3.5
vertex 9.416766166687012 51.051246643066406 -3.5
endloop
endfacet
facet normal 0 0 -1
outer loop
vertex 9.748263359069824 50.73064422607422 -3.5
vertex 9.655853271484375 50.55775833129883 -3.5
vertex 9.416766166687012 51.051246643066406 -3.5
endloop
endfacet
facet normal 0 0 -1
outer loop
vertex 9.805169105529785 50.918235778808594 -3.5
vertex 9.748263359069824 50.73064422607422 -3.5
vertex 9.416766166687012 51.051246643066406 -3.5
endloop
endfacet
facet normal 0 0 -1
outer loop
vertex 9.808995246887207 50.95708084106445 -3.5
vertex 9.805169105529785 50.918235778808594 -3.5
vertex 9.416766166687012 51.051246643066406 -3.5
endloop
endfacet
facet normal -0.8819198825192002 0.47139932203739976 0
outer loop
vertex 9.748263359069824 50.73064422607422 -7.207159996032715
vertex 9.655853271484375 50.55775833129883 -7.429379463195801
vertex 9.655853271484375 50.55775833129883 -3.5
endloop
endfacet
facet normal 0.9951845792802747 0.09801863681332669 0
outer loop
vertex 7.84359884262085 50.918235778808594 -7.24337100982666
vertex 7.824383735656738 51.11332702636719 -7.014695167541504
vertex 7.824383735656738 51.11332702636719 -3.5
endloop
endfacet
facet normal 0.9951849139693381 -0.09801523865114659 0
outer loop
vertex 7.824383735656738 51.11332702636719 -3.5
vertex 7.824383735656738 51.11332702636719 -7.014695167541504
vertex 7.832075595855713 51.19142532348633 -6.921915054321289
endloop
endfacet
facet normal -0.47229259672456914 0.8814418319317298 0
outer loop
vertex 9.380744934082031 50.282508850097656 -7.815225601196289
vertex 9.207067489624023 50.189449310302734 -7.823040008544922
vertex 9.207067489624023 50.189449310302734 -3.5
endloop
endfacet
facet normal -0.9569396682142506 0.29028687775715967 0
outer loop
vertex 9.805169105529785 50.918235778808594 -6.976898670196533
vertex 9.748263359069824 50.73064422607422 -7.207159996032715
vertex 9.748263359069824 50.73064422607422 -3.5
endloop
endfacet
facet normal -0.9951841352252146 0.09802314520582248 0
outer loop
vertex 9.808995246887207 50.95708084106445 -6.931214809417725
vertex 9.805169105529785 50.918235778808594 -6.976898670196533
vertex 9.808995246887207 50.95708084106445 -3.5
endloop
endfacet
facet normal 0.773014890337251 0.634387877656003 -9.448874038658314e-9
outer loop
vertex 8.117277145385742 50.406219482421875 -3.5
vertex 8.100775718688965 50.426326751708984 -7.8031487464904785
vertex 7.992914199829102 50.55775833129883 -3.5
endloop
endfacet
facet normal 0.47138594805867784 0.8819270309797866 0
outer loop
vertex 8.44170093536377 50.189449310302734 -3.5
vertex 8.44170093536377 50.189449310302734 -7.823040008544922
vertex 8.268814086914062 50.281856536865234 -3.5
endloop
endfacet
facet normal 0.6343926489794667 0.7730109746444841 0
outer loop
vertex 8.268814086914062 50.281856536865234 -3.5
vertex 8.268814086914062 50.281856536865234 -7.815280437469482
vertex 8.117277145385742 50.406219482421875 -3.5
endloop
endfacet
facet normal -0.09801670231362045 0.9951847698129042 0
outer loop
vertex 9.019474029541016 50.13254165649414 -3.5
vertex 9.019474029541016 50.13254165649414 -7.827818870544434
vertex 8.824383735656738 50.11332702636719 -3.5
endloop
endfacet
facet normal 0.09801670231362045 0.9951847698129043 0
outer loop
vertex 8.824383735656738 50.11332702636719 -3.5
vertex 8.824383735656738 50.11332702636719 -7.829432010650635
vertex 8.629293441772461 50.13254165649414 -3.5
endloop
endfacet
facet normal 0.9951845792802745 0.09801863681332668 0
outer loop
vertex 7.84359884262085 50.918235778808594 -3.5
vertex 7.84359884262085 50.918235778808594 -7.24337100982666
vertex 7.824383735656738 51.11332702636719 -3.5
endloop
endfacet
facet normal 0.00018098127733118783 0.12403447353791668 -0.992277892840483
outer loop
vertex -70.9190902709961 20.863529205322266 -2.5
vertex -73.319091796875 20.86703109741211 -2.5
vertex -71.11792755126953 21.663820266723633 -2.4000000953674316
endloop
endfacet
facet normal 0.9704940032151319 0.2411252573320918 0
outer loop
vertex -71.11792755126953 21.663820266723633 -2.4000000953674316
vertex -71.11792755126953 21.663820266723633 -1.2000000476837158
vertex -70.9190902709961 20.863529205322266 -2.5
endloop
endfacet
facet normal -0.9697862104151856 0.2439563610331844 0
outer loop
vertex -73.117919921875 21.666738510131836 -2.4000000953674316
vertex -73.319091796875 20.86703109741211 -2.5
vertex -73.319091796875 20.86703109741211 -1.100000023841858
endloop
endfacet
facet normal 0.0014591257169536494 0.9999989354755046 0
outer loop
vertex -71.11792755126953 21.663820266723633 -2.4000000953674316
vertex -73.117919921875 21.666738510131836 -2.4000000953674316
vertex -71.11792755126953 21.663820266723633 -1.2000000476837158
endloop
endfacet
facet normal 0.970494003215132 0.24112525733209184 0
outer loop
vertex -70.9190902709961 20.863529205322266 -2.5
vertex -71.11792755126953 21.663820266723633 -1.2000000476837158
vertex -70.9190902709961 20.863529205322266 -1.100000023841858
endloop
endfacet
facet normal 0.0001809822955038961 0.12403461932098779 0.9922778746174412
outer loop
vertex -73.117919921875 21.666738510131836 -1.2000000476837158
vertex -70.9190902709961 20.863529205322266 -1.100000023841858
vertex -71.11792755126953 21.663820266723633 -1.2000000476837158
endloop
endfacet
facet normal -0.9697862104151855 0.2439563610331844 0
outer loop
vertex -73.117919921875 21.666738510131836 -2.4000000953674316
vertex -73.319091796875 20.86703109741211 -1.100000023841858
vertex -73.117919921875 21.666738510131836 -1.2000000476837158
endloop
endfacet
facet normal 0.0014591257169536494 0.9999989354755046 0
outer loop
vertex -71.11792755126953 21.663820266723633 -1.2000000476837158
vertex -73.117919921875 21.666738510131836 -2.4000000953674316
vertex -73.117919921875 21.666738510131836 -1.2000000476837158
endloop
endfacet
facet normal 0.00018098148686577657 0.12403461714123733 0.9922778748900573
outer loop
vertex -73.117919921875 21.666738510131836 -1.2000000476837158
vertex -73.319091796875 20.86703109741211 -1.100000023841858
vertex -70.9190902709961 20.863529205322266 -1.100000023841858
endloop
endfacet
facet normal 0.00018098207960388205 0.12403447135581819 -0.9922778931130984
outer loop
vertex -71.11792755126953 21.663820266723633 -2.4000000953674316
vertex -73.319091796875 20.86703109741211 -2.5
vertex -73.117919921875 21.666738510131836 -2.4000000953674316
endloop
endfacet
facet normal 0.07846069024808836 0.9969172082403801 0
outer loop
vertex 9.884068489074707 51.832401275634766 -1.2000000476837158
vertex 7.890233993530273 51.989322662353516 -2.4000000953674316
vertex 7.890233993530273 51.989322662353516 -1.2000000476837158
endloop
endfacet
facet normal 0.009731499872554795 0.12365289912994978 0.9922778131385327
outer loop
vertex 9.222734451293945 51.08197784423828 -1.100000023841858
vertex 9.416766166687012 51.051246643066406 -1.0980733633041382
vertex 9.884068489074707 51.832401275634766 -1.2000000476837158
endloop
endfacet
facet normal 0.009731868059655825 0.12365257948048947 0.9922778493606974
outer loop
vertex 9.222734451293945 51.08197784423828 -1.100000023841858
vertex 9.884068489074707 51.832401275634766 -1.2000000476837158
vertex 7.890233993530273 51.989322662353516 -1.2000000476837158
endloop
endfacet
facet normal -0.9969173431524258 0.07845897604419512 -7.136743722963757e-8
outer loop
vertex 7.351794719696045 50.246002197265625 -1
vertex 7.310107707977295 49.71631622314453 -2.5999999046325684
vertex 7.287473201751709 49.42871856689453 -1
endloop
endfacet
facet normal 0.9969173787918651 -0.07845852320020234 0
outer loop
vertex 10.078842163085938 49.20903396606445 -2.5999999046325684
vertex 10.089638710021973 49.34621810913086 -2.5999999046325684
vertex 10.078842163085938 49.20903396606445 -1
endloop
endfacet
facet normal -0.07845877599252785 -0.9969173588967915 0
outer loop
vertex 7.287473201751709 49.42871856689453 -1
vertex 7.287473201751709 49.42871856689453 -2.5999999046325684
vertex 10.078842163085938 49.20903396606445 -1
endloop
endfacet
facet normal 0.9969173573264115 -0.07845879594617489 -2.3530110963409178e-8
outer loop
vertex 10.089638710021973 49.34621810913086 -2.5999999046325684
vertex 10.132034301757812 49.88490676879883 -1
vertex 10.078842163085938 49.20903396606445 -1
endloop
endfacet
facet normal -0.9481231142147091 0.31790338200749224 0
outer loop
vertex 7.890233993530273 51.989322662353516 -2.4000000953674316
vertex 7.628083229064941 51.20747756958008 -2.5
vertex 7.628083229064941 51.20747756958008 -1.100000023841858
endloop
endfacet
facet normal 0.9861808802719588 0.16567218048309798 0
outer loop
vertex 10.040452003479004 50.901512145996094 -2.5144689083099365
vertex 9.884068489074707 51.832401275634766 -1.2000000476837158
vertex 10.040452003479004 50.901512145996094 -1.0855309963226318
endloop
endfacet
facet normal -0.07845877599252785 -0.9969173588967915 0
outer loop
vertex 7.287473201751709 49.42871856689453 -2.5999999046325684
vertex 10.078842163085938 49.20903396606445 -2.5999999046325684
vertex 10.078842163085938 49.20903396606445 -1
endloop
endfacet
facet normal 0.009731771389613777 0.12365273895992984 0.9922778304352707
outer loop
vertex 9.416766166687012 51.051246643066406 -1.0980733633041382
vertex 10.040452003479004 50.901512145996094 -1.0855309963226318
vertex 9.884068489074707 51.832401275634766 -1.2000000476837158
endloop
endfacet
facet normal 0 0 -1
outer loop
vertex 9.386338233947754 49.53466796875 -2.5999999046325684
vertex 10.089638710021973 49.34621810913086 -2.5999999046325684
vertex 10.078842163085938 49.20903396606445 -2.5999999046325684
endloop
endfacet
facet normal 0 0 -1
outer loop
vertex 9.386338233947754 49.53466796875 -2.5999999046325684
vertex 7.287473201751709 49.42871856689453 -2.5999999046325684
vertex 7.310107707977295 49.71631622314453 -2.5999999046325684
endloop
endfacet
facet normal 0 0 -1
outer loop
vertex 10.078842163085938 49.20903396606445 -2.5999999046325684
vertex 7.287473201751709 49.42871856689453 -2.5999999046325684
vertex 9.386338233947754 49.53466796875 -2.5999999046325684
endloop
endfacet
facet normal 0 0 1
outer loop
vertex 10.078842163085938 49.20903396606445 -1
vertex 7.351794719696045 50.246002197265625 -1
vertex 7.287473201751709 49.42871856689453 -1
endloop
endfacet
facet normal -0.9969173120969957 0.07845937064048605 0
outer loop
vertex 7.287473201751709 49.42871856689453 -1
vertex 7.310107707977295 49.71631622314453 -2.5999999046325684
vertex 7.287473201751709 49.42871856689453 -2.5999999046325684
endloop
endfacet
facet normal 0 0 1
outer loop
vertex 10.078842163085938 49.20903396606445 -1
vertex 10.132034301757812 49.88490676879883 -1
vertex 7.351794719696045 50.246002197265625 -1
endloop
endfacet
facet normal 0 0 1
outer loop
vertex 10.132034301757812 49.88490676879883 -1
vertex 9.478951454162598 50.059898376464844 -1
vertex 7.351794719696045 50.246002197265625 -1
endloop
endfacet
facet normal 0.009731521739892977 0.12365272509086649 -0.9922778346119743
outer loop
vertex 9.222734451293945 51.08197784423828 -2.5
vertex 7.628083229064941 51.20747756958008 -2.5
vertex 9.884068489074707 51.832401275634766 -2.4000000953674316
endloop
endfacet
facet normal 0.986180880271959 0.165672180483098 0
outer loop
vertex 9.884068489074707 51.832401275634766 -1.2000000476837158
vertex 10.040452003479004 50.901512145996094 -2.5144689083099365
vertex 9.884068489074707 51.832401275634766 -2.4000000953674316
endloop
endfacet
facet normal 0.009731478133253417 0.12365276294889738 -0.9922778303219546
outer loop
vertex 9.222734451293945 51.08197784423828 -2.5
vertex 9.884068489074707 51.832401275634766 -2.4000000953674316
vertex 9.416766166687012 51.051246643066406 -2.5019266605377197
endloop
endfacet
facet normal 0.009731905708765955 0.12365251071877151 -0.9922778575601795
outer loop
vertex 9.884068489074707 51.832401275634766 -2.4000000953674316
vertex 10.040452003479004 50.901512145996094 -2.5144689083099365
vertex 9.416766166687012 51.051246643066406 -2.5019266605377197
endloop
endfacet
facet normal 0.009731801542448387 0.12365173431651588 -0.9922779553327062
outer loop
vertex 7.890233993530273 51.989322662353516 -2.4000000953674316
vertex 9.884068489074707 51.832401275634766 -2.4000000953674316
vertex 7.628083229064941 51.20747756958008 -2.5
endloop
endfacet
facet normal 0.07846069024808836 0.9969172082403801 0
outer loop
vertex 9.884068489074707 51.832401275634766 -2.4000000953674316
vertex 7.890233993530273 51.989322662353516 -2.4000000953674316
vertex 9.884068489074707 51.832401275634766 -1.2000000476837158
endloop
endfacet
facet normal -0.9481231142147093 0.3179033820074923 0
outer loop
vertex 7.890233993530273 51.989322662353516 -2.4000000953674316
vertex 7.628083229064941 51.20747756958008 -1.100000023841858
vertex 7.890233993530273 51.989322662353516 -1.2000000476837158
endloop
endfacet
facet normal 0.009731464278551582 0.12365199496338582 0.9922779261600906
outer loop
vertex 9.222734451293945 51.08197784423828 -1.100000023841858
vertex 7.890233993530273 51.989322662353516 -1.2000000476837158
vertex 7.628083229064941 51.20747756958008 -1.100000023841858
endloop
endfacet
endsolid auto-kdk-case
